Investment,Central_assistance_sanctioned,Central_assistance_released,Houses_sanctioned,Houses_grounded,Houses_completed
0.006463056537109144,-0.24817061471460086,-0.1559437865637782,-0.40524391421261746,-0.34200062535742703,-0.3015474254719444
-0.8895389793044468,-0.9533708444448026,-1.1183828384681174,-0.8833070093300498,-1.1847428805756222,-1.5372938609601992
2.134335032321421,1.9183135609902058,1.8391872270427803,2.401218480335608,2.4349628433789494,2.639242424453968
0.5892678823480623,0.32034200331032275,-0.6992769730287742,0.35675432329674506,0.18763133357700526,0.25846540922205863
-1.3387257000829431,-1.2098244802204576,-1.1150236976225565,-1.1664007873824453,-1.0731921698224471,-1.1059819959316888
0.5087765620761853,0.40330269110926764,-0.05748292267763098,0.4140218240685295,-0.14202105990373992,-0.14906232261709
-0.06210013383117666,0.2207557351484624,0.2732824476743221,0.2507296830566955,0.24797596954640322,0.32722757342060493
0.2309736822475668,0.0890936202459398,0.01848930997870237,0.1006725236113015,0.10972614835431925,-0.32064253254079
1.434253813621898,1.3999985934335688,1.2445115922738095,1.5642277967833642,1.4841431912747995,1.3007255000330258
0.6370844858257809,0.7099767250866292,0.6650225117778743,0.7871189629778903,0.7649801324229618,0.7676746313342281
0.5236136734716745,0.62177982215274,0.6807783823676573,0.6869617109926313,0.7478222542952276,0.8676538290864817
0.2874512330006346,0.40635843650192416,0.4409798760854422,0.44749900150379845,0.431489947466529,0.5217644408385071
-1.1577768883157045,-0.947167560913918,-0.7937974905116897,-0.8895207073977766,-0.7933287403791071,-0.786568197391058
-0.2180615414811306,-0.2130435595625137,-0.39832032247404203,-0.2305920134514982,-0.3993414412752809,-0.5150554718168718
-0.13842778028979627,-0.06609195371020135,0.04140882535056679,-0.05069682924699868,0.013870653250182809,0.08113619779287537
-0.07034935662093433,0.026699782253039855,0.07977942576288566,0.05482078208098321,0.0448103117723363,0.11369652311468868
-0.8345580366701115,-1.0867231899067409,-0.9531703928561204,-1.1064877204133283,-1.0045130021735982,-1.027187227385285
1.3772337823684948,1.183068906641989,0.9724951507257876,1.333154826442112,1.1585030645141736,1.0638329695082163
-0.9864585449826849,-0.7719310476344275,-0.7027175931473648,-0.7192724089004312,-0.629684175812167,-0.6096760161529194
-0.2563600539317241,-0.04488758293866341,0.0019770903557418096,-0.017580318972973952,0.043438017007631405,0.06060621391130008
-0.11452810747112836,-0.28554427460830434,-0.7838509731845555,-0.26059980503819674,-1.0627861823063378,-1.0651156476008148
-1.374273684661689,-1.3571426498828323,-1.1970835707733107,-1.380670307858601,-1.2710342717157206,-1.3030415438059217
-1.0300190843089398,-0.947167560913918,-1.1783391247992054,-1.0744958737185923,0.0,0.0
0.6901394381089907,0.4930728248154053,0.37562526903622506,0.5239703731688719,0.41814150978479864,0.2655017898310812
0.08880194388740721,0.14221923365161368,0.1961214598048549,0.16370344089237818,0.14209020492664123,0.22706217444447147
-1.1045334030802294,-1.0189231958186076,-1.051294048455449,-0.9559770774291275,-0.8973944903484246,-1.3594986148866584
0.8000697891787434,0.9088030843147422,0.9021191094784087,1.0286600195541769,0.9844134763979857,1.1146242452609616
-0.7683027692483152,-0.5219920408447101,-0.46107795106165433,-0.4869011240410902,-0.4327073317112323,-0.525537685858563
0.18460383225492724,0.268781473469917,0.12650094039106977,0.30015978896586254,0.16556493224301602,0.19079433106007848
-0.19473357911076736,0.18304568752707998,0.1319102861996811,-0.26059980503819674,-0.5992293235240532,-0.5975580328762659
-0.2803623467977482,-0.6056481332018132,-0.7606228706076283,-0.6817097474718454,-0.9999479335880415,-0.9820889226115793
0.006873064481505995,-0.1012406397789316,0.017053016155001717,-0.3418646715406549,-0.2592288330313485,-0.19818999887765698
0.37757047833566604,0.27918627074156316,0.16538512892858548,0.291413375225581,0.035137794674466115,0.0
-0.8595921254703267,-0.8342715696806038,-1.131997548701106,-0.7670070127116818,-0.9319906275643529,-1.236397667437206
0.04807580564898396,-0.09514602124438552,-0.21612964040966504,-0.07582282248389606,-0.21710836632569305,-0.40038838976770386
-2.336469214438549,-1.8425128010547651,-1.669688217569494,-2.7057240127526496,-2.552851226001163,-2.6205955972785993
1.3431644441172457,1.3062120908004136,1.293621566453723,1.5006640028343587,1.5397457701118107,1.6910436250621768
2.7389501745089486,2.5525416138489216,2.2930575293590625,3.7424434655900627,3.726799040333359,3.525711463839843
0.9792918164686475,0.9072126718994767,0.8483536134574639,0.9847849968312177,0.9940507398785188,1.0791958092509226
-1.7048410202566517,-1.6846686600822824,-1.5127289658277607,-2.037864128596311,-1.9081466203239477,-1.9412503770230967
-0.2002299421044007,-0.2703076832205669,-0.28288538118292544,-0.26782542249250196,-0.32497112006768786,-0.4212410995948328
0.04169485018823634,-0.15080779369830563,-0.5200199235799984,-0.1179911482314114,-0.7143397283299495,0.0
0.23938240743846345,-0.02489335054495192,0.023248795181547273,-0.13107018491896702,-0.10648971417899152,-0.07402976383267125
-1.6680416830988603,-1.4171668851682049,-1.471291437378728,-1.4056038561649593,-1.5830071644217492,0.0
1.1636979004817891,0.8143720902768019,0.8493754926068313,0.6131142729036039,0.6515431658887925,0.7673976177412222
0.2306091040451205,0.1481466728176695,0.1632203509053303,0.1783962716429967,0.2494483910144749,0.03271205127170003
0.8368910436512358,0.4132202069322023,0.41510106545010345,0.341029022368772,0.26158454580150686,0.34140245868567826
-0.5314554464635943,-0.6778442820612374,-0.6790380888490484,-0.6191283985487533,-0.5805175485592715,-0.6502837253420829
2.6375933811174623,1.9823793282846385,1.8350414982437355,2.4141449706164035,2.4211751626661493,2.4816057067447237
0.32949624852542486,0.14912841478170877,0.07034030226539412,0.11246236825936677,0.0928740715636852,0.13760251558539596
-0.49448388614441374,-0.6451357228872989,-1.1932912226675028,-0.6153214753343621,-1.3477074181269333,-1.3594986148866584
-0.4190599901797156,-0.5378307750927427,-0.6907608186286751,-0.50378733373882,-0.7196072294167336,-0.7055185040685094
1.5204567252110601,1.3314723591818063,1.160076650376261,1.5287484284782205,1.4807515452438194,1.341189766501542
0.1135929437815111,0.02096655213068052,-0.020703767594356392,0.04498244994243935,0.00952510429146362,-0.028011352840763212
0.4593542419395116,0.4272684459605011,0.5586422036998132,0.36615873406164196,0.4241087566713087,0.3767923063764238
-0.5286610075042195,-0.4429601683077419,-0.33718688158303695,-0.425280072078229,-0.3406723371366329,-0.3059001807083847
-0.11861264904454327,-0.3247067854779373,0.0,-0.28467998931466,-0.42959040095329143,-2.6205955972785993
0.3811081171892547,0.5138423017701408,0.5291938920703174,0.5666000498451995,0.6022113401382404,0.68980250628725
0.019436300410894024,0.1077262887043974,-0.0904907692863297,0.12403422431111258,0.06964939266524023,-0.049637541601151046
0.2858878545586333,0.07132203645039396,-0.20297320347229805,0.08109941959378276,0.116459895935182,-0.12051415894731406
0.1785223899933554,0.08653699088000573,-0.5380228887585639,0.10799716647270088,-0.5151084402181695,-1.5821898563111405
-0.4453414835195095,-0.3997467374789288,0.0,-0.5697880885321965,-0.6764101721166054,0.0
-0.38296466833908804,-0.4402230202060207,-1.471291437378728,-0.40655832034854145,-1.877026992854993,-1.9084243927365345
-0.07019258579379496,-0.09262564523702853,-0.1175767006185555,-0.06165454822809579,-0.24559153253220517,-0.186129159390239
-0.5000983378465566,-0.4787534714357117,-0.35588739088612154,-0.5069118548822917,-0.42034269076855346,-0.38688553191187475
-0.40255212160994447,-0.24488840362727898,-0.12378526585965036,-0.20856863834476838,-0.13362811056043244,-0.07303544444237156
-0.3080282078289276,-0.1799177745397748,-0.06414698201387627,-0.14697841125407896,-0.0738209292458682,-0.03078997285344623
-0.09241352797462232,-0.13434645212413918,-1.669688217569494,-0.10281799115427723,-2.552851226001163,-2.6205955972785993
-0.5272687752361692,-0.6969439470015139,-0.5579492014949086,-0.7147186905886304,-0.6230122317172564,-0.5927819372663801
0.9977943153502387,1.0523853892381434,1.0259014075976958,1.2081469070314077,1.2588958986387209,1.197183248077913
0.34508892895454923,0.4831604739138276,0.5518192962499381,0.5327181541369727,0.5919962515055046,0.6925853766629646
-0.8614207996287464,-0.633771744461998,-0.5050204836974976,-0.5803855277936195,-0.49202382617075074,-0.47298900141889566
0.49920626609111296,0.5933384596903315,0.643360111234361,0.6554036222348084,0.6930286674874422,0.8012004405487437
-0.27539070150690104,-0.622613363142997,-0.8100572948550145,-0.6059155322470282,-0.5169249032530144,-1.4583211360676545
-0.4895744192323897,-0.7504354567651352,-0.7027175931473648,-0.7498247517654183,-0.6572296407999998,-1.3304787804885614
-0.4432307496359444,-0.6238432514572739,-0.5472373082666272,-0.6903217852549174,-0.7091238704621488,-0.6883722792242291
0.2595530028072057,0.3157877973607747,0.3800947827093436,0.335961998350608,0.38427939935763555,0.45735639795095834
-0.06240923807132039,-0.06131105521404691,0.0014835122917091948,-0.06535125187990244,0.01097713008839873,0.0484516736837575
-0.039388976542435734,-0.16034898753747678,-0.15001271582618647,-0.17033245741516723,-0.18894539890475295,-0.15018729758047045
-1.270787445348272,-1.4006354461629462,-1.2322448754068367,-1.5539195476783825,-1.4392312071784494,-1.4463146112890082
-1.011749603246597,-1.0052704275586701,-1.098486548026709,-1.0238420313552985,-1.037679931692546,-1.1120885543825196
-0.016848313883808044,0.20827684443208053,0.2270176670563345,0.23489409429215094,0.2916148181434085,0.35680248769336836
-0.6764589450497552,-0.6778442820612374,-0.5985081661267743,-0.6607456958108814,-0.5724034494549493,-0.5856917731463337
-0.19571118569714824,-0.23773180919299813,-0.03744484060891648,-0.25042786768564806,-0.17090254735557464,-0.12374129651799272
0.7376506411322487,0.6247260051681892,0.5732498244118018,0.499147736483689,0.49000220734905003,0.4855397263442919
-0.22543590145137404,-0.12469114367002362,-0.7364247424914712,-0.09187567395455132,-0.1679491179371106,-0.30881970852691776
0.2698327458308222,0.3828932422803156,0.46514666938575416,0.42366524451732435,0.489667279131874,0.5877867092378456
-0.12600545178059191,-0.0603596773641021,0.04732484013167323,-0.032859213084429226,0.032345369470939335,0.10552448348332798
0.7847971834723283,0.8009056738269945,0.8213704491265263,0.8601651032243478,0.8962392435835963,0.9892402804264596
1.2260568165562813,1.1484035861050645,1.1523285217432844,1.27696431920966,1.318759334652649,1.3581831135403448
0.06124234399003586,0.2794438423127925,0.2810711916518696,0.30838044139912224,0.3763242101236801,0.3506855849021727
-1.315247882617556,-1.380520105094874,-1.2282433373864912,-1.5203981771284985,-1.450599310738954,-1.4583211360676545
-0.22112260718895646,-0.11467256355177803,-0.0720282866232121,-0.10202982388777175,-0.029523073216994378,0.011383733509948648
-0.022867112005410233,-0.2149059350514842,-0.5785780355508471,-0.18011337462453758,-1.3762818445801788,0.0
-0.1670906661330944,-0.4329843779701847,-0.1768825824119027,-0.41184594101642474,-0.3275579832955454,-0.27469056272405096
-1.2485430709238563,-1.1343400045514993,-1.30428643460246,-1.2590449514663589,-1.525381516778117,0.0
-0.24068866900010524,-0.15808976100397792,-0.04224997232632901,-0.12531328016396223,-0.055702433953038456,-0.03078997285344623
-1.4209852764850797,-1.3198895149467804,0.0,-1.2784719690667037,-1.2789715631353684,-1.4583211360676545
-0.2440869001699562,-0.14692450610385654,-0.5393303583992977,-0.12286271258169512,-0.06304758413342171,-0.23200316019802128
-0.27922863292868283,-0.22620710481908288,-0.11695975366255901,-0.19096851481885077,-0.11539703836630283,-0.08305118309962932
0.1970534369473067,0.04671025475369612,-0.035323094592667255,0.006630196250794228,0.06103832701482089,-0.06710278029056195
-0.7895832937917293,-0.6818879128077605,-0.6374081949086803,-0.6210415865743083,-0.574420670215769,-0.5856917731463337
0.5101919926800842,0.5686209452645493,0.5819233601115528,0.6278435473248271,0.5965560648642644,0.686697220183389
0.5004258136285281,0.45410471721172146,0.1440646416848245,0.4930242871138589,0.446000576598589,0.463002191032011
0.5928636641708761,0.18672209785543886,0.2615155209148925,0.017740464604090293,0.083947918052776,0.14748035422363834
0.49926176048917326,0.4172153711960045,0.4939207787011978,0.3698826198006908,0.43624223604102036,0.5280752533827767
0.3917875004257958,0.28226905469215813,0.132294498179016,0.3042832560110091,0.37271143449563804,0.3251013532406962
0.10127842876970608,0.17779489000516385,0.2464068141287455,0.20870785672774836,0.22698586075786226,0.3040015024146015
2.1473418853167003,1.5983816518701592,1.5569885266531034,1.6763335010565594,1.7203072687742502,1.902610229385167
0.4619783842167938,0.14221923365161368,0.04140882535056679,0.058470315520476705,-0.34734517612967625,-0.2915123590306023
-0.33459451044175387,0.12267501659255912,0.22574072892149605,-0.358588581571439,-0.2791209831266699,-0.21925897325167745
0.18648440086162238,0.28609795367817914,0.3337085077062021,0.3205177472521724,0.3747210830374161,0.296258372286418
-1.28647906373751,-1.0471212213515941,-0.9129582481332759,-0.9888210402043652,-0.8900124793140781,-0.914448797034277
0.01783103251806173,0.201483169606555,0.29573702593212714,0.2330589936715118,0.29844868532812424,0.3889859404981489
-0.17401754150913795,0.01434186255181282,0.1194614210455167,0.04249828407030723,0.11034140055805353,0.1868553646695225
0.16871133960461693,-0.0542142192889895,-0.07373235901750916,-0.10756861708615367,-0.1382759787440938,-0.13792465227834594
0.15861842174841564,-0.0891156898873501,-0.14479449781222464,-0.06683622651112318,-0.12535385609000388,-0.17782640497897695
0.6256172185145145,0.6616792903310185,0.6721482638968701,0.7028796605930193,0.7432923934595005,0.7902920947489473
-1.5156312780813932,-1.360983349283723,-1.2998237837093118,-1.3492694932148155,-1.2405314079900744,-1.2686295934114449
-0.8380711109805088,-0.8770630894917444,-0.7364247424914712,-0.9021679840406299,-0.8056455428328785,-0.7933208972682875
-1.0734576180260533,-1.1261603692948714,-0.9636410932546243,-1.2464971389662711,-1.1406605343000202,-1.1308479220589616
0.360820145880307,0.35387937134128483,0.4140103394428407,0.34951449420352665,0.3682675586489872,0.45822808722835057
0.34693322136179755,0.5164841968885111,0.4629813252171223,0.5295240270263855,0.5229618982344494,0.5706763153340628
0.17621182396889995,0.3534307979523461,0.03865562290206201,0.39214709515947604,0.41814150978479864,0.0301905119149844
0.3113232570261129,0.3026295400112596,0.21213404200889077,0.3268986562469331,0.24254696722609914,0.2793506033910667
-1.229293945924941,-1.5208476509491313,-1.350645022793768,-1.7702963771772813,-1.6490591339590215,-1.667866477817598
0.5803847021112317,0.7468639184862598,0.6957693704569835,0.8164746639735053,0.8705994862479183,0.7428660432295319
0.37351893649495543,0.41661801685550864,0.3651151524494904,0.4599076031928053,0.39135450037703035,0.4638665643172328
-0.3426325368990176,-0.05751505549287782,0.0014835122917091948,-0.02725913799443473,0.04822741256851998,0.0
0.31827749821017004,0.7334676907095173,0.7036145184489397,0.8160939288562038,0.874535866817179,0.9630441904896451
0.9389983839734681,0.9171987505710942,0.7756847084878585,1.036756204932815,0.7601227833777933,0.8695729853265793
-0.1573134445230555,-0.4559009598119803,-0.33260725607488495,-0.5260269797934176,-0.4405767475550458,-0.39868353642757814
-0.7879607110826053,-0.6886863768067163,-0.5432704433552544,-0.6924958328293476,-0.6013487752958282,-0.5740665363602528
-0.23269801740520088,-0.3232089839494422,-0.32535663695298145,-0.28361238679929707,-0.2948135957591952,-0.38024813381171624
0.47006771680837456,0.7086201196115152,0.7298293125617208,0.7875160998565947,0.8464875394323729,0.8781453484010132
-1.0892426188612185,-1.1482025381656455,-1.1116820198082573,-1.1717232914943676,-1.1467210859396906,-1.236397667437206
1.6412600197596916,1.5378708402963859,1.4285463144622181,1.7599588304539384,1.748694908932297,1.7302041919677889
0.1340706553245436,-0.04396329126137948,0.01175278123473241,-0.05432761213530635,0.021756483595147896,0.08885860062282538
-0.9993559642940406,-1.2880353623985599,-1.1217596162351555,-1.4692397494137333,-1.3570417209891446,-1.3594986148866584
-0.12652485494040178,-0.022220751038950673,-0.2583947976510727,-0.1393906539423569,-0.5354276035108518,-0.7539856710738583
-2.3242354386105366,-1.8273125336895215,-1.6545397778233306,-2.56298003920946,-2.4153081303010633,-2.475780551076764
-0.6229668046278526,-0.7399579109166707,-1.4655724079536783,-0.6774532767510585,-1.4864769061074847,-2.475780551076764
-0.13052287630888815,0.055680383327191274,-0.1017612031642918,0.07875578533084263,-0.8182590363952673,-0.8393502381324786
1.4825159344756011,1.3356960155390187,1.3259190690944862,1.2580459285688117,1.3072006411908765,1.4621775042408949
-0.6909670913627471,-0.7223949224955626,-0.797822007121714,-0.6586920416352667,-0.9777201526487311,-1.0880776711206748
0.007009666969948269,-0.1519221277900867,-0.18871585324744364,-0.15038163598344415,-0.16696796328537847,-0.22178645606793942
0.06260383255568223,0.25387039536937817,0.11431680706214058,0.2591643071883788,0.2734881385479113,0.11147816323664839
-0.3106541922185206,-0.34842119638103797,-0.33078580535780433,-0.34659435483162837,-0.3353901232876095,-0.39868353642757814
0.6005335627317626,0.30631701315693816,0.11906750004574847,0.22937284295508736,-0.2708462461468372,-0.2104948118375881
0.556308237698568,0.7005180431293552,0.7255829014688436,0.7583166416389147,0.7967698160375707,0.8986734873473882
-0.34465969384523426,-0.5303879985274177,-0.8527030904424632,-0.47938715021304246,-1.2405314079900744,0.0
-0.17364094679638561,-0.2056531462442936,-0.29214252378098254,-0.1712150786786087,-0.3762651130728153,-0.3221369773238166
1.148648294305855,0.8870804053591851,0.8990173509119691,0.8795416703520522,0.9364784395849686,0.8579791116537259
-0.3157010107562228,-0.1037993517449674,-0.06358845518838666,-0.07657772095364457,0.0,-0.0017698344463123
-1.596222724428561,-1.4171668851682049,-1.4599011414909644,-1.5776458355780603,-1.9782571164431026,-2.475780551076764
-0.5420549971149244,-0.33989725197900095,-0.35874675431311437,-0.306447907771588,-0.22463949885866888,-0.2410864815190891
-0.7922974169645234,-0.7429336447552877,-0.7327864750791279,-0.6795774382213859,-0.7196072294167336,-0.6968800104429705
0.25101196276798715,-0.39804752659952436,-0.26320724688780117,-0.5839626540217298,-0.4955130198699775,-0.44839309244288333
-0.09062274075207227,-0.2032104161001962,-0.08233505536723973,-0.26678778104899586,-0.1858990549456057,-0.12915776835863704
0.43338705250001536,0.5851823166192538,0.4669110674108229,0.5890652443230062,0.5123773819445628,0.3511974995567165
-1.2041674536740083,-1.0352230896715746,-0.8914305557988824,-1.0040994213497823,-0.9048837968733707,-0.901880796782268
0.5035176142227134,0.5758678527708476,0.41094318271684255,0.6325992018770665,0.6819029415239402,0.4333805236904312
0.389818147545464,0.2476253982016325,0.12181864046484332,0.2808430968958402,0.035833876565406146,-0.17313221685842275
0.4563565955348791,0.4939334282047693,0.09362384247489809,0.30139960960879125,0.0,0.0
1.208143833298703,1.060895141467913,0.9636341072021389,1.0790500696025642,0.8402242593545538,0.9371613437871278
-0.9423113488734568,-1.0666220399831645,-1.2609609317780124,-1.0002381633581274,0.0,0.0
-0.0689399894107965,0.09956190014913151,0.18028656302729196,0.11855046942803797,0.19087393146125162,0.23688753475986746
-0.2490075496212955,-0.34608429809177804,-0.24187313954738138,-0.3244606999453463,-0.2422321911104332,-0.3073581634834574
-0.217654638711967,-0.275802606289202,-0.7202226949936646,-0.34304351574163283,-0.4327073317112323,-0.4986688487839512
-0.12791226729731522,-0.04674069464973322,0.000989471759762815,-0.062392099998754724,-0.05977181413103833,-0.005324573913583648
-0.3176353265813092,-0.11676724730001427,-0.08990408869524315,-0.09110156988812998,-0.04684700200563493,0.0026454157568371
-0.8122110578172597,-0.5856581384750335,-0.44863499541304225,-0.545806103645612,-0.458291257441162,-0.4194748644596301
0.544154343431061,0.7360470713678051,0.6831264640530597,0.7863239983032468,0.7802043069932098,0.7918990890305472
-1.0381362744018343,-1.118081171836196,-0.9557717077612261,-1.265437771726569,-1.1590707160428084,-1.1503069670162038
0.05161745528016836,0.17965385607346782,0.26948850628054083,0.21013839622707928,0.2753717493683228,0.35273086300154644
-0.13666156622371575,-0.3077073044098649,-0.3199794984315753,-0.2954635361236737,-0.35274071582080657,-0.5109151753935867
-0.6592443454656549,-0.43659278784415456,-0.39119254725191277,-0.3961254902528928,-0.31221065575299667,-0.319151819670674
1.6360765836490478,1.7186557379534502,1.4791544524135811,2.1742454337625228,2.1921577002266774,1.882319625191725
-0.933992611665738,-0.787748242021103,-0.8331448603709591,-0.7308237591311657,-0.6387103811757667,-0.7055185040685094
-2.0068809491398927,-1.7978468076664587,-1.6251947193218304,-2.3763243521298687,-2.2352417381261662,-2.2860944897269158
-0.006398686034594559,0.2592430010267291,0.23492601540970853,0.2905741343636959,0.35928477398634934,0.2362777927366149
-0.6408271886231853,-0.5116577204453612,-0.46682411194790274,-0.4853904285690513,-0.40081569480466145,-0.38855659526480246
-0.8933891659729599,-0.6489706690054268,-0.5552527739113196,-0.59300597079638,-0.5411022940132323,-0.6296172322120251
0.2237279510092859,0.3267480269877164,0.3365316954001362,0.3639140925142488,0.317634839483104,0.3947601242884422
-0.8499319908278614,-0.8588818310297364,-0.7419235898119766,-0.7925271935658275,-0.698842925557312,-0.7508300485765378
0.5615178366420482,0.6672376794266234,0.6471087732200671,0.7387730187881744,0.6300454580601167,0.7090513916853048
1.6407320067344315,1.5677351134728434,1.529415788878975,1.5923531185152406,1.6372340479221126,1.8123897823043562
1.2223776227988856,1.1733194677343821,1.0679176181952041,1.3598903911582316,1.116918207410276,1.2479200851987633
-0.11300398740553598,-0.304075711664498,-0.6578594437172971,-0.26575195402619267,-0.8936902741133609,0.0
0.007282771802857143,0.09705306846041507,0.13840311512709846,0.11799944498982472,0.08651170706641521,0.1488791127647206
-0.1241050458695695,-0.31577642826410607,-0.6675408649819892,-0.27619267905782274,-0.7467584725409087,0.0
0.5260468925946089,0.611332567873134,0.6133710816370599,0.6753580699467367,0.6559669967777941,0.4788153739770117
-0.6583748958105087,-0.5540926420366082,-0.5087341550735449,-0.5022314570701688,-0.5392041947128131,-0.4946435160562688
-0.5597907824251672,-0.2751129195716322,-0.2512535992944706,-0.23745956853312,-0.15724628380750108,-0.6347137278953531
-0.07223402169502668,-0.042579670743726455,0.051830478874625406,-0.07356372271295439,0.002947002235427448,0.07253151596738504
0.08608303315397599,0.11577225505242462,0.14668544055683455,0.14020356233829137,0.07943497350683845,0.14114784530949423
-0.3735476904771005,-0.5573977155781753,-0.8751888843424099,-0.5053474582456301,-1.598633918724293,0.0
-0.8241405089334154,-0.8089229830731328,-0.6659163360977423,-0.7925271935658275,-0.698842925557312,-0.6799912353634148
-0.45263703562331525,-0.6451357228872989,-0.751201007336298,-0.613427648752277,-0.7091238704621488,-0.7635613317243917
-0.0368720639253578,0.05101826423189879,0.10102222437530084,-0.1343846314498613,-0.11092648576953491,-0.06710278029056195
1.3746767140582665,1.1231493652711235,1.092788361000764,1.054843949931695,1.0516642416307571,1.1501997875368914
-0.6719970184836778,-0.6502542912359127,-0.5328221383719388,-0.6838502700434047,-0.5929201873559112,-0.5604203341243232
-0.322255580522144,-0.16432403780764,-0.06024950871459389,-0.13189709367423527,-0.08309288946924401,-0.014300744758927066
-1.8017122634178298,-1.5111851278656887,-1.5250452102233805,-1.5424836518206664,0.0,0.0
-1.5209340940081035,-1.3091030690477523,-1.4108906413937858,-1.265437771726569,0.0,0.0
-0.03377844788571956,-0.009478367767855787,-0.02173473959642236,0.017740464604090293,-0.11539703836630283,-0.052514541804639
1.323761246766075,1.3947403424487308,1.3667635588770237,1.6769730825744957,1.709634806150731,1.880318394444773
-1.2613241732000302,-0.9451130255720889,-0.805951567408943,-0.8833070093300498,-0.7872771104679672,-0.7899342481108065
-1.411958307095996,-1.631367746538278,-1.4599011414909644,-1.947679472105201,-1.8208686367817963,-1.849179186926936
2.2129620319038525,1.795382201258544,1.707937624346811,1.9694574977362926,1.9750028809486984,2.107578556691819
0.11269009036449114,0.18119819796804854,0.23523977962916798,0.21251548514948945,0.28005599280654464,0.18289215882469326
-0.3032842359655162,-0.49051265235129243,-0.8183524024231543,-0.4418241558091575,-0.7039586081045643,0.0
-1.0148878251992637,-1.0189231958186076,-1.3087793557405814,-0.9524501422122014,-1.1229131287044756,-1.4463146112890082
0.16820084637911806,0.11263772623400442,0.20850897874252514,0.14232835380242112,0.21414482643652596,0.30345144873574376
0.45923465714776135,0.4903093300710643,0.639309560878502,0.5280670467100749,0.5775374650947374,0.48804410171046003
0.17761941039173473,0.1507607758918483,0.2393010017405641,-0.034267260019725174,0.03999351319191682,0.11147816323664839
-0.8144651090087526,-0.5845023042220614,-0.45538863238685634,-0.5309076489475073,-0.4437559006452585,-0.3969835975592878
0.16553862819416187,0.2866064279825156,0.3059149280185665,0.30139960960879125,0.36988713605685647,0.3826732783154382
0.1528720014946182,0.05992010730819581,-0.4086603565755672,0.08923342999561241,-0.23446918214165122,-0.29009239524498226
-0.5683043329890722,-0.31948101151693387,-0.21761110649528806,-0.28254670972342394,-0.20337725676446147,-0.20308207099437714
1.1499303426806526,0.8853382522230053,0.9243785304379167,0.8339503093979579,0.8920630466280706,1.0022868671324523
-0.16802180442810946,0.06754721244470162,0.16213450974510693,0.09268722067757156,0.16556493224301602,0.2183410119706075
-0.9291922843181641,-0.754980046970733,-0.6467598783238746,-0.7102021776710603,-0.6186096063022425,-0.6609066500171336
0.4951395327192834,0.5937641682162895,0.6530701853468561,0.6522619825156033,0.7135462468904133,0.7531220120832008
-0.4266154616774948,-0.47103932779071067,-1.5503619449602437,-0.4293718927674622,-2.0182874029480082,-2.057406065052696
0.20694720286121926,0.17092431475223424,0.1147143748739428,0.19714584824947198,-0.0326355288787945,0.0301905119149844
-0.6316218334893104,-0.49348853818994226,-0.07601293054669339,-0.4602991132352462,-0.3748538117364194,-0.37205477630287537
-0.6192960217447036,-0.7861485083270285,-0.7456174924536824,-0.8474584930211104,-0.8791337559862566,-0.8815593986002505
0.45152525310376423,0.7214731551234623,0.7366731171806626,0.7961954253577397,0.839634083002479,0.917953753343325
-0.35619724630316024,-0.5421250130781704,-0.8615992737138594,-0.48993451892162604,-0.9777201526487311,0.0
0.4139003575673893,0.36803821731107583,0.4777458223166572,0.31609392633937594,0.36297503062609765,0.4374367613577202
-0.7182025763107649,-0.6528295595442306,-0.6057927508528874,-0.5985024341755593,-0.6715503352841995,-0.6502837253420829
0.4742705976169113,0.521401892224245,0.5101009953820673,0.5742635614034838,0.5026018026676854,0.5736192842816197
-0.06426744073216391,-0.09464105622492797,-0.2311268735812298,-0.06386988245262074,-0.3540976875498578,-0.3073581634834574
-0.45263703562331525,-0.5209506565830796,-0.3972965797090742,-0.5786054275500319,-0.49202382617075074,-0.47105976853436604
-0.41963769876987883,-0.33377417976093066,-0.3742460143495104,-0.2954635361236737,-0.21604046632510163,-0.22559755339567272
1.9915324395125809,1.799403311923153,1.6973597190709933,2.182964926227119,2.215148119577696,1.9670719658194051
-0.09617638542931252,-0.013839907174434004,-0.16936022345765045,-0.004012643163738352,0.061705098892508456,-0.09838545430368072
-0.14644465691242944,0.037594054530365295,0.13421125929320216,0.06690343336153405,0.12851524848487558,0.20182577495089854
0.12707194181789738,0.08690294365703992,-0.014559746378963094,0.11634345709942084,-0.2224776987596846,-0.16500321555775932
0.4380726412373319,0.41161365587370913,0.3955366465786737,0.4355227708494914,0.3105643686478633,0.39523904450036323
0.24447300883354414,0.18396710373904515,0.2833557909540242,-0.030753187761663258,0.0448103117723363,0.12394800792161341
1.5631960767302564,1.267907742131881,1.2607623367609133,1.206616287418689,1.2468649222543977,1.3966762083725617
-0.322255580522144,-0.5346298591074673,-0.4784913384616845,-0.5163893367853514,-0.5887544543235869,-0.5951649957069512
0.4888959793183415,0.18733244298227217,0.2830707883202579,-0.04564967957409242,0.01746799824299745,0.0896256984504783
0.5923980559847513,0.5403055970830214,0.5772968365492427,0.5189615270050321,0.5757806132043289,0.586347135050134
-0.2740422538994003,-0.35706947781042286,-0.21761110649528806,-0.4602991132352462,-0.3748538117364194,-0.32363517362528565
-0.24622110749442036,-0.1425182851103915,-0.043323702747086544,-0.1107565009379666,-0.03969874161729976,0.0
0.6206506398398381,0.5200950450553194,0.5283347198432602,0.5266068556213483,0.5503671905882833,0.636349756966375
-0.33709436223023914,-0.260141500699183,-0.13898339297350057,-0.22380274653368096,-0.14390263947497933,-0.08406172426483675
0.9443838411601299,0.6147479506665605,0.5074122964691219,0.6245701624460792,0.669570944893495,0.7802999046563832
0.3697899275234054,0.16777269082485077,0.2091700169081472,0.04683906317285962,0.032345369470939335,0.03271205127170003
0.7505673632872039,0.4734145708006039,0.5495228127663638,0.2403678784739829,0.3101198009119902,0.4047455775712783
0.048709897908924944,0.12847543015215585,-0.024320982349325983,0.1538880745937343,0.06964939266524023,-0.10777211176134528
-1.6248257241075208,-1.447096603766417,-1.4946608375941284,-1.4501968675316643,-1.6861418145257354,-1.7497216705303198
1.2994236702288207,1.1554466039649203,1.1304945441181393,1.3414782505738143,1.3853656549116906,1.4867942688630453
0.4532816444241334,0.562025659748778,0.6237252655874815,0.620265348390401,0.6748843672382696,0.788412593436085
0.4707119611672867,0.3087613654025632,0.17182488837925866,0.3140730079089342,-0.1728798638839294,-0.4615081810918908
0.36844682686878455,0.2794438423127925,-0.5445897390923362,0.31366806178915774,-0.1457902993240259,-0.9820889226115793
1.6617712582374018,1.3733190364834669,1.3347074001929484,1.3925092488216793,1.426276508350944,1.588001961716105
1.4203302780018856,1.366457458868583,1.3290843679375939,1.532485163298162,1.5216495259103613,1.6439328259342063
-0.056718144191672995,-0.24817061471460086,-0.6087319580145607,-0.21234087377655744,-1.2870422019230527,0.0
-1.5138734806918361,-1.2129066278973295,-1.2362710128276782,-1.1611329507430863,-1.0576632902698886,-1.2603787402413504
-0.003886120241685204,0.14880136167582583,0.22381923616965835,0.17889687198340443,0.1957059851472758,0.27648958781571914
0.4383835663385749,0.2919166791693798,0.10670421114239163,0.31082628225148035,0.33667710949658014,0.4311163531000792
-1.6770457878675546,-1.4783943251396021,-1.3750925917027166,-1.4992812750624949,-1.386204368660085,-1.4706283724001445
-1.6815956411744575,-1.5925449055816443,-1.3554635005914022,-1.7702963771772813,-1.6672142309408793,-1.822223195440004
0.40332233487783253,0.5138423017701408,0.5152563451517582,0.5668752699963221,0.5908512942043883,0.5725171634615659
-0.002078483175767315,0.055680383327191274,0.11827875318218904,0.07285782271089203,0.14616245796922223,0.19405850933007462
0.13818458125911745,-0.07675339561559033,-0.035323094592667255,-0.09420391942326066,-0.2467156892180314,-0.3671926381463836
-0.6506068211934096,-0.8394654177233493,-0.692454394954443,-0.9217166353324262,-0.8863607148507471,-0.8697208096075454
0.5983732146730226,0.26983100576699776,0.3466634893903828,0.08692023436878897,0.1513586250580159,0.23199347038311946
0.18816158074001882,0.1604546540607485,0.2561287185021997,0.14179782905628338,0.12970775576519164,0.1775696344528465
0.4148753936573148,0.4266823548423229,0.47293916537216135,0.4491451867410405,0.5146371531906726,0.5439828092908499
-1.0648608624854266,-0.9289090818136247,-0.8615992737138594,-0.8650850489510137,-0.7842772423850063,-0.901880796782268
0.06383866315995723,0.1332069781028851,0.2189832319315349,0.16319063684549323,0.2244389249310441,0.3017985099331616
-0.021571913945238632,0.06488956022435567,0.11272346339341549,0.09383424962185236,0.13030313508334102,0.19144849057273403
0.33772328433553495,0.3283964374530962,0.23555334828333221,0.3597786140195879,0.21414482643652596,0.09648820788308565
-0.9745647569314028,-0.864281866810125,-1.0422607404382949,-0.8030786569702835,-0.8511946285118306,-1.0939781984895889
-0.8038330870129199,-0.9680819528237921,-0.8461142999916816,-0.9454656658222942,-0.9564244685826944,-0.9678636363240474
-1.1118630668439966,-1.0258588477313146,-0.8751888843424099,-1.0278810665698532,-0.9280294335311944,-0.9316729629957287
0.07531390474464854,-0.12735693754502328,-0.010503021032117978,-0.29220773602081135,-0.21073037869698805,-0.15584336966212325
-1.1687990255544338,-1.0791126633458814,-1.0855572073971569,-0.9964049604760196,-1.1114258016210168,-1.124519679402575
0.8886243034809311,0.8131795663343809,0.35115556912405854,0.8857672559574528,0.2929875901347651,0.06060621391130008
0.29309133318949204,0.0017063541929830063,0.11550859191283362,-0.19279697435850876,-0.13455473426534728,-0.07502568084777377
0.13298293206662978,-0.05893558773898367,-0.4353616860631826,-0.028654370452325315,-1.848028154014146,0.0
-0.8644809933363344,-0.8976805186764688,-0.8352875030620694,-0.8771642714176724,-0.7842772423850063,-0.8581334637946401
1.4729905566498323,1.3422587355243645,1.2561590697883438,1.4660475676695826,1.4927487496800254,1.4907180509713054
0.7960723632481828,0.6100974370787738,0.66961605440311,0.5980539535703511,0.622992711981202,0.728658971371261
0.07664139158442775,0.202374103819438,0.3861453767667291,0.2053573314082553,0.2758417627538807,0.3506855849021727
-0.5535765985477458,-0.3143010811366935,-0.19722565382556792,-0.27514027969281,-0.19405846916296846,-0.1957586392468819
-0.13367159659039116,0.02547614971875097,0.10871843873406539,0.05482078208098321,0.08906468112030874,0.1599606065418862
-0.19826085386919223,-0.2217861025507079,-0.13323395351651454,-0.25042786768564806,-0.1728798638839294,-0.1335255713821979
-0.2402653083899583,-0.22494053375551365,-0.1114387591101696,-0.22961736868663754,-0.1495840252339678,-0.09942139485999776
-0.12687138899419428,-0.006445215588985472,0.0819009680580249,-0.010081085260459852,0.06436483790664492,0.11517115086361386
-0.933992611665738,-0.7369962632195299,-0.6626804962825641,-0.6546072775410298,-0.5644083889628904,-0.6121308126402077
-2.0106564394738387,-1.631367746538278,-0.1986569005633151,-1.7702963771772813,-1.6490591339590215,-1.7278759064862808
-1.025200104290918,-1.1343400045514993,-1.30428643460246,-1.0700820837186749,-1.3665638361368453,0.0
0.08631998982675944,-0.0017115347875551966,-0.07487142999177532,0.016443707989563267,0.09097237152461092,0.15582746162655867
0.1659490385601223,0.2961774858000204,0.37562526903622506,0.3316432366011038,0.37271143449563804,0.4569201271094537
-0.05717744346798182,0.01309099847361614,0.07336229602658569,0.03624394214819142,0.0871509607505906,0.11295792766599569
0.4604293070005943,0.5947561191818765,0.6203466141868709,0.6568486840658204,0.7075774223787654,0.699646658117136
-0.8559513681656649,-0.6886863768067163,-0.5827922883641984,-0.613427648752277,-0.5354276035108518,-0.5448987465282977
-1.0769304113395388,-0.8826202587354033,-0.7493341033115826,-0.8360186972442168,-0.7412158192506831,-0.7635613317243917
-2.0416652144951724,-1.6970824005318745,-1.5901734935989034,-1.9757379815171328,-1.9782571164431026,-2.0151941068772294
-0.8167276682428756,-0.6778442820612374,-0.5565994341798762,-0.6326598428284551,-0.5449183382070051,-0.525537685858563
-0.19669047538314502,-0.23322287776218578,-0.13133096359231386,-0.24640739869267111,-0.16598845979812446,-0.1259021639907902
0.29244039347701123,0.35163272814622454,0.2656655300543887,0.3695111920101223,0.28005599280654464,0.31274012857792816
-0.1256594479185022,0.048280643134911594,0.15114727284681959,0.07758065341247548,0.14442053182527356,0.22953251337716962
-0.8144651090087526,-0.583348646484398,-0.45993557419682163,-0.5325438842245483,-0.44535231029897143,-0.4355655470217243
0.8034451427232768,0.8806352846083321,0.9080338727613514,0.9886589069081472,1.0336799705995992,1.1466211866223275
0.1987953475411133,-0.2338648811660889,-0.12754495009276476,-0.3537613287920432,-0.33276736999241074,-0.2972260865791635
-0.3423796430847652,-0.3723106665167418,-0.4234590347017061,-0.3770547848389218,-0.41881618015179123,-0.39868353642757814
0.04731394042391605,0.11992422908965067,0.22027737193570815,0.1353963431416043,0.20261929482235688,0.28673108373371525
-1.8532031582001773,-1.6545591989816821,-1.5970376625312024,-1.8085656613080927,-1.9782571164431026,0.0
-0.25592492611453693,-0.1631855137128831,-0.04818248719452274,-0.13024440601493859,-0.052466944742921864,0.0070297889195112635
0.167792110866492,0.09453285694176762,-0.11082879078459418,0.12403422431111258,-0.24334979238753668,-0.19092486653985
-1.0204189049271262,-1.0666220399831645,-1.0697545980954435,-1.0079891667081295,-1.3963406218930265,-1.4345938204633555
0.7256738522316359,0.8247981502293125,0.6699967794050559,0.9213393733974453,0.9330572573583404,0.6581018736700228
-0.7417257079648708,-0.6464113953469788,-0.5380228887585639,-0.5948321729665923,-0.5908333282750784,-0.5537168916401449
1.3027154748456644,1.2378793552748357,1.1886461056994135,1.1557204042192941,1.1578835125536067,1.301916272304035
-0.9514541275708719,-0.8770630894917444,-1.1251542073760175,-1.0079891667081295,0.0,0.0
0.8475574094825656,0.8704379917073942,0.8829314604890175,0.9603087001260066,1.016127886138476,1.0829418072563228
0.9364046856916984,0.8210157730820377,0.6248460255982194,0.9213393733974453,0.5985409952502221,0.48512142128593255
-0.0016621645946134124,0.17499458238657276,0.2579307666040002,0.20583706297861182,0.25433136824887487,0.3298757096545882
-0.0661318044184871,-0.015593997162833507,-0.030055528685535675,-0.002003053055676567,0.04754554342314857,-0.01159434756012909
0.42726583352486364,0.5110205242025003,0.5536158429314715,0.5501572458115908,0.5414636148444181,0.6353444545109815
-0.42021598347140604,-0.255457006439283,-0.14674545398414185,-0.20482006835433253,-0.12535385609000388,-0.08710328670129748
-0.41704253087284177,-0.34608429809177804,-0.24576234235775463,-0.3549644096679117,-0.2720210510503516,-0.23717691154280396
0.1359148842187103,0.2727067669975349,0.3395931944344818,0.30715402454972873,0.3400781110962486,0.43292830419264966
-0.16653271574383685,-0.10328669340592608,-0.008486274225475451,-0.07506885822638215,-0.015715081192439702,0.013981677419408743
0.5814794976161708,0.34002563213114645,0.36728339607483995,0.3456712633895863,0.41325152548769273,0.5057242663971355
-0.109799846568563,-0.08117303128579802,-0.2567998886102963,-0.05069682924699868,-0.23446918214165122,-0.2268732653293639
0.5955561512721818,0.5904913592567774,0.6689808088166095,0.6265864414203961,0.6886008516251957,0.7442995531843318
-0.8831761243923283,-0.8189408268358148,-0.8183524024231543,-0.7951459885950929,-0.7933287403791071,-0.7899342481108065
1.1208574941386136,0.9573359166895599,0.9793531124184288,0.9885103043332311,0.994677999257361,1.0213269816112964
-1.4999838870469822,-1.4648058540631739,-1.295391018602936,-1.6568905354145662,-1.5391192979763404,-1.55179971369392
0.23623297068987786,0.23463617166938303,0.2976786482347608,0.22844795895395642,0.24502059310007698,0.32029204016717555
1.1603338403309256,1.017766634627549,0.8144280776315234,1.1577144346210106,1.0858800882622766,1.2284785361787929
-0.3070762731353842,-0.2848430572887372,-0.19937392826470307,-0.29655280830291497,-0.24559153253220517,-0.19940933239337302
-0.5985232931684527,-0.10843405159700058,-0.07089524690229529,-0.07733355605627072,-0.0007390278117041047,-0.19092486653985
0.40860444900136006,0.3082733826341228,-0.1206720591194635,0.3445138253299683,-0.16696796328537847,-0.12482078138717481
0.5030219228157777,0.42941189716024497,0.4448881487123003,0.4324941659986015,0.39873786413474366,0.4265648097671284
0.11931426611303027,0.2866064279825156,0.3342230190597827,0.30015978896586254,0.3642003312639711,0.3851083492558812
0.8469562460200819,0.7607284593672998,0.5145485850492789,0.849544324960391,0.7348299412590904,0.04763299290438174
-0.6978918954414149,-0.6778442820612374,-0.8461142999916816,-0.6268206151714508,-0.7812943983266021,-0.8855634215111663
1.481604065079863,1.3601536523809898,1.1616656932618588,1.625277075347688,1.487127451945757,1.5093375003409342
-0.03157912392594743,0.1372305937123828,0.2215682016066677,0.16728143831932096,0.2151819966459173,0.2889853236403045
1.1252099282872368,0.918534660864983,0.8372158625706834,1.0042354562742613,0.8273198989761888,0.6913499291764058
-0.2780971579822714,-0.3562780409284921,-0.30850308992391207,-0.3646792834237216,-0.30468960872147927,-0.2830425534674635
1.7785532858642585,1.1737099238124533,1.1824732535711624,1.1117620111465425,1.1623321523660868,1.3095449784734214
-1.252002826737467,-1.007526015752112,-0.9610069713178692,-0.9385716310783496,-0.8410934339842402,-0.8543249410907182
-0.30045655398903975,-0.25612392865506756,-0.14155841881574527,-0.2257346570845479,-0.15724628380750108,-0.1004590763334542
0.9565179951239572,0.8626900798885884,0.8374781049442918,0.8016620168237903,0.8482386589066404,0.554258024582222
-0.1580454955318787,-0.15808976100397792,-0.20732374658819233,-0.12613234707834306,-0.19200782687081952,-0.19454659281795011
-0.5142052404244783,-0.6914267311545572,-0.9823961166401436,-0.6307066639630634,-2.1123569015731274,0.0
-1.1440278913753907,-0.9329218888930704,-0.8638435286662354,-0.8741189878093623,-0.7812943983266021,-0.7700379758923273
-1.09013160049274,-0.9349377412510171,-0.797822007121714,-0.8958070993151231,-0.799450969579667,-0.8697208096075454
0.6410080110450814,0.9598608473058124,0.8863059911334263,1.0421485573967748,1.0902630261054618,1.1292964854702394
0.2769988427545937,0.10348159348452479,-0.570239201787867,0.13324793202956597,-1.1847428805756222,-1.198766196836922
-1.2767759545000352,-1.016627682270754,-0.937785636564444,-0.9489464441590971,-0.8546057983383379,-0.8581334637946401
-0.19453825926923618,-0.4258320298573728,-0.293842283882938,-0.5441312975242399,-0.45665732188927527,-0.41771392075620645
0.3076145832804766,0.12813590786387047,0.10670421114239163,0.1433880617946698,0.0716192325335632,0.053341588296754366
-0.9203771916043217,-0.9053459557270669,-0.884417581139494,-0.8474584930211104,-0.8827345983663599,-0.8736385299096567
0.8898119297975415,0.7284865550283489,0.7446002853643194,0.7109227485613396,0.771329448869188,0.8781453484010132
-0.5903376761801706,-0.6818879128077605,-0.6146546283239751,-0.6586920416352667,-0.59711811936598,-0.622057163913097
-1.0990930283762408,-0.9809642971656363,-0.8225425059205791,-0.9118530900722667,-0.8150770289269391,-0.786568197391058
0.42306070131276147,0.43617461440643773,0.33061011188886447,0.48123068980433387,0.3025133953221537,0.39428085804296786
0.32675143434532594,0.30778495679788587,0.22285573696682312,0.34374104695882735,0.061705098892508456,0.12539914949918116
-0.053209267669553986,-0.10073026738910786,-1.4056583894411423,-0.07657772095364457,-1.6861418145257354,-1.7070077671777855
-0.6662463106276261,-0.6900550435686125,-0.7682672626054272,-0.7450126546403931,-0.9690946396765471,-0.9725636006377381
1.3960129523835296,1.273390948613534,1.2550321172972214,1.2800371818955567,1.3279912212026228,1.449129696245514
0.12915895055580331,0.25467968715802025,0.21963071673115347,0.2880498047226988,0.16948431992770818,0.2056746272934779
0.7151535671832707,0.8455294499031902,0.8015373876675674,0.9422871369616261,0.9048729561421958,0.9910609144177501
-0.4511095607906556,-0.23967492458247378,-0.1866089226574146,-0.2066914145601042,-0.13177925393138282,-0.11837209606739993
-0.5165898580139536,-0.4311882781724981,-0.5315291714606644,-0.3896988682610097,-0.30969257938559247,-0.28726251233630146
0.1477015416944072,0.22901334635161513,0.29961270910439297,0.2578399090162061,0.3101198009119902,0.38169673733685816
-0.1357805220763868,-0.01779429481551694,-0.28038718381466543,0.009918742527173651,-0.07298520100072559,-0.488657340873106
0.9425553216877447,0.8058703617749192,0.8326453710832049,0.8556846738113044,0.9133984227348371,1.0336198008250788
0.05900723852151614,0.21003530376958657,0.29850845409539917,0.24172900722497262,0.3047601951351093,0.37482031090377704
-0.4486739171653624,-0.4135172367620543,-0.3645092906099939,-0.37331447841899335,-0.4342723529268048,-0.3835575168967808
0.24854695039386426,0.38649036255559305,0.44734028429132566,0.42741511902362167,0.4524241866232318,0.5455149314445222
0.7483558475222417,0.6672376794266234,0.5650493326821582,0.7381331562367299,0.7605658253086635,0.5458974210342157
-0.22461180209691128,0.013508262259989386,-0.04709891741561457,0.041252457043999324,0.06964939266524023,0.07802072083520252
-0.8959696757887701,-0.803973025949274,-0.8204438700575533,-0.7426223014784848,-0.7812943983266021,-0.8895971036624298
-1.0039740652598286,-1.1595061806673181,-1.1565375790065031,-1.1717232914943676,-1.1346735756609887,-1.2770163945752318
-0.27539070150690104,-0.03571175238117054,0.10102222437530084,-0.006702342735970218,0.06833258609893728,0.12901263741506025
-0.4310195668262434,-0.5707998484086284,-0.7917951516074566,-0.5292761050767043,-0.5506927490806987,-0.5810133315173913
-1.4552371613443633,-1.1566620790410513,-1.0919892494671968,-1.0971443683864757,-1.018461053388883,-1.1120885543825196
0.44915411181089016,0.30631701315693816,0.07465207818086911,0.3343948809344864,0.40028135277417026,0.12539914949918116
0.22261890293861938,0.3018890046268115,0.30263680408586235,0.3343948809344864,0.28005599280654464,0.353751127956276
0.6023195235840656,0.7289216622631236,0.7268162322917,0.811891876089586,0.8082091794007363,0.8966010813934856
0.6950699502597708,0.7202578209935054,0.7135226533292592,0.7516549470926552,0.7498506765509355,0.7908281694800545
-0.7507920563750193,-0.8606767518380415,-1.2008981305231978,-0.7925271935658275,-1.3963406218930265,-1.4345938204633555
0.35067622704490414,0.5159898616940479,0.520705941740939,0.5442051897906065,0.595134547687832,0.6114584785044413
-0.22605475843647982,-0.24488840362727898,-0.18871585324744364,-0.21139557921019153,-0.1495840252339678,-0.19454659281795011
-0.4590966009072143,-0.6238432514572739,-1.3554635005914022,-0.5911856673636,-1.631613388853697,-1.6494508442239206
0.30052173791107756,0.4205876905490412,-0.14609435541442548,0.46377786609510696,-0.01043058504422784,-0.3969835975592878
-0.4776382059190753,-0.42405719631969435,-0.4976637768024871,-0.3884220251822477,-0.35138699499856874,-0.5192255919721028
-1.9091201650599332,-1.614464573496948,-1.4431664966372622,-1.947679472105201,-1.8208686367817963,-1.849179186926936
-0.19885086514388356,-0.30625198082323796,-0.3851534258541809,-0.28467998931466,-0.20337725676446147,-0.23978048006357994
-1.8805625740869953,-1.5609065837910785,-1.5503619449602437,-1.6289733636220627,-2.4153081303010633,0.0
1.878497704328989,1.550206986621719,1.5245143526097666,1.578057327771694,1.6177215636241153,1.7932756220943722
-0.17007570283605375,0.04671025475369612,-0.05858783610736662,0.030560503990806426,0.006610434813052431,-0.24765917388565092
-0.8908196462979042,-1.0235387226629882,-1.2322448754068367,-0.9559770774291275,0.0,0.0
-0.12739158863055078,0.10560799980870532,0.15776791281666286,0.13324793202956597,0.18054643339105458,0.21582751077789297
3.1973116699472266,2.737684831555735,2.4959484520365924,3.923041672894453,3.9310269936568343,4.206611047059373
-0.2967078514510594,-0.4393134024238948,-0.7740644207148792,-0.3935463079065619,-1.1229131287044756,-1.1774402040569418
-1.1036233180276664,-1.1595061806673181,-1.3133029389101993,-1.0971443683864757,-1.598633918724293,-1.822223195440004
-0.23269801740520088,-0.1905520626404112,-0.5565994341798762,-0.3770547848389218,0.0,0.0
0.2857230272009816,0.1768630404144768,0.08611820570454601,0.15596721612894043,0.07488808703310015,0.09648820788308565
0.7948386106341879,0.9052363788116925,0.9115886373511827,1.0244356702117736,1.0356029752052478,1.1498751809026626
-0.3873212102165927,-0.16489414271791952,-0.05363365482159899,-0.14022904138827963,-0.06222693977306093,-0.017018905234533012
0.17064690991908416,-0.037535078081298266,0.008351890964274675,-0.07356372271295439,-0.14768408068869907,-0.1302468122482092
0.09338202947005272,-0.0986933185533099,-0.47262820185193327,-0.06758007151385138,-1.3295723683267267,0.0
-0.2301977209095373,-0.2621606730318833,-0.7044453293073828,-0.3313604458818795,-0.53167684396266,-0.4906458889423342
0.7760379397179277,0.6091347183109705,0.39166466051267707,0.6609262820613169,0.20840900076814525,0.026812669810367187
-1.1728564138154483,-1.2222396665256212,-1.1251542073760175,-1.1935845662965963,-1.1590707160428084,-1.198766196836922
0.20043542860272198,-0.0012831637614337437,-0.1824192674381714,0.01838782313006502,-0.05977181413103833,-0.10358262776107983
-0.16523296139844104,-0.17120271269680842,-0.15066853456673188,-0.15466287276180712,-0.09251296562575095,-0.4373809468570259
1.6567788203078944,1.5304312139619434,1.502965616540917,1.7888333982385323,1.7603018207405845,1.8683319679735666
-0.27606611771793543,-0.3232089839494422,-0.2929917563156067,-0.3454083473174262,-0.2827042788927344,-0.3528409637055119
0.13200214697736362,0.16966583324422124,0.2549237413253081,0.16728143831932096,0.23154406445102987,0.2945871420862144
-0.5750542918203155,-1.1370892850024272,-0.9742895851202364,-1.2464971389662711,-1.1406605343000202,-1.1308479220589616
-1.5352954918749726,-1.4255853203677211,-1.350645022793768,-1.459625232324174,-1.3477074181269333,-1.4463146112890082
-1.938982741624204,-1.5925449055816443,-1.4268356939234639,-1.686573191178918,-1.5679019846645683,-1.5821898563111405
-0.4283730950951281,-0.3634392387456324,-0.2696894875352123,-0.32217868587329956,-0.24000348201288407,-0.17782640497897695
0.8329037040878343,0.8826335828211607,0.8963518712049853,0.9644734708909626,1.003709617985933,1.0788380386751768
0.5412387122124648,0.7726271837276653,0.7155933793601323,0.8635509308726743,0.9211207361081225,1.0290344837691174
-0.31305191177493513,-0.46626760713737436,-0.6467598783238746,-0.42664079744712075,-0.4082456957636044,-0.46913689867770025
-0.8374841695515919,-0.6928014523672086,-0.6251642590802436,-0.6405414185448873,-0.5526311765936494,-0.5340625130642151
0.3104575339178677,0.11992422908965067,-0.268875055521801,0.14970907556835814,-1.631613388853697,0.0
-0.7589684193817866,-0.6941792200895915,-0.5956193513488728,-0.6732291389355295,-0.5866835018661316,-0.5786883642954924
0.19530598566604676,0.30802922514765396,0.39508271454469335,0.3441275516360828,0.4117393096006279,0.5016538576778062
0.5814319447740853,0.6975182634680698,0.7125992873310917,0.7748943648848616,0.7478222542952276,0.8616226694354281
-0.057024301993828096,-0.14361668342057293,-0.1065782398681976,-0.1937133016382721,-0.14673642222292993,-0.16847383944300287
-0.047008165124792334,-0.29260284357404237,-0.19366381320719625,-0.262655293533373,-0.18186197937222032,-0.14013606914196594
-2.1680919477282683,-1.7835573843854613,0.0,-2.1976116400888905,0.0,0.0
1.1618952239660505,0.9161571696194328,0.9712771708206763,0.8400463619375994,0.898047002029101,1.024033979687396
-1.2117072942566556,-1.0495271631965084,-0.9662863258544929,-1.0079891667081295,-0.9086697155657177,-0.9229923457343511
0.49502767877608067,0.32010326862866,0.3433934858497617,0.2705289020467771,0.3180741040891155,0.333039454581104
-1.3928333912820454,-1.2222396665256212,-1.2322448754068367,-1.1456460327423266,-1.1913769084129662,-1.3399669086279402
-0.6873066433627071,-0.32922310169369207,-0.3871593348195718,-0.28896979998941896,-0.20756758666278305,-0.7571592811550453
-1.1449998498353595,-1.2445389536890854,-1.1017600630635427,-1.2719126997333465,-1.1653638653824212,-1.1844515037061771
0.12663156578109933,0.04038428611625937,-0.1262888137215767,0.04992111925859097,-0.10472434519392676,-0.06317895535387645
0.013527614539890055,-0.10482604785116639,-0.30155593262158087,-0.07582282248389606,0.000738114558108504,-0.049637541601151046
0.587531321680154,0.51960412969458,0.3875310701047818,0.5613491364006182,0.6100472626302806,0.39571761920117116
1.052790824809013,0.9805777176162417,0.8243513194340485,1.11847470109689,1.1335412927000936,0.9380321315896494
-0.10711565603948242,-0.0008551179364782992,-0.5087341550735449,0.028017676741567295,0.09160693518962029,-0.338827898002199
-1.1748951554781466,-1.081639682778471,-1.0274850265210356,-1.0158558999446463,-0.9163262285534005,-0.914448797034277
-0.5152260286107506,-0.39382053976313436,-0.26643890336464393,-0.3745585820241849,-0.29115375245267644,-0.24765917388565092
0.25938002369768515,0.17123848526501867,0.0504828639525364,0.20198900787946342,-0.10914775334923969,-0.17664946916535063
1.3169581712898204,1.3589400896407482,1.2369244347930173,1.296565329168886,1.2600771610230057,1.3617315390718912
-0.520700536759308,-0.46817176614092604,-0.43645612614555507,-0.5179843366198874,-0.46819716522001475,-0.4788153228477804
-0.3908852277906948,-0.4974792914783164,-0.5050204836974976,-0.45598275883756917,-0.37064100638380904,-0.4946435160562688
-0.31473628855309044,-0.17583439997070455,-0.14870345012397843,-0.16681487813892376,-0.08821243566985115,-0.02986239063710998
-0.24472632556694224,-0.21366368904081365,-0.16868149149390088,-0.17921758622705647,-0.23889235670175202,-0.17664946916535063
0.19140274933433565,0.06565018144495387,-0.4202554205945372,0.06809887955411612,-0.574420670215769,-0.5856917731463337
-0.10095692965214,-0.2217861025507079,-0.4086603565755672,-0.19555017361841023,-0.11629525010749638,-0.1813708958137844
0.07483039448347484,-0.11729211592932734,-0.4891974732372637,-0.08571026192478022,-0.9777201526487311,0.0
-0.6096175376076679,-0.3997467374789288,-0.3762136256855781,-0.3573780253130871,-0.3406723371366329,-0.3639732352612766
0.2695780972586256,0.21614569514579537,0.15299495194130858,0.19714584824947198,0.1587870602391327,0.171528667042791
0.16255397516906223,0.21149637406364072,0.21147686977571128,0.21061452687715326,0.23355919767906125,0.20822784283826137
-1.3799261211792897,-1.4171668851682049,-1.2484999305657756,-1.6156110057584403,-1.4990829236234724,-1.5095234144836287
-0.7382368243308078,-0.633771744461998,-0.5498969338705311,-0.5768309198493583,-0.5430069924558275,-0.5276571266628787
-0.021428187720119018,0.09669373727066301,0.18860980747564782,0.12621436321960774,0.18273512165069764,0.25669436321145156
0.13807671168175795,-0.016033371870457534,0.040034034827277416,-0.00535602365894374,0.035137794674466115,0.0008830463720485141
-1.8621958894072022,-1.6034186883189006,0.0,-1.7021527787297168,-1.5830071644217492,-1.687029946016197
-0.2724730675161633,-0.48460445884295994,-0.4976637768024871,-0.5309076489475073,-0.53167684396266,-0.5927819372663801
2.156528839929955,1.7870275383398202,1.7212487360482362,1.9276856954080483,1.9679460933072197,2.1656776693561595
-0.2862940873345589,-0.1671802063221126,-0.07601293054669339,-0.1343846314498613,-0.056514075477543856,-0.06808762542014343
0.3825580862491442,0.08982193297583325,0.1628586603683119,0.1001055181636742,0.17282395699935668,0.25015895092968415
-1.1498827861187721,-1.0030226651955814,-0.94543069683058,-0.9351577718126136,-0.8377694897086586,-0.8356695817663463
0.14876068023991232,0.28838232505497013,0.3423829411615562,0.32331717110367564,0.3489191598966546,0.41085264440372415
-0.6693359051924466,-0.7909599534871424,-0.993369903944335,-0.7522466881194115,-1.4172944669953098,-1.4345938204633555
-0.5965639858612031,-0.42494395606050916,-0.5552527739113196,-0.3935463079065619,-0.8649759331087832,-0.914448797034277
-0.35879280327383745,-0.3723106665167418,-0.41284951581668045,-0.3302048405688996,-0.4955130198699775,-0.5234259890142406
-0.09241352797462232,-0.40831605669428855,-0.27295921075708196,-0.5768309198493583,-0.4885565361691316,-0.4410287041405675
0.04489446694275503,0.1059616100622649,0.18619624149372857,0.13109214258303487,0.1860035955114214,0.241744951040419
0.7945851708053566,0.611332567873134,0.46749775925202597,0.6255790590213685,0.6688083732399607,0.7764815277731427
0.11629270084795644,0.1668236688916861,0.22478089794315034,0.1708392528537459,0.19033468506820111,0.2202197498752465
-0.11165265867676728,-0.22557347510419554,-0.2770736067275847,-0.24540651842320121,-0.3353901232876095,-0.3161815120230555
-1.2485430709238563,-1.3020069135114736,-1.4108906413937858,-1.2590449514663589,-1.4392312071784494,0.0
0.4438881412912669,0.2650920023792915,0.36535654317141636,0.13967123996016922,0.16948431992770818,0.22084478564643464
-0.2715783164957181,-0.1225673840163583,-0.05803509331304206,-0.09187567395455132,-0.10914775334923969,-0.03920089122539846
0.41571899949069807,0.4683825062017993,0.19949941990000628,0.522795225785684,0.44456428488786526,0.518586776524486
0.5594401210528048,0.6271239593446044,0.6138011839173818,0.6933738527336187,0.6601035766137676,0.7480129161371444
1.5503339662533586,1.378113165514982,1.4447802090624156,1.6133029039597022,1.6582432145392287,1.8228881439394733
0.870856522191875,0.5627793792623655,0.5229727274371495,0.5341649583218505,0.5549248895416999,0.6034245646391622
-0.866324605953003,-0.9015017461114397,-0.751201007336298,-0.9250453359146579,-0.8279230494304773,-0.814088606761694
0.18993185942365576,0.4937614209035797,0.2561287185021997,0.5245571657776782,0.5251849363617562,0.3023499533104138
0.00013830946728136126,0.026699782253039855,0.1470587483731116,0.03182800866665892,0.09540042097676416,0.12322119793817282
-0.8060557813832357,-0.6698352449002852,-0.6176383737715061,-0.6425292825407601,-0.5565287722138426,-0.5297843710975667
0.22914835969025046,0.2589756313645033,0.17324496625157482,0.29267018213601964,0.13089793310723466,0.1986007723383793
-1.5334824488446308,-1.4648058540631739,-1.3270616923384342,-1.4692397494137333,-1.3570417209891446,-1.3594986148866584
0.268303069214773,0.41681720994864335,0.4731323619148431,0.4602309977142089,0.47783328128057273,0.5805582105840166
0.27766847722950944,0.43232082667055965,0.4941056697628578,0.4771470700549884,0.5184927046037092,0.6044778415432496
-1.1977770661190197,-1.0944232294427207,-1.2124775805107084,-1.0278810665698532,-0.9359827000861248,-1.5372938609601992
-0.2814983082471387,-0.3602458183539654,-0.5913125223666036,-0.3187721987448501,-0.7695292994292406,-0.7539856710738583
-0.7129403749644966,-0.4429601683077419,-0.3102534497889301,-0.42664079744712075,-0.4037758835024725,-0.47105976853436604
0.7667278264147771,0.8798336779433428,0.8941308808576534,0.989401449177705,1.0256343714794647,1.100172552143609
1.0958800318431297,0.6224509005674285,0.5970221303536475,0.5030977269785101,0.41022348347720555,0.43292830419264966
-0.0015234605810774888,-0.17293525071336882,-0.3901815548055411,-0.15552278356393506,-0.6595900455710821,-0.7055185040685094
-0.09306613647769761,0.1288147441079958,0.1967988547292894,0.15700421819798493,0.22850899920568757,0.26140648279423667
0.6868394951050155,0.4762684950049765,0.5036223631137693,0.48373115565866537,0.5485350927575681,0.6463225764894592
0.22658264671997963,0.341404317652236,0.39644324195303104,0.3794658644868935,0.38978907763182763,0.48512142128593255
0.00605274753911759,-0.09666359782934711,-0.12129326637549129,-0.09032845032149317,-0.3862446027125287,-0.7635613317243917
-0.6420936529724343,-0.7414440090497308,-0.6451910038610759,-0.7012782671521924,-0.6432808005187276,-0.6096760161529194
-0.17458290237699206,-0.1257559767194771,-0.04655795853237402,-0.1598408561795575,-0.08564710470689643,-0.05540491486791419
-0.13966741789585965,-0.1671802063221126,-0.26240226577891296,-0.1377173641695922,-0.24334979238753668,-0.2043112645017755
0.5914189448846715,0.6263258900996314,0.7692100250954298,0.6797909455720381,0.7407877602893227,0.7460158754928025
-0.4360516178353933,-0.38296853625291744,-0.12378526585965036,-0.37331447841899335,-0.2899390025346222,-0.25030841418524397
-0.970895202778573,-0.7829611860531184,-0.7149174360889529,-0.707957675967997,-0.6186096063022425,-0.5951649957069512
-0.6841221778050868,-0.4587105767614634,-0.42453091158932216,-0.41317541696749216,-0.33015669524605384,-0.32363517362528565
1.2179264549861033,1.0779490933424298,0.34490542079829506,1.2065068332831177,0.6394211767970223,0.5489495878402594
0.12685179764776083,0.2613772232834022,0.4639667851356203,0.27742345770198734,0.32852512900740694,0.333039454581104
-0.724482177002226,-0.5137105545289927,-0.4784913384616845,-0.4661051011865059,-0.38052037543547146,-0.42657188905218346
-0.2457936276924339,-0.1631855137128831,-0.07830325984533157,-0.13521609208327817,-0.09771540859200782,-0.0592797741135052
-0.8608106238567775,-0.8844834660232166,-0.8018732531858095,-0.8771642714176724,-0.7812943983266021,-0.8467864550046333
0.2849806865743487,0.14221923365161368,0.15299495194130858,0.11965106636313654,0.09224083471863119,0.16064688215757186
0.4027248452872326,0.2755673201457269,0.6826331330051014,0.2713947937782886,0.3405019447629141,0.4004844771818763
0.1672807645901798,0.26350307250652666,0.29712467302921286,0.2960096857209144,0.345985933131026,0.4150479853587657
-0.9298757185975222,-1.2191140916751855,-1.0543338898327175,-1.3417203390848869,-1.2331973299159864,-1.2286474766816606
0.5339570080887623,0.5904913592567774,0.6146601940347631,0.6429937839024954,0.6895873794589185,0.7646214167050638
-0.3653332466042624,-0.1666078416853151,-0.09225466784851422,-0.13355431368531478,-0.10472434519392676,-0.034514157537584654
-1.7167864808255233,-1.614464573496948,-1.4431664966372622,-1.8503427495595883,-1.7266136301968356,-1.7497216705303198
-1.2485430709238563,-1.1343400045514993,-1.30428643460246,-1.2590449514663589,0.0,0.0
-0.464066765060883,-0.1941406393270331,-0.09758138951736325,-0.1607082004044706,-0.08394306568508737,-0.19333695521127184
-1.101807186653997,-1.1739131730264918,-1.1116820198082573,-1.1160026417415856,-1.023197435278031,-1.198766196836922
0.6717878477735831,0.4454989960995636,0.31642149208419895,0.4914845015142984,0.29935424246201137,-0.07303544444237156
0.3342665252537601,0.3667266779648365,0.303731921282613,0.3996388314793959,0.289320131426616,0.3588289154566804
1.0480159586901407,1.1399493974554344,1.0676111816323253,1.323059101596106,1.3678519666193636,1.1203933440428158
-0.45755209043524275,-0.4420463991229394,-0.575785239278429,-0.4488599760933453,-0.43899394994554136,-0.5006920309354456
0.8389023504372887,0.6613065606066182,0.760151703399592,0.7256427873498966,0.7827796905544585,0.6999520404440541
0.6080487051121004,0.7683239592205272,0.805500417103798,0.8583764122320612,0.8998499629830308,1.0137320439502426
-0.6583748958105087,-1.028187289357065,-0.9796823088347816,-1.1256958461079987,-1.1913769084129662,-1.1844515037061771
0.3071393099888884,0.13118412900290366,0.02984040229704387,0.13163178455842864,-0.13177925393138282,-0.1661579020280192
-0.13139576411652967,-0.949228682062095,-0.7917951516074566,-1.0700820837186749,-0.9690946396765471,-0.9494643887941042
-0.7472498493832138,-0.756502261947798,-0.8162680567239631,-0.7057222409195355,-0.775378982638181,-0.786568197391058
0.5908119205414057,0.5931964784720972,0.6279141911472615,0.6316008058191324,0.6932737891013979,0.6323196718983175
-0.11622641201247423,-0.16890071024884368,-0.1824192674381714,-0.16945113067906056,-0.12171359940842043,-0.10462733457325792
0.39939334899961176,0.5579364695442314,0.2552252574295339,0.6115719230556693,0.5681122122920297,0.45604673108006694
-0.7625811190176555,-0.8535272868794004,-1.105050370230891,-0.7873269867524572,-1.1913769084129662,-1.2210126928618792
-0.04595625054459179,-0.419642978764438,-0.30762995962053874,-0.5179843366198874,-0.4327073317112323,-0.41420777568909356
-0.9360616061992717,-1.3091030690477523,-1.1424007252863202,-1.422957110641262,-1.3121032765181022,-1.3120225737788538
0.19869871950556173,0.42275837017391604,0.3957634538687682,0.44187083866893617,0.4563181513644195,0.42013995123637277
-0.9872096922754369,-0.7626283390667179,-0.716680662878201,-0.7034957963749506,-0.6142425357564857,-0.6245660362267262
0.05325416346835896,0.3994066160020689,0.1771298909215497,0.4412055118188048,0.4839465972725147,-0.4788153228477804
-0.06333757175670468,-0.0641747718432609,-0.09225466784851422,-0.03356283225848793,-0.2096741911189919,-0.14793940884984003
0.029628321870856626,0.198801625804645,0.2864801022233452,0.23029638437311029,0.2823849691843347,0.37383210425743196
-0.5841765696527773,-0.43659278784415456,-0.4464013267052704,-0.3935463079065619,-0.41426149645712373,-0.4089874272511034
0.8996295879695513,0.851769610235881,0.8519198435445643,0.9414929626175449,0.9571503198396748,0.7937692659262414
-0.4684507464334924,-0.6056481332018132,-0.5062557333434478,-0.5508603774226783,-0.7872771104679672,-0.9449612068603305
-0.3975231990990531,-0.18757845887442787,0.37515240587854254,-0.16331776005776694,-0.0847944695265829,-0.09118210765158474
-0.2217367978570198,-0.3026293184607022,-0.4149556962377197,-0.2783031116777334,-0.38912872642377344,-0.41072240359370377
0.13276513022041053,0.44775757208878136,0.25642951046772783,0.49363919611654394,0.32938823565058967,-0.6121308126402077
-0.44624843587277147,-0.2338648811660889,-0.12005156578300526,-0.20202398582663403,-0.12262154590350019,-0.07006201861552756
-0.09437362432661489,-0.31356478859955295,-0.21984081509327316,-0.2868209998232575,-0.20546862781275052,-0.16270036398722407
0.5550602947066334,0.39485931985900624,0.09979648576790795,0.4351869506216699,-0.1950865174749693,-0.1638507057338783
-0.0590184036265642,-0.10946909832288493,-0.06863634459274734,-0.1444385397810227,-0.06634159548002329,-0.05540491486791419
-0.47795761353911403,-0.45403514148083546,-0.5276674067496959,-0.4661051011865059,-0.6691368460142613,-0.682771083862925
-1.0972902372843427,-1.1261603692948714,-1.0697545980954435,-1.0879662491190076,-1.0426016467213224,-1.0707630438037097
0.24045805578265048,0.08836435271870925,0.02702556210856652,0.07107748188017182,-0.14108253745083446,-0.14793940884984003
-0.538854942699516,-0.7137952633573942,-1.0017275113872504,-0.652576053308089,-1.7266136301968356,0.0
-0.12272693441228671,-0.08513054693236725,-0.2672497667388514,-0.10202982388777175,-0.4097435956290438,-0.41072240359370377
0.1973441392230434,0.256294657198202,0.3172205276987479,0.2683590319142743,0.3272282383346279,0.399533840706219
0.801822710113366,-0.13651428232491342,-0.394236367032682,-0.10439740338383506,-0.027199377225316283,-0.09942139485999776
1.8058773905254897,1.8926674317737235,1.7375439627628038,2.467390941965358,2.4958823364368863,2.4646167504901038
0.9551735538706209,0.846303068863733,0.6621925249232558,0.952217233754115,1.0081814095163575,1.0296092427749302
-1.0062963199297126,-0.556294034328753,-0.45538863238685634,-0.5053474582456301,-0.41881618015179123,-0.504759684112952
0.5415463739180106,0.35522283546380407,0.47255253811768066,0.3355705754913961,0.3830924843677941,0.34812003122790625
0.3998609992451105,0.49889715566165893,0.45562531846625703,0.548179146557547,0.6041791585811936,0.4926113570899899
-0.018132622470148362,-0.15865373893494597,-0.32445685964569865,-0.18370996340992082,-0.11360472918625548,-0.3434623279677452
-1.9355965934153025,-1.690848216698758,-1.610973426165273,-1.896374341582341,0.0,0.0
-0.09062274075207227,0.021789175865815767,0.08274716265366071,0.05053569704285712,0.037223624771490174,0.11369652311468868
0.1824182680622017,-0.009478367767855787,-0.3901815548055411,0.02032583739542477,-1.6861418145257354,0.0
-0.00402541153813642,0.18763736084770005,0.2836406306116069,0.217713958121673,0.2865553171237724,0.3698644436300515
1.321705517857431,1.1571571941246144,1.1532428583093997,1.0946988279873042,1.1200652543915988,1.2568214045555937
-0.5891775423704425,-0.7610912023379722,-1.0363091048685336,-0.6968696586888475,0.0,0.0
0.06960590503627272,0.14945527396637734,0.2522019016028014,0.160620339766321,0.2310392536266836,0.2525430721257112
1.6292631189213438,1.20728934316482,1.2107816976919292,1.1625009152185979,1.208345989849267,1.3559721992558067
-0.2221466262219522,-0.15696345634711414,-0.10296142618918565,-0.1244953208563841,-0.12626746505821732,-0.08305118309962932
1.6613043880382727,1.5517433599222474,1.516018422338388,1.8599009210141253,1.9001911225785169,2.0368455988449714
0.217039754451774,0.2804729025246651,0.32775271472404277,0.24308723512841343,0.3118961798044392,0.34812003122790625
-0.08127338974973351,-0.3143010811366935,-0.3298772902183642,-0.3477827703645117,-0.3059362353681602,-0.31766481926346707
0.950557124441587,1.03947257548747,1.0478377961255327,1.1938076504443147,1.2455520083266407,1.3557261406754124
1.5356551556815912,1.5657477719492834,1.4726770788248575,1.9274333048237098,1.9480007019335996,1.9640303504673875
-1.5631307449340779,-1.5355995440662702,-1.3652060229509708,-1.7702963771772813,-1.6490591339590215,-1.667866477817598
0.1516102399693315,0.2522481809956361,0.3264484079239028,0.28382038297952483,0.35017208274516365,0.3947601242884422
-0.15932886366114268,-0.18580159368573992,-0.2139148997630078,-0.158109908616917,-0.34333203790011013,-0.32064253254079
0.6223260326879263,0.6626719022330865,0.6413392841041483,0.7078062016724492,0.656744590741185,0.689492605273221
0.04984944711267555,-0.141969870865326,-0.5124717552113982,-0.10995795713551387,-0.4782832601880298,0.0
-0.9592995106752097,-0.8089229830731328,-0.7568365191813298,-0.7595772313049115,-0.6667341725753932,-0.6855647172050265
-1.1647681462424329,-1.1482025381656455,-1.1783391247992054,-1.150756678332206,-1.1229131287044756,-1.198766196836922
-0.07302116571876763,-0.34998426168828484,-0.24032509132011665,-0.4884158134536949,-0.42340827864514524,-0.41072240359370377
-0.561631079228906,-0.45496732755955754,-0.6873879673505046,-0.41184594101642474,-0.34868924121457995,-0.43920198696395574
0.5921650983561207,0.6540462349019954,0.6577842950559806,0.7193105328347864,0.6913102647150824,0.7753867197861741
-0.7983121784320915,-0.9451130255720889,-1.174654252004724,-0.8771642714176724,-1.3477074181269333,0.0
0.5336449289870349,0.6281861174503828,0.6590852321907001,0.6936017383985364,0.7543362816368955,0.7315820617310494
-0.5481476423246717,-0.3871190407532051,0.1123243571170583,-0.3573780253130871,-0.2791209831266699,-0.25967346000465824
0.342644814854069,0.42433146387427473,0.4939207787011978,0.4679450791826586,0.5330624366076934,0.6265695076772058
0.16993459627712576,-0.15248010369555495,-0.16597498788795292,-0.24440732103724686,-0.3446665901736047,-0.30881970852691776
-0.18987059648953447,-0.138690314202135,-0.03744484060891648,-0.11880035801023625,-0.041279819016936274,-0.04772690713333433
-0.6068243262817924,-0.7534615191464833,-1.0333540836501314,-0.6903217852549174,-1.2555418553378956,-1.5372938609601992
0.37833545983690803,0.5184568559125201,0.42245355628310727,0.5712633982356075,0.5107583921688832,0.5628898236867639
-1.049684752650315,-1.3235237023147575,-1.1673466992745405,-1.4692397494137333,-1.3570417209891446,-1.3903050200552647
-0.23710007040693945,-0.24751269609207896,-0.33535055149867865,-0.21518576955031915,-0.4311466895693954,-0.3835575168967808
-0.6974277198132132,-0.6658691984208348,-0.7237856928428922,-0.6096590408043597,-0.5205759264903659,-0.5427151454493494
-0.6132283736469357,-0.961736009233451,-0.8121205481468362,-0.8926547057581087,-0.7963809225397129,-0.7667902160643821
-0.619702760190421,-0.4634226007576319,-0.4928107268341877,-0.4280047323933282,-0.37064100638380904,-0.40038838976770386
0.469246647645312,0.5460939510467123,0.03681207568046149,0.6017203486225787,0.14267362126094493,0.14397003107135561
0.32222276691041035,0.4264868464804731,0.4446832390554528,0.47081467273721017,0.5358749796225095,0.5193825962920029
0.42790011739314626,0.7567327215993014,0.5028970314888056,0.8426163845755382,0.7992823748475956,0.025965368540061293
-0.9797396663820026,-0.8006944942562984,-0.6740835757890751,-0.7426223014784848,-0.650210004293144,-0.6245660362267262
0.5389770771726767,0.36847468085000534,0.4179255126700908,0.3425801441377207,0.41022348347720555,0.5036921374099638
-1.5227115964995455,-1.469305538873265,-1.2998237837093118,-1.6427250509532685,-1.525381516778117,-1.5372938609601992
-0.4811613544289974,-0.6104477774864852,-0.6740835757890751,-0.5611060987529801,-0.6164216642336379,-0.6717329940261477
-0.730338154063662,-0.6671883952111177,-0.5485656075116085,-0.652576053308089,-0.5624277986978136,-0.5537168916401449
-0.7735522765700291,-0.9249212214878174,-1.16012060989754,-0.8561998931044535,0.0,0.0
-0.8571625072867408,-0.8919911974931062,-1.1183828384681174,-0.824815342342769,-1.1653638653824212,-1.1636962034648863
0.2881081580810588,0.22447290502447137,0.2674336153271854,0.22473491518548083,0.2474843842879139,0.31868107470234874
0.7769565854060713,0.8796731991547996,0.6180804105558433,0.9926593553792623,0.8578852403726667,0.77456448643455
1.0609835686112528,0.9071368084748772,0.8790539611065408,0.834877423585073,0.8410103582607829,0.9430186514861671
-0.005699618302461564,0.08982193297583325,0.030775334751279134,0.11301828485211152,0.18546005633240428,0.2411397585970228
0.09804058215158001,0.15981367838370983,0.22637960239217625,0.18981094546753258,0.26062233652238015,0.2945871420862144
-0.16208875839262332,-0.2947370414043466,-0.42238916531294884,-0.26059980503819674,-0.2839037206685858,-0.36880892118862485
0.5130657234301114,0.6429578415902288,0.6729052044016504,0.7111448123756535,0.708056913307533,0.8222648234297731
-0.13052287630888815,-0.04396329126137948,0.009812106656060096,-0.01416023087940623,0.05162521718688783,0.09572935662399087
0.0721635384742465,0.1288147441079958,0.26625558697544965,0.14760912187820974,0.21879842480762937,0.12829157389214504
-0.0446066787096434,0.24871665871652338,0.2932294531062709,0.2821207706374403,0.351005980914429,0.3713551079373788
0.4757222528853522,0.5568710078825454,0.5932930237431708,0.6126005506539836,0.6657492230016949,0.6750846197377807
-0.18774399073500814,-0.08761800025306435,-0.04171391896354372,-0.06535125187990244,0.01097713008839873,0.020002081933234692
0.45255555876311204,0.3996123879123157,0.34035560403335446,0.41332752628942626,0.4795372792860517,0.4169041208283442
0.5958339048788197,0.3031226650245798,0.3902906909868721,0.08051433701320744,0.14500172622793306,0.2282985213280544
-0.006818546362944223,0.17530643396976553,0.20751579902407086,0.1986026875486173,0.2668502255109311,0.296258372286418
-0.2455800076832823,-0.17641597774469572,-0.10900301770997149,-0.14528397565397422,-0.14296109221547332,-0.10567381330424347
1.781630484881693,1.6470373489647363,1.5627180618239551,1.9542343105033877,1.9650387666742746,2.043832308457534
-0.0728636488037672,-0.004288616772520672,0.021350173233157018,0.02482436814471839,0.07749049512280826,-0.0382607207146146
-0.6932663931202417,-0.641324438081537,-0.5341179813619642,-0.6405414185448873,-0.5506927490806987,-0.5740665363602528
0.3790993599799206,0.5681739329364726,0.46730227512402933,0.6273409873925919,0.6303152060613146,0.6564778821664774
0.5358774661655347,0.5960286780287287,0.5729370613541989,0.658290654218516,0.5405355236369366,0.6350090258775296
-2.368060275174419,-1.8348724036320503,-1.662072985679459,-2.7057240127526496,-2.552851226001163,-2.6205955972785993
-1.8713145329892245,-1.6034186883189006,-1.6397128450201497,-1.828974178451547,-2.1123569015731274,-2.475780551076764
-0.03805508691626541,-0.31948101151693387,-0.29044792888740617,-0.32217868587329956,-0.29849707521985597,-0.4194748644596301
-0.010188819839840933,0.3058268073140897,0.26655035445820247,0.34180504870044437,0.4094642109344627,0.5012454602087225
-1.510372439369569,-1.5712935996136659,-1.4004665099022944,-1.828974178451547,-1.7059139894899367,-1.7278759064862808
1.4105890308483517,1.2921804803509875,1.17051513567245,1.3583809353931846,1.3363347737618245,1.430746005713739
-0.7025537207598452,-0.4974792914783164,-0.46222260151972033,-0.45312306662867435,-0.3678498694894693,-0.4194748644596301
1.791626716147585,1.6615758333239612,1.4098792277142316,2.0476015714118367,2.0571988271677495,1.980343066171387
0.09827248528128386,-0.026682122949363674,0.01175278123473241,0.0026606450776724276,0.07749049512280826,0.0242673346417058
-1.1401553292175315,-0.8588818310297364,-0.8018732531858095,-0.7925271935658275,-0.698842925557312,-0.8356695817663463
0.8798572607178116,0.39610336191976087,0.35904139759938364,0.3156902498322925,0.1638774865428558,0.2264431149969989
0.7511876677182685,0.7052125597193021,0.6209114372933717,0.7789265209256315,0.7706754163708954,0.7643431880674032
-1.4270759952972607,-1.380520105094874,-0.9689427583350082,-1.3569351499818032,-1.2479783515586382,-1.3030415438059217
2.8933105153481335,2.3376369419167466,2.1845047154917236,2.9161287933926605,2.943873793120383,3.2047085372049526
1.647453773679831,1.6792319996795342,1.5696748206540587,2.1049856325032805,2.1425275583103405,2.075882707636083
1.5999607385163932,1.4692872065485503,1.2793570009955133,1.7617824531886244,1.5993692741289072,1.6167769422662872
-2.029865393542038,-1.6545591989816821,-1.5970376625312024,-1.8085656613080927,-2.552851226001163,0.0
1.8716060108703734,1.6648216063286452,1.567834492100269,1.9809802598146833,1.8994215250850452,2.040346431608398
0.18963720855881058,-0.12682278792806406,-0.11695975366255901,-0.15552278356393506,-0.15244559022496124,-0.40381295944928736
0.28274757905122294,0.3767002547380898,0.4038588421897604,0.41748227625427514,0.4832702105670009,0.42838915889621515
-0.4508045467447048,-0.7238397926482951,-0.5579492014949086,-0.774538879954062,-0.799450969579667,-0.8105726012929928
0.3497245801660906,0.1432115737262453,-0.031104867865280595,0.1733683231415869,0.10725888716916926,-0.15698088005636357
0.8017602075411784,0.5624780233872257,0.6011635781696175,0.4714506629108225,0.5289781330580877,0.5493301437502519
3.21037572794714,2.644093087814213,2.412767999075877,3.6718484601182584,3.660411069075798,3.9566319964464753
-0.4967891829052939,-0.5106339027948171,-0.4714626963546521,-0.5116309236823875,-0.4421640554671313,-0.5672028891954585
-0.47033974739608536,-0.24685551726201543,-0.20732374658819233,-0.21328766703741192,-0.13362811056043244,-0.2205213974988851
0.2892558745661422,0.17530643396976553,0.0059091640167335206,0.19128474150048938,0.23456430802966405,0.16746957653125424
-1.038953962315416,-0.8733850546101485,-0.734602866785287,-0.8192991859161475,-0.7276076864411171,-0.7383832496783184
0.1712567319779798,-0.020446008041228144,-0.4003733535312293,0.009262434650804823,-0.5260983388035873,0.0
-0.43427061550933427,-0.7797899269612163,-0.6282016097878205,-0.9385716310783496,-0.8410934339842402,-0.814088606761694
0.17962402329740912,0.13185923500805985,0.12416511608258517,0.06690343336153405,-0.02104686328280542,-0.04108549918757527
-0.26051036518203724,0.01475819993411824,0.04868061735797939,0.011883486870264226,0.018900907105566,-0.03920089122539846
-0.4351604338309885,-0.3997467374789288,-0.43100473377689547,-0.3598016512310801,-0.2779315247020533,-0.25030841418524397
-0.4818042210881092,-0.6606203316161661,0.0,-0.6021967764911013,0.0,0.0
0.2701720925420103,0.6098225589814292,0.4426293318325382,0.674421115859972,0.7227515615752617,0.26023164777691565
-1.6591621817036337,-1.3198895149467804,-1.1673466992745405,-1.2918529401765948,-1.1913769084129662,-1.2210126928618792
-0.08431905188458312,-0.00558158658840484,0.06642890492573841,0.02225779063178317,0.046179482297892045,0.102526631663873
-1.1769406532097426,-1.0305241048558091,-0.91539692209031,-0.9703237787847157,-0.8720064389565023,-0.9585853283994274
0.34811028333084243,0.37303608942849975,0.3812642013432697,0.3849309994502958,0.44850633397969786,0.46688311654572073
-0.06504350791399031,0.0802786999984136,0.1635817853851933,0.0903868190248485,0.1542264056042733,0.22333891025889852
-1.4104663251080833,-1.1976368436389562,-1.1083576336482182,-1.1456460327423266,-1.0426016467213224,-1.0539988755541083
-0.022147187878256924,-0.24554337261449188,-0.031104867865280595,-0.4026240017648807,-0.3185550663320007,-0.262376129237424
-1.1557938622761241,-1.1482025381656455,-1.1251542073760175,-1.0879662491190076,-1.1781976471260833,-1.191559228744301
0.3153191494003891,0.24130774347897702,0.2509874349237612,0.2739854617509678,0.27958915085170216,0.25313773871954176
0.004408492368010501,-0.23967492458247378,-0.07772975839917177,-0.3267516159334192,-0.34868924121457995,-0.3296658716644377
-0.8819115720292133,-0.6400592196609037,-0.5688608472454223,-0.5821712575150844,-0.49376566698309615,-0.5109151753935867
-0.6877629660163225,-0.5508053764267897,-0.5485656075116085,-0.4929840674186715,-0.4749007843757128,-0.47492464155663056
-0.0029120512720858423,0.08433620654564714,0.15188714528314773,0.11357370815042546,0.13208579001135135,0.20822784283826137
-0.6988213369114034,-0.6685104068601196,-0.7273698930394255,-0.650552192505894,-0.6364396266801627,-0.6662938861139006
-0.24174844575131266,-0.5240801806582825,-0.4014026545072705,-0.6172217101163425,-0.59711811936598,-0.5856917731463337
0.25320351393548773,0.3455191879932063,0.4161893413773075,0.3834781188639511,0.44564180668748093,0.5113818337287694
0.08048522447764722,-0.13760126933957684,-0.0969869171181851,-0.19096851481885077,-0.1858990549456057,-0.2774616807144928
1.504588263226538,1.2281892158848118,1.1974530832073038,1.3057901429270655,1.3381651351575676,1.4369602720347614
-2.212773539471486,-1.7906663286054465,-1.618047690258741,-2.249080537375907,-2.1123569015731274,-2.1565822149837635
0.5974973744794325,0.502631506750412,0.22092319955875592,0.5540958691175331,0.03861016516487584,0.102526631663873
1.7451346595974644,1.5755943762353328,1.3898181461395096,1.9350533469300022,1.7911781205340904,1.963578766584151
-1.124904284619541,-1.0423358379453145,-0.932740430131334,-1.0158558999446463,-0.9163262285534005,-0.9316729629957287
-1.1192812665370533,-0.9680819528237921,-0.8374376508056182,-0.898978115002634,-0.8025391015944501,-0.8176271849444128
-0.6583748958105087,-0.7223949224955626,-0.6206372509450437,-0.7238639784498591,-0.6319266066103375,-0.622057163913097
0.45122184527989084,0.2621753945727449,-0.13323395351651454,0.2960096857209144,-1.3570417209891446,0.0
-0.4981105947903675,-0.42939754057427887,-0.3742460143495104,-0.3858767169734182,-0.4374156359182523,-0.3902323997439005
-0.29811074691476785,-0.24948867773229016,-0.3645092906099939,-0.21328766703741192,-0.34200062535742703,-0.310284834102176
-0.03642907273127939,0.05645363813101811,0.029372310165229773,0.07992870449678192,0.03791729497671414,0.017428969257542594
-0.31642561657502083,-0.5168028872785947,0.002470206772206927,-0.4929840674186715,-0.4698654841624956,-0.44839309244288333
0.4087358408867983,0.3594549734881537,0.4420114476168976,0.18635867750896848,0.25724281540609584,0.33618805125497825
-0.5769431260346046,-0.367455302480555,-0.2544161017950389,-0.3336785082452842,-0.2512344372034625,-0.23717691154280396
0.8962823511199761,0.6886462101859926,0.4661276924226544,0.7620354813320488,0.5503671905882833,0.3218990616692524
1.7030646314532338,1.562548919087927,1.4826912660548102,1.806568689096762,1.8091705998012821,1.925543948952667
-0.043559250364173324,-0.24358066443924817,-0.5050204836974976,-0.22767285019605019,-0.31221065575299667,-0.3969835975592878
0.9900489043809869,0.6143393047026698,0.6802825080717909,0.38456808368653866,0.45135806327727523,0.5546356128670266
0.19918168978796524,0.27244596491435685,0.31775250188753573,0.30674469865081355,0.29253033493590236,0.3772843882096327
-0.12496807484370542,0.011837347272145225,-0.20514416284701673,0.03687222609722559,-0.32239599313650313,-0.47298900141889566
-0.7548662280092009,-0.6250756004854696,-0.5124717552113982,-0.5821712575150844,-0.49376566698309615,-0.45961647897427027
1.0878978631251508,1.1378469005690295,1.145827924930769,1.2601837179881459,1.3108077967019824,1.197639787466706
0.39925966013442277,0.2830370095444831,0.09979648576790795,0.2565127590072288,0.002947002235427448,-0.18972239566970306
0.7813631630614681,0.8790307580500519,0.892823627885333,0.9841871115156098,0.9546625498887208,1.0703793088045777
0.39239722079277944,0.5741024916819473,0.6268008476214924,0.6338451141591962,0.6895873794589185,0.7878746646881939
-0.3360931186351503,-0.1452682198217379,0.017532216999878045,-0.11880035801023625,-0.04207193987745515,-0.017927591327057252
1.0692500291272056,0.8567558832210707,0.8348486352205875,0.761829409358547,0.7804193015358494,0.8513729569915047
-1.6206603523106824,-1.2380913030689786,-0.10056365196764089,-1.1991992191677656,-1.094678859788796,-1.1308479220589616
0.09221124956311041,0.09812966974309527,0.04596553600926266,0.12184647724515428,0.19409951533254666,0.13332200878235836
0.3056315323878191,0.4083858515596629,0.4879660656286275,0.4481579717374917,0.5136696502295716,0.6131925507830374
0.9351511733379199,0.7582733231077486,0.774880478558341,0.7841330790468013,0.8431674161567485,0.933667526777841
0.9212061420587839,0.7613403648716194,-0.3722852176128903,0.8302293368641145,-0.5565287722138426,-0.5129816235570953
0.6670374087999303,0.6284513124962171,0.6368620451062342,0.6926897352576585,0.7375863407315418,0.6262297547917371
-0.17307652271793575,0.013925216806425183,-0.07373235901750916,-0.02517222025160531,-0.09771540859200782,-0.11944219583866947
-0.5074451701189912,-0.6128617255240527,-0.5212875406555162,-0.5611060987529801,-0.47321726168925476,-0.5109151753935867
-0.17044993884773418,-0.13434645212413918,-0.10416433237031349,-0.10360718339044803,-0.18286861933124582,-0.13572117282146118
1.0257732399842812,1.0674643923064302,0.9962114247604736,1.1902338576338607,1.2419289452684499,0.9782184742573935
-0.4974495149368632,-0.1262891346138601,-0.035323094592667255,-0.5227962873703289,-0.43584177899298043,-0.38688553191187475
0.8085599414435327,0.743389809094329,0.6026337790051539,0.8210271313956873,0.6621621490188608,0.6832651955358389
-0.4928428030504206,-0.42939754057427887,-0.3645092906099939,-0.3884220251822477,-0.4264907832343034,-0.37531852047553504
-0.8224217032733081,-0.7893520504292754,-0.5099773486195358,-0.7261741639537043,-0.6387103811757667,-0.8936609085814988
-0.4205053422143282,-0.14914032191436297,-0.1269165170358773,-0.12042202957065878,-0.042865119442396286,-0.2543042108469805
-0.41963769876987883,-0.5188732300166649,-0.5124717552113982,-0.4823809319091134,-0.3964045092891451,-0.5297843710975667
-0.5724200835129065,-0.4895239352610277,-0.5112232117013004,-0.4404272332015649,-0.49376566698309615,-0.46531007345502184
-0.6028568583329912,-0.46912610569003815,-0.4386513016759773,-0.43074229453951624,-0.34734517612967625,-0.37205477630287537
-0.5459900577799603,-0.34998426168828484,-0.32445685964569865,-0.35136256773599295,-0.35955841283469114,-0.33729107276672543
-1.517393961686123,-1.525730067287174,-1.3554635005914022,-1.7349709566944869,-1.6148213934923392,-1.631724460248939
-1.6482329835505212,-1.4088510503730742,-1.3411112520531245,-1.422957110641262,-1.3665638361368453,-1.3695577067823497
0.738992036447348,0.8229105752928796,0.9315507220560074,0.9182244235891066,0.9457992854136276,0.7011722232011314
0.212723632605276,0.27789656816654,0.3408632218279442,0.29974598318312173,0.33752908763177125,0.4094482941505236
0.5268379385250914,0.45280419885545775,-0.7437677190669109,0.49731666132653696,-0.1950865174749693,-1.796767063828776
-0.5467083706074923,-0.502505014247972,-0.04655795853237402,-0.47344605289543623,-0.38768481400730537,-0.3704296254456174
-0.37702753473102724,-0.32395741009499657,-0.4784913384616845,-0.2954635361236737,-0.34200062535742703,-0.6772250301207453
-0.4625090242995117,-0.40145079701885533,-0.6374081949086803,-0.3598016512310801,-0.4437559006452585,-0.6347137278953531
-0.5084542086915864,-1.1681126638604462,-1.0045381667780036,-1.2986795997301064,-1.1913769084129662,-1.1844515037061771
0.192674344442818,0.24296292267273187,0.3113307487071834,0.27527687447739196,0.3101198009119902,0.3772843882096327
-0.8731332327413692,-0.9150587860277338,-0.8593631579359037,-0.8833070093300498,-0.8900124793140781,-0.9273152336370668
-0.3181199243085929,-0.508591438322872,-0.6642962207598282,-0.4960499502249027,-0.5584880439350134,-0.6296172322120251
0.38524060331053744,0.48892208403892734,0.47080883980783017,0.5387736361306082,0.49566942511656126,0.5758181810692041
0.03536978857238389,-0.05893558773898367,-0.06470609355973056,-0.05505636397271808,-0.402293835049646,-0.46913689867770025
0.37631635008593534,0.4437986822707955,0.48964836099151465,0.48684344888757347,0.5479232396382645,0.3981053282401596
0.8026969573567379,0.8615256109626852,0.7284926444990623,0.9705983874341535,0.9066579268782355,0.8090759589416008
0.7883690559692792,0.7807318700183123,0.2552252574295339,0.8614144413776444,0.39057227292120583,0.4830259792176843
-1.3885014136765395,-1.3020069135114736,-1.1857721892550557,-1.3126184853182046,-1.211837906407535,-1.2603787402413504
0.3593825978991308,0.6661308556055766,0.6627083680774307,0.7381331562367299,0.7976083826478063,0.7505721499364939
1.7099618623213209,1.2969169794884547,1.316376652881343,1.2903501018548842,1.333725696834578,1.4425758195813527
-0.7025537207598452,-0.8624767545501127,-1.1150236976225565,-0.7951459885950929,0.0,0.0
0.43495345760283,0.5033076174318231,0.5259206984854502,0.5510032034236308,0.6144830707745158,0.5081547566833409
-0.6176718673756799,-0.4587105767614634,-0.3654754536219649,-0.4239225405542269,-0.3446665901736047,-0.319151819670674
1.7483072962049484,1.5670134996695417,1.5265684959033428,1.611278148179459,1.6509914896809277,1.8265803174436481
-0.2824087015142783,0.1546588262148933,0.1014301589732418,0.18189217330775004,0.2528705065463778,0.18948401638804752
1.5070088266027193,1.3596339547881662,1.299312679823067,1.3648409398175545,1.4011441154018722,1.3919998667192754
1.2154224440829187,0.8709284135843532,0.5929934018387956,0.9365488396823816,0.8051086517441711,0.29570176985452945
1.5905449424288496,1.3439070564775266,1.3160453180037377,1.3549063225801792,1.4039604224837796,1.519621724756902
-0.13017409803757174,-0.09615729128874634,-0.19937392826470307,-0.06832482471812386,0.0,-0.017927591327057252
-0.053209267669553986,0.023430819087997348,0.09774710961279183,0.03624394214819142,0.10664050212474523,0.15444380528774798
-0.1574963686747079,-0.083643260735239,-0.30328464349622525,-0.06683622651112318,-0.06222693977306093,-0.5234259890142406
0.8552532171672288,0.7478072392668742,0.44324642437909806,0.8261129323774509,0.7104491728470849,0.47031405651938135
0.7266854682888225,0.5923437667585152,0.6379514330007161,0.4240070327369619,0.45596513367403935,0.5553901593165108
0.08880194388740721,-0.10328669340592608,-0.4761389253617365,-0.07206229523738718,-1.2632258013140134,0.0
2.2855289616234717,2.3228693582553404,2.1159108047725557,3.281485622156138,3.300239431944422,3.1816934181883454
0.12850074601590264,0.4470057897532681,0.49797189030877526,0.4930242871138589,0.5576441998754416,0.5885053570986007
0.14823136508920612,0.07953778499248439,0.051830478874625406,0.09555085095301927,0.10478155814233735,0.012250909768535462
-0.629135989621384,-0.8342715696806038,-0.8571351255317115,-0.8275945717313893,-0.9820884512733179,-1.0651156476008148
0.462572993710528,0.3068067728338298,0.059401918764292766,0.3300655841345427,0.18164175291061918,0.020002081933234692
-0.37649080786875055,-0.38214189329393483,-0.37917791874640183,-0.3646792834237216,-0.3833752045061278,-0.33575820403950324
0.5004258136285281,0.6031808978085024,0.6255451248043453,0.666641239288994,0.6515431658887925,0.7539698959303774
-0.3099368233172605,-0.5045270378269349,-0.9277356926036677,-0.5325438842245483,-1.1717387582106908,-1.1636962034648863
1.2469024070570025,0.6995969296128138,0.7570213513133978,0.5027947190863665,0.5672215418085672,0.6779273519312912
-0.23102993627131155,-0.37068780336236135,-0.4633695341681211,-0.33834230579404534,-0.2935910374387439,-0.3769571656851821
0.9347165503731756,1.0422897018898338,1.0429888679540686,1.19034580712969,1.195535921043448,1.321874662717578
0.22335851761676245,0.3796989755755303,0.1906694891396954,0.4185168447775625,0.3233213965878826,0.32722757342060493
0.21675930123411274,0.0034075577580664563,-0.6890720179191023,0.030560503990806426,-0.043659360675419444,-0.31766481926346707
0.1883585601002843,-0.0025692543394667043,-0.4076178612577393,0.02161447722398646,0.06964939266524023,-0.5297843710975667
0.5886114743081509,0.482984885231139,0.5168449526850463,0.40070207683026565,0.446000576598589,0.5057242663971355
1.2025396786647164,1.2592695907594544,1.198419883874224,1.4811876402482942,1.4211475299004617,1.56216176726657
0.36788031150426176,0.18855109782168694,-0.16597498788795292,0.2172431242854865,-0.14673642222292993,-0.09220603081879193
0.18707693102524023,0.14945527396637734,0.04551164786959746,0.15648593060801788,0.2280017032989368,0.26841132291927605
-0.4719186087624869,-0.2614868417133639,-0.13706012290510958,-0.2247679191479551,-0.1448457067973549,-0.0850739181374068
-0.3549038348725253,-0.9015017461114397,-0.903298109432477,-0.9850695065985479,-1.1114258016210168,-1.0999457686829475
0.03276735856052864,-0.0906173168454513,-0.33718688158303695,-0.05944722378704664,-0.7303015204177632,-0.70262421728614
-1.0062963199297126,-0.8257086846980168,-0.7149174360889529,-0.7899209009534545,-0.7013946316215379,-0.7765910560222535
0.22345089931350084,0.18946331364571026,0.08611820570454601,0.20918506171423376,0.2711255787601351,0.3335652685489242
-1.6022450210403418,-1.434108809562387,-1.3363950346374978,-1.4409472832327517,-1.3295723683267267,-1.4010120476166172
-0.8328091773753221,-0.8770630894917444,-0.7382521336840794,-0.8165619620009443,-0.8827345983663599,-0.9273152336370668
0.003447104839960684,-0.28835754071798547,-0.36644327091260875,-0.26678778104899586,-0.4280384405410597,-0.7262079480243752
0.7677631230616341,0.9206792799522667,0.9275177169974743,1.0435246208682711,1.0792535276789075,1.1930616282504942
0.19821532419311147,0.12779617699788107,0.303731921282613,0.14391724661330632,0.2156999286300704,0.26724906852745844
-0.1698886773283962,0.2656206114203774,0.32277791094412717,-0.030753187761663258,0.04206258305689393,0.08578090693611354
0.7570781307635683,0.827035912890936,0.7840428816485449,0.9272035005484114,0.9650510021662742,1.035521794039776
-0.5445560676665667,-0.5106339027948171,-0.7917951516074566,-0.46903023447843123,-0.5703936677623554,-0.5649331265605536
-1.4104663251080833,-1.284587407697079,-1.1389143272396518,-1.2784719690667037,-1.1781976471260833,-1.1844515037061771
0.04143808509103452,0.15788626038919912,0.15077693513061874,0.1883337084880879,0.14616245796922223,0.2258234633024302
-1.1401553292175315,-1.234890685885462,-1.3178575834118231,-1.2048763743220825,-2.0182874029480082,-2.057406065052696
0.7669283669825128,0.827035912890936,0.7687002243041549,0.9270412719125114,0.9014685479346856,0.7156490600031233
-0.5792177698974685,-0.6250756004854696,-0.6131683848710562,-0.6096590408043597,-0.5929201873559112,-0.6072317436540398
-0.5481476423246717,-0.7223949224955626,-1.0073613903561878,-0.6607456958108814,-1.1717387582106908,0.0
1.35994012268171,1.4032079703389793,1.3285764330682852,1.6903963777180788,1.7181848248035234,1.4672922344768433
-1.8713145329892245,-1.642867600396952,-1.471291437378728,-1.9757379815171328,-1.848028154014146,-1.8778327886084845
-0.39696711725905076,-0.2614868417133639,-0.13770045450845275,-0.23844714914816706,-0.15821118417870822,-0.10149850485798971
-1.1027145805143672,-1.1946245591191034,-1.3458610955649846,-1.1355744552186633,0.0,0.0
-0.2902059855382776,-0.2056531462442936,-0.11204941855206027,-0.1756477427642561,-0.10826040326666798,-0.0592797741135052
0.36766771518179303,0.14420213225422354,0.18688700255456772,0.1652393550677625,0.13089793310723466,-0.08812047281522419
0.9585511162942705,0.8288188609701923,0.698399475543564,0.8045727447586428,0.79445833207209,0.6062297004426247
0.1419468029095787,0.16998072393475339,0.15959186593514807,0.20053994312664072,0.08330526970984332,0.16064688215757186
0.8705282352828468,0.3875437222437286,0.4619938359312128,0.2403678784739829,0.3101198009119902,0.3658728234754311
-0.911025569340277,-0.7782102727663477,-0.7382521336840794,-0.7147186905886304,-0.6230122317172564,-0.6609066500171336
0.8054350501627113,0.8074523483438016,0.6342643976626352,0.8900579617277475,0.9052303252856914,0.7168419158724638
-0.7804463311191998,-0.6567126826479834,-0.5552527739113196,-0.6172217101163425,-0.5298110361279936,-0.5383726033778737
-0.009485003576525135,-0.08662171814665058,0.2810711916518696,-0.05871321849312081,-0.11629525010749638,-0.16847383944300287
-0.4843828001199225,-0.2521337519122177,-0.21686987452715986,-0.21613708881921276,-0.13641239676355962,-0.12915776835863704
-1.9561810260455312,-1.6604788352454225,-1.4887428827960407,-1.947679472105201,-1.8208686367817963,-1.849179186926936
1.3648058443913058,1.2709386621104584,1.1271012633155655,1.4986801763566215,1.5323394196018905,1.4776295384947742
-0.20757538616853272,-0.15359767823438578,-0.07089524690229529,-0.12777381628816473,-0.08564710470689643,-0.017018905234533012
-0.03510219445511717,0.12915384997622328,0.2031893533690677,0.1590731142985311,0.19890639511902644,0.26783045488378077
-0.025756094710789098,-0.019118596693508412,0.03124217648329672,-0.04135644092590333,0.02388927158648901,0.05008585666642236
-2.3426703131441364,-1.8425128010547651,-1.669688217569494,-2.56298003920946,-2.4153081303010633,-2.475780551076764
-0.7372437421089366,-0.5651798559428436,-0.5302390685459359,-0.5179843366198874,-0.4327073317112323,-0.4926412642571161
-1.0919134402675341,-0.9092134138706437,-0.7878101076393178,-0.8474584930211104,-0.7551828937533885,-0.7798968544008988
-1.3440649525324109,-1.1398500851775222,-0.9851216824673878,-1.0744958737185923,-0.973389101486252,-0.9725636006377381
0.14621532421044592,0.20415162888714442,0.09692508029934876,0.22240320373488928,0.29253033493590236,0.3165269505677779
-0.7362523129512591,-0.7719310476344275,-1.149430503599753,-0.707957675967997,-0.8827345983663599,-1.5981376691973628
0.03250644611316799,0.09597437702069882,0.11152521696436282,0.12567003873653243,0.06833258609893728,0.07253151596738504
1.1892866938813282,0.8492147193045679,0.8728902991289883,0.8202704746531393,0.8769612565882234,0.963254243329357
-0.010047985755224047,-0.14361668342057293,-0.30588777809414286,-0.16419013492628182,-0.27674453502814184,-0.2830425534674635
0.1532919480693934,0.21498707246234164,0.2949025734428077,0.23029638437311029,0.27159880897154076,0.3588289154566804
-0.2720255172325983,-0.4596500369540148,-0.7937974905116897,-0.41317541696749216,0.0,0.0
0.4326963858986339,0.4961643839513119,0.5200062803683567,0.5344539407388856,0.5411543990643901,0.615267647688331
0.1970534369473067,-0.40145079701885533,-0.26643890336464393,-0.5839626540217298,-0.4955130198699775,-0.44839309244288333
0.171459856013297,0.08690294365703992,0.03403452807128441,0.08051433701320744,0.0014753182196964047,0.06460633671424396
0.6929955360887712,0.8498120468857913,0.8680264569176301,0.9562746509686719,0.962427550696779,1.089142574142357
-0.4508045467447048,-0.2792632497944667,-0.17895226535200873,-0.253461183482723,-0.18488715073737474,-0.15018729758047045
-0.652754406119322,-0.42850417302924415,-0.41284951581668045,-0.6465263397237122,-0.5805175485592715,-0.8775845821729229
-0.6769069912682465,-0.6008856918245146,-0.5149769274152709,-0.552555190518611,-0.4782832601880298,-0.45961647897427027
0.5436439830306344,0.6283187321716399,0.6646376309844941,0.6954220685802471,0.7558991348233622,0.8555395892742121
0.7764318434841533,0.6326758231385993,0.4811769318924776,0.6876516389415562,0.6728652565258223,0.46127008994351687
1.5140175019558657,1.3139485814743423,1.0901834014511498,1.5221462371308359,1.395656202395276,1.2922026064398433
0.9906339081247482,1.0466264348968455,0.947722481742462,1.2025553991628994,1.1406916822547069,1.1202243134191627
-0.18774399073500814,-0.0921229010110003,-0.011514287857387706,-0.10045655317090017,-0.027972934198936424,-0.03078997285344623
0.021170146517684823,-0.1316481081040293,-0.15528157241926305,-0.1059809378502773,-0.08735608402235244,-0.5810133315173913
-0.3859562613993622,-0.6502542912359127,-0.5074936202358304,-0.7402422858601393,-0.647890342306661,-0.6170723599999158
0.4218440164345208,0.23992456674866597,0.015131832758761406,0.2569554488403265,0.14209020492664123,-0.07006201861552756
-0.013012969421717393,0.15433504006853194,0.24671349324669767,0.1848733460260844,0.24895797226568087,0.32881773530106273
0.7597276248409592,0.6083080896994789,0.5266116772147177,0.6701886636284435,0.6286950488065088,0.33723424336616936
0.713860534152421,0.6292460730697069,0.6055603093640124,0.6325992018770665,0.6616481096173793,0.5036921374099638
-0.3690285309879658,-0.3422098287024419,-0.29214252378098254,-0.3176410766245919,-0.24334979238753668,-0.35441856269753924
-1.8298130681636469,-1.614464573496948,-1.4431664966372622,-1.896374341582341,-1.7711949574411172,-1.796767063828776
0.5397491689411867,0.5787967530616294,0.6331662643209459,0.6095099177103183,0.6708399385410718,0.7673976177412222
-1.1769406532097426,-0.8882262894352221,-0.7740644207148792,-0.8220502636161809,-0.7276076864411171,-0.7700379758923273
-0.9535837305397306,-0.7444268342059237,-0.7009948166987217,-0.6838502700434047,-0.5929201873559112,-0.622057163913097
0.09150759333189248,-0.01779429481551694,0.34137031660060674,-0.006028815035921157,0.005147754932936028,-0.11730385286802177
-0.24281019281082886,-0.11415008612222333,-0.30415100864188327,-0.08494396132900274,-0.022579039184879236,-0.06513776700113436
-0.08287431662723417,-0.037991827391026356,-0.24654347751699504,-0.04493204525546689,-0.21073037869698805,-0.4089874272511034
-0.21582716314380146,-0.44570984343307096,-0.610207067359229,-0.41584355573423754,-0.7143397283299495,-0.8936609085814988
-0.15239667547854788,-0.031178942171069802,0.0789283752300258,-0.001334644559292449,0.07358266737225232,0.14397003107135561
0.03536978857238389,0.20680712545043448,-0.05858783610736662,0.2385485052822692,0.2786544158828848,-0.7667902160643821
-0.5572240244227442,-0.49448376203161526,-0.41601171039595064,-0.4488599760933453,-0.3664594671343697,-0.3769571656851821
0.36688747970916613,0.4833360036995068,0.4520055579928573,0.532428414074509,0.5642437822512442,0.424277325960421
-1.3025762877822036,-1.2709700916565263,-1.2282433373864912,-1.2590449514663589,-1.2870422019230527,-1.7278759064862808
-1.0883549245334705,-0.9309123483350824,-0.7779601585854131,-0.898978115002634,-0.8025391015944501,-0.7765910560222535
0.4174022570299969,0.4535477460482125,0.41684113523127686,0.5000613726213745,0.39096350747196007,0.4796596105853947
-1.650403963975916,-1.5506726617080526,-1.350645022793768,-1.686573191178918,-1.7059139894899367,-1.7278759064862808
-0.7955707000610499,-0.8789101005777695,-0.7818810225407595,-0.8138384469714725,-0.7196072294167336,-0.7603510947413941
-0.15094800946668316,-0.10328669340592608,-0.09639310152131639,-0.07206229523738718,-0.19200782687081952,-0.13682192410179397
-0.8049434031564082,-0.8938820115607926,-0.7437677190669109,-0.8895207073977766,-0.7933287403791071,-0.7733048436147918
-0.25614244863259683,-0.4447918863854406,-0.7799174306123955,-0.39871617426147193,-1.320757786030551,0.0
-0.4003116500467379,-0.47103932779071067,-0.394236367032682,-0.47938715021304246,-0.39348287070454846,-0.38024813381171624
0.9283727822185489,0.9923644079946696,0.8242612846111542,1.1297679412373212,1.0432420060983418,0.967442414050534
-2.249715881063888,-1.7978468076664587,-1.6251947193218304,-2.458813931406371,-2.3148483121005152,-2.369967530375328
0.24322706672305958,0.2530598944707448,0.3859140444061861,0.2525146778839627,0.3105643686478633,0.32722757342060493
0.6023195235840656,0.5241680865101814,0.48326165304508917,0.5769793158075314,0.6155873331664198,0.227680642828228
3.1146015857340568,2.52326067972589,2.296549874720933,3.558972864966214,3.498871181352746,3.499773760924515
0.024357008781425594,0.2527894582147015,0.23898976196263177,0.286361382151689,0.35515898140681673,0.2637498112020026
-0.5030926983317208,-0.49348853818994226,-0.7114064173630908,-0.443224469121683,-0.53167684396266,-0.5856917731463337
0.15245173493713038,0.2613772232834022,0.31186908847286554,0.29392453273098396,0.29935424246201137,0.3628632017838229
0.12915895055580331,0.03879156936053908,0.11152521696436282,0.06570568464257998,0.13916472690773038,0.20822784283826137
0.7768254494946565,0.8768562823877482,0.9047495294319859,0.989401449177705,1.0242842865994422,1.1519825605502905
-1.6725279473159886,-1.5111851278656887,-1.4946608375941284,-1.5424836518206664,-1.6861418145257354,-1.7726461047797346
1.7194643928547184,1.7269972833589664,1.6451800562324337,2.1748317250669493,2.170474066593948,2.361270466003398
1.308234139017439,1.0058527018104038,0.9651346197522773,1.1365558380095062,1.1550265203971637,0.7789385921048458
-0.6658062530110666,-0.4559009598119803,-0.37326476695530475,-0.41852404232945445,-0.3650724852090773,-0.338827898002199
-0.3732808764192224,-0.7444268342059237,-0.594180238891675,-0.8802268762481196,-0.7842772423850063,-0.7539856710738583
-1.400120418038314,-1.3495259868926155,-1.2779513734441448,-1.3197363562949052,-1.2188538570672804,-1.3695577067823497
-0.8060557813832357,-0.6969439470015139,-0.7878101076393178,-0.6465263397237122,-0.6432808005187276,-0.8211886412609473
0.18231871760455362,0.21931927886158462,0.23398354704305735,0.25117640005265407,0.1610547004343201,0.24596557555408632
-1.2348937171117638,-1.102214821506128,-0.958383871869434,-1.0613650116858517,-0.9606129387279994,-1.0016636609050233
-1.0963908246541454,-1.0352230896715746,-1.2443982444466943,-0.9667005827577705,-1.2049216899592665,-1.5981376691973628
-0.08367648979264682,-0.12150844348764195,-0.2552095579818341,-0.16331776005776694,-0.23667652122979016,-0.20185535809833863
-0.7332878904053964,-0.641324438081537,-0.4542574961859116,-0.5911856673636,-0.502558289897573,-0.4827321757242215
-0.21521930472277606,-0.4329843779701847,-0.2972574197301818,-0.542461416346762,-0.4550281777212797,-0.41072240359370377
-0.41017835162612476,-0.2792632497944667,-0.2117090487378701,-0.25244835518787734,-0.17585850355481703,-0.1813708958137844
-0.7709217555773914,-0.5596110828648195,-0.44751707403696633,-0.5100535627741255,-0.42340827864514524,-0.4159582354172803
0.319285878831441,0.21382598477731385,0.038195344373841075,0.22983478123257198,0.29980652920628276,0.09039187073993209
0.00810128629405271,-0.24751269609207896,-0.13962600324661362,-0.29655280830291497,-0.21497453722804644,-0.15131434167383245
0.3989252929286791,0.452618147657988,0.4937358158437996,0.4608773093198787,0.5042414120854718,0.4556096051134589
0.21026897939649375,0.18058098277054727,-0.022250979113437375,0.20631643189914167,-0.08309288946924401,-0.16155218179989164
0.3612506668493955,0.4719817594732118,0.531249555408671,0.5204386552485119,0.5816184179295535,0.6623063940209268
-0.1812207079662133,-0.10534008720043253,-0.7255751277059708,-0.06758007151385138,-0.13177925393138282,-0.25967346000465824
1.9699718516667613,1.3720000530148477,1.358728763583332,1.3186626246176374,1.3683134748280081,1.5284965104950552
0.4018606342295712,0.4814019304590395,0.5127745496423449,0.5186657053328867,0.553712634890508,0.6044778415432496
-0.3068385357895475,-0.23322287776218578,-0.1559437865637782,-0.19831609300038688,-0.12535385609000388,-0.11837209606739993
-0.8756283062490782,-0.9269120518982905,-0.9203031321181115,-0.898978115002634,-0.8755578220673379,-0.9678636363240474
-0.21198830100721083,-0.2313010969857961,-0.2220795968775759,-0.21423596396340705,-0.208619929551178,-0.3073581634834574
0.04169485018823634,0.3549991593409741,0.3699204923949448,0.3939386791698537,0.4605392242603321,0.2787794029612971
-0.2649118920569775,-0.11939640648726894,-0.017111092572255897,-0.08801497256112006,-0.03969874161729976,0.028503857073810417
-1.1045334030802294,-1.0867231899067409,-1.1389143272396518,-1.0443554556807941,-1.0426016467213224,-1.6494508442239206
-1.2171496795625403,-1.3419941046363804,-1.1183828384681174,-1.4142038223190847,-1.3036028782118172,-1.3798234779900296
-0.7077243510668727,-0.5293321398546345,-0.5099773486195358,-0.47938715021304246,-0.3993414412752809,-0.5276571266628787
0.19792508268754005,-0.010347984734645974,-0.06976460275468636,0.007289310009751675,0.058363839840253944,0.011383733509948648
-0.9745647569314028,-1.1652313701918622,-1.3087793557405814,-1.1935845662965963,-1.598633918724293,-1.6146354532965854
0.12287414011925703,0.43866455606404314,0.43390602395163325,0.48404304746532667,0.5476170960914664,0.4673129459040615
-0.5679316001208629,-0.5432033204588524,-0.5498969338705311,-0.49145726274645174,-0.5784776609116298,-0.5362135334952676
1.3247859097526682,1.2638231443213568,1.3124935146677061,1.4880099940626135,1.5017156777584264,0.8001436567260607
-0.2464349674039679,-0.43478587082159853,-0.7721258789664505,-0.3896988682610097,-1.3963406218930265,0.0
0.32260802017972035,0.32769059611919593,0.22027737193570815,0.36241333433515177,0.22290570853303676,0.24234957977539054
-0.1787461720835573,-0.2351510116275341,-1.5127289658277607,-0.20575500916258513,-1.9417397902259237,-1.976682149353645
-0.6008831015191529,-0.571930072928372,-0.4784913384616845,-0.6021967764911013,-0.53167684396266,-0.5068042597911706
0.3346433286273275,0.10843059137622724,0.02608391545384798,0.1353963431416043,0.01531218598438213,-0.04108549918757527
-0.08560637916336068,-0.6300297935853063,-0.4587954623757301,-0.7450126546403931,-0.6525397135280554,-0.6245660362267262
-0.06333757175670468,0.01849143184864092,0.08527749678350979,0.048073724114080126,0.05567743039193644,0.12103578751202619
-0.10444417012335457,0.15010841145259807,0.1276648868883086,0.18039629745673916,0.25140619688862764,0.3424404015668951
0.054007946762690044,-0.13814553407339245,-0.5087341550735449,-0.1059809378502773,-0.8279230494304773,0.0
-0.7332878904053964,-0.6528295595442306,-0.9129582481332759,-0.7595772313049115,-1.3121032765181022,-1.631724460248939
-1.821254350004595,-1.6785428206955428,-1.5066530017775002,-2.037864128596311,-1.9081466203239477,-1.9412503770230967
-0.15914534740967365,0.1510866687664253,0.23867832936563654,0.18189217330775004,0.2528705065463778,0.3251013532406962
1.1643895160590747,1.3311339871949386,1.246361328396098,1.5790496927646656,1.6241306720901396,1.6501575363432202
-0.15639970809946802,-0.05140011119655648,-0.02587880845441465,-0.02170971573103464,-0.04684700200563493,0.026812669810367187
1.1041190149864077,0.911743016169049,0.9031731915210035,0.9786324243825769,0.9909058369585352,1.0721873071945816
0.7632394743801338,0.7005180431293552,0.407856501995526,0.7783232093414099,0.7904468850790457,0.5016538576778062
-0.6751168354022533,-0.5585033961062911,-0.46107795106165433,-0.5391363085123004,-0.46653385060019015,-0.47105976853436604
-0.05457969767299334,-0.28414267581528363,-0.19153777832011823,-0.24640739869267111,-0.16696796328537847,-0.17196428763513463
-0.9479213312224944,-0.9451130255720889,0.0,-0.8771642714176724,0.0,0.0
0.5348402406223354,0.2592430010267291,0.32566416640028495,0.20583706297861182,0.27395957597095805,0.21140523738805098
-0.0446066787096434,0.09597437702069882,0.1574023397264674,0.12294130526201413,0.13563553222010613,0.21140523738805098
0.5528065891670532,0.611332567873134,0.6327537902924412,0.6505642418083344,0.6415454997281113,0.7399901296636956
-0.19904767161270837,-0.618938368762283,-0.4737960691149018,-0.7821758068318366,-0.6887563894063868,-0.6529208225735723
0.46659894457619666,0.6600621509938267,0.7167397095157244,0.725207968576806,0.7784818571663394,0.9000517385019144
-0.13507667313910787,-0.13110995599831235,-0.22960863977898713,-0.13189709367423527,-0.05814070386652494,-0.03544868937515854
0.6791502468696975,0.6732217566423133,0.7219757943454931,0.669480668577055,0.7257918222904901,0.8331957355511137
-2.0700467768750537,-1.709718405433645,-1.6545397778233306,-1.947679472105201,-1.8208686367817963,-1.8778327886084845
0.8069843768492199,0.7204790091774707,0.729718074420803,0.6776947864492017,0.735979830708307,0.8496501092042056
-0.6378826202358595,-0.48167188081060497,-0.3654754536219649,-0.4502775041183074,-0.3650724852090773,-0.31766481926346707
0.032114848353536445,0.22646400615111711,0.014650438104692553,0.24804279297591425,0.10540183895980401,0.07095439645029561
-0.18813005505071706,0.05915163692418112,0.08988461484972293,0.08692023436878897,0.1599219307622564,0.06540333489695686
0.3493581166015607,0.3379509230572488,0.37680542840164494,0.3124516925438172,0.3563995590205209,0.4215219346208782
-0.4213742856985,-0.2961641528248264,-0.2754241922891942,-0.2585514177200397,-0.1798539193026746,-0.13572117282146118
-0.6016718105957747,-0.7180802743920056,-0.7878101076393178,-0.7102021776710603,-0.8087705218030388,-0.9449612068603305
0.5557595036536314,0.5984238351124341,0.6521479126542613,0.6311010507978182,0.6806550914084646,0.7819299883178802
0.4846927518871592,0.40248484095262677,0.38149774917354323,0.44485647519254895,0.47062659300058723,0.4256507585962341
-0.023732243862598385,0.1342156326798051,0.218010444818913,0.16370344089237818,0.20683537797176546,0.27648958781571914
-0.44897781516570084,-0.2668993209433042,-0.14674545398414185,-0.24841423163417928,-0.1679491179371106,-0.11944219583866947
1.339063467128179,1.1588167684954438,1.1892924345532168,1.2928814214871978,1.321718594196973,1.4527104145850456
0.1764131282791437,0.04749599965209268,0.11867327757059788,-0.06461011765847118,-0.029523073216994378,0.045170558786324755
0.7500153620513139,0.7756076119118466,0.7664501824510765,0.833579114463531,0.8647464724995358,0.8476759748159852
0.06049830647237954,0.13016992149718276,0.1906694891396954,0.1595892784001173,0.16218537737248898,0.23810530210414074
-0.5004302872995973,-0.42939754057427887,-0.5785780355508471,-0.3561699716051649,-0.5449183382070051,-0.7142920380866745
-1.991991883189016,-1.631367746538278,-1.5833767480734464,-1.752295464969148,0.0,0.0
0.016221135234676522,0.358344501984247,0.42566211960976175,0.39608208956690893,0.458080320570556,-0.0206616036701801
0.544409340218041,0.7545678803079244,0.746426488887581,0.8193234826983897,0.8382549918784826,0.9395534585071293
0.8421505319142,0.7743182782942793,0.7500568182952344,0.8644391922778377,0.9139277348037782,0.7908281694800545
-0.4429298411309679,-0.4447918863854406,-0.5380228887585639,-0.39871617426147193,-0.7303015204177632,-0.70262421728614
0.6926490018070196,0.5133454506169491,0.6495026131885975,0.48185669689075084,0.5048960876369414,0.5717814223519999
0.3050749802146672,0.3741164054359624,0.23867832936563654,0.40034785453619215,0.30699894888536144,0.30619710916221937
0.4693053371806052,0.37173681064027464,0.19848839320498332,0.4119367102890114,-0.09597614658217073,-0.03171893632991874
-0.5142052404244783,-0.6900550435686125,-0.9823961166401436,-0.6307066639630634,-1.386204368660085,0.0
0.20312610694995514,0.29916496252795627,0.3607496514757941,0.3316432366011038,0.38546409094875195,0.4256507585962341
0.08584597524481447,-0.07969601091770806,0.07379257911789772,-0.06165454822809579,-0.07633523425242099,-0.08812047281522419
0.1023151602340065,-0.14142197862091072,-0.2146521555578591,-0.12941975374297976,-0.13177925393138282,-0.1638507057338783
-0.4062114784376556,-0.5926392952119578,-0.5174929536927196,-0.6465263397237122,-0.6691368460142613,-0.6690068908299026
-0.14752220093077126,-0.20077791762035058,-1.5568395953975036,-0.1712150786786087,-2.062621321352378,-2.1041502421433433
-0.34516759948645703,-0.2508097191568003,-0.1539595599256441,-0.21423596396340705,-0.18387700766532786,-0.12266370242693234
-1.2439598496873099,-1.3925177827457642,-1.224266115269173,-1.5776458355780603,-1.4622524963929515,-1.4706283724001445
-0.5543042715912975,-0.47103932779071067,-0.3635447765221925,-0.45169852827815277,-0.3664594671343697,-0.338827898002199
0.32858285158019035,0.16966583324422124,0.11511163634171742,0.19226536880216497,0.03652915261487413,-0.1445829560774081
-0.4738189089342238,-0.4836253504010204,-0.7220015585048667,-0.4091961029123337,-0.6230122317172564,-0.6450460778241319
-0.2702388062501611,-0.33149426348626315,-0.6087319580145607,-0.2943762718186374,-0.647890342306661,-0.8283814418278304
-1.1687990255544338,-0.9329218888930704,-0.9557717077612261,-0.8741189878093623,-0.7783283774857722,-0.9273152336370668
0.2079933578768334,0.36650777397784895,0.4516016741174853,0.4063435969419669,0.4723498394481194,0.5761839736170571
-0.8565566328966182,-0.7369962632195299,-0.6594621300221047,-0.6968696586888475,-0.6056126932235864,-0.6023743959726341
0.29089128663815084,0.362772588851088,0.3889128344868601,0.3907102673191424,0.431489947466529,0.5040990540227467
1.0187728481445517,0.7854156456404771,0.7400564920501245,0.8513559789323402,0.9091490425632791,1.0274995528177413
0.5962040165846483,0.4939334282047693,0.3934906093056634,0.5433505250557344,0.38625265441623646,0.2833350711647658
-0.0568712022424475,-0.083643260735239,-0.128804011882097,-0.0780903302219706,-0.05977181413103833,-0.06513776700113436
-0.22791536870124257,-0.5293321398546345,-0.4181296209287491,-0.688156221353775,-0.6208064368450229,-0.588045410970106
-0.09225049383270358,-0.13110995599831235,-0.13770045450845275,-0.1220480574079884,-0.06386936855951318,-0.028011352840763212
-0.7677803474745806,-0.7813735583123673,-1.2443982444466943,-0.8445758067181801,-0.9564244685826944,-1.1437395019828662
0.30824763566092594,0.2946775139262668,0.07034030226539412,0.3189125984423493,0.2310392536266836,0.08809057491405992
-1.0589142033168142,-1.0007826767959178,-1.015907547120651,-0.9385716310783496,-0.8444387446948468,-0.901880796782268
0.5351516204226149,0.6334640446252594,0.6861977668417998,0.7013045894277348,0.7448813548450731,0.8584660065343982
-0.3068385357895475,-0.20077791762035058,-0.20081080397237405,-0.1756477427642561,-0.09684513500202302,-0.06907403645526126
-0.9940121024188537,-0.7813735583123673,-0.6691698302712873,-0.7284940622899491,-0.6364396266801627,-0.6121308126402077
0.47147234355901485,0.35700887934341335,0.5054308640702538,0.29183258440643767,0.3576376980420107,0.29681450154198846
1.2609712285016528,1.1611837633530264,0.8868528687934052,1.3518637251314187,1.1808113949626606,1.072909247928533
0.25963947182625086,0.34163375367964055,0.3807967700914144,0.3680233500403325,0.4351486966870207,0.47202296314636716
-0.5224218836185965,-0.4031597318021327,-0.30069357904597516,-0.3858767169734182,-0.30344570518564845,-0.319151819670674
0.439253200849077,0.474308092932242,0.5221021707470013,0.504308370234182,0.5500622006962453,0.6279268362213088
0.3859948080045221,0.24296292267273187,0.46905876692401566,0.23809284896449448,0.15708079748416198,0.23076415995874713
-0.8082867540598916,-1.1207632238353153,-0.958383871869434,-1.2222978312986474,-1.1171361562045106,-1.1059819959316888
-0.5238026174426743,-0.37312376137093667,-0.32355852316639067,-0.6021967764911013,-0.5132979542037165,-0.4807704548268432
-0.572795676622041,-0.3468622410117377,-0.30588777809414286,-0.3097835594693482,-0.26500810165621436,-0.25163740808604135
0.05551245689992566,0.1617343699388766,0.2512913274782572,0.19226536880216497,0.2494483910144749,0.3208281512208417
1.6272310674326953,1.1979171390251142,1.2039894019525086,1.1146288339813442,1.1676092018092237,1.3152808209144333
-0.3700886853434387,-0.5045270378269349,-0.36838388987633036,-0.5508603774226783,-0.4632221094585506,-0.4230126595466665
0.5347883262873255,0.1996969351626769,0.39508271454469335,0.21818444320743582,0.28839988793730775,0.3713551079373788
0.721206654945811,0.7524973861506924,0.5182525919922507,0.8272380290314372,0.8135497323573073,0.6079770769786859
0.11786149803710637,0.13589264225272468,0.11748879690939323,0.14391724661330632,0.14847732382907314,0.08268821556689426
-0.8933891659729599,-0.846457402294414,-0.8288818925175474,-0.7821758068318366,-0.8344666284358575,-0.8320134293105096
0.47374703713656335,-0.47392058779145624,-0.6941527725733496,-0.44462819037214557,-0.35955841283469114,-0.7832224846480015
0.9747549641829043,0.9888522117060484,1.012949635241398,1.0710285849590218,1.105790629964211,1.1495504305250637
0.2390233876597411,0.16777269082485077,0.012236833727914512,0.1986026875486173,-0.2422321911104332,-0.19697310455858
0.1694252361439823,0.19910022509040665,0.12959896177796942,0.23075765288407124,0.07227442033053043,0.1246739911200085
1.347582260775071,1.2150893088884553,1.0806380348794082,1.3977521222080005,1.4102574356640392,1.1299640416423602
-1.206312336700791,-1.007526015752112,-0.8683566821503206,-0.963101963022074,-0.8649759331087832,-0.8543249410907182
0.1630697252658156,0.004680098214960711,-0.13898339297350057,0.0026606450776724276,-0.0326355288787945,-0.13792465227834594
-0.18313155904354048,-0.3383605360539809,-0.35874675431311437,-0.3086695742486083,-0.2803129210649406,-0.30444574207971115
0.30284306063509436,0.18427389873673122,0.1743074332873023,0.2072740840774938,0.24254696722609914,0.03438748547847042
-1.0316339077010406,-0.8588818310297364,-0.7400850721164737,-0.8303881038638229,-0.7357305784956844,-0.7262079480243752
1.7557847937332862,1.0267927811087396,0.12181864046484332,1.1358316331280445,-0.15532126113624284,-0.08812047281522419
0.058384778499889226,0.13522244920726204,0.2273363966924014,0.16421582814079583,0.22596834579469327,0.2979253438860621
-0.21078138372398197,-0.008610088324537,-0.026399102887914142,0.014493451727942783,0.021043864313073223,0.0335503255016349
0.9024924440336141,0.5944728999060009,0.5500158609146435,0.652988277723794,0.7144962870611378,0.8334479333140012
0.33562179444888157,-0.020003191231757502,0.09320970347861275,-0.26678778104899586,-0.1858990549456057,-0.12051415894731406
-0.6773553764864185,-0.5949841219068631,-0.6206372509450437,-0.5662992943672958,-0.4782832601880298,-0.4946435160562688
0.0379601240458199,0.251706363306799,0.344150034315992,0.2846685021822504,0.35308590558693675,0.4463633262041361
-0.13525255330799685,-0.053274633724150346,0.04551164786959746,-0.03638541429170069,0.03444090498623849,0.09039187073993209
-0.5203568744477605,-0.6464113953469788,-1.3178575834118231,-0.6172217101163425,-1.5830071644217492,-1.5981376691973628
-1.1211498958533912,-0.949228682062095,-0.8246483567501789,-0.9053769420446766,-0.8214605404615085,-0.8356695817663463
0.1131417011531201,0.10807855182365964,0.08485663067889714,0.13753742846039918,-0.027199377225316283,0.03689231077585331
-0.051690478503131854,0.04117895013764444,0.16538512892858548,0.05114966663105569,0.12492365111801391,0.20503474313838432
1.005339650997686,0.8200203554401049,0.7652181080439752,0.7807332731182656,0.7673956089558279,0.8209826899348629
-0.3716825752962073,-0.1822641323557387,-0.06526579098798772,-0.14867762196754117,-0.0704850875369211,-0.010694810852872022
-0.16116730024055398,-0.34998426168828484,-0.49039938403278993,-0.3131382232006514,-0.3848080727538342,-0.6195593054048512
-1.8743826596341697,-1.4603354785219083,-1.2909877619734609,-1.479048263160374,-1.3665638361368453,-1.3695577067823497
-0.3762226313006856,-0.8359981270866145,-0.6823640647205105,-0.9813443950996636,-0.8827345983663599,-0.8581334637946401
1.009676126470607,0.8747531896899767,0.7555530186004973,0.9748542370684075,0.7362095700247581,0.5714132529525467
-0.4432307496359444,-0.40230465333523807,-0.4856066652064291,-0.3683644407824641,-0.2851056857320495,-0.3296658716644377
-0.6425164116909299,-0.6238432514572739,-0.6014112106629356,-0.568041002209996,-0.47998227930346027,-0.5427151454493494
-1.051352502157306,-1.1482025381656455,-1.2822682996054395,-1.1208265233818677,-1.320757786030551,-1.3903050200552647
-0.26734724189153397,-0.3322532596674182,-0.21024338673730641,-0.36223537451695415,-0.2791209831266699,-0.2410864815190891
-0.05078117233726528,0.03719431375677077,0.12338414556544647,0.04992111925859097,0.09854361960647294,0.11369652311468868
-0.637463163226398,-0.4135172367620543,-0.4587954623757301,-0.37083420763606517,-0.28751723030582055,-0.2410864815190891
-0.39061029155966226,-0.1995654796502007,-0.08233505536723973,-0.1738707494988132,-0.0951084393696422,-0.0382607207146146
-0.11707748291815429,-0.1683266395226689,-0.3164231808688523,-0.13521609208327817,-0.402293835049646,-0.3639732352612766
-0.9578655074881143,-0.8223157043547169,-0.7237856928428922,-0.7695061480680933,-0.681314519652399,-0.7383832496783184
-0.5575900173951457,-0.6580124925732288,-0.5162335782241714,-0.6307066639630634,-0.5506927490806987,-0.5786883642954924
0.07664139158442775,0.14022918422964029,0.12455515732757949,0.17033222031987796,0.13563553222010613,0.16338466820838185
0.5776138377992689,0.6993663885686329,0.5979126906253223,0.7763083225965183,0.6900800912116974,0.7344929016887656
-0.21058047925083476,-0.4205232237300025,-0.5238310962315874,-0.3858767169734182,-0.4485589331199218,-0.6609066500171336
1.2322631914796096,1.1086253589598971,1.116659271452201,0.9917723306566033,1.0375206503959498,1.1689436866915828
0.22575539502572217,0.06678917357074218,0.12572351010592214,-0.01416023087940623,0.033044694358447264,0.028503857073810417
-1.45844523055137,-1.3020069135114736,-1.1565375790065031,-1.265437771726569,-1.1590707160428084,-1.1569584405720543
0.4895744827670937,0.8784679305436267,0.8042775385421504,0.9748542370684075,1.01186039259131,0.9041705176967078
0.526416193446856,0.3828932422803156,-0.020189033257023762,0.42023749121540244,0.4668190450284884,0.3698644436300515
0.5588449929177611,0.3033690582558261,0.332677871038215,0.1523241999015504,0.16500296684721016,0.21771355171302917
-0.5441981176826467,-0.3515514577474559,-0.2721399739762744,-0.3187721987448501,-0.23667652122979016,-0.2943624145611451
0.9693428185697462,0.3754098978140856,0.4357886359584994,0.1549285035617545,0.18382654686347516,0.27130792200281273
-0.4725513536023111,-0.47008195803925523,-0.4076178612577393,-0.42256818725969475,-0.33802507259782366,-0.28164246652060426
0.24376138942024572,0.24598438455199165,0.3238294109572566,0.2279850122097041,0.27912195872707113,0.36336575874234545
-2.1352987627171,-1.7558104436786977,-1.5833767480734464,-2.249080537375907,-2.1123569015731274,-2.1565822149837635
0.9927947631723528,1.0630401354322871,1.0692938021445044,1.2067257249764767,1.2448946413014936,1.3722776064624762
0.7767926603556838,0.8540577339227023,0.8797687430609316,0.9579841996582459,0.9805844198446119,1.1101816177082944
-0.183322998093636,-0.27649310455255355,-0.2762482878821116,-0.26886488500671507,-0.18792817254161343,-0.2043112645017755
0.2922775369170489,0.3585667812028645,0.38405942345466104,0.39643863940776425,0.4413207549795407,0.3841353949473887
-1.6793166853003527,-1.5405875668677858,-1.3851273003455367,-1.602615644831548,-1.5120439363490967,-1.5232100643094955
0.5237727006082623,0.4301891809471456,0.06380488157418975,0.4676254608308715,-0.022579039184879236,-0.10672207025517079
0.1500289686455709,0.3643137762405312,0.49797189030877526,0.40070207683026565,0.46228981231945226,0.5315993500294264
-0.08625114762840398,-0.01823538413989472,-0.13834154396362208,0.007289310009751675,0.06899134846928048,0.1203056505868326
-0.12083750120186071,-0.037991827391026356,-0.03426539166865055,-0.010081085260459852,-0.0738209292458682,-0.0026566299073428772
0.7234631790731852,0.7836643860627264,0.7531302911704324,0.8741356101609582,0.9315121136650231,0.8870827724674584
0.15465457028880464,0.24898913148415794,0.2600249920157864,0.2821207706374403,0.3505891699470683,0.2145670875797917
1.7066167829161554,1.8131060262865069,1.6842747568377536,2.3312062218606853,2.36205984411409,2.173622552800432
-1.034876431697906,-1.016627682270754,-1.149430503599753,-1.036053569957914,-1.100198656242752,-1.1636962034648863
2.0247184344414775,1.9498086784062931,1.8321978470661497,2.528756160160136,2.481408294325389,2.689157330382759
-0.3210361201342931,-0.335299019563337,-0.6191359118033843,-0.31990550178398386,-0.5096947497228471,-0.5129816235570953
0.15066202117959643,0.3468838069578228,0.36123663248313326,0.38129268893716517,0.3815064573055178,0.40710109627123126
-0.8793903986822365,-0.6451357228872989,-0.5238310962315874,-0.5911856673636,-0.5224105708482353,-0.4946435160562688
-0.17779729073879783,-0.021776542879994625,0.07722207841650561,0.007289310009751675,0.06964939266524023,0.13831315543743716
0.11087995385989087,0.1824305488562849,0.19272084866067293,0.21251548514948945,0.21621742621894427,0.2747669364997962
-1.3785082298540037,-1.1946245591191034,-1.3458610955649846,-1.1355744552186633,0.0,0.0
0.48912224277376604,0.5363576405617103,0.5083102222205783,0.5861310503899657,0.5094602634619878,0.5636352522897615
-0.012729912361229714,-0.5868161571258451,-0.4430670491486806,-0.7498247517654183,-0.6572296407999998,-0.6195593054048512
0.38708995608180985,0.25710034230989437,0.37467908465554584,0.266181776005278,0.33539697137365904,0.4265648097671284
-0.4453414835195095,-0.6263104196795319,-0.9302330412780977,-0.5697880885321965,-1.5679019846645683,0.0
0.471589229747572,0.6388179023869146,0.5508364614118738,0.6985959236326831,0.5908512942043883,0.5956504600418716
0.01406735908560207,0.19430297319664583,0.2830707883202579,0.21346383347567888,0.2639835691101062,0.33461563695813235
0.8192152569480872,0.6175993803158881,0.21114796302158623,0.6373214297121401,0.1766973470089054,0.1640672937652901
0.7661257413198328,0.6385580373290872,0.6762960306910254,0.535031528070776,0.5364983302751876,0.6097199950858275
0.09080304318646053,0.011000025516903166,0.08779554503686175,-0.021019551991293635,0.037223624771490174,0.07174344710785777
-0.637463163226398,-0.7095395017155454,-0.5884587096820081,-0.7925271935658275,-0.7117254102413786,-0.70262421728614
0.3980549669137326,0.48665992931717955,0.5353342387917707,0.535031528070776,0.5876922425689886,0.5470435956124455
-0.3917108213814578,-0.3026293184607022,-0.5870369774331657,-0.270949300033287,-0.23889235670175202,-0.4807704548268432
-0.8333915646160889,-0.622613363142997,-0.48203803976822535,-0.5875625985118853,-0.4990244086656473,-0.46722034808653723
0.4870824182227971,0.32886648273315267,0.2509874349237612,0.3292753087510472,0.3505891699470683,0.08809057491405992
0.2992367571354059,0.3649729240549022,0.3955366465786737,0.4045858628809775,0.3948626137348303,0.4673129459040615
0.6961806121830181,0.8487021471834884,0.8916668982066861,0.9501796734299583,1.0061804002721055,1.1420411897379406
-0.18217533014601361,-0.04953175425278252,0.01175278123473241,-0.04064381924514763,0.018184881170544447,-0.005324573913583648
-0.07888050085254099,0.002132136790683298,0.09403765046781146,0.023542411716041253,0.0820179211168315,0.11443426349087876
-0.261607576275807,-0.11886960974814624,-0.11572797222721509,-0.10360718339044803,-0.02642682495612554,-0.11837209606739993
0.04272072868089239,0.17123848526501867,-0.12943464385156456,0.20150635435112965,0.2720716794853928,-0.19940933239337302
-0.09650478032392858,-0.013402234356419096,0.012236833727914512,-0.12123449742773498,-0.07970438719231575,-0.13572117282146118
1.521893447372298,1.27811810674933,1.2082162851632843,1.4015342845097873,1.4498278569152485,1.2273102820836796
-0.513525703908605,-0.6886863768067163,-0.5633796150220023,-0.7426223014784848,-0.6525397135280554,-0.6424452933826763
0.2799224423944191,0.24158395697041235,0.13991897696968422,0.27441622217106243,-0.0589556971506307,0.010515357684152338
-1.1286817417270238,-0.8697281406768201,-0.7327864750791279,-0.811128498221488,-0.7196072294167336,-0.7142920380866745
-0.1865873686143566,-0.1012406397789316,-0.05914115218604976,-0.06981706501553635,-0.12262154590350019,-0.05733932409770983
-2.1975449828231968,-1.769548724631816,0.0,-2.1517474182509764,-2.0182874029480082,-2.1041502421433433
-0.5660714764897938,-0.3360629154136461,-0.24576234235775463,-0.29655280830291497,-0.21497453722804644,-0.20925305608869268
0.2901559587017207,0.356339812828374,0.4172751776411862,0.35066302411598477,0.41588927003133624,0.4569201271094537
-2.300414612769387,-1.7978468076664587,-1.395314416033371,-2.3078073270670667,-2.1690850499704513,-2.475780551076764
-0.8487353131302108,-0.7719310476344275,-0.9227708127384715,-0.7331633413047485,-0.6764101721166054,-0.8775845821729229
1.0215112138942726,1.0603435789158084,0.9823034793462475,1.2155355894537934,1.2467556052829232,0.668405621105505
-0.5054323063035123,-0.49051265235129243,-0.3625819060295417,-0.5022314570701688,-0.4157756065003205,-0.3919129735874809
-0.7740797736622851,-0.8919911974931062,-0.8571351255317115,-0.8741189878093623,-0.8214605404615085,-0.814088606761694
-0.3237223546030886,-0.6387965891419647,-0.9056990996611729,-0.6795774382213859,-1.1346735756609887,-1.124519679402575
1.3836921834744156,1.2666329997550587,1.272751978138099,1.2209206921821636,1.2593256752545774,1.4072084053840068
0.7046811912137301,0.8199297636072214,0.7888471805627505,0.9201933787632306,0.9503288800300215,0.8501427808382424
-0.4339743121821308,-0.3871190407532051,-0.5485656075116085,-0.3610172452145987,-0.46653385060019015,-0.4906458889423342
0.13840025722868793,0.3065619487174856,0.3875310701047818,0.34141715204231393,0.392526032334422,0.49219743192495563
1.5315268174506291,1.2581873093146587,1.1335116268369803,1.4855431469610052,1.532486804088929,1.6958789730177466
0.31375563165929177,0.5796721870627847,0.5866564533373435,0.6295995508282137,0.6652379795012525,0.7665659165986445
0.7511876677182685,0.8614423289702448,0.831495311058298,0.970140869092644,0.93237095865115,1.0500019520321928
0.6366134095876415,0.7245535551751182,0.7592148876132057,0.8053468604900738,0.8329090413190046,0.954378514674396
-0.8908196462979042,-0.7152203314470186,-0.5913125223666036,-0.6607456958108814,-0.5703936677623554,-0.588045410970106
-0.5200134139487345,-0.6165005051755272,-0.5633796150220023,-0.5662992943672958,-0.4782832601880298,-0.5514996597798206
0.3668164933774316,0.1768630404144768,-0.2146521555578591,0.2077523684752774,-1.1981022878671785,0.0
0.13047301283980478,-0.013402234356419096,-0.017622841387205452,-0.01620999882065312,-0.08650097495631488,-0.036384624236730986
-0.6666866955501475,-0.5293321398546345,-0.4065772704428001,-0.4778960991156199,-0.4218733822597001,-0.3704296254456174
0.4557550511222314,0.5278873087176088,0.5554055506921757,0.5821089827813415,0.5660320769575025,0.668405621105505
-0.4254466569512749,-0.42494395606050916,-0.4331790633401435,-0.425280072078229,-0.3568214493353691,-0.38521918170051533
0.07856663432235413,0.11577225505242462,0.18998385642616308,0.04000411995716652,0.11279619661546558,0.16611082601489854
0.5595887990140691,0.559606342947494,0.6183642928458059,0.3942964048054791,0.45135806327727523,0.5455149314445222
-0.3087431956576969,-0.26622002035057907,-0.2721399739762744,-0.23745956853312,-0.15724628380750108,-0.18374538542419255
-0.7735522765700291,-0.8412062006621472,-0.7027175931473648,-0.942007496304478,-0.8684792567579258,-0.8430557446357078
0.3891373910432524,0.5512025317887095,0.7690061744099491,0.603024921371749,0.6346161346832644,0.1708539303839167
-0.29787669270230416,-0.4031597318021327,-0.427758658993911,-0.41184594101642474,-0.49726592143815257,-0.5362135334952676
0.6545148864121384,0.868553489572963,0.8321149465205635,0.9789338031371858,1.0344202204294233,1.1560182776527979
-1.5863101839320433,-1.5208476509491313,-1.3851273003455367,-1.7182718517898272,-1.6861418145257354,-1.7070077671777855
1.5034081846380625,1.249803867263964,1.0209053988192538,1.3792369297856688,1.1550265203971637,1.2881737637234745
0.49592185573469616,0.2732279942247729,0.2579307666040002,0.23672392097764927,0.18763133357700526,0.08655173043630732
0.7836334518870893,0.5972980932001044,0.19032678851549442,0.6602084956178326,-0.21497453722804644,0.0
0.5753097138353689,0.7300077856247706,0.7494182965196761,0.8090120481730168,0.7923500395841038,0.9145891143530592
0.4161727020394393,0.4833360036995068,0.5081307728486028,0.5162943589140546,0.5681122122920297,0.5772801724091231
-0.04072604490454191,-0.04396329126137948,0.05317462413327857,-0.05359972825106362,-0.0014789712433727483,0.06540333489695686
-1.301323172135818,-1.0765953700428768,-0.9479999710692345,-1.0238420313552985,-0.9400061588302882,-1.0117268135421966
-0.7703970387003622,-0.6528295595442306,-0.5743938077343368,-0.6229613206350857,-0.5335490178912703,-0.5006920309354456
-0.4107472715412297,-0.44662920461915306,-0.4702995435812813,-0.42664079744712075,-0.4374156359182523,-0.41771392075620645
-0.7983121784320915,-0.6464113953469788,-0.540640765670536,-0.6003465745865388,-0.5151084402181695,-0.5213219771512864
0.6975179426450246,0.555650643373076,0.6150891032684912,0.35789008807511635,0.4106027794537315,0.5065354044680953
-0.01047059437874006,0.04984663766139814,-0.12566183854444352,0.07875578533084263,0.013870653250182809,-0.10253968660050097
1.0974088026527713,1.0080746094944575,0.9365916899216447,1.140405949179142,1.113360769611353,1.0145147042238403
1.0336943524213982,0.7722284449250099,0.7046739039728467,0.7359959293084256,0.6150354352087859,0.6238467525746427
-0.6080197958246805,-0.47392058779145624,-0.4266807165228302,-0.439033684198112,-0.3554579265560193,-0.36880892118862485
2.7484636880519355,2.1007996337687143,1.9472879280666375,2.5607361579131074,2.5914444240855743,2.644881341577214
-1.1698108741505544,-1.291501112186662,-1.131997548701106,-1.3647211283473293,-1.2555418553378956,-1.2522593034256881
0.038089325302049934,0.24680551120068192,0.19544315885560826,0.2778519122796967,0.2823849691843347,0.3105663714305881
-0.25483855309353987,-0.15025143351671397,-0.04981198788014355,-0.1179911482314114,-0.054082480299688956,0.0008830463720485141
-1.43168300890903,-1.2285351620237128,-1.0422607404382949,-1.1991992191677656,-1.094678859788796,-1.1059819959316888
1.1974617515945374,1.0773637828018152,0.9370091193314093,1.2426944609442323,1.1893984693912507,1.1065734905495355
-1.0665705798001097,-0.9289090818136247,-0.8183524024231543,-0.8591453959935271,-0.7637438393786731,-0.7571592811550453
0.09291401408967763,0.13555764736946632,0.22956187633994915,0.137002841071864,0.20893265010250434,0.25846540922205863
0.11618047352859999,0.04631696834705944,0.12142651917408519,-0.1368824551313957,-0.09771540859200782,-0.03920089122539846
-0.17364094679638561,-0.28344312828075413,-0.30415100864188327,-0.2932910076739666,-0.392027734577467,-0.35441856269753924
0.7972086182199308,0.6949660056647633,0.4792738023962567,0.771448255684446,0.7017962694716859,0.3733374466906619
-0.5114918216024289,-0.544283539895246,-0.6116858704510202,-0.5053474582456301,-0.7013946316215379,-0.7055185040685094
0.004271252495177415,0.073949295463372,0.13764350145328838,0.09383424962185236,0.1610547004343201,0.19665800422426738
0.7178769430999012,0.8438059379961164,0.8398312904907452,0.9478212475913922,0.9468084577452125,1.0529748021502354
0.9413883122814088,1.0479877653562686,1.0204482670288741,1.2003507806236624,1.164545966811543,1.2978067104462678
-0.23395228605790536,-0.15527811197132255,-0.09166605752761417,-0.12777381628816473,-0.13085701135738045,-0.07105157714708396
0.1559093940538991,0.009741702572726541,0.03124217648329672,-0.012117275396972467,0.0393022372632153,0.07253151596738504
0.5031872043943749,0.7123420385646566,0.7350268461048505,0.7887061319969682,0.8433631705965469,0.9139142733192885
-1.352160246191929,-1.260935658670435,-1.131997548701106,-1.265437771726569,-1.1590707160428084,-1.236397667437206
-1.824094741820579,-1.6664487641009116,-1.4946608375941284,-1.9757379815171328,-1.848028154014146,-1.8778327886084845
-0.2941447512992891,-0.22620710481908288,-0.1428505337570724,-0.19279697435850876,-0.18488715073737474,-0.11944219583866947
-0.14251111100567615,-0.002998603815898955,-0.040108993877274624,0.04249828407030723,0.05903357501870752,0.013116889922541659
0.18420710234899845,0.26983100576699776,0.31695432588431516,0.3022248296851135,0.3666438133311545,0.3802292199203906
1.1249774168378115,1.2245896597721189,1.2056344131231198,1.4357731213615461,1.4269576482521775,1.5872755300215506
-0.39253759487153433,-0.5674216561483209,-1.0919892494671968,-0.5147987851989423,-1.0627861823063378,-1.5821898563111405
-1.6680416830988603,-1.4514812071806888,0.0,-1.6289733636220627,0.0,0.0
-0.5521239553378415,-0.6873207181459149,-0.6327870325395258,-0.7238639784498591,-0.6764101721166054,-0.6911939160520327
1.284550794465965,1.1828988677010415,1.144769689602323,1.192357932069127,1.203017252399276,1.3007255000330258
-0.7264277736350581,-0.7580281812723816,-0.6675408649819892,-0.707957675967997,-0.6364396266801627,-0.6023743959726341
-1.5034278459117127,-1.380520105094874,-1.4655724079536783,-1.3569351499818032,-1.450599310738954,-2.2163760218416164
1.2655193435942733,0.7603201059957317,0.5707418504728352,0.8489999013280324,0.9068361665659387,1.0010924325731556
0.23596217391083013,0.27504834380829585,-0.11943178481167264,0.07404189352316119,0.0,0.0
-1.6083246694735762,-1.4514812071806888,-1.2822682996054395,-1.6568905354145662,-1.5391192979763404,-1.55179971369392
0.4586961954241873,0.38901492604165033,0.2732824476743221,0.4059924291446511,0.16948431992770818,0.2088645729785664
0.6714671363993203,0.3265121256682461,0.38103054168309264,0.26792417327265805,0.3193900527097822,-0.2543042108469805
-0.4274936129120004,-0.7519466613980621,-0.7568365191813298,-0.688156221353775,-0.59711811936598,-0.5559427013440155
0.08120298980271008,-0.13057230734332148,-0.32535663695298145,-0.16244664855493285,-0.30969257938559247,-0.25163740808604135
-0.7086693199627091,-0.4865674476525691,-0.38615549388309783,-0.4460353369271339,-0.36093188718753516,-0.3434623279677452
0.261538335443458,0.09417189198329552,0.16538512892858548,-0.008051613850820837,0.0260144986390623,0.08885860062282538
0.16881338149613578,0.3913186160431277,0.47216559823869203,0.4324941659986015,0.49831915267182175,0.596005756982015
-0.019419883160944475,0.07282484261886861,0.1429373262107754,0.10180499331053236,0.13267885125194637,0.1868553646695225
0.23042672389917387,0.32933611633355697,0.367042953847212,0.364288739660097,0.42559186020954626,0.4499008144764262
0.0024840608967283506,0.1658730059251692,0.2396120489257188,0.1966594895736596,0.23154406445102987,0.3012466016886854
-0.2215319941019768,-0.08018792624440257,-0.0009913315294135584,-0.05069682924699868,-0.02104686328280542,0.053341588296754366
1.3739825064386069,1.1366278099348175,0.9204221801553496,1.4061308218532789,1.3802103974569673,1.3719163949585427
0.9740620001484877,0.7845407855279986,0.4524091027819732,0.8788464777306584,0.9285839286427006,0.9884296265491549
0.1198720088342673,0.21585627002043092,0.26625558697544965,0.2475938756444102,0.2523827872732768,0.31328244366257524
-1.0954927289333942,-1.2949848338953898,-1.128566790955285,-1.431869542731411,-1.320757786030551,-1.3211662237062185
-0.5965639858612031,-0.37884674616003233,-0.3217661552333966,-0.33834230579404534,-0.25693333438178056,-0.2733097791006441
1.6568349540544247,1.3568520524995193,1.3178092032263802,1.5227164558430024,1.5439655612421268,1.6022111047700556
0.26351647767445296,0.04710326506497626,-0.0009913315294135584,0.04436234123390489,0.000738114558108504,-0.19454659281795011
1.151650419113322,1.169659335211587,1.077207210108294,1.3537444621557628,1.3871658503230408,1.24192603364616
0.7807777702136516,0.621645500791113,0.6378154000733305,0.5091288781097782,0.5168890268268003,0.6044778415432496
-0.6895917751741424,-0.731114719033794,-0.7701935053016123,-0.6711290354188315,-0.9319906275643529,-0.9316729629957287
-0.7457381802445942,-0.25412543826683454,-0.18941997105938313,-0.2180442886147022,-0.1382759787440938,-0.22305416048922186
0.6218856546377001,0.4833360036995068,0.11272346339341549,0.5321385473342872,-0.3776799616445347,-0.32363517362528565
0.029497144407089334,-0.47008195803925523,-0.6562610592265689,-0.4362566392533586,-0.35138699499856874,-0.32363517362528565
-1.9846718480298995,-1.7033721445413592,-1.531287380920911,-2.072589890573894,-1.9417397902259237,-1.976682149353645
0.3050749802146672,0.26350307250652666,-0.7027175931473648,0.2972575348828323,0.0,0.0
0.29064628759671346,0.3224858516975279,0.1635817853851933,0.3394741676618746,0.3666438133311545,0.41365247702217284
0.9422697690722646,0.8360624355227512,0.7387498076883532,0.8973765437932607,0.881416215378272,0.9742998197770847
0.04195149698963601,0.3097360048123643,0.3198746941184159,0.3429673434991082,0.40870402904454767,0.2471664471994973
1.3061472990596732,1.5213607478760085,1.2474802077557043,1.8287911295627977,1.7945095845314143,1.0763287006459294
0.982866117193023,0.7485397076141153,0.7983031370929633,0.5512849501785284,0.6097690218645806,0.7221845148294881
0.025018653510728472,0.16777269082485077,0.2464068141287455,0.18139394134338618,0.2523827872732768,0.29681450154198846
0.03120004921206405,-0.1597833511648224,-0.1768825824119027,-0.20482006835433253,-0.1778527772497113,-0.3327042512556348
0.7487712209696104,0.5017851342948978,0.6274970013249271,0.4031762542243395,0.4608897254771432,0.3807187539295887
-0.8172946447848715,-0.8789101005777695,-1.1017600630635427,-0.811128498221488,-1.0731921698224471,-1.0999457686829475
-0.16153570385827568,0.09127570360542923,0.15188714528314773,0.12074973328399276,0.19302619963149803,-0.027087888739233554
2.445933756725845,2.1555050545544923,1.9978799587037352,2.77485959578228,2.6969547468612407,2.934158940194274
0.3150068054394469,0.3697819305918447,0.43285694567596733,0.38238632275989415,0.4274408909285259,0.5201774787299895
-1.4965585542595121,-1.4298337764870872,-1.2609609317780124,-1.4992812750624949,-1.386204368660085,-1.3903050200552647
0.09548322381476364,0.08982193297583325,0.03911549703845621,0.12567003873653243,-0.10914775334923969,-0.05733932409770983
0.44585360928200035,0.4089925656999414,0.4282137244947705,0.3491311972746688,0.3625660673480507,0.4047455775712783
-0.08255376698232067,-0.272362251733121,-0.6116858704510202,-0.23745956853312,-0.5545765004670212,-0.6717329940261477
0.27456450293897267,0.5111869349411121,0.5690097947390825,0.5619038185796519,0.6251708931317452,0.7063341256154313
0.12031779848811038,0.3239103417439145,0.37845287549284534,0.3525727211606796,0.4106027794537315,0.4847028555633681
-0.826439937132818,-0.7011142129639769,-0.9689427583350082,-0.6153214753343621,-0.6691368460142613,-0.7899342481108065
0.902003534182448,0.9387853370104783,0.9462277016661813,1.0453095151899519,1.0686306780194965,1.1638644952762351
0.222988835035893,0.26772990205714275,0.19781325333179992,0.3018123521115369,0.15479835088363625,0.2301486292681842
-0.8559513681656649,-0.7941881240182944,-0.8797860189596699,-0.7402422858601393,-0.647890342306661,-0.7232051072296228
-0.8806496670555537,-0.8325497047297543,-0.8638435286662354,-0.8833070093300498,-0.9400061588302882,-1.027187227385285
0.7201112861066694,0.12643516283674797,0.21703577971813567,-0.01964154707123917,0.05567743039193644,0.13403742011264008
2.594564315167538,2.1742020121502805,2.0118314219940956,2.779580108945388,2.7588191465232295,2.899546886281185
0.2764960768128116,0.364093879113706,0.4085195889947794,0.4024703046976061,0.39912408882763084,0.48512142128593255
-0.011740338356756967,-0.22620710481908288,-0.10961092155940677,-0.439033684198112,-0.36368890616294436,-0.310284834102176
-0.47699991540311104,-0.6044540567250377,-0.9056990996611729,-0.5491706127314616,-0.6862642391050716,-1.0822426294160228
-0.06488820876996398,-0.01209124707150084,0.04551164786959746,0.010574352825669271,0.046179482297892045,0.11369652311468868
-0.5307555850809614,-0.26554150628423095,-0.28038718381466543,-0.22961736868663754,-0.15436112786321873,-0.1313377892451984
0.4029240820599281,0.7102024716615652,0.47274589079304175,0.7894983407828143,0.8042794188440322,0.3006942277561077
-1.3229761981217896,-1.3495259868926155,-1.39020153356322,-1.3647211283473293,-1.525381516778117,-1.566754990651855
1.4759086863894912,0.7550841686385867,0.8073752174239146,0.5893313511517713,0.6520651652904196,0.7679515350189624
0.04374472122480626,0.12507079170022584,0.16861517327668477,0.1549285035617545,0.2254589593532659,0.2202197498752465
0.6207389509760092,0.5515105286590843,0.5516556329896842,0.548744918930759,0.6111590417837786,0.6928938936647638
-0.43933104305657755,-0.335299019563337,-0.22809457645027573,-0.2954635361236737,-0.21391057144240636,-0.23587931921560956
0.49121065485397863,0.7508348047455174,0.7923441705135296,0.8378358426983626,0.8942451362270912,0.9934812736897318
1.2574656899144738,0.9933813385002265,1.0103226300145276,0.8874867211165172,0.9335715289270959,1.055750811779691
0.5696997629840264,0.5342927683619441,0.5605735430284191,0.5591257728855152,0.6199858219829564,0.7295371911927236
0.48951797367318606,0.6124279689343934,0.6211935907746982,0.6769946195545854,0.7208736828544078,0.728658971371261
-1.1127854574294358,-1.1048327263250732,-0.9769801632224848,-1.1559186219362978,-1.0525922894604856,-1.0822426294160228
-0.6800528349026117,-0.5464497409990556,-0.4149556962377197,-0.4960499502249027,-0.4097435956290438,-0.41072240359370377
0.5389255645581003,0.6268580746510775,0.6376793270310381,0.6883408641965891,0.7457876319680927,0.788412593436085
0.3170338399533484,0.1267757304746933,-0.26240226577891296,0.15648593060801788,-1.6490591339590215,0.0
1.461989862488632,1.2690378732460823,1.2598395704285439,1.2229565706083632,1.2626476831056797,1.4158936294050704
0.8568012074251192,0.6858118755671091,0.47831938747514974,0.7239018415147207,0.1865466541872617,0.1425604939865761
0.28506321881569385,0.06145388432348527,0.18654173940394536,0.08807790453725423,0.0871509607505906,-0.17664946916535063
0.08275497137077491,-0.042579670743726455,0.23523977962916798,-0.02170971573103464,-0.04048875390974679,-0.03544868937515854
0.09676337773796391,-0.08961579374743063,-0.29554723913374703,-0.0780903302219706,-0.2300797225352379,-0.6855647172050265
0.5641773021921871,0.7265238996145764,0.7310511282078893,0.8092044124434945,0.8677737045901381,0.7330390062921213
1.1914448878511588,1.1988629390513805,1.1408516389930137,1.372379372078941,1.3095073052930204,1.3810141878429527
0.9271730121993013,0.9786176396430498,1.005552508273733,1.1102616968696657,1.1634399302396923,1.275133257762054
-0.3889634128439524,-0.4152610610090174,-0.367412747862078,-0.41450795030005283,-0.33802507259782366,-0.34969827976323026
0.0509866682770668,0.06716832170496827,0.003946794307570365,0.08807790453725423,0.1610547004343201,0.018287844654816168
-0.7011513261443749,-0.6263104196795319,-0.6562610592265689,-0.5697880885321965,-0.6056126932235864,-0.6145962283910894
0.7447420351394367,0.14749120562269813,0.25037909677576187,-0.08341424931433401,-0.006684413373878876,0.06937333947785454
1.3484313953156535,0.853126818628324,-0.03957509375825436,0.9299556336350604,-0.09945982722712217,-0.186129159390239
0.4403072971447004,0.5462494991952729,0.3553606901136921,0.5938390265343904,0.40220544347307297,0.3224338625548598
-0.624605624418893,-0.498481104627819,-0.39934591163945193,-0.4631947793603461,-0.3819459785030942,-0.3952885436085241
-0.28928313502393793,0.1930970620090995,0.21213404200889077,0.2242692565778279,0.2943573490991329,0.21013615383906079
0.32613958653580205,0.4205876905490412,0.47448255770252673,0.46442069855860163,0.5009580032095153,0.5478066360479045
-0.7196458416353321,-0.6451357228872989,-0.5647451237004336,-0.59300597079638,-0.5061149670103455,-0.5088560722800798
0.39845683034482265,0.48787922853025956,0.5390477338167807,0.5358969670274307,0.5934246239486898,0.6309710273499215
1.2246973160727241,0.9799905311330074,0.9661103856120807,1.0180513985943214,1.0727033025747879,1.1387521457784378
-0.18313155904354048,-0.3739379689533859,-0.7184490728554642,-0.3313604458818795,-1.2259725979553757,0.0
0.19763468775027906,0.06640976770673042,0.14817704207778795,-0.03993202590540007,0.0,0.07095439645029561
0.38138460197399665,0.4576185623252004,0.48003596418180067,0.504308370234182,0.4730378418238085,0.5673501704985376
-1.8868016089783917,-1.7423327147151966,-1.5066530017775002,-2.1976116400888905,-2.062621321352378,-2.1565822149837635
-0.14429569985824428,-0.057042332332813604,0.04049269982134089,-0.03356283225848793,0.04206258305689393,0.06778832442130112
-1.2913879125048484,-1.4298337764870872,-1.2609609317780124,-1.5899668405328922,-1.474206137596969,-1.4832525266482137
0.9797344443575141,1.0185504562319752,0.9605513773374027,1.1588848127701301,1.190937839811847,1.0052643099087781
1.1577570026634898,1.2058348546305544,1.1192383411125864,1.410947354978564,1.4590883743592538,0.9821158412759916
1.668714526374899,1.550469679611492,1.4355167225953174,1.8598550594137373,1.7266958205451763,1.868268404237062
-0.044456926369879024,0.18181471949916095,0.1635817853851933,-0.07733355605627072,-0.031077264039338533,0.03271205127170003
-0.008922587220363489,-0.18580159368573992,-0.12566183854444352,-0.1607082004044706,-0.08224393718289737,-0.04868149095810601
-1.9355965934153025,-1.631367746538278,-1.6470869344577523,-1.9212898446502606,-2.4153081303010633,-2.475780551076764
0.35700226616405967,0.30238280803099443,0.18028656302729196,0.3268986562469331,-0.019518620245780813,0.043523580461269334
1.559785853619902,1.3853460134761966,1.1781229248477574,1.6620069270175786,1.49414736956588,1.3548643014312127
-0.3132922349639889,-0.3492022139951872,-0.7663471140909266,-0.3086695742486083,-0.7196072294167336,-0.8936609085814988
1.8528887840984578,1.709899785509446,1.5595815503855757,2.1117527158155065,1.927572309194964,2.078877666797559
0.6947631465928278,0.4286334669937845,0.47197201091512353,0.41679165195214257,0.48089722432417603,0.5728847356226078
0.9028523963250572,0.9574043316937175,0.9320434126109441,1.0659854350835183,1.0250346593959372,1.103812410921199
-0.7492713899170135,-0.8844834660232166,-1.0101972891364013,-0.8165619620009443,-0.824681792643479,-1.0651156476008148
-0.09634055897057436,-0.05186816228353649,-0.007983288034701531,-0.03215640056166667,-0.0149572786399433,0.022564703997121908
-1.2719805444551235,-1.0212268574145098,-0.91539692209031,-0.9559770774291275,-0.8580395283830395,-0.9102270232907574
1.0138311666354398,0.8275714726839072,0.41510106545010345,0.92947075090607,-0.458291257441162,0.0
-0.3323538877118567,-0.35469832615998836,-0.5565994341798762,-0.3256050406692537,-0.5007885189068305,-0.8176271849444128
-1.0001232186307454,-0.7925719712748122,-0.6610691401515789,-0.7331633413047485,-0.6409907439811756,-0.6424452933826763
0.021170146517684823,-0.16148192600420533,-0.0034778405102884754,-0.12859622489785175,-0.08309288946924401,-0.17900561520361993
1.6812073168386399,1.4514516267561726,1.378463481392131,1.6169590547019077,1.655937785589918,1.697142338844423
0.8108375848564842,0.7488532951674652,0.7742763556496138,0.8151411682919576,0.8692822563465316,0.8654885344550871
0.1401226393963114,0.05257662594434184,-0.06358845518838666,0.07816849651046305,0.031645228890179664,-0.17664946916535063
-0.324947530319918,-0.2827444127843868,-0.15329975786694333,-0.24942019626207082,-0.1858990549456057,-0.12807065042203652
0.5866373584439298,0.5393608245790877,-1.5250452102233805,0.5935747091621962,-1.9417397902259237,-1.976682149353645
0.05826020286226268,0.27892857633896,0.3699204923949448,0.30715402454972873,0.3747210830374161,0.4711690543465493
0.2727104889222147,0.35387937134128483,0.424594962414212,0.39035056392417167,0.45029015696491564,0.5358817797054668
0.4441342184701511,0.41860657937086204,0.363422077440633,0.45536327165127416,0.4552585126437817,0.41736734672165154
-0.5311054111850397,-0.9638443881745729,-0.805951567408943,-1.0789473753479106,-0.9777201526487311,-0.9585853283994274
-0.7377400762509178,-0.8733850546101485,-0.8461142999916816,-0.8833070093300498,-1.0525922894604856,-1.0939781984895889
-0.28859197046965684,-0.2940247815544383,0.3209323837265813,-0.2699061752787853,-0.22572344485168241,-0.23329245591781883
0.19110888605911058,0.02465891099993684,0.11748879690939323,-0.20482006835433253,-0.15340257269779903,-0.08608777038409932
-0.061482434739406434,0.005526864382924993,0.02182547264793075,0.034985458291354396,-0.056514075477543856,0.00964577881323503
0.4654770866961428,0.3678198514218009,0.35953007787677943,0.4024703046976061,0.3791199305142984,0.12394800792161341
-1.2889286525399104,-1.2576239958577045,-1.273662514590768,-1.2719126997333465,-1.2710342717157206,-1.3304787804885614
-0.5074451701189912,-0.6350241240395188,-0.5112232117013004,-0.6859990722823786,-0.59711811936598,-0.5694816614345164
-0.3423796430847652,-0.38462527088965,-1.6397128450201497,-0.34304351574163283,-2.3148483121005152,-2.369967530375328
-0.10611236630564029,-0.024447039585074413,0.008351890964274675,0.005309850984840225,-0.052466944742921864,0.0
-0.20478486998104753,-0.3946635455571849,-0.7364247424914712,-0.35136256773599295,0.0,0.0
1.3909233530640794,1.1554466039649203,1.0262398974893994,1.3267801197199236,1.2626476831056797,1.3540014738296173
-0.9672476933262942,-0.8342715696806038,-0.6873879673505046,-0.8030786569702835,-0.7091238704621488,-0.7292269968862273
0.005505199823655877,0.13219647903541956,0.21930707815685668,0.1611352384723537,0.21154424531333021,0.27820770210854023
0.010278147160195348,-0.015593997162833507,-0.06807310727570041,0.013841994599460006,-0.1869127267238098,-0.13572117282146118
-0.17401754150913795,-0.22620710481908288,-0.11204941855206027,-0.32331858468645835,-0.2411167572429837,-0.18255698480615418
0.02726239378860857,0.09848807369826723,0.12221046331934095,0.1273015968403735,0.04275069336894665,0.08885860062282538
0.6084103768042098,0.457987077713848,-0.14220409134073558,0.4899411117407062,0.19624054415304995,-0.026165788854543178
0.6970216177535175,0.7030424775726768,0.6364528607706911,0.75457744089411,0.8141632257679016,0.8449524861751514
-0.012305594972115117,0.023020857762692443,-0.2235771933983917,0.056039678125815215,-0.06386936855951318,-0.06513776700113436
-0.7944776150964944,-0.9430650358285928,-1.174654252004724,-0.8741189878093623,-1.1717387582106908,0.0
0.4684243185774745,0.49186559363626653,0.48665349874276226,0.513616394292981,0.5436239963120388,0.5949393103416155
1.3250417434748605,1.3653749151376156,1.330763853740819,1.6341200433275818,1.6786184676803526,1.7970381440711576
0.7338549541170466,0.1891594104214633,0.2881760436686041,-0.01416023087940623,0.06103832701482089,0.14114784530949423
-0.16079913579310656,-0.12309758780409503,-0.19937392826470307,-0.09654112041427867,-0.12535385609000388,-0.09323165286882143
-0.8819115720292133,-0.6859580549423056,-0.5593020894801808,-0.6287602710945128,-0.5392041947128131,-0.5581771586352031
0.02936593607963309,0.19339878889204035,0.2819291444802622,0.22473491518548083,0.2916148181434085,0.36236026207021066
-2.1826559382566977,-1.7978468076664587,-1.6251947193218304,-2.3078073270670667,-2.1690850499704513,-2.2860944897269158
0.4276464935804578,0.533496394075198,0.5718407423075542,0.5715366990644528,0.5792895819034778,0.6804444242221984
-0.7039594348056402,-0.8733850546101485,-1.3363950346374978,-0.8057487403098499,-1.1717387582106908,-2.057406065052696
-0.18987059648953447,-0.55189916432274,-0.40970476301779024,-0.7012782671521924,-0.6099104248087363,-0.5694816614345164
0.7812981519163993,0.6497415238663858,0.5351647472618731,0.7118105682684024,0.6726124320553857,0.5081547566833409
0.07337733317280735,-0.07675339561559033,-0.1250355899042526,-0.06758007151385138,-0.14673642222292993,-0.5626722993033697
-0.09273973778579954,0.09525408435066236,0.18619624149372857,0.12184647724515428,0.1722686128377715,0.25551098150868423
0.0828741750191391,-0.10431246963003084,-0.20153065666021164,-0.08494396132900274,-0.15917768460386816,-0.2705576864039274
-1.1277351996697926,-0.9111559456256741,-0.8527030904424632,-0.8561998931044535,-0.775378982638181,-0.7765910560222535
-1.189358000230715,-1.0519420220991935,-0.942871937051843,-1.0158558999446463,-0.9163262285534005,-0.9316729629957287
1.127446509547107,0.8843853676651928,0.8119352818809162,0.9178957230507422,0.9718901799101365,0.5942274181986854
-2.330324587762882,-1.8348724036320503,-1.662072985679459,-2.56298003920946,-2.4153081303010633,-2.475780551076764
0.12795164289379363,0.19520566665745523,0.2509874349237612,0.22659414685376147,0.22290570853303676,0.30838538180651387
-0.4818042210881092,-0.3610425653531136,-0.28288538118292544,-0.3348409841968392,-0.2557890196957517,-0.2943624145611451
0.8489288790038186,0.8189321579848982,0.7244587661131526,0.910790898040067,0.9463040577527518,0.9494709225090837
1.0270247513638553,0.8164749359108191,0.8601301143155449,0.6240651448554978,0.6784029937932472,0.7921665631646736
-0.6510357146966864,-0.6765022395342619,-0.7400850721164737,-0.6586920416352667,-0.7330091019190093,-0.7322624379858043
-0.007238722021647356,0.16332984034646952,0.24763240780414122,0.1937334669656198,0.23656964394371052,0.3251013532406962
0.010956680247824388,-0.03389427407097504,-0.08639741107425143,-0.01347849111552735,0.05567743039193644,0.053341588296754366
0.47036065117752524,0.2703550096124695,0.3607496514757941,0.10123901500281461,0.1739331385428299,0.26081933035141314
-0.11998075181074971,-0.31873823275085233,-0.2567998886102963,-0.27936115896156427,-0.34200062535742703,-0.40381295944928736
0.06679111393250606,-0.12097970501972104,-0.3473952549552599,-0.0981042653362431,-0.1486332799428511,-0.10253968660050097
0.10781186446994481,0.1288147441079958,0.0750812952669518,0.15855652695388217,0.04822741256851998,0.12103578751202619
0.8376498451877136,0.915784635942265,0.8678633937923625,1.0336961384790992,1.0323455214309574,1.01412348032001
-0.6588094609469626,-0.731114719033794,-0.8683566821503206,-0.6903217852549174,-0.7933287403791071,-0.8283814418278304
-0.13648524761885827,-0.24685551726201543,-0.17964390709894884,-0.3683644407824641,-0.3540976875498578,-0.3073581634834574
-0.5550328485041167,-0.5356949616063276,-0.40970476301779024,-0.5391363085123004,-0.45178414664405236,-0.43195152277823523
0.958481938175293,1.07496176984777,1.111636007096323,1.2194168986124312,1.2550161945409861,1.2744477734333628
-1.000891441438651,-0.6778442820612374,-0.6546669547039495,-0.6191283985487533,-0.5298110361279936,-0.5763727922780257
-0.26402887362727767,-0.17351391901150057,-0.12005156578300526,-0.22767285019605019,-0.1505363218378923,-0.10672207025517079
0.832196857839909,0.8862101037204513,0.9127671059752558,0.9989838601775537,1.0541135608706884,1.154083903421358
-0.36270816684548,-0.33989725197900095,-0.3298772902183642,-0.3075576931101703,-0.33276736999241074,-0.2802456359332863
-0.07034935662093433,0.031163754525226784,0.05003288500308306,0.05359948807596035,0.10787664297891425,-0.0071095388347309565
-0.347713864634651,-0.2173984133779699,-0.15926701102606294,-0.19279697435850876,-0.11360472918625548,-0.21925897325167745
-0.25744932429722267,-0.1626170924079801,-0.04764042661542529,-0.12941975374297976,-0.055702433953038456,0.012250909768535462
0.7442536449809273,0.9395667069953514,0.8448441662193421,0.6422566190169858,0.5979744887012312,0.5906567638146858
-1.8072359031305534,-1.7423327147151966,-1.5699805805921956,-2.1976116400888905,-2.062621321352378,-2.1041502421433433
-1.447287622016246,-1.1681126638604462,-1.4828758782701241,-1.1064877204133283,-1.4990829236234724,0.0
0.9060806825035858,0.972954161382363,0.8123979695053998,1.1083818600113906,1.1586269094279198,0.77566058265841
0.09256274315169498,0.2734884196007145,0.26655035445820247,0.29850296411027244,0.34261683625692074,0.3648711391709573
0.6009920761364542,0.49134735384841777,0.5081307728486028,0.43786870007886,0.44635914489439266,0.5265030694614062
0.10127842876970608,-0.012964900401348076,0.0014835122917091948,0.0,-0.13455473426534728,-0.13792465227834594
-0.9423113488734568,-1.0666220399831645,-1.2609609317780124,-1.0002381633581274,-1.1346735756609887,0.0
-0.4991036203556697,-0.41876402576060573,-0.34645953417906006,-0.4198689534754204,-0.33670606603135306,-0.30299482961540497
0.02196857000750096,0.12575339788175569,0.21963071673115347,0.1554480740258082,0.21154424531333021,0.29570176985452945
0.49726032302809564,0.5264351290477566,0.545061983859294,0.5709899852794006,0.5194529998928659,0.6211131249114701
-1.45844523055137,-1.4969403860322106,0.0,-1.5203981771284985,-1.450599310738954,-1.687029946016197
0.4018606342295712,0.28812898299308615,-0.15926701102606294,0.30015978896586254,-0.005937993552932978,-0.23717691154280396
0.09641453792175966,0.29916496252795627,0.3238294109572566,0.33400250641699586,0.3559863045997913,0.41921703249353537
0.306108124337364,0.37862994291034524,0.4140103394428407,0.41920564751737543,0.3940847107589525,0.483445591005452
-0.03099409155213927,0.07244952055432273,0.12377477897051764,0.10123901500281461,0.1739331385428299,0.1695023276567196
-0.8374841695515919,-0.6128617255240527,-0.5238310962315874,-0.5611060987529801,-0.47321726168925476,-0.4926412642571161
-0.579977944940507,-0.6765022395342619,-0.937785636564444,-0.6172217101163425,-0.973389101486252,-1.0764715706087604
-1.4863923726477433,-1.234890685885462,-1.0760288146901216,-1.1825371357819148,-1.0784776254132629,-1.0651156476008148
-0.9271466009276544,-0.7039099957823802,-0.5743938077343368,-0.6445242385850952,-0.5545765004670212,-0.5514996597798206
0.00946281802382395,0.1833529983187059,0.2729916273437361,0.21441076716305021,0.2711255787601351,0.35476981700363047
-1.6396218992644023,-1.5506726617080526,0.0,-1.602615644831548,0.0,0.0
-0.4987724241194889,-0.6765022395342619,-0.9716104809727936,-0.6172217101163425,0.0,0.0
0.756430697727937,0.5804005808594128,0.38960224991151177,0.6149092058911132,0.44743364245598166,0.4401272850393221
0.11606822344434625,0.30238280803099443,0.27906353934288275,0.3379155612065785,0.4056541622683501,0.4507822687307376
0.48560435980346717,0.5153300170280121,0.4950290499822996,0.567700248759619,0.44922046143861577,0.5366574982544751
-0.9621777269994588,-0.7459235936837497,-0.695855977366175,-0.688156221353775,-0.59711811936598,-0.590408770868943
-1.4632881092377545,-1.4298337764870872,-1.4770589984648155,-1.422957110641262,-2.062621321352378,-2.1041502421433433
2.7687524228614113,2.3741422638801035,2.202311930931663,3.069364635430354,3.0935831626578443,3.350180624023859
0.5498371855780713,0.4665735747018244,0.3798605623729507,0.5100288215780981,0.4056541622683501,0.12103578751202619
0.38975011051228375,0.3234359317098294,0.4580234256146636,0.3533350246504128,0.4207590744403027,0.4788153739770117
0.20561284255980516,0.3114373850833124,0.38498761571278495,0.3475957339362459,0.4151367457634831,0.46860078212848894
0.7857327446723705,0.8660020116464145,0.8676186851276529,0.9707508272807325,1.0247346080583506,1.0847188552468217
0.004957115109354981,-0.15808976100397792,-0.42883863781475356,-0.13189709367423527,-0.16403438314507335,-0.424789578021656
0.02077050600329079,0.05838210824547581,0.13535789149994623,0.08807790453725423,0.15365392478450093,0.16882545845885247
0.2358718785427143,0.31602845744430175,0.3701595250634548,0.3316432366011038,0.3882197735113313,0.3618569389909363
-0.6233760830027448,-0.6738268337452576,-0.5620172823980509,-0.6968696586888475,-0.6056126932235864,-0.5927819372663801
0.1550731622220571,0.2557568680025165,0.14067523141320554,0.2692278633285927,0.317634839483104,0.15789736357626463
-0.2844623893213399,-0.4624772425095914,-0.5927446346255625,-0.439033684198112,-0.6142425357564857,-0.814088606761694
0.2799224423944191,0.45280419885545775,0.5241888229946446,0.49945242239357507,0.5506720369123695,0.6545240156876543
-0.21908007121294643,-0.6425922545875155,-0.4964466935878086,-0.784745328818644,-0.6912602173058502,-0.6555702611307833
0.5964352051285673,0.3689107872035036,0.4311736631530371,0.40879648912369554,0.47509742639887104,0.5801947630000626
0.8697066031803217,0.9329925436735536,0.8859149435640802,1.0560605544891115,1.1095195447618638,0.9043986401295547
0.3612506668493955,0.26720334930727835,0.2779126688903332,0.1538880745937343,0.13386324518376852,0.19665800422426738
-0.8463490811849506,-0.6250756004854696,-0.5149769274152709,-0.5715405881364004,-0.48339604735773906,-0.5383726033778737
0.3814537010671469,0.20680712545043448,-0.17482071910620445,0.2242692565778279,0.07227442033053043,0.102526631663873
0.7441838376624923,0.8453573695819275,0.8663930853767289,0.9267167014574438,0.9463040577527518,1.0634675464024663
0.24607077575473743,0.3850121423451982,0.2579307666040002,0.40070207683026565,0.4071809280917271,0.40615989074443104
0.9515866008065997,0.9163061033472657,0.7175404191856904,1.036478563381721,0.7389602657342526,0.8491570932893943
-0.25094461539966123,-0.24097393735705772,-0.16194028838242278,-0.28042110298049683,-0.21178849965864463,-0.1957586392468819
-0.01984962837118519,0.1658730059251692,0.22092319955875592,0.19519816843250798,0.2474843842879139,0.21013615383906079
0.3224539516602183,0.3667266779648365,0.3884526816058725,0.4024703046976061,0.348500963916984,0.4315698027125786
-1.1118630668439966,-1.028187289357065,0.0,-0.9595275739942338,0.0,0.0
1.0639353214069072,1.1981640556082847,1.0255626455178397,1.0772170584768133,0.8443410914003929,0.6860744835838588
0.44129750238445903,0.5291747364773536,0.5704274072203646,0.5831839059288659,0.6460369738329294,0.6769810762492128
0.587531321680154,0.4873570197900368,0.4505904773747221,0.5280670467100749,0.5856739265786722,0.03271205127170003
-0.2906679682955614,-0.22557347510419554,-0.17003980183009448,-0.19924091408894165,-0.11990191439637238,-0.08406172426483675
0.09780858195489361,-0.09162059869927573,-0.004975388681847515,-0.1083640180853703,-0.038121863784355184,-0.2104948118375881
0.9651262737161057,1.0904389637264862,1.0838442699431188,1.2595735620171078,1.2599698544317754,1.3914132847525251
0.21582341999296462,0.34209233084028734,0.38405942345466104,0.38019721092408437,0.3609275559731667,0.45604673108006694
0.9434347752927297,0.8799941042028162,0.8839544252005156,0.9267167014574438,0.9606180842565054,0.9922721128686668
0.4298616578997084,0.45521689241829116,0.7267042501817148,0.48060408700313206,0.41588927003133624,0.45779238452814236
0.6821058695624025,0.6194915505128527,0.4777458223166572,0.6255790590213685,0.5856739265786722,0.5241379114361403
-0.32445714681993765,-0.25612392865506756,-0.22809457645027573,-0.21995760403082193,-0.2948135957591952,-0.24765917388565092
-0.15312239969147146,-0.8006944942562984,-0.6251642590802436,-0.8802268762481196,-0.7842772423850063,-0.8036071174695312
0.5159240643459975,0.39548170545784156,0.24671349324669767,0.4368643312210449,0.22749399072179255,-0.03920089122539846
-0.21098235908923713,-0.41876402576060573,-0.36838388987633036,-0.37580534685887984,-0.2948135957591952,-0.25163740808604135
-0.26007206934939364,-0.24882927472712235,-0.21539040159823789,-0.26678778104899586,-0.2557890196957517,-0.2788520458956793
0.2236356160046468,0.33633168421508647,0.41247918692715885,0.37395435142096767,0.43112291377343626,0.517790017111315
0.4761280122977981,0.3518578180936463,-0.2770736067275847,0.3907102673191424,-0.36368890616294436,-0.32363517362528565
-1.0972902372843427,-1.1886407021117293,-1.3411112520531245,-1.1306115131216012,0.0,0.0
-0.07380941232455059,0.196106873977951,0.2215682016066677,0.22752172828729347,0.29754181334799523,0.3261653235131802
0.3421249468149966,0.42098302332651905,0.1906694891396954,0.4634562138214959,0.2548175588683007,0.2736159693118577
-0.5311054111850397,-0.41613488230525925,-0.3217661552333966,-0.3770547848389218,-0.2948135957591952,-0.2733097791006441
-0.2333248071382984,-0.0068775262786697575,0.07206930579969109,0.022900434978629255,0.09728829529192808,0.15927359600668398
-0.7589684193817866,-0.5618325030591848,-0.46682411194790274,-0.5244093431313681,-0.43899394994554136,-0.45211033318440796
-0.3338466667188847,-0.008610088324537,0.010783338427369709,0.004648616315726894,0.06103832701482089,-0.06122630452880159
1.1668561809193996,1.101141161628648,1.1098402329339618,0.9482935690693184,0.9855262773881046,1.1215754647756158
-0.22337788187819038,-0.03890643144494088,-0.09579994135186723,-0.06165454822809579,-0.07633523425242099,-0.005324573913583648
0.007692178930798974,-0.30118646806901167,-0.17140150582425176,-0.46756580656568014,-0.3819459785030942,-0.328152470064052
-0.03157912392594743,-0.10895134119106213,-0.0714614667146476,-0.11637596558433815,-0.11539703836630283,-0.20801383424261868
0.7054711006447743,0.5187849066377461,0.1139189324579738,0.5720829647238758,-0.32626307765613904,0.0
-0.8743794776835242,-0.9369599435093064,-0.8571351255317115,-0.886404881480489,-0.824681792643479,-0.8505427306895833
0.6744661542507455,0.29542802162963355,0.45502391582382984,-0.034267260019725174,0.04068399486413976,0.11811021143528665
-0.8270161737714488,-1.2006628568171571,-1.0363091048685336,-1.3492694932148155,-1.2405314079900744,-1.236397667437206
0.1691193937865365,0.037993510463191216,0.07551015813024241,-0.003342050704789734,0.031645228890179664,-0.16847383944300287
-0.7852661504696477,-0.9170191641770447,-1.079189189891484,-0.8561998931044535,-1.1590707160428084,-1.3798234779900296
0.693687918975881,0.765804931656911,0.8054064689714383,0.8418830682355698,0.854235753515033,0.9545911261213382
0.9530104141469993,0.900183397484638,0.5339765996495996,1.0123276086048445,0.8239037048520188,0.8098586698722017
-0.5459900577799603,-1.0097894821559896,-0.8504989789343631,-1.1405856319334078,-1.037679931692546,-1.0219836798474276
0.4703020771132899,0.5392031950174925,0.59672489802497,0.5842571007655971,0.6197117816302347,0.7005624008841205
-0.6978918954414149,-1.1343400045514993,-0.9716104809727936,-1.2590449514663589,-1.152857148261017,-1.1437395019828662
0.9763608114841151,1.0359421198242067,0.9451373120976626,1.187204632162867,1.239061347317577,1.0743509799746238
-1.4255477829222536,-1.380520105094874,-1.3178575834118231,-1.431869542731411,-1.4067004647163015,-1.423144892792223
-0.913017343242389,-0.7039099957823802,-0.5620172823980509,-0.6485356396083298,-0.5584880439350134,-0.5276571266628787
0.4771121500295088,0.5505859877032672,0.5754333334053562,0.6074415447910207,0.6075388171637975,0.6845151798699186
0.4260586300614321,0.3971378401574273,0.13535789149994623,0.43753408165696167,0.33025015657099815,-0.40381295944928736
-0.13878168550662764,-0.1706263519694986,-0.12441006620595453,-0.24042724282951278,-0.2289875628479362,-0.17079858757282798
-0.01856138070225071,0.01973035437670131,0.1022450636544773,-0.029353178511618574,0.035137794674466115,0.10026893638318374
-0.7372437421089366,-0.6791892336978016,0.0,-0.824815342342769,-0.9440615243460668,0.0
-1.3413896293368104,-1.4558940485754428,-1.2866136434848103,-1.6714967031792465,-1.5532832468746605,-1.566754990651855
-0.14144305142961883,-0.10843405159700058,-0.02328496982907168,-0.10281799115427723,-0.07717572111719281,-0.021575605993928843
-0.7589684193817866,-0.8919911974931062,-1.208594881168006,-0.8445758067181801,-1.2405314079900744,-1.3594986148866584
0.6081391462181489,0.5544273927409858,0.6135144933716081,0.6045870592169988,0.6670255970695255,0.7576321823773446
1.105191326912257,1.1549502614915141,1.148566585057074,1.3388359613517504,1.3881540533286862,1.534648430510222
-0.16951481111136876,-0.14692450610385654,-0.10116209429268284,-0.14613059831684003,-0.10737439161498775,-0.08710328670129748
-0.12203913670040406,0.08836435271870925,0.14668544055683455,0.12892892168539472,0.1672477412722181,0.05658062475993538
-0.5017599754752028,-0.5421250130781704,-0.4879980563555269,-0.5147987851989423,-0.4374156359182523,-0.7508300485765378
-0.6614235748626933,-0.5293321398546345,-0.4117993359314782,-0.48993451892162604,-0.4037758835024725,-0.37368439936844544
0.5687265096931481,0.8056839137201102,0.7289386398766782,0.903109274040469,0.9599589098109349,0.8995926186040116
1.9571654397940101,1.8493613294511204,1.7597705633725824,2.335295234569307,2.3700006164894485,2.563723446227718
-0.17420593258479902,-0.08018792624440257,0.010783338427369709,-0.051421262797700096,0.014591853524717834,0.0242673346417058
-1.464910690942268,-1.2984867069686497,-1.16012060989754,-1.2784719690667037,-1.1717387582106908,-1.198766196836922
0.2759089302261644,0.36650777397784895,0.3957634538687682,0.4052895254546745,0.377523891107714,0.45166256229462876
0.39812196494631563,0.35073141894954685,0.31508689140159857,0.3635392286709878,0.4018210922013626,0.4521022748162983
0.17952396590237985,-0.06465346223412363,0.051381660256987,-0.11556998671750163,-0.13085701135738045,-0.2410864815190891
-0.04147023963588463,0.1799630724094947,0.2068525944282709,0.21061452687715326,0.2639835691101062,0.30674486289075087
-0.9940121024188537,-1.0352230896715746,-0.932740430131334,-1.0278810665698532,-0.9522701246146735,-0.9725636006377381
-0.14896212239325307,-0.20933660720850225,-0.26643890336464393,-0.2209165679229638,-0.21604046632510163,-0.21925897325167745
-1.5746150439371034,-1.5111851278656887,-1.5250452102233805,-1.5424836518206664,0.0,0.0
0.1010477803399176,0.18427389873673122,0.25401810287338755,0.20583706297861182,0.24846716532405505,0.2917922327656549
0.3470068626805597,0.39340424203666846,0.37278120223050404,0.4331684018891988,0.30386244412200236,0.3836483813103894
-0.027787281096043226,0.08982193297583325,-0.15528157241926305,0.11634345709942084,-0.24897062077970677,-0.3919129735874809
0.46174035568973176,0.5016156949153682,0.5133074573460569,0.5501572458115908,0.5006287385400657,0.5988414892377603
-0.22091802392803034,-0.4787534714357117,-0.3146534521894452,-0.443224469121683,-0.4485589331199218,-0.5340625130642151
0.279172155335539,0.18672209785543886,0.08316974302108168,0.217713958121673,0.18054643339105458,0.0
1.8505183249163877,1.4414154082062993,1.4105935733685762,1.4553649384355043,1.4994841916619588,1.6451142930268836
0.4275196368205603,0.4193999150038647,0.3319034771146683,0.45796388366663393,0.5071822211227752,0.5221605991296128
0.16234753990142206,0.2742689441658022,0.08401387255331318,0.2880498047226988,-0.021812458303112844,-0.5975580328762659
1.89858488001226,1.372477579665331,0.7764874946150919,1.5653058311205028,0.6441912652347579,0.6680859526357977
0.14269618080249769,0.07879588325877673,-0.05527993932976196,0.10799716647270088,-0.2289875628479362,-0.1801871090569915
0.013527614539890055,0.09525408435066236,0.16861517327668477,0.12129834519515983,0.18218868067386965,0.2282985213280544
0.46227577137870474,0.6045716855623393,0.6320655141152984,0.6675890435553924,0.6626757870493631,0.7759343382216967
-0.27068496153479993,-0.3946635455571849,-0.3455253652570996,-0.35136256773599295,-0.26850384298367524,-0.20801383424261868
-0.20161236945016497,-0.03253498112145448,-0.10536993310654154,-0.004683966925967478,0.020330396549176146,-0.10672207025517079
-0.11351157053899974,0.19460403643350366,0.06424313809313485,0.22752172828729347,0.11218342689087477,-0.3161815120230555
-1.618587798941066,-1.3055456383425001,-1.1150236976225565,-1.2719126997333465,-1.1653638653824212,-1.1844515037061771
-0.202601877620956,-0.4624772425095914,-0.16530045814957792,-0.5116309236823875,-0.42494740415544935,-0.3902323997439005
-0.6048372520307919,-0.5787556244991103,-0.4761389253617365,-0.6003465745865388,-0.5114934042248283,-0.4906458889423342
-0.0958481816745094,-0.21118712903492262,-0.20153065666021164,-0.23156825582025478,-0.16403438314507335,-0.1801871090569915
0.9888116890439164,0.8970953433776432,0.9341485865643603,0.9169086903702828,0.9405613623507921,1.05648928829037
1.2567386283099755,1.2002575517257037,1.0180401653417748,1.4052972085913515,1.4475149395403843,1.0215206757837414
-1.8355821742244718,-1.6545591989816821,-1.5503619449602437,-1.896374341582341,-1.9782571164431026,-2.0151941068772294
-0.19356266496913044,0.0063723595215945585,0.026554950028400606,0.02225779063178317,0.03652915261487413,0.08578090693611354
0.5731887752222148,0.44076228050491245,0.5093854965207704,0.41782731461808775,0.4839465972725147,0.5550129910302717
-0.5272687752361692,-0.31873823275085233,-0.26643890336464393,-0.28896979998941896,-0.2289875628479362,-0.19092486653985
0.2281418335707411,0.01558995135676882,-0.2837206113983594,0.027380333027030367,-0.6164216642336379,-1.1308479220589616
-0.2221466262219522,-0.366649915855586,-0.575785239278429,-0.33251833196703934,-0.3500365088373482,-0.4906458889423342
-0.6728867195723728,-0.8189408268358148,-0.7701935053016123,-0.8331960933221413,-0.7783283774857722,-0.7967284104361158
0.4347657297799561,0.5168134930620164,0.545061983859294,0.5698952102567996,0.5606523376495971,0.6423508238067966
0.7434153407620812,0.49324505894156323,0.568694186390199,0.2943421054789928,0.36297503062609765,0.46127008994351687
0.4647673333468324,0.5417195359125565,0.5854395954449,0.5930457606322986,0.6319313651590145,0.7069388848454468
-0.2649118920569775,-0.10022034984682818,-0.33169579246678743,-0.08036631154385329,-0.10648971417899152,-0.262376129237424
2.2879080097807813,2.008906829057128,1.7705223185944279,2.619525397605651,2.535229112606141,2.484601066582864
1.6437644718090705,1.7475537415001996,1.5614782348779044,2.222478000107717,2.244711654434132,2.227817602504593
0.24978084572611958,0.26825594312735684,0.32618713248028564,0.266181776005278,0.30431148079045806,0.3841353949473887
0.34987109621957235,0.38733321729903225,0.27906353934288275,0.412980100153323,0.42928456466430365,0.31274012857792816
0.4225487481330184,0.597157201850605,0.5131298879592399,0.6585306829665138,0.6478775066782504,0.669363737237346
-1.2601513289992945,-1.0328693521289305,-0.8797860189596699,-0.9813443950996636,-0.8827345983663599,-0.8736385299096567
-1.124904284619541,-1.107461117260314,-0.9796823088347816,-1.0925350367389532,-1.0045130021735982,-1.2442669773292476
-0.27584089047388743,-0.2287485361287476,-0.1831153164795711,-0.19831609300038688,-0.227897468765834,-0.1661579020280192
0.40464772367073193,0.24130774347897702,0.0477771568934808,0.2444425750652823,0.2596586343245395,0.23444511972134416
-0.20737560937159677,-0.3602458183539654,-0.6221424095362076,-0.3313604458818795,-0.6099104248087363,-0.8356695817663463
0.9180717574552316,0.8360624355227512,0.7735705128412435,0.9378280946237041,0.9601237628940646,0.7961664641417477
0.07361977417779861,0.15981367838370983,-0.12943464385156456,0.17185209740468962,0.10849377089156477,-0.06025227677993516
2.289127003122962,2.0692971938422273,1.8640055399142865,2.761350135110298,2.7627893179732603,2.848255262407628
0.2644600187126474,0.16777269082485077,0.04505736526664909,0.1981174466401797,0.08778953999750232,0.1166423748368767
-0.6592443454656549,-0.6658691984208348,-0.5276674067496959,-0.707957675967997,-0.6208064368450229,-0.6023743959726341
0.6688137788215734,0.7035001128274073,0.29518088001000226,0.5312681858890826,0.0,0.0
0.5629969607647888,0.14155668081781103,0.24394661307079182,-0.10518865393354078,-0.027972934198936424,0.04681324876007718
0.9098215811545429,0.8197485302001913,0.6757952688052117,0.916579368611352,0.9297911741968975,0.5684606955689704
-1.1800216633805412,-0.8863521326775516,-0.7838509731845555,-0.8275945717313893,-0.7330091019190093,-0.9316729629957287
-0.38296466833908804,-0.13814553407339245,-0.03268277748945344,-0.11235675156691409,-0.04924902763411294,0.0035247460575498777
-0.044307213971037825,0.05838210824547581,0.13459375459441933,0.07934252096392945,0.1525073523213517,0.18487681117688676
-0.1606151431636283,0.12575339788175569,0.1599558765602704,0.1554480740258082,0.22698586075786226,0.19275482100463534
0.29366026792401556,0.4253122738254798,0.45018540243050226,0.4698595325805245,0.4556119208424047,0.547425223256068
-0.44503948031966906,-0.31136140874889257,-0.20369590232989285,-0.3075576931101703,-0.2592288330313485,-0.21925897325167745
0.48719594608017236,0.6635388503667518,0.7218626077237321,0.7355676778850703,0.7955099952651622,0.9127881138543816
0.177318087642085,0.05335418172977021,0.13382847889001556,0.0620985302318466,0.0928740715636852,0.07095439645029561
0.5160854003031322,0.7030424775726768,0.7571260487687331,0.7817349687073266,0.8386493059498141,0.9579843432648893
-0.8806496670555537,-1.0030226651955814,-1.2008981305231978,-0.9351577718126136,-1.1590707160428084,-1.4463146112890082
-0.32421211176331577,-0.12842672923059345,-0.06863634459274734,-0.10045655317090017,-0.0907889840118209,-0.06611949587325612
1.0016233359183218,1.0496839719810414,0.9548525199191076,1.2024453279405338,1.238619149516688,1.0008931672503207
0.5094847464245599,0.21614569514579537,0.038195344373841075,0.2444425750652823,0.2823849691843347,-0.14013606914196594
-2.0742026034771244,-1.7765186216706499,-1.6039705347316247,-2.3763243521298687,-2.2352417381261662,-2.2860944897269158
-0.6016718105957747,-0.3562780409284921,-0.23417594013684676,-0.3120178755373825,-0.2300797225352379,-0.22305416048922186
0.053882387099754785,0.09127570360542923,0.06072671835415556,0.07934252096392945,-0.12535385609000388,-0.10462733457325792
-0.08367648979264682,0.14420213225422354,0.14780454875869925,0.1523241999015504,0.17944915579855442,0.2362777927366149
-1.922224454315506,-1.7423327147151966,-1.5633787680436306,-2.1976116400888905,-2.062621321352378,-2.1041502421433433
-1.3242736006896922,-1.1207632238353153,-1.0392779494130644,-1.0834372678165094,-0.9954236899074892,-0.9917867200620648
-1.0133166936649132,-0.9092134138706437,-0.8100572948550145,-0.8680795745380646,-0.7724460200568234,-0.7899342481108065
-1.417961874949149,-1.2676085477898569,-1.2403220380412263,-1.2590449514663589,-1.2188538570672804,-1.236397667437206
-0.4087584910280971,-0.8789101005777695,-0.7237856928428922,-1.0079891667081295,-0.9086697155657177,-0.8855634215111663
-0.6760112373313859,-0.47392058779145624,-0.4342693343095066,-0.4348731097593766,-0.3650724852090773,-0.40725754856079543
-1.551849997628273,-1.38449584681873,-1.5188593908755792,-1.3647211283473293,-1.3762818445801788,-1.9412503770230967
0.03354936404459577,0.2544100573606497,0.28420982170457487,0.2872061490797151,0.34346080447081373,0.33723424336616936
0.26282924057652385,0.44568758134521375,0.44734028429132566,0.47809169489471853,0.5430074803133932,0.5296437876338107
0.5843721870890998,0.47234032963701544,0.46553931960990286,0.45177051631624227,0.4979885334840592,0.47031405651938135
-0.6096175376076679,-0.3772059851722878,-0.2862338452349193,-0.3371728733404151,-0.25807993563480897,-0.262376129237424
0.5455298767913074,0.3033690582558261,0.3464127213169514,0.1595892784001173,0.201030793139176,0.2741917068270567
-0.7751361671455376,-0.6859580549423056,-0.6514914989925219,-0.6346198572873738,-0.6120721469439443,-0.7292269968862273
0.1429101020720874,0.21295354530111643,0.2895849263102112,0.23626695700715078,0.2856309813606342,0.37580704341193033
-0.6697785946193707,-0.8325497047297543,-1.0919892494671968,-0.7670070127116818,-1.3121032765181022,0.0
-0.14304589732084352,-0.13760126933957684,-0.054730612720605296,-0.13024440601493859,-0.0951084393696422,-0.0382607207146146
0.5150627810995294,0.18458052217159007,0.1429373262107754,0.1152370273984063,0.13916472690773038,-0.1813708958137844
-1.1597663144360444,-1.0007826767959178,-0.8774831785733945,-0.9489464441590971,-0.8511946285118306,-0.8619686848199242
0.48787660778947073,0.2304245068507733,0.3609932024675379,0.24489371548771452,0.17171276514650796,-0.008003933329411078
1.7574360561434488,1.5964297237526737,1.4365886837438309,1.9801543193061595,1.927484961094164,2.04877918858667
-0.630377603057358,-0.731114719033794,-0.7587267373771319,-0.6817097474718454,-0.7842772423850063,-0.8697208096075454
-0.7667368731674673,-0.9189855611303114,-1.1565375790065031,-0.8503566198685685,-2.1690850499704513,0.0
-0.3549038348725253,-0.24685551726201543,-0.1262888137215767,-0.2514372519637193,-0.17090254735557464,-0.12374129651799272
0.7549282871812297,0.8557458099279248,0.8544495422649033,0.9590699262551636,0.941070016208346,1.0503742263635312
0.3855835542051617,-0.037991827391026356,-0.33169579246678743,-0.03567854908268751,0.031645228890179664,-1.198766196836922
0.04053847413394026,-0.2587992438506397,-0.19366381320719625,-0.3884220251822477,-0.33670606603135306,-0.29579254000440947
-1.576549389713315,-1.2880353623985599,-1.1217596162351555,-1.265437771726569,-1.1590707160428084,-1.1636962034648863
-1.618587798941066,-1.6034186883189006,-1.4322355653148764,-1.872770805783009,-1.7483366579289161,-1.7726461047797346
-0.2646910096691695,-0.3179963872832017,-1.2484999305657756,-0.29873740736644905,-1.4864769061074847,-1.4962111732539911
0.13341827836686165,0.11819802084675232,-0.03638290823852398,0.1481347678615059,-0.03890977921343655,0.015707688156055638
-1.661370559304934,-1.4829841885998853,0.0,-1.4992812750624949,-1.4067004647163015,-1.6494508442239206
0.550694478022236,0.6310957219159743,0.6399871283261424,0.6947400179438004,0.7243903558942201,0.7940360268051557
0.192478905813734,0.3904820663319063,0.4792738023962567,0.4260540163680713,0.41588927003133624,0.48218596818321346
-0.07349398117961445,-0.07577588876034838,-0.19794080985676296,-0.04493204525546689,-0.2592288330313485,-0.2154873922779628
-0.7615466855593725,-0.555192345441852,-0.5149769274152709,-0.508480548152434,-0.42494740415544935,-0.41771392075620645
0.18211956262703377,-0.024001080415549,-0.04709891741561457,-0.062392099998754724,-0.2478420489509574,-0.26102327914895096
-0.800514436852047,-0.957539841787773,-0.7818810225407595,-0.9703237787847157,-1.0576632902698886,-1.0707630438037097
0.9397882927721609,0.8395577029972099,0.8514121506741579,0.9335011882706371,0.9768947697718735,0.7488670398150938
0.4348908889452681,0.5917745056089956,0.6456397205550444,0.6537137907106637,0.6890942997884317,0.8067225740431596
-0.26402887362727767,-0.449395754314569,-0.07089524690229529,-0.474925571235555,-0.38912872642377344,-0.33575820403950324
-0.4738189089342238,-0.5764719707098559,-1.0666404693861014,-0.5309076489475073,-0.5468363799702369,-0.7667902160643821
-2.3489289051356845,-1.8273125336895215,0.0,-2.56298003920946,0.0,0.0
1.2326920767606184,1.2268765055284756,1.1660742539193174,1.3781993733985807,1.4053644873181412,1.414187307520328
-0.8499319908278614,-0.8274120217550902,-0.751201007336298,-0.7670070127116818,-0.775378982638181,-0.9360661267129057
0.47578023734000663,0.47804433513400835,0.4572253866473286,0.4628124363853116,0.4431247520998328,0.5272896187413606
0.2517142155138183,0.03599337849262168,0.12572351010592214,-0.15466287276180712,-0.1056063667636383,-0.05830879154075172
0.4671295325742623,0.230706300598373,0.3254024754856816,0.033724410765382046,0.10787664297891425,0.18817103139587327
-1.1324825452679572,-1.2191140916751855,-1.3603170052886422,-1.1611329507430863,0.0,0.0
-1.2543200847170637,-0.9554519679439599,-0.866095979162839,-0.886404881480489,-0.790294207053057,-0.7765910560222535
-0.12272693441228671,0.3621107142290784,0.33448007345719366,-0.17921758622705647,-0.10033398029175605,-0.02986239063710998
0.17982408351915655,-0.02623439949440244,0.12260198816805265,-0.003342050704789734,-0.054082480299688956,-0.1456997333990352
-0.13913581215329618,-0.24162452911264645,-0.5730056674439521,-0.20575500916258513,-0.7783283774857722,-0.7603510947413941
0.6155477690464952,0.7241146508513947,0.7165106752713385,0.8063132803167611,0.741015844369933,0.8442078872883257
0.11629270084795644,-0.11206492548712228,-0.2552095579818341,-0.13355431368531478,-0.31728050650640377,-0.4159582354172803
-1.3063508141982776,-1.1652313701918622,-1.0216698242032005,-1.1355744552186633,-1.0328059588932035,-1.027187227385285
0.2705112283809964,0.6284513124962171,0.4977884948402933,0.6869617109926313,0.7278884883609782,0.3658728234754311
1.2072564587486743,1.1971755990759956,1.172539383503181,1.3512357424508121,1.354620426793157,1.4893779685996358
-0.4179062968629789,-0.41700998113742743,-0.4117993359314782,-0.3720730242080704,-0.4955130198699775,-0.44839309244288333
-2.2179278102199733,-1.819831580326496,-1.6470869344577523,-2.56298003920946,-2.4153081303010633,-2.475780551076764
-1.580435788121169,-1.4298337764870872,-1.4828758782701241,-1.422957110641262,-1.3385533431909136,-1.5981376691973628
1.1410635407793852,1.176261500518774,1.1251051210365395,1.33590925399283,1.306396580174294,1.4191816676784923
-0.28332054328611456,-0.10895134119106213,-0.000495432879279429,-0.07733355605627072,-0.015715081192439702,0.05496318222061168
0.1369968555986452,0.42157546857194994,0.38266381442281633,0.46538376945274057,0.5305520773241921,0.6131925507830374
0.3318487677133163,0.44342008797306814,0.521230010226083,0.4890133405307001,0.5531056559666602,0.6587503980076337
-1.8621958894072022,-1.6034186883189006,0.0,-1.7021527787297168,0.0,0.0
1.2954018742169942,1.264571752131723,1.214617224957185,1.449179830058141,1.4577026808398839,1.5434485580616826
-0.8421958391362141,-0.8223157043547169,-0.9227708127384715,-0.7571228275674668,-0.9240986226481691,-1.198766196836922
-0.5746772524787667,-0.7459235936837497,-1.0274850265210356,-0.6838502700434047,0.0,0.0
0.03834763797921066,0.07056911218389054,0.02182547264793075,0.03624394214819142,0.0196160781878788,0.018287844654816168
0.32629261313707564,0.2164349668344203,0.17324496625157482,0.24579503982975512,0.2758417627538807,-0.16963510778601232
0.2537281813660638,0.3667266779648365,0.42480858238531927,0.4063435969419669,0.4668190450284884,0.5523669227448835
-1.1277351996697926,-0.9170191641770447,-0.8267614697344823,-0.9053769420446766,-0.9400061588302882,-0.9820889226115793
-0.27068496153479993,-0.31948101151693387,-0.5842037823668618,-0.28042110298049683,-0.6077572972871856,-0.5810133315173913
-0.21521930472277606,-0.4048735686275847,-0.7382521336840794,-0.3610172452145987,0.0,0.0
-0.8105260653952119,-1.1426224979314916,-0.9796823088347816,-1.2464971389662711,-1.1406605343000202,-1.1308479220589616
-0.22584839814874347,-0.4152610610090174,-0.7549521811228024,-0.37083420763606517,-1.8208686367817963,0.0
0.20856314851298316,0.3114373850833124,0.3977999744633894,0.3472112977837711,0.41098184894479606,0.5061299575186498
2.0281325982896004,2.0447889547464153,1.7990713707865789,2.738800943122519,2.73364840737528,2.0911838942283905
1.5432530753367404,1.0875297084645745,0.9519744170841692,1.2158598283805278,1.2591108193569902,1.4124771352887504
-0.150586420949084,-0.01078329602425893,-0.1513251463174359,0.013841994599460006,-0.09945982722712217,-0.23200316019802128
-0.5244942082840313,-0.5464497409990556,-0.7530736886065011,-0.5100535627741255,-0.6387103811757667,-0.6772250301207453
0.3428674629369765,0.4794606846019112,0.37562526903622506,0.504308370234182,0.5210503207146456,0.47415298964620795
-0.09798492853839788,-0.02534001382735587,0.04687213149355985,0.0039866715054548765,0.008069545209391559,0.08346280281021072
-1.2743736294629135,-1.054365861607886,-0.9989293184946558,-0.9964049604760196,-0.9163262285534005,-0.914448797034277
0.285310740578616,0.4665735747018244,0.4830725085925828,0.508227707579965,0.5305520773241921,0.5580244812160955
-1.0972902372843427,-0.9831365724360746,-1.051294048455449,-0.9118530900722667,-0.9481493304363154,-1.043110951078002
-1.7072124444146541,-1.4922568158060985,-1.3363950346374978,-1.5313140724172356,-1.4172944669953098,-1.5372938609601992
1.0074391774959337,0.8645971671670862,0.851666070449687,0.9687665213268218,0.9880630782836597,0.5610226633514447
0.11797338496046977,-0.09666359782934711,-0.3298772902183642,-0.08878515425340848,-0.24897062077970677,-0.622057163913097
0.2013017280923222,0.41422183015099867,0.4838286371993486,0.45763937014177913,0.5006287385400657,0.6069291875959507
-1.3427258607544441,-1.1048327263250732,-1.0392779494130644,-1.036053569957914,-0.9359827000861248,-1.0485269248341538
-2.401199583003446,-1.8425128010547651,-1.669688217569494,-2.7057240127526496,-2.552851226001163,-2.6205955972785993
-2.294588807451322,-1.8273125336895215,-1.6545397778233306,-2.56298003920946,-2.4153081303010633,-2.475780551076764
0.3160212677210099,0.1504346901934895,0.14668544055683455,0.17185209740468962,0.15308090737450908,-0.01974893649805092
0.28216712880897404,-0.4964791334799662,-0.3568389033177919,-0.6648758392530207,-0.574420670215769,-0.531919479535703
-0.12376020287770174,0.002982738108992692,0.1071076857903275,0.03182800866665892,0.09160693518962029,0.17220269597616622
0.018232782481419324,0.10737380174620502,0.13114099922941116,0.12567003873653243,0.09665965698002281,0.17220269597616622
-0.8184302088625373,-0.6438626794218353,-0.575785239278429,-0.5893712230176366,-0.5007885189068305,-0.4827321757242215
0.24898794700337487,0.1129868839719016,-0.07945210846016336,0.12348800297300923,0.1957059851472758,0.26783045488378077
0.0656857817202201,-0.07724277823391781,-0.06751046288524064,-0.07431582576996394,-0.047646596479087165,-0.08913933448214903
-1.6124101602155065,-1.5355995440662702,-1.5375868845700043,-1.5776458355780603,-1.877026992854993,0.0
0.34279325706821434,0.46238921440797065,0.5250555532203269,0.5097289765467803,0.5570408938486237,0.6584262122779196
0.32820181546575744,-0.06849754639927706,-0.22809457645027573,-0.062392099998754724,0.013870653250182809,-0.5559427013440155
-0.5834109498198792,-0.6554155977753494,-0.7493341033115826,-0.6153214753343621,-0.7783283774857722,-0.8320134293105096
0.37645584146309563,0.4814019304590395,0.4218092812804594,0.5233830601597909,0.4671661231782049,0.5308178038699193
0.1807234554153447,0.21989431551191693,-0.011008412597406984,0.24669509196722184,0.19677463910130646,0.15582746162655867
-0.1697017134333606,0.017663964041189903,-0.01557880888806626,0.045601938974594323,0.03652915261487413,0.08191268136977593
-0.9409169329423971,-1.0666220399831645,-0.9989293184946558,-1.1355744552186633,-1.100198656242752,-1.1569584405720543
-0.2729209678797235,-0.45403514148083546,-0.3164231808688523,-0.6077841709355084,-0.5187473847252868,-0.47298900141889566
1.0485766365305322,0.9204578604787929,0.9670190952322253,0.9000801864237371,0.91937333615307,0.9930784460432166
-0.6773553764864185,-0.5926392952119578,-0.4117993359314782,-0.5542550836202875,-0.46819716522001475,-0.44839309244288333
-0.4915332515786893,-0.26757940981143563,-0.17757160510235495,-0.23254610127153294,-0.15436112786321873,-0.15131434167383245
1.027105388323356,0.8407752219917416,0.42800160461792375,0.945454845390597,0.0,0.0
-1.5650304670765918,-1.2543286461970755,-1.2047351499452281,-1.1771016613858427,-1.3665638361368453,-1.7278759064862808
-1.43168300890903,-1.284587407697079,-1.2822682996054395,-1.2590449514663589,-1.3295723683267267,-1.3496376813292321
-0.20997819069669793,-0.2390265004827628,-0.22960863977898713,-0.26886488500671507,-0.23778337264467808,-0.326642899993437
-0.6562068448942184,-0.4672189348103884,-0.2721399739762744,-0.425280072078229,-0.3406723371366329,-0.38521918170051533
0.8806628946801511,0.8482745960420925,0.8652460883102836,0.8394943956015442,0.850179032679361,0.9763649379552002
-2.212773539471486,-1.8051002138391214,-1.6251947193218304,-2.458813931406371,-2.3148483121005152,-2.369967530375328
-0.48729739734721955,-0.5293321398546345,-1.6397128450201497,-0.47938715021304246,-2.3148483121005152,-2.369967530375328
-1.6861779526897047,-1.4088510503730742,-1.30428643460246,-1.4056038561649593,-1.2952509609944807,-1.3399669086279402
1.3314387659381557,1.3522357465054653,1.2932118904967291,1.6019068092692383,1.64702340504362,1.6180003439751653
-0.08127338974973351,-0.24227584650901896,-0.28875846951516226,-0.21423596396340705,-0.3833752045061278,-0.381900510014382
0.8923364172688596,0.9473817763381854,0.9520415695645015,1.060235181314562,1.0965156024460707,1.2095614815067142
-0.07744963375636098,0.13622743409314583,-0.07887737611524467,0.1652393550677625,0.22596834579469327,0.2839023009672613
0.06838383418537979,-0.14416666940119585,-0.07373235901750916,-0.19555017361841023,-0.2289875628479362,-0.23587931921560956
0.8059003337730688,0.7707303310704566,0.6434945185467361,0.8607008100763014,0.5789978901282696,0.6754010583363136
0.264888362622254,0.15981367838370983,-0.02121900273252839,0.1878405286032595,-0.03029966076865955,-0.10358262776107983
-2.387748629182529,-1.8348724036320503,-1.662072985679459,-2.56298003920946,-2.4153081303010633,-2.475780551076764
-2.3062912933741075,-1.8273125336895215,-1.669688217569494,-2.458813931406371,0.0,0.0
-0.5276165229282549,-0.4031597318021327,-0.34645953417906006,-0.6385605941484065,-0.5487611669941397,-0.5068042597911706
-0.49448388614441374,-0.4475499740653683,0.0,-0.613427648752277,-1.2188538570672804,0.0
-1.8156105789611086,-1.4922568158060985,-1.3270616923384342,-1.5424836518206664,-1.4281339783048788,-1.4583211360676545
-0.9465139586240134,-0.9131043914776699,-1.0452576027215126,-0.8771642714176724,-0.824681792643479,-0.9273152336370668
-1.6332387433411442,-1.555770756865587,-1.3851273003455367,-1.686573191178918,-1.5679019846645683,-1.5821898563111405
-0.6108186932696021,-0.7941881240182944,-0.695855977366175,-0.8030786569702835,-0.7091238704621488,-0.6968800104429705
-1.918923682477606,-1.6089197926154464,0.0,-1.7182718517898272,0.0,0.0
0.33048403053381575,0.11123889190301055,0.1276648868883086,0.033092922213420715,-0.08650097495631488,-0.08812047281522419
-0.15439465763497243,-0.3634392387456324,-1.2998237837093118,-0.3418646715406549,-0.7523598096697504,-1.4119549571426808
1.177172476228648,1.069634087383043,1.0737478533769131,0.994577415028999,1.0281773579318139,1.156501075602914
0.6828519952001371,0.575280070405035,0.4434519463004654,0.6348401833354425,0.5763667582734661,0.5942274181986854
-0.7392315650015134,-0.5787556244991103,-0.45652199990277015,-0.5491706127314616,-0.4615736212399974,-0.4410287041405675
0.6291922667327603,0.8336890641323607,0.7823639235387088,0.9400611713845605,0.9369901416428509,1.012556457627042
0.09338202947005272,0.24268740931223334,0.22092319955875592,-0.02586707120274753,0.04754554342314857,-0.1423554834856188
0.1963745328340919,0.39194516456805867,0.4120408249260677,0.4280946090513766,0.48832581628701704,0.5523669227448835
-0.742726295989311,-0.9389885341092664,-0.884417581139494,-1.0443554556807941,-1.0784776254132629,-1.0651156476008148
0.7029089742066625,0.4403814967036845,0.5001671402226535,0.37210673141679224,0.39873786413474366,0.4779700740141119
0.21102542763193158,0.34392271936691116,0.3824308242228265,0.3820219826621584,0.36297503062609765,0.45779238452814236
0.9293012888742903,0.9939524177561672,0.9527795537548792,1.1354692559334203,1.0302645804004178,1.1569835561857025
-0.07872133591850117,-0.04028110967388316,-0.16462676294073986,-0.01826662683449234,0.057022132344092986,0.08113619779287537
0.42331649539660693,0.23379644205880848,-0.1606020077442889,0.26661782057037753,-0.2779315247020533,0.0
-0.007799447546250953,0.07879588325877673,0.1628586603683119,0.10687586836731734,0.1368142012067089,0.22084478564643464
0.30919583475238815,0.39319604776544304,0.30890095228116676,0.45177051631624227,0.4045066717111799,0.08191268136977593
0.014875998993143694,0.12438734230079612,0.09979648576790795,0.15440850399797748,0.19087393146125162,0.17287601873577407
-0.7756650651470354,-0.6104477774864852,-0.5661138225055383,-0.5491706127314616,-0.4615736212399974,-0.5276571266628787
-1.0631559096693521,-0.9896975640006654,-0.9557717077612261,-0.9385716310783496,-0.8410934339842402,-0.9773051041278389
0.16141762306968593,0.24433839790887188,0.2968474535471092,0.2739854617509678,0.29069795605449184,0.3767923063764238
-0.3955792457357807,-0.5741968069465352,-1.1150236976225565,-0.5211877855025147,-0.629684175812167,-1.124519679402575
-0.22091802392803034,0.2008884060665161,0.17040084257247984,0.22006290680798188,0.26875401214643013,0.07958037274838375
-0.35957375321956775,-0.2668993209433042,-0.39525460823534403,-0.23156825582025478,-0.30096601788954636,-0.28726251233630146
0.8058073103987116,0.8552399947640025,0.8611249751850655,0.9421283742430223,0.9898017155301212,1.0383654321852525
-1.5068906294365076,-1.625687857906393,-1.4486989111071444,-1.947679472105201,-1.8208686367817963,-1.849179186926936
0.36766771518179303,-0.020446008041228144,0.09279523297645195,-0.2544757430061178,-0.17387104909992793,-0.10777211176134528
-0.14073212951896003,-0.18344088687131702,-1.5901734935989034,-0.15209048174479195,-2.1123569015731274,-2.1565822149837635
0.8019164498727475,0.7445505222308834,0.6346755254110291,0.8289222369799322,0.854428324125356,0.561770143893644
1.4211905055461418,1.434604159642515,1.3715101774746548,1.7130719835493864,1.7330307759458095,1.5362030167505663
0.16007163382866643,0.2616434110435172,0.27675913623875575,0.29517643701464924,0.2720716794853928,0.35983980075370364
0.6849667949567536,0.7208106093485527,0.7067852954587353,0.802245150008475,0.721813286803258,0.8189263989273999
-0.053513518894442114,-0.11310655764367532,-0.16395390030547288,-0.1196106507795592,-0.20546862781275052,-0.15812050817484774
0.10334995544079838,0.08763412799257737,0.1606831206198063,0.09440697467022063,0.1610547004343201,0.15651817160684897
0.08703025326924053,0.17872516018416443,-0.13706012290510958,0.1995720557646325,0.1860035955114214,0.14467363724208498
1.250301964537933,1.0497404082236401,0.9821783472941288,1.1098861252446404,1.0392861084984515,1.0848963214620337
-1.8652212778048634,-1.6034186883189006,0.0,-1.7021527787297168,-1.6672142309408793,-1.976682149353645
-0.6877629660163225,-0.6201609311148337,-0.5445897390923362,-0.5985024341755593,-0.53167684396266,-0.5559427013440155
0.6673204146436256,0.626458988176176,0.6885182134662023,0.4768318935682183,0.5386753357281091,0.6443395725999128
1.1713900336226528,1.007273441204284,0.9215768601318325,1.085299064021872,1.119541728726747,0.9208569646544696
0.12652141694027377,-0.06513255557497297,-0.4419599183821219,-0.03497249831110102,-0.5866835018661316,0.0
1.1283713682761431,0.8671559335464816,0.7998280681198001,0.7904873164269393,0.8030336442774869,0.7344929016887656
0.18321402381543736,0.13488704752959768,0.1533636884215406,0.12838694901667475,0.13030313508334102,0.1979538328960524
0.5344767339799492,0.6120174678403029,0.629579196725118,0.6704244970880797,0.7276558522541765,0.8095978632123721
-0.592276330637672,-0.6765022395342619,-1.0101972891364013,-0.6172217101163425,-1.3570417209891446,-2.1041502421433433
0.3006019485695516,0.18885533853994166,0.08695755373169824,0.1956856502663319,0.2591762218655986,0.25015895092968415
-0.13560447774344403,-0.6128617255240527,-0.46798026029322015,-0.7695061480680933,-0.6764101721166054,-0.6398563818887769
0.2191851437307645,0.4205876905490412,0.5019888079446084,0.46442069855860163,0.5296081712217744,0.6380219929429182
-0.21017888278587749,-0.5116577204453612,-0.4086603565755672,-0.5985024341755593,-0.5724034494549493,-0.5763727922780257
0.6242593469840391,0.3231985693332762,0.397348150709291,0.1667715370816207,0.22034185962775277,0.3051002257653106
-0.5946111785137422,-0.7641692501206756,-1.0422607404382949,-0.7012782671521924,-1.5120439363490967,0.0
-0.5705457118074284,-0.40145079701885533,-0.3093775852956388,-0.37083420763606517,-0.2887268322959307,-0.2943624145611451
-1.8017122634178298,-1.625687857906393,-1.4887428827960407,-1.789031302351054,-1.7059139894899367,-1.7278759064862808
0.10940484758678319,0.1504346901934895,0.24116440385247143,0.14708303624510613,0.20420370951942235,0.2856010403157599
0.35060308275472657,0.45447570378125235,0.4347436475023761,0.499147736483689,0.4545511092406352,0.5312086899002632
0.2653163707643761,0.28150000637923206,0.32801316296779326,0.26487185538953406,0.30967491705278377,0.3899518035224744
0.0008292586468994399,-0.32395741009499657,-0.30415100864188327,-0.4280047323933282,-0.402293835049646,-0.38024813381171624
-0.2774193441142542,-0.05609806363561115,0.04140882535056679,-0.02725913799443473,0.04822741256851998,0.07645722230114617
0.36525243289302634,0.19820393788157192,0.10912034288125182,0.2242692565778279,0.16948431992770818,0.20439422425210577
-0.4722348952655544,-0.4048735686275847,-0.32355852316639067,-0.3646792834237216,-0.3198324916914499,-0.288675785191574
-0.7442303353885162,-0.6593150385433214,-0.7237856928428922,-0.59300597079638,-0.6252270677638088,-0.7322624379858043
-0.028514492442391046,-0.14581978619277558,-0.18871585324744364,-0.15123545310824843,-0.34868924121457995,-0.3117535586155565
0.5426729479329485,0.3929877718076838,0.43724782661445605,0.3939386791698537,0.4605392242603321,0.5576487752575616
0.044256012377017546,0.25736863820376715,0.17395352375495549,0.2884712167654761,0.29253033493590236,0.32456872114335483
0.10173943780582745,0.17810515530157411,0.24763240780414122,0.20583706297861182,0.22698586075786226,0.3072921590418502
-1.016463018225922,-0.957539841787773,-1.0333540836501314,-0.9283949078143393,-0.8755578220673379,-1.3695577067823497
-1.068285087652595,-1.1681126638604462,-1.3270616923384342,-1.1064877204133283,-2.3148483121005152,0.0
-0.2572313041693407,-0.1911486184465802,-0.07601293054669339,-0.15897476016553747,-0.08564710470689643,-0.028011352840763212
-0.44503948031966906,-0.31136140874889257,-0.20514416284701673,-0.28789442250137876,-0.208619929551178,-0.18852229400994341
0.010685365911171663,-0.1810897646652648,-0.5472373082666272,-0.1478274179657368,-1.1913769084129662,0.0
0.2897470138905001,0.1562749078158061,0.03264021211978661,0.1549285035617545,0.1766973470089054,0.11517115086361386
0.054007946762690044,0.18119819796804854,0.26625558697544965,0.21204077911621758,0.22341720360785516,0.3111104867995107
-1.1607634401409253,-0.9430650358285928,-0.8615992737138594,-0.9053769420446766,-0.8087705218030388,-0.8036071174695312
2.0548428122005578,1.69675439760862,1.630374058504277,1.8549783762607521,1.884466489298449,2.063792130684231
-0.1939527018869808,-0.31356478859955295,-0.33626796681195104,-0.2857495245488784,-0.2626893987678719,-0.43195152277823523
1.759049886458051,1.708865198028821,1.4393055222878077,2.141678983352409,1.4035210944947583,1.4021342145776599
-1.1647681462424329,-1.260935658670435,-1.189520842190612,-1.334284050017281,-1.2710342717157206,-1.3903050200552647
0.2530285128156159,0.3212958819256354,0.3436457979904076,0.35789008807511635,0.3642003312639711,0.42793353964581976
-0.03245781863814025,-0.05798817202849405,-0.04493837320004459,-0.04636815650159998,-0.043659360675419444,-0.04202994566262385
0.10929121492956141,0.1964069469745026,0.24671349324669767,0.22752172828729347,0.2244389249310441,0.29067091512531423
-0.2572313041693407,-0.4320856558741499,-0.6358638037814164,-0.41584355573423754,-0.9400061588302882,-1.2060753529224313
-0.6992866038640332,-0.3437565776028098,-0.04547768747979359,-0.3042345916112766,-0.22680943213532498,-0.6476588497387222
0.6227220593349233,0.6591892486980161,0.6799102489597467,0.6967841131366672,0.7135462468904133,0.7977600510582149
-0.24281019281082886,-0.10791722873232018,-0.2879156564409397,-0.07733355605627072,-0.09771540859200782,-1.4119549571426808
0.2416209604515033,0.3246211713287905,0.3479154142732877,0.3571331329527272,0.41551311932361373,0.39858184077861275
0.15255683160088998,0.4958217796453391,0.26713936844014957,0.546478932738822,0.5146371531906726,-0.07802307159569932
0.45231331176566786,0.2674666897017694,0.2982320061842819,0.18536884428405254,0.18491603576018506,0.23322045390448218
-0.15112889029729323,0.1233605827948084,0.1750145155331453,0.15336721460633715,0.22341720360785516,0.15582746162655867
0.4129235532956847,0.3967242908799248,0.3166879807282841,0.4308055295402782,0.3791199305142984,-0.005324573913583648
-1.0471916321163943,-0.812244646275272,-0.7818810225407595,-0.7474134395603981,-0.654879561457431,-0.6940297761664658
-0.01927670800069457,-0.3723106665167418,-0.29469411023347825,-0.4929840674186715,-0.4280384405410597,-0.3902323997439005
0.2922775369170489,0.2424117561977614,0.2839253074696647,0.2542946945916566,0.3025133953221537,0.31544723048101325
0.3860633198661035,0.46675474878144746,0.5030784681787934,0.514510254415668,0.5120539093954314,0.5952949778957899
-0.7318111953347477,-0.7489278884029686,-1.0855572073971569,-0.8084319753891483,-1.0279787699027418,-1.0764715706087604
-0.7138936808708526,-0.6645528050262468,-0.7493341033115826,-0.6096590408043597,-0.566396193668194,-0.6424452933826763
0.5199962794409402,0.42157546857194994,0.0806290835016433,0.46538376945274057,-0.14014551979377837,-0.0760232008692172
0.6201646646003628,0.7263053532136577,0.7773889093232861,0.8086271580661266,0.8672071294597068,0.9849741043783501
-0.44353181405177583,-0.6685104068601196,-0.5087341550735449,-0.6096590408043597,-0.5205759264903659,-0.4966526941211967
0.8339327953210874,0.9527989983361949,0.9733903907815362,1.0819210060139455,1.1073911743700333,1.2508990590478104
0.5275751904426191,0.6155642659637687,0.6319277357519149,0.6811847825999309,0.6700788358238708,0.7698867910285361
0.20884782214390382,0.14978193945005575,0.17958677052182218,0.13913846618450798,0.1739331385428299,0.23992767817772886
1.0456504344195823,1.1197549125931712,1.1266142121898979,1.2979178884599167,1.3479125108991437,1.4798265829654442
-0.34061248829821783,-0.10791722873232018,-0.02328496982907168,-0.08341424931433401,-0.009679466144638245,0.011383733509948648
1.6303560186511863,1.0874254745733918,1.0738485302743856,1.0029262228368978,0.9728616625396819,1.1084656873689074
0.3606765627602451,0.49633560185370773,0.6429566539473967,0.5470461543218325,0.593139199884776,0.6623063940209268
-0.9557208399183401,-0.7610912023379722,-0.6546669547039495,-0.707957675967997,-0.6186096063022425,-0.6145962283910894
1.4935318151557484,1.1272863892319351,1.1562621977259018,1.0233048984129554,1.0760558039915313,1.2141875499723032
0.439253200849077,0.39423620348265737,0.2844941734924357,0.4355227708494914,0.09097237152461092,0.1627013158930619
0.04336094460115302,0.21091241495176194,0.28049840139895915,0.24172900722497262,0.29069795605449184,0.3511974995567165
0.1297068562362997,0.30754057748831193,0.38545105010778385,0.34374104695882735,0.39989583284822666,0.48887682349748174
0.7074219592003357,0.682484974534916,0.7231061067780099,0.7215007386435995,0.7817078191423166,0.8181537358293064
0.038863904371094396,-0.020446008041228144,-0.07658459499178617,-0.008051613850820837,0.0014753182196964047,0.04187229028935142
-0.629963441665179,-0.4258320298573728,-0.3390292281391049,-0.3884220251822477,-0.30468960872147927,-0.28726251233630146
0.734388723694113,0.6118805610445011,0.6083235481628447,0.6510497474403708,0.7092541234819797,0.4872103467153518
0.6800584065347727,0.756218131895387,0.6054144195737075,0.841699617373422,0.8575020109193998,0.5362697501751807
0.499927244165975,0.43174032229230086,0.44652429323779796,0.4733549514145034,0.4953374397042943,0.3240356567619313
0.6511496427817702,0.911667854343279,0.9137222556370476,1.024153146907838,1.0628317965650267,1.1919892892489046
-0.560526208793762,-0.40145079701885533,-0.367412747862078,-0.36959801702677986,-0.28751723030582055,-0.3221369773238166
-0.4597155549415616,-0.23773180919299813,-0.44863499541304225,-0.23647362448069495,-0.22032396834353704,-0.19940933239337302
-1.8355821742244718,-1.5871709607694744,-1.6251947193218304,-1.6714967031792465,-1.5532832468746605,-1.7278759064862808
1.8387040221192814,1.8842418494669009,1.758295846409964,2.451956740776702,2.4257657492552656,2.633210826277919
-0.610418035965507,-0.514739582223994,-0.43100473377689547,-0.47640891307784394,-0.4082456957636044,-0.4827321757242215
-1.7048410202566517,-1.6970824005318745,-1.5250452102233805,-2.110347211680965,-1.9782571164431026,-2.0151941068772294
-0.6168614645858117,-0.5389014986800086,-0.8683566821503206,-0.4884158134536949,-0.4112455139260147,-0.41771392075620645
-0.4453414835195095,-0.12842672923059345,-0.06136017196772015,-0.09576105391813217,-0.018755966965632555,-0.06025227677993516
-0.6728867195723728,-0.8359981270866145,-1.09522966332971,-0.7695061480680933,0.0,0.0
0.5547103450910463,0.6228531255383233,0.6223204888501247,0.6809526758911507,0.6784029937932472,0.7612753258027066
-1.016463018225922,-1.0375853765807366,-1.2403220380412263,-0.9703237787847157,0.0,0.0
-0.9305599256142401,-0.9659596881484821,-0.9203031321181115,-0.9053769420446766,-0.8087705218030388,-0.8430557446357078
0.3620390669743388,0.364093879113706,0.3959901554656323,0.3669052240538162,0.42299415523497635,0.5169923157276465
0.33802283367153135,0.3585667812028645,0.43453437790405947,0.39035056392417167,0.4358779314281719,0.5272896187413606
-0.3301219536480646,-0.6658691984208348,-0.5341179813619642,-0.7670070127116818,-0.7637438393786731,-0.7539856710738583
1.8018490715966617,1.8055371068685353,1.6588568977378124,2.3162267905479643,2.351179457518584,2.573639846675984
0.03159228978895174,0.1378983558881285,0.12494490313052932,0.16779092766839446,0.23556778827811153,0.23260725243046995
-1.4965585542595121,-1.5159994903531318,-1.3458610955649846,-1.7182718517898272,-1.598633918724293,-1.6146354532965854
0.10495580483750186,-0.022665308345124154,-0.12378526585965036,0.006630196250794228,-0.23667652122979016,-0.2802456359332863
0.14108912369474944,-0.141969870865326,-0.09639310152131639,-0.13272513551392479,-0.05489190328541212,0.010515357684152338
0.11426911870286538,0.18181471949916095,0.2588293646946483,0.1006725236113015,0.17115641296979445,0.231379106610887
-0.5186415854630827,-0.6941792200895915,-0.9851216824673878,-0.6346198572873738,0.0,0.0
-0.8088457977726011,-0.9554519679439599,-1.18204502761775,-0.886404881480489,0.0,0.0
0.5743948936139944,0.6080322504579424,0.6070166938672029,0.664979371845627,0.6078180097152918,0.6776120709697269
0.7665272086537483,0.6351676958204799,0.4409798760854422,0.7022050781043297,0.4916742329968686,0.29958807953210237
-0.8756283062490782,-0.8733850546101485,-0.7779601585854131,-0.8561998931044535,-0.7933287403791071,-0.8936609085814988
-1.2508474317789104,-1.0592407400042896,-0.908109406857671,-1.0119078419032246,-0.9124837130949613,-0.9060378641664161
0.5636858119408136,0.395896224013286,-0.20878162590284094,0.4185168447775625,-0.2333686775059368,-0.2154873922779628
-0.2950754634223929,-0.47103932779071067,-0.33626796681195104,-0.5732985361688299,-0.4851108642489372,-0.4428611355515997
1.093657711167705,1.1495010860203996,1.0841389862471873,1.3367335704900545,1.2551242500014685,1.3889446564422434
-1.618587798941066,-1.4829841885998853,-1.3317119946890483,-1.6568905354145662,-1.5391192979763404,-1.631724460248939
-0.23541909202716463,-0.07042936418482076,0.03496201479987188,-0.06461011765847118,0.011701823601014951,0.07016436143144564
0.22354326544108916,0.12711608854962084,0.1892972966648559,0.060287071453092436,0.12970775576519164,0.16064688215757186
-0.7584541002717291,-1.0235387226629882,-0.8638435286662354,-1.1664007873824453,-1.0627861823063378,-1.0485269248341538
0.17771981465697434,0.18119819796804854,0.1892972966648559,0.20198900787946342,0.11401988531258338,0.17354863686817992
-1.2416808674841764,-1.3308513443262606,-1.252627400161451,-1.388842170545605,-1.3963406218930265,-1.4010120476166172
-2.2606560767965935,-1.7906663286054465,-1.6039705347316247,-2.249080537375907,-2.1690850499704513,-2.475780551076764
-1.6396218992644023,-1.6200537003669722,-1.4486989111071444,-1.947679472105201,-1.8208686367817963,-1.849179186926936
0.4798811682812069,0.4799908295348841,0.4047500602243474,0.5274833563944209,0.2767807262691091,0.35730967833966654
0.004408492368010501,0.12949274800124505,0.18757682578581517,0.1590731142985311,0.1553697616692772,0.23322045390448218
-0.3159424445415594,-0.11467256355177803,-0.01916106329788565,-0.09187567395455132,-0.015715081192439702,0.013981677419408743
2.164899873020419,1.9374221119013844,1.7409212589808634,2.432094939478642,2.143787791376939,2.249829197887637
0.07410433897437196,0.21931927886158462,0.3075458983303266,0.23167918804088988,0.30161240892239294,0.36236026207021066
0.16881338149613578,0.2592430010267291,0.25401810287338755,0.29308857142963823,0.19784144018987607,0.2770627954579868
-0.7412260433588096,-0.7123734451389937,-0.6343234228927187,-0.6838502700434047,-0.5950150959826366,-0.5856917731463337
0.9102017795990508,0.9495420368519155,0.8359023055829071,1.0786576790073819,0.8922451555447546,0.9720212993464267
1.1009754538526806,0.9510693000497175,0.8023895889404723,1.0568704663435444,0.8937002709495977,0.6826393533011225
0.6686122204138406,0.7407417921999736,0.7380950429628691,0.8221605596134319,0.7448813548450731,0.8574918808894157
0.8089607923187819,0.8798336779433428,0.8460456649287265,0.9932500845822435,0.8966011803539926,1.0052643099087781
-0.4609554416849653,-0.06274111188874353,-0.018647825838824572,-0.04564967957409242,0.030242492672115085,-0.10253968660050097
1.6883216654417887,1.066593727964389,1.082120910953382,0.9907360530716007,1.034272233815747,1.171785383678155
-0.09996452165465129,-0.04535029393717759,-0.4076178612577393,-0.015525982971631476,-0.0051925061809698905,-0.06025227677993516
-0.07144797724910028,0.14880136167582583,0.12142651917408519,0.177895274285202,0.2305340303912536,0.27130792200281273
-0.9932525109468695,-1.118081171836196,-1.4268356939234639,-1.0527910764444053,-1.2870422019230527,-1.7497216705303198
-0.29182455592231304,-0.08562717137552472,0.022774782886635002,-0.05944722378704664,0.01531218598438213,0.08578090693611354
-1.270787445348272,-1.1976368436389562,-1.1529742785885124,-1.1717232914943676,-1.1717387582106908,-1.2686295934114449
-0.7746077369193816,-0.9170191641770447,-0.7237856928428922,-0.9703237787847157,-0.8720064389565023,-0.8467864550046333
-0.5332087690317479,-0.3422098287024419,-0.15001271582618647,-0.30202956049085544,-0.27319827194149415,-0.25163740808604135
1.3048515699461836,1.0469103665797117,0.8143360014297107,1.0557903782219502,0.7189904716320699,0.8369692498722358
-0.7693489859360153,-0.6325219027423834,-0.5099773486195358,-0.5985024341755593,-0.5096947497228471,-0.4768667336425096
-2.0259785608260352,-1.7558104436786977,-1.5833767480734464,-2.1976116400888905,-2.062621321352378,-2.1041502421433433
0.42720236398758527,0.14978193945005575,0.1750145155331453,0.14760912187820974,0.21931333194068828,0.30674486289075087
-0.7472498493832138,-0.7238397926482951,-0.6514914989925219,-0.6946784337810301,-0.6034765423549096,-0.6195593054048512
0.2605034100466834,-0.3224615047397586,-0.2575967692674588,-0.28254670972342394,-0.2779315247020533,-1.5821898563111405
0.2855581499773088,0.20207728700404062,0.09320970347861275,0.21865458008181202,0.18925477099504867,0.04187229028935142
-0.5262267703066487,-0.33453610848907955,-0.2235771933983917,-0.300930131633323,-0.22032396834353704,-0.186129159390239
0.9349097616082167,0.8170220396663984,0.7493117880570094,0.9062924014162697,0.9503288800300215,0.9255219096346756
0.397250340803737,0.5009373866279653,0.4843949487277631,0.5524107444377626,0.6158631074738147,0.5257156033116468
0.20101311340600514,0.31168000054763473,-0.11266077059687539,0.3475957339362459,0.02813222059523263,-0.0008842923777619204
2.0710327516837026,1.3517656237233593,0.6896132666627309,1.5925479766164103,0.8486271802129765,0.27015082674829277
0.5220207881901607,0.6005279739781421,0.6172277189591395,0.6566080555007593,0.6806550914084646,0.7289518347531506
0.23623297068987786,0.4057486956870518,0.2779126688903332,0.44187083866893617,0.3193900527097822,0.33723424336616936
1.7709984921607673,1.3822251872144031,1.3527169194129705,1.3931030518594125,1.4059779125158234,1.559246997437114
0.056388212711298694,-0.01209124707150084,-0.03268277748945344,-0.014842727579030855,-0.06304758413342171,-0.012495179504453835
0.0012434186485558083,0.055680383327191274,0.12572351010592214,0.06390472400942614,0.08523117041549265,0.14677982759978875
-0.876879728905988,-0.8223157043547169,-0.814190787105518,-0.7670070127116818,-0.6739747427148642,-0.7603510947413941
0.2440283551928102,0.3432370572858873,0.4031893537025231,0.38129268893716517,0.4018210922013626,0.49136881631638357
0.7855070735409381,0.9130189970382971,0.7484588114592687,1.0296420784635174,1.0497853779521489,0.9139142733192885
-0.988714776668815,-0.787748242021103,-0.7549521811228024,-0.7261741639537043,-0.6387103811757667,-0.6555702611307833
-0.45202556411253925,-0.2370855389511722,-0.14609435541442548,-0.20856863834476838,-0.18387700766532786,-0.12807065042203652
1.0448140483685817,0.9538338580748024,0.8896545879731673,1.0346712325993188,1.0811927984248837,1.1118935223032593
-0.2419606373100609,-0.1917457887536372,-0.09225466784851422,-0.18551637805260543,-0.10648971417899152,-0.08608777038409932
-0.3580129091130524,-0.3879526211982499,-0.7474729428239077,-0.3454083473174262,-0.6142425357564857,-0.6296172322120251
1.3221755148676304,1.0319754860791244,1.0496551119133075,0.9696830522324248,0.9915359686719966,1.1022546964694742
0.7686964651795164,0.8696195315854117,0.8929776264121714,0.9503366195888493,0.9818631445090107,1.0935395645363704
0.46701166951050604,0.23295541462933203,0.1988256262355165,0.2077523684752774,0.030242492672115085,-0.006216420297297383
0.38455404749200744,0.8040027220837769,0.7308292255134067,0.9005859512894868,0.9573158502291871,0.9375968704999446
-0.2000327263541663,-0.5464497409990556,-0.40450177600399295,-0.6669524469172561,-0.5764453878655177,-0.5340625130642151
-1.8899436432798673,-1.5925449055816443,-1.5633787680436306,-1.686573191178918,-1.6490591339590215,0.0
0.1830151927729335,0.48613650105018896,0.5327854547477159,0.5358969670274307,0.5911377222700126,0.6901122683155542
-1.2975788664676566,-1.0592407400042896,-0.94543069683058,-0.9964049604760196,-0.8973944903484246,-0.9585853283994274
-1.1192812665370533,-0.9289090818136247,-0.8310096732051996,-0.8833070093300498,-0.7872771104679672,-0.7967284104361158
-0.1585951547743022,-0.4758491001139214,-0.5162335782241714,-0.4280047323933282,-0.34333203790011013,-0.28726251233630146
-1.1230242238818648,-1.118081171836196,-1.0017275113872504,-1.0700820837186749,-0.9864946736543152,-0.9678636363240474
0.44903223206529225,0.5519721805871192,0.6049764752515782,0.6077004410370365,0.6564854949523292,0.7417171044797969
-0.2358388727558513,-0.141969870865326,-0.10778926419766237,-0.11396123899563036,-0.04844727067067604,-0.04108549918757527
0.7919165659469318,0.8596065472239688,0.8492904266839763,0.9655491997054999,1.0212746185076835,0.9522489165763635
1.371984967444755,1.235077231462509,1.0972366392833688,1.449101207129007,1.492048438743026,1.5365911728634354
0.20072434696138017,0.2230462225499662,0.26713936844014957,0.2403678784739829,0.30161240892239294,0.3261653235131802
-2.336469214438549,-1.8273125336895215,-1.6545397778233306,-2.56298003920946,-2.4153081303010633,-2.475780551076764
0.09966187008041574,0.19067724354926133,0.23209329867368944,0.21677194115857576,0.26922904946401655,0.27015082674829277
-0.29975180460230216,-0.06369648375342811,0.03030807692383512,-0.03356283225848793,0.04206258305689393,0.10327741973094502
-1.3440649525324109,-1.3091030690477523,-1.1709901840476409,-1.3569351499818032,-1.2632258013140134,-1.4119549571426808
-0.6152439928670006,-0.419642978764438,-0.6014112106629356,-0.3795617283059174,-0.38768481400730537,-0.6195593054048512
0.15308201475014147,0.35477538949291487,0.23805488480735956,0.3910697719110373,0.39213576249724275,0.4206009311992288
-0.6307920552263278,-0.7195151780560703,-0.7474729428239077,-0.6711290354188315,-0.5805175485592715,-0.9187037213552303
-0.8743794776835242,-0.7081273484374964,-0.5856186735431369,-0.6566459213751481,-0.5683912679932293,-0.5672028891954585
-0.3629701381534155,-0.2668993209433042,-0.16261066496548077,-0.22961736868663754,-0.1495840252339678,-0.09942139485999776
-1.3308013390420426,-1.3457495613816854,-1.2047351499452281,-1.3971517084715754,-1.2952509609944807,-1.3030415438059217
0.08454034336734485,0.18733244298227217,0.18723203124793433,0.21865458008181202,0.23556778827811153,0.14818011536246867
-0.5649582244023399,-0.5868161571258451,-0.4714626963546521,-0.5786054275500319,-0.49028746119246397,-0.46913689867770025
0.21036359247609304,0.3347075351202551,0.4207335793111966,0.37210673141679224,0.43842370077354165,0.5339385821349927
-0.29228784480769054,-0.641324438081537,-0.6873879673505046,-0.7450126546403931,-0.920197711569095,-0.8977553109134879
0.47041921883969373,0.47751221498011764,0.06424313809313485,0.5180736649786717,-0.36924370996315914,-0.5626722993033697
0.011769833443198954,0.09489358763382859,0.1632203509053303,0.1245799701423632,0.13386324518376852,0.21140523738805098
0.5429286552912024,0.757349531548571,0.6279141911472615,0.8455418863407657,0.823097366869919,0.8189263989273999
0.21007970428231706,0.13152178507756832,-0.034793979788857725,0.15803951564076113,0.043438017007631405,0.03271205127170003
-2.3062912933741075,-1.8051002138391214,-1.6470869344577523,-2.3763243521298687,-2.3148483121005152,-2.475780551076764
-0.22358334990541437,-0.18344088687131702,-0.05418185158553255,-0.14952902679098615,-0.10737439161498775,-0.06122630452880159
0.8530215958326185,0.6701774703751628,0.651223786950087,0.6469117479096318,0.706377173305964,0.7195183605653283
0.47525815111781783,0.5493506922796726,0.6627083680774307,0.6009363823552764,0.6557075942234162,0.766288462458042
-0.7472498493832138,-0.7414440090497308,-0.6072605249582747,-0.7284940622899491,-0.6364396266801627,-0.6476588497387222
0.7513598437592266,0.6447585507353938,0.3884526816058725,0.7140250511070034,0.6254426566941443,0.3981053282401596
1.0363339089857235,1.0530023094637544,1.0588339501843116,1.1922462944962038,1.2440172055288683,1.3878841988589525
-1.9322278632095276,-1.6664487641009116,-1.4946608375941284,-1.947679472105201,-1.8208686367817963,-1.8778327886084845
-1.5902567337337976,-1.5818381589818697,-1.4108906413937858,-1.828974178451547,-1.7059139894899367,-1.7278759064862808
-0.5441981176826467,-0.7180802743920056,-0.5688608472454223,-0.6566459213751481,-0.566396193668194,-0.5234259890142406
-0.23625896243267464,-0.0008551179364782992,0.05496144975514582,0.031194580912512426,0.10540183895980401,0.10925205138089299
0.3718335138692704,0.3148240777050848,0.15077693513061874,0.33243061860931145,0.37872129843797164,0.4534196801135925
0.440926389235351,0.4923833199933047,0.47080883980783017,0.5427801367645536,0.47851542411699094,0.5776451797915655
-0.7293581477453884,-0.5891387793627659,-0.5174929536927196,-0.5508603774226783,-0.47321726168925476,-0.5150554718168718
0.2921146316475874,0.3848006320044185,0.3847557332310011,0.4181721707255396,0.38782683865480294,0.483445591005452
-0.4031135967204948,-0.2351510116275341,0.20485774987833671,-0.21234087377655744,-0.1327029520614651,-0.11730385286802177
-0.9217250255302041,-1.1454066172296655,-1.2403220380412263,-1.1825371357819148,-1.4864769061074847,-1.4962111732539911
-0.9621777269994588,-0.6941792200895915,-0.5354167125881626,-0.6346198572873738,-0.5449183382070051,-0.5171367758495976
-0.31377318307819596,-0.09011633582132299,-0.04439960501602391,-0.06018211235767599,-0.02642682495612554,0.014845275691471978
0.5783796608656178,0.6720062325500313,0.6293021118466167,0.744927574275436,0.7336780584116747,0.6316456813882239
-0.10895966515402604,-0.2313010969857961,-0.2762482878821116,-0.20388658735968349,-0.31347388660156245,-0.45211033318440796
-0.12221100767341006,-0.11050601844370052,-0.13133096359231386,-0.1179911482314114,-0.0721506536210495,-0.1743023841824209
-0.4319044123811448,-0.6914267311545572,-0.7202226949936646,-0.6425292825407601,-0.5604543683283526,-0.5297843710975667
0.030152723372049044,0.08470360875392932,0.10265203469810802,0.11412863906755563,0.08072782647555551,0.13403742011264008
1.7331408437187075,1.4125202036152897,1.3683361666661804,1.6377387745650867,1.6823026723364853,1.8562277475695934
0.024754089773134185,-0.019118596693508412,-0.06414698201387627,-0.010759066488665495,0.03791729497671414,0.07958037274838375
-0.2511602507642228,-0.48167188081060497,-0.4891974732372637,-0.4334928867615409,-0.34868924121457995,-0.29293569320752916
1.6398371152002404,1.5604642506383521,1.5196117875303958,1.858523899012998,1.8997837843134284,2.0491858441499655
1.0024703364592016,1.011571701230346,1.0213620357197246,1.1328062059048782,1.1853564812110795,1.2600447060772086
-0.8433795533608881,-0.7166486636726963,-0.6389566161211759,-0.6546072775410298,-0.5644083889628904,-0.5951649957069512
0.5415463739180106,0.4995781192099467,-0.34273212099073147,0.5507213371814482,0.0,0.0
0.5509967222205058,0.7131280168296996,0.5373634037291486,0.7932488854152504,0.82067253560474,0.5500906150467846
0.5476625526363066,0.5989857822492913,0.5675878802456457,0.6599690635729032,0.7213436512220261,0.27591587606150464
0.15736975507973336,0.4803439615037034,0.45682586917022555,0.378367298347261,0.4170163877953054,0.4754277658738895
0.49002634072899287,0.30778495679788587,0.338829602262929,0.34374104695882735,0.3609275559731667,0.45909864254321087
-2.149155614781995,-1.7906663286054465,-1.618047690258741,-2.3763243521298687,-2.2352417381261662,-2.2860944897269158
-0.34745873125078847,-0.17351391901150057,-0.10476679520382663,-0.15123545310824843,-0.07298520100072559,-0.06220186237382949
1.510156628218526,1.6026083788055445,1.5305014561370573,1.9873619777257283,1.9625798277596498,2.1198849715144394
1.6384974614223997,1.307380998999421,1.3052350293370478,1.3850890190970235,1.2889903091733248,1.4051367093133498
0.7637104221173291,0.772726818672351,0.6341272737015025,0.8341358319677785,0.887677709128374,0.7168419158724638
0.5083948426319698,0.587484844069368,0.5995409729125851,0.6459343932996295,0.6979139064427871,0.6876302731637768
-0.18832318558037786,-0.16890071024884368,-0.1065782398681976,-0.18461249049872022,-0.11809580990605195,-0.0810350363711862
1.5486982940986833,1.212384238021218,1.2043555410304785,1.1532495203912203,1.1793699982763617,1.3129396504155144
-1.1557938622761241,-0.9896975640006654,-0.805951567408943,-0.9283949078143393,-0.8311845724161545,-0.8211886412609473
0.03705487552391153,0.2106202010532866,0.3018138768507171,0.24082191117275864,0.29935424246201137,0.39380124524029647
0.8697614193690707,0.9362907554736949,0.9650043492148308,1.0618445947426987,1.109120968902322,1.1375974819818393
-1.3576158603605348,-1.1398500851775222,-1.0573883183809618,-1.1355744552186633,-1.0426016467213224,-1.0764715706087604
0.8797497476783028,0.940275952865228,0.9321137510227013,1.0673160551269143,1.0332354401906465,1.160031924633367
0.33802283367153135,0.07169811779681388,0.17888601429968887,-0.08341424931433401,-0.006684413373878876,0.06937333947785454
2.080683755430491,2.0118872911017016,1.8945526062481803,2.6389822189701966,2.597177886543533,2.829715108679349
0.7469688778655715,0.6281861174503828,0.6209114372933717,0.6032855310131336,0.5848070143836807,0.4507822687307376
-1.1956615265234256,-1.316274812593969,-1.149430503599753,-1.4142038223190847,-1.3036028782118172,-1.3030415438059217
0.003721955769648508,0.16808866773269251,0.2543201642548458,0.1986026875486173,0.2445266573238625,0.33093198385216577
0.14141090955366983,0.3302741512552799,0.3360195902737673,0.3635392286709878,0.37872129843797164,0.4333805236904312
0.07204201301497176,-0.07577588876034838,0.06947364035391038,-0.08724576498682352,-0.054082480299688956,-0.0382607207146146
-0.24943744162845907,-0.2897692389135454,-1.6545397778233306,-0.25244835518787734,-2.4153081303010633,-2.475780551076764
-1.5902567337337976,-1.4603354785219083,-1.6251947193218304,-1.459625232324174,-1.474206137596969,-1.55179971369392
-0.5434828729433157,-0.48460445884295994,-0.540640765670536,-0.4376434918288544,-0.35274071582080657,-0.3296658716644377
0.45285821383782154,0.3529818475467967,0.30944193795629055,0.3787336935820729,0.377523891107714,0.2619931061051936
-0.5064378712699874,-0.5799006541657884,-1.4108906413937858,-0.5441312975242399,-1.7266136301968356,-1.7497216705303198
1.702794597503585,1.6595581988097576,1.5775946780687817,1.9096044428351886,1.9259110060389801,2.102737263634361
0.2736382834736544,0.3018890046268115,0.0903014200579237,0.32291799719100334,0.3609275559731667,0.3603446634311131
-0.36823469070735665,-0.5949841219068631,-0.4964466935878086,-0.652576053308089,-0.5624277986978136,-0.5276571266628787
1.3050831992765943,1.397297526524755,1.3348390439867632,1.682359167716282,1.7262412840394625,1.466548469437299
-0.9458114961696561,-0.7414440090497308,-0.6546669547039495,-0.6732291389355295,-0.5846204080359789,-0.6347137278953531
-0.7983121784320915,-0.9150587860277338,-0.9277356926036677,-0.8621070525695558,-0.8936902741133609,-0.8815593986002505
0.07155564517599661,-0.38379632776415756,-0.249679098616317,-0.5821712575150844,-0.49376566698309615,-0.4465432915989384
0.343608963532284,0.18855109782168694,0.028903799820955103,0.21251548514948945,0.14267362126094493,-0.07802307159569932
-0.7698727824158857,-0.6765022395342619,-0.7131593637513628,-0.6287602710945128,-0.6142425357564857,-0.6717329940261477
0.20532648572155132,0.073949295463372,0.2189832319315349,0.04683906317285962,0.0979162823642869,0.16133242449708432
-0.023011207911026118,0.1398968106334575,0.2035234727556522,0.16830000582305807,0.18382654686347516,0.25669436321145156
0.9784275870514049,0.5354056434689883,0.5875670192956531,0.37210673141679224,0.43624223604102036,0.5389793314278258
-1.580435788121169,-1.4298337764870872,0.0,-1.422957110641262,-1.5120439363490967,-2.1041502421433433
-0.37702753473102724,-0.5607207828412699,-0.8774831785733945,-0.508480548152434,-1.9081466203239477,0.0
0.2754891525253955,-0.07382588933674064,-0.005976119371856751,-0.1891456190239399,-0.15628297796031226,-0.10987757395301019
0.2583409972622128,0.4154212803091981,0.42416743912071336,0.45861242982425643,0.47851542411699094,0.5497104860688518
-0.1333208720214195,-0.32395741009499657,-0.6757305188081235,-0.28467998931466,0.0,0.0
-0.5325068097892005,-0.4258320298573728,-0.30069357904597516,-0.39871617426147193,-0.3147399299093845,-0.27193215870312243
0.3384718477179795,0.34982858701282815,0.39212179017256904,0.3433543110095645,0.38229996817005313,0.44236113358899704
-0.7025537207598452,-0.7095395017155454,-0.7838509731845555,-0.6485356396083298,-0.5584880439350134,-0.5150554718168718
0.6652144416968279,0.476090579430557,0.1261123721239403,0.5094289954336875,0.4143833289802487,0.22084478564643464
-1.016463018225922,-0.7990615964618742,-0.6773820151833079,-0.7720167337790902,-0.6788567288093832,-0.6772250301207453
-0.1951244201345153,-0.10791722873232018,-0.1188127146560019,-0.10202982388777175,-0.07633523425242099,-0.10987757395301019
-0.1837060698032818,-0.15696345634711414,-0.20732374658819233,-0.17298422071517977,-0.17885248664053685,-0.19333695521127184
-1.0839356358981658,-1.028187289357065,-1.0101972891364013,-0.9667005827577705,-0.8684792567579258,-1.0219836798474276
-0.4219543054771766,-0.503515182504105,-0.43100473377689547,-0.568041002209996,-0.5224105708482353,-0.5192255919721028
0.6117890765866341,0.699827365499155,0.7477111282797603,0.7744898398702177,0.8325113519955716,0.9264070177811885
0.4724067198424109,0.5409344904430835,0.5713701043667412,0.5954227397002424,0.5928536507233045,0.6935105147262527
-0.10544449596685461,-0.29687900841653886,-0.6514914989925219,-0.2585514177200397,-0.9319906275643529,0.0
-0.9090403398196124,-0.6738268337452576,-0.5647451237004336,-0.6153214753343621,-0.5260983388035873,-0.5362135334952676
0.9250604888755024,1.0149827593167213,0.9988068255894293,1.1623845503559211,1.2145506979843903,1.2611625869473708
0.08501547410682028,0.06336520207343506,0.2691954673611415,0.07992870449678192,0.10042174637631857,0.10402732293812002
1.254768950577744,1.2863765797712365,1.305149833101075,1.4540382989504457,1.4950007713367455,1.6207024679399755
-1.2938569183885988,-1.3091030690477523,-1.1424007252863202,-1.4890591320665951,-1.3762818445801788,-1.3798234779900296
0.022234457518140488,-0.07188253922695913,-0.08581518685019117,-0.04925053179176703,-0.09424200942020039,-0.26781812613844735
1.816503057710283,1.7049104035547895,1.629836348799674,2.0901475197697956,2.1036870585450522,1.8843158703889655
0.980463942607925,0.8267679153354911,0.8619523045431471,0.664979371845627,0.71068792414016,0.8273701040159257
0.7850877101294268,0.5621764916378189,0.6023401103638216,0.45373263979380524,0.46403562173583013,0.5237429119142168
1.1102795611317668,0.9124189515533377,0.6228829111450831,1.0186212326670554,1.046739491829213,1.09178395416586
-0.3986369681080428,-0.16546481095536175,-0.0869802679866831,-0.13355431368531478,-0.055702433953038456,-0.08913933448214903
-0.2613879656324933,-0.15248010369555495,-0.08118001451386035,-0.12123449742773498,-0.12626746505821732,-0.06907403645526126
-0.8116488670992923,-0.6362790513685873,-0.706178052328581,-0.5260269797934176,-0.4615736212399974,-0.7232051072296228
-0.44142763176784877,-0.6032622967263707,-0.6530771084664624,-0.5786054275500319,-0.681314519652399,-0.6690068908299026
-0.8825435166102054,-0.7782102727663477,-0.8483027331394194,-0.7238639784498591,-0.6595900455710821,-0.8775845821729229
-0.3087431956576969,-0.1348876440064164,-0.030579938868876402,-0.10281799115427723,-0.04525104006364984,0.004402844928691627
0.21983642558968333,0.2934243412146346,0.2816433243057757,0.32887980768964936,0.24600728515481118,0.26841132291927605
-2.2231221081015997,-1.709718405433645,-1.5970376625312024,-1.9757379815171328,-1.848028154014146,-1.976682149353645
-0.1477019910684328,-0.0025692543394667043,-0.08931804868351385,0.017092426720780082,-0.02104686328280542,-0.028936185389823288
0.13936975812283822,-0.05280542293627048,-0.4299206602934779,-0.022400656082703523,-2.552851226001163,0.0
0.2633447494628625,0.38943452268401213,0.4594168092359631,0.43046727844807703,0.47919684183929884,0.5666088106171656
-0.06055715684793165,-0.08513054693236725,-0.29469411023347825,-0.09654112041427867,-0.3964045092891451,-0.3704296254456174
-2.3489289051356845,-1.8348724036320503,-1.662072985679459,-2.7057240127526496,-2.552851226001163,-2.6205955972785993
1.9040431310001429,1.6429721976325211,1.5904631787142356,1.7274079266155131,1.7607906551476087,1.9405554722960825
-0.5217327368853046,-0.7137952633573942,0.03957496745631421,-0.6795774382213859,-0.6667341725753932,-0.8036071174695312
-0.6209246612101411,-0.419642978764438,-0.43209086565078036,-0.3745585820241849,-0.31728050650640377,-0.9725636006377381
-0.9217250255302041,-0.8826202587354033,-0.7917951516074566,-0.8561998931044535,-0.7608747356922161,-0.7414690049384286
0.20475332354082687,0.04434638184000384,0.2859135018697384,0.06630484739658593,0.06303643470871627,-0.11199025125463417
0.5232954768426313,0.6301717343778558,0.688152610786461,0.6967841131366672,0.7529937691119127,0.8678940086065925
1.6469784085882475,1.5148953008457833,1.2483992839774998,1.848536910960607,1.7832069370807264,1.825239689608789
-0.8270161737714488,-0.8499825033050196,-0.9056990996611729,-0.7951459885950929,-1.0475720926038625,-1.0651156476008148
-1.101807186653997,-0.9744909779024364,-0.8638435286662354,-0.9317656262038955,-0.8410934339842402,-0.9316729629957287
-0.12843342585565387,-0.1917457887536372,-0.34180411097180713,-0.1607082004044706,-0.53167684396266,-0.4906458889423342
-0.400032199740634,-0.15583934644643552,-0.13323395351651454,-0.12695252473630567,-0.04924902763411294,-0.18732455181250385
0.33532091595080504,0.5176358231568132,0.5884758118813012,0.5707164600997161,0.6335435466789399,0.7405662645930902
0.6734683809872973,0.5420332215372118,-0.030055528685535675,0.5761657501983393,-0.014200438501995727,0.06140826496768162
0.3696487054702757,0.45872333396724185,0.5267842642778591,0.4621680273539337,0.4692446489573989,0.5393655302122131
-0.5234571283566938,-0.5251269480294775,-0.594180238891675,-0.47938715021304246,-0.39348287070454846,-0.5171367758495976
-0.7034904936854852,-0.4672189348103884,-0.3831545848322259,-0.42256818725969475,-0.34333203790011013,-0.288675785191574
0.1354815015713955,0.22788177911115184,0.27036659300594273,0.25872314615512343,0.32157717668248004,0.3648711391709573
0.3297243578181904,0.040781759003463376,0.452207372739448,-0.07884804589054559,-0.0326355288787945,0.01914554776552534
1.5384788994526697,1.1816215888707895,1.1658328190152896,1.1819009746235953,1.1704156545298268,1.2986038753827214
-0.47002448808530645,-0.3531228055287202,-0.23341209174450805,-0.33600576936175647,-0.2535072120213947,-0.2543042108469805
1.8302311443869552,1.932317831238469,1.814959988805557,2.448362517127249,2.466853226789521,2.5887062388592588
1.1714960420913065,1.0298032426050088,0.8850534017226597,1.1572457488518801,1.182728685979181,0.9246357006692034
-0.516931313029959,-0.30989704851558403,-0.5238310962315874,-0.270949300033287,-0.392027734577467,-1.7726461047797346
1.0143688391678474,0.9010292009928631,0.8839544252005156,0.8767567090633015,0.9316839691481262,1.0064518474817754
0.31053629300024355,0.3155470294377883,0.3406094783723236,0.3456712633895863,0.36583037068341007,0.4333805236904312
-0.619702760190421,-0.5787556244991103,-0.6992769730287742,-0.5309076489475073,-0.6667341725753932,-0.7635613317243917
-0.3538711903189706,-0.16432403780764,-0.24732571774788625,-0.14190931828891049,-0.11990191439637238,-0.12482078138717481
-0.09062274075207227,-0.10534008720043253,-0.2544161017950389,-0.08036631154385329,-0.15821118417870822,-0.3952885436085241
0.33230291854569177,0.4118147416589899,0.4142286811529023,0.4543853789356933,0.3846745431686314,0.4655919714374717
-0.13913581215329618,-0.04581338249442279,0.03310539647440045,-0.023784873937282673,0.043438017007631405,0.017428969257542594
-0.13878168550662764,-0.3383605360539809,-0.43209086565078036,-0.3075576931101703,-0.36093188718753516,-0.590408770868943
-0.07207672493553714,-0.16091517880257394,-0.040108993877274624,-0.15724629780527247,-0.07886029399905042,-0.0382607207146146
1.1291627538835745,1.0152861398582376,1.0527371528220293,1.1618024432392535,1.160728942972811,1.0770465390491484
0.411422338202105,0.575574045351444,0.6417441588477711,0.6311010507978182,0.6927834548909118,0.8040984090558375
1.275009466595051,1.4585198239047752,1.3370178521070717,1.7687247623312656,1.8113075275266404,1.7452640598729907
-0.562368816740851,-0.6900550435686125,-0.5927446346255625,-0.7308237591311657,-0.6387103811757667,-0.6502837253420829
-1.3885014136765395,-1.4129962927522788,-1.2484999305657756,-1.5097242231441872,-1.4067004647163015,-1.4463146112890082
-0.08239356054878397,-0.17409316697097107,-0.09639310152131639,-0.23254610127153294,-0.18488715073737474,-0.1423554834856188
0.21983642558968333,0.14781903662309398,0.01657337806667819,0.08981039104820988,0.04890850987995972,-0.15244346287760685
-0.9760388095022596,-1.1595061806673181,-0.9961434837146754,-1.2918529401765948,-1.1847428805756222,-1.1774402040569418
0.5150627810995294,0.3702169687422731,-0.4299206602934779,0.4101940099218125,-0.5373126469173158,-0.5581771586352031
0.8088991430971247,0.6291136987667048,0.2787760706737037,0.6517773502722186,0.561851696530388,0.3006942277561077
-0.7890419436888537,-0.9092134138706437,-0.7530736886065011,-1.0657053442504623,-0.9648361266445968,-0.9449612068603305
0.5836623317323579,0.65316294114147,0.6707572814483047,0.6727783125796056,0.7306737818290708,0.7980252968546019
0.1834127830119025,0.3033690582558261,0.38336211808633086,0.33908486851241054,0.39563956249532745,0.48512142128593255
0.31672248016082183,0.3565629281758969,0.44304081470805634,0.13646779826357483,0.20840900076814525,0.29737015846227965
-0.10544449596685461,-0.14692450610385654,-0.029008260874239637,-0.1393906539423569,-0.06304758413342171,-0.01159434756012909
0.5698941997424426,0.5576322758811337,0.497421491757277,0.590660297620343,0.6364889497979035,0.68980250628725
0.6043727874619379,0.7441287555059336,0.7685981944747625,0.8296694546995939,0.8325113519955716,0.9438823287342089
1.0583178930202588,0.8514297228524949,0.8819850506704376,0.7093662641923539,0.7475964920481318,0.8662110363450831
0.623908361149985,0.16396673507944168,0.23335425271814644,0.09953799768480252,0.12131073654213957,0.19665800422426738
-0.9621777269994588,-0.8325497047297543,-0.7474729428239077,-0.7821758068318366,-0.6912602173058502,-0.7353144586982013
0.994495388858384,0.879191447284887,0.8344968516071186,0.9737926913167174,1.0124716529968796,0.7862583928091441
0.5523044658775748,0.5774808071887565,0.5889295452041065,0.5671503764671103,0.6153114424456844,0.6456622113719265
-0.16839468800172824,-0.10636955246168413,-0.03957509375825436,-0.09265076514250885,-0.017233583803750827,0.015707688156055638
0.05526198755207319,-0.08314835865804858,-0.06136017196772015,-0.055785985927506186,-0.022579039184879236,-0.13462239103500703
0.0778454503098846,-0.0012831637614337437,-0.24810906601912708,0.023542411716041253,-0.28150734935138344,-0.36077121805939943
0.2290569336979934,0.14912841478170877,-0.08291351064973418,0.16880867347575346,0.10602148650371918,-0.2543042108469805
0.2337909641818686,-0.019118596693508412,-0.019674798798158425,-0.06832482471812386,0.003681487257682989,0.018287844654816168
-0.897264080723677,-0.7941881240182944,-0.734602866785287,-0.7595772313049115,-0.6667341725753932,-0.6855647172050265
-0.7011513261443749,-0.6032622967263707,-0.4879980563555269,-0.5697880885321965,-0.48339604735773906,-0.4906458889423342
-1.0300190843089398,-0.9369599435093064,-0.8100572948550145,-0.9053769420446766,-0.8087705218030388,-0.814088606761694
0.24456189620592853,0.4520595987933833,0.45422087257652244,0.49731666132653696,0.49765774416156067,0.4813449049096649
-0.10112250085842202,-0.4074535743551291,-0.4928107268341877,-0.47344605289543623,-0.5468363799702369,-0.5027222920338159
0.2792555715622011,0.3068067728338298,0.3474150269234954,0.3343948809344864,0.3838840085027648,0.35273086300154644
0.3200602847340176,0.4794606846019112,0.5392158365127326,0.52894161924889,0.5675185677675545,0.6696828133345724
-0.3751511681542685,-0.4152610610090174,-1.6545397778233306,-0.37083420763606517,-2.3148483121005152,-2.369967530375328
2.0758403097408515,1.5843204265604574,1.5395338406737948,1.701564827088734,1.7335375366143313,1.9073464769761799
-1.364502891685463,-1.380520105094874,-1.2124775805107084,-1.4992812750624949,-1.5120439363490967,-1.5232100643094955
-0.18026768724669673,-0.16947535183896867,0.21015995703946144,-0.17209899844665094,-0.15917768460386816,-0.16040615070480854
-0.4974495149368632,-0.4048735686275847,-0.3635447765221925,-0.37331447841899335,-0.2935910374387439,-0.26781812613844735
0.1297068562362997,0.24020148378844108,0.3251406458021894,0.2731230703404084,0.33752908763177125,0.4206009311992288
0.23406283672893116,0.31986442775515134,0.3718294906179709,0.35599603844132716,0.4233659061268974,0.4694579667541997
0.6798216465877451,0.7668140674746139,0.8043717257491758,0.8542447847212792,0.9119849085100388,0.9946884040416765
-1.5138734806918361,-1.438410740032133,-1.5766461809003278,-1.4409472832327517,-1.3963406218930265,-1.55179971369392
-0.613630946529827,-0.3955077438942953,-0.3271605316273879,-0.35136256773599295,-0.2696738468843751,-0.2529693357778232
-0.9190323553977058,-0.8447021675069518,-0.7625249540761111,-0.8030786569702835,-0.7091238704621488,-0.7933208972682875
0.9211069312164554,0.9566512338382022,0.9661103856120807,1.0786576790073819,1.1298095478700012,1.206110424815311
-0.7249679800671192,-0.507572780399956,-0.3871593348195718,-0.4617451239730276,-0.3776799616445347,-0.3591766679177318
-0.022867112005410233,-0.2149059350514842,-0.577179976907348,-0.18011337462453758,-1.2870422019230527,0.0
-1.1109420595398858,-1.0423358379453145,-1.09522966332971,-1.0744958737185923,-1.100198656242752,-1.2286474766816606
1.1189445640998887,1.129484341111411,0.9655902543155966,1.0555200989938998,0.8208749392089988,0.6436772963770221
0.39185528115758855,0.6620517469729261,0.7095853050181196,0.7258600925241054,0.7756733748346708,0.8868490153552986
1.3546175210168239,1.1134838089586214,0.8191898585758602,1.2114159313980268,0.9459675842673407,0.6901122683155542
-0.21542185215230078,-0.028476566788609912,0.07722207841650561,0.0006662393351024659,0.06964939266524023,0.08423644551628436
0.7540042069746935,0.8557458099279248,0.8921299591571118,0.9632420422291498,1.0132349676237717,1.1420411897379406
-0.7230271433367768,-0.4994845781854206,-0.38615549388309783,-0.4545511373678929,-0.37064100638380904,-0.34969827976323026
0.36780945534695886,-0.3723106665167418,-0.23878137005672223,-0.5576702377582935,-0.4698654841624956,-0.4212410995948328
-0.5716696169577589,-0.6738268337452576,-0.7437677190669109,-0.6172217101163425,-0.5279515492819034,-0.5975580328762659
0.8076646186873522,0.5048256697213647,0.4952135113770628,0.3816574381344789,0.39174525194834897,0.4428070078438452
-0.5568582596219444,-0.5464497409990556,-0.5367183442837893,-0.49758907430412014,-0.4112455139260147,-0.46913689867770025
0.41024454941215605,0.35253251951693493,0.5221021707470013,0.38782705432537395,0.42225000088345765,0.3224338625548598
-0.1921996385493363,-0.10946909832288493,-0.5956193513488728,-0.08341424931433401,-0.012689635269149997,0.0017648504069460557
-0.3365935227951905,-0.5219920408447101,-0.8461142999916816,-0.4719703375331405,-2.062621321352378,0.0
0.2532909934889359,-0.3077073044098649,-0.13323395351651454,-0.41184594101642474,-0.33015669524605384,-0.3161815120230555
0.4962009795924737,0.6667460554568462,0.616943139508996,0.728678759999039,0.7213436512220261,0.7114578202800576
-0.9402209269571703,-0.9015017461114397,-0.805951567408943,-0.9118530900722667,-0.8150770289269391,-0.8320134293105096
1.0599454337092198,1.0413142166896279,0.9319027013402891,1.0124712707190302,0.8874943702521411,0.9705675521199313
1.4309309756022304,1.3316875550894975,1.0839425319528337,1.5815578657395537,1.530716242800994,1.4059430426247135
-0.8602010662107047,-0.7797899269612163,-0.8121205481468362,-0.7284940622899491,-0.6364396266801627,-0.70262421728614
0.8284403214774488,0.8671559335464816,0.893977290153575,0.9584497170897287,1.013387529254908,0.7292445746573378
0.556308237698568,0.6655149098189427,0.7206156838471651,0.737706247036325,0.79445833207209,0.9053103982430679
-0.5004302872995973,-0.3554876579403673,-0.22809457645027573,-0.33251833196703934,-0.2501014138096858,-0.20677713550253563
-0.0835159637377126,0.0,0.09071789021106909,0.028654364288305992,0.09979635021466352,0.15166749976477192
-0.6983564342892147,-0.7123734451389937,-0.7721258789664505,-0.6566459213751481,-0.8150770289269391,-0.9060378641664161
-0.7462416441035352,-0.5741968069465352,-0.4633695341681211,-0.5211877855025147,-0.4749007843757128,-0.4410287041405675
-0.09306613647769761,-0.15921826864341562,-0.11634351137373942,-0.16857109451152638,-0.08992888185592354,-0.10358262776107983
0.1366724866583651,0.38204331205180087,0.40697097410991545,0.42229630082298103,0.4873178763148849,0.45953349592855036
-0.016848313883808044,0.02014272247994105,-0.024320982349325983,0.026103671434628405,0.003681487257682989,-0.049637541601151046
-0.3862289935287884,-0.53356661775701,-0.5856186735431369,-0.5358305422973851,-0.5487611669941397,-0.5448987465282977
0.6257484403686124,0.6971709862641783,0.7261439233365136,0.7722606677501501,0.7832079585973324,0.8887169179433222
0.600212366901986,0.6658845669002016,0.2588293646946483,0.7295436979098049,0.5564370257885806,0.5412932253161891
0.18618789617952794,0.35566990683448496,0.43994609114309113,0.39358075678064824,0.4598376448787094,0.5580244812160955
-0.47508922823177074,-0.6528295595442306,-0.6014112106629356,-0.7378725148591105,-0.7330091019190093,-0.7084277935563065
-0.5374382880781523,-0.37802580045090084,-0.4508773925344837,-0.3348409841968392,-0.25807993563480897,-0.4986688487839512
-2.3944407302079966,-1.8425128010547651,-1.669688217569494,-2.7057240127526496,-2.552851226001163,-2.6205955972785993
-0.5660714764897938,-0.35945013883230537,-0.22885108816391697,-0.3256050406692537,-0.24446956990096316,-0.24370698262976878
-0.06426744073216391,-0.15415727887950667,-0.15329975786694333,-0.1607082004044706,-0.08224393718289737,-0.07502568084777377
-0.5118303108647657,-0.4643694446213887,-0.7958064285598473,-0.6287602710945128,0.0,0.0
-0.16914119102839248,0.05683986480738397,0.16394296415147555,0.08576041116030601,0.1559406390047728,0.2411397585970228
-0.8247145402916679,-0.6140722620760897,-0.5842037823668618,-0.5715405881364004,-0.49726592143815257,-0.4847005321816458
1.7373906464246922,1.600073989120618,1.521290791343913,1.88116313455484,1.8473797726762806,1.9789592200329627
-0.5694239531450657,-0.7580281812723816,-1.189520842190612,-0.707957675967997,-0.7467584725409087,-0.9316729629957287
1.4051394727365736,1.3022282842481065,1.2361475849676447,1.4314378205759422,1.4080771575951758,1.4140734160277206
-0.710563778111508,-0.4624772425095914,-0.37326476695530475,-0.4334928867615409,-0.3819459785030942,-0.43015282656418075
0.046678255419357696,-0.14581978619277558,-0.5149769274152709,-0.113158464217596,-0.5043337597605035,0.0
-0.3600949744419379,-0.46912610569003815,-0.48322513289454705,-0.5022314570701688,-0.5114934042248283,-0.5514996597798206
0.1449382301786154,0.21701305052443506,0.23461205539350563,0.24714464212998716,0.2870169716227728,0.3465758912446748
0.4766492516640565,0.5767482716940753,0.6043919069157061,0.6363300300269724,0.5908512942043883,0.6981177204243502
0.4444416564980668,0.3940283353445242,0.00541925634252214,0.40879648912369554,0.10664050212474523,-0.10462733457325792
0.28150299945914703,0.42746366518161466,0.4711968776578729,0.4717684274846406,0.46889869635118503,0.5651236589323636
-0.9687040682815469,-0.7325799253437539,-0.6266809873705708,-0.6774532767510585,-0.5866835018661316,-0.5763727922780257
-0.5162486022905943,-0.6263104196795319,-0.4868011235916911,-0.7034957963749506,-0.6120721469439443,-0.5856917731463337
-0.05062976433345219,0.2979221929257463,0.07551015813024241,0.3336098932294071,0.3795183112938862,-0.12482078138717481
0.12176413868183127,0.24406358128639016,0.25972635280666856,0.2769947163044203,0.21931333194068828,0.2856010403157599
-0.34975900771693863,-0.16034898753747678,-0.3445927433155446,-0.13024440601493859,-0.5354276035108518,-0.5717695184468161
-0.1670906661330944,-0.3946635455571849,-0.36838388987633036,-0.5022314570701688,-0.5298110361279936,-0.5448987465282977
0.46013089389933076,0.6088593234734219,0.6452382552931382,0.6730132435321966,0.6920472704988965,0.7854488545624492
-0.4899004348836617,-0.37068780336236135,-0.3455253652570996,-0.3371728733404151,-0.2557890196957517,-0.2243245223701108
-0.5238026174426743,-0.2357951416800349,-0.28038718381466543,-0.20295456142662535,-0.14390263947497933,-0.4089874272511034
-1.0070723771912593,-1.1976368436389562,-1.0392779494130644,-1.2918529401765948,-1.1847428805756222,-1.191559228744301
-0.5027592323774028,-0.4117784800187479,-0.14091351444499642,-0.37580534685887984,-0.2935910374387439,-0.2760745248118302
1.6359124094005029,1.0627107663759052,1.0842862659995478,0.946244535864586,1.00231589973397,1.1397404106463478
0.1399076351837552,-0.2390265004827628,-0.2672497667388514,-0.29655280830291497,-0.5169249032530144,-0.47105976853436604
-1.9058847278479618,-1.6545591989816821,-1.4946608375941284,-1.872770805783009,-1.7483366579289161,-1.7726461047797346
1.3325790627696952,1.271254693756003,1.212470971047702,1.4746823514683047,1.4828041835945869,1.6036355836460514
-0.3598343049691719,-0.4729586380126184,-0.3539891665006425,-0.5325438842245483,-0.44695331188691706,-0.46531007345502184
-0.7457381802445942,-0.5251269480294775,-0.4714626963546521,-0.47640891307784394,-0.39057635990983364,-0.41771392075620645
-0.8644809933363344,-0.6400592196609037,-0.6562610592265689,-0.5821712575150844,-0.5279515492819034,-0.5448987465282977
-0.3368438880571876,-0.2501488253378759,0.11511163634171742,-0.22864431607547528,-0.1514901750579135,-0.15131434167383245
-0.03143280859298272,-0.07236775575713582,-0.014050950415188227,-0.05505636397271808,-0.011935667099625395,-0.04202994566262385
0.05900723852151614,-0.04304050276324105,-0.06582607546409021,-0.023784873937282673,0.05162521718688783,0.10177495654902104
-0.21724802626319087,-0.04488758293866341,0.015131832758761406,-0.014842727579030855,0.002947002235427448,0.055772421022887465
0.3132856980369521,0.3349398581290498,0.3946283586142789,0.33243061860931145,0.3933058511134408,0.4324757778213209
-0.29437728781538114,-0.272362251733121,-0.24654347751699504,-0.262655293533373,-0.22680943213532498,-0.2760745248118302
0.33779818717993276,0.3673828510523776,0.3786877720174902,0.3724766765239657,0.4045066717111799,0.40143375428580363
0.29649605952892555,0.07319991224187902,0.13764350145328838,0.0620985302318466,-0.10296426299086496,-0.3015474254719444
0.3071393099888884,0.12915384997622328,0.26625558697544965,0.14760912187820974,0.1525073523213517,-0.10777211176134528
-1.8591844901397692,-1.6200537003669722,-1.4486989111071444,-1.8503427495595883,-1.7266136301968356,-1.7497216705303198
1.1497564292622735,1.0486669735442706,1.0219891052595933,1.1392050101681759,1.1918834793959598,1.1839741215183017
-0.06240923807132039,0.022610597063519318,0.09403765046781146,0.048690134059711246,0.11463080687964874,0.16543037106106395
-1.2950950996468975,-1.007526015752112,-0.9129582481332759,-0.9454656658222942,-0.8684792567579258,-0.9540055372663341
-0.8487353131302108,-0.765713953299525,-0.6436262609200203,-0.7355128968138986,-0.6432808005187276,-0.622057163913097
-0.34465969384523426,-0.2689419593988358,-0.3742460143495104,-0.22767285019605019,-0.14768408068869907,-0.10987757395301019
-2.401199583003446,-1.8502353859441083,-1.677387184004744,-2.7057240127526496,0.0,0.0
0.36894204154663857,0.5096873213468018,0.5600914524921616,0.5619038185796519,0.5813277690540812,0.6857629045029477
-0.22378889200014665,-0.0068775262786697575,0.021350173233157018,0.02032583739542477,0.083947918052776,0.1354658449491562
2.6966973496949076,2.2784760625357743,2.1380713751779865,2.790642659974985,2.8192592753473655,3.071005882284484
0.643678034475605,0.7374387237273033,0.7829572183146747,0.7869203082261584,0.8267183002570304,0.9528884621677193
-0.38513883601892324,-0.3723106665167418,-0.38615549388309783,-0.3302048405688996,-0.5114934042248283,-0.46531007345502184
0.4293561382923141,0.46165808261820623,0.5093854965207704,0.4771470700549884,0.5029300590390696,0.5732521091544606
-0.7357572165958959,-0.754980046970733,-1.5901734935989034,-0.6990695790214141,-2.1690850499704513,-2.2163760218416164
0.6188813107901159,-0.1822641323557387,-0.05914115218604976,-0.3770547848389218,-0.2935910374387439,-0.2345845048128625
0.4366400644690279,0.5651839182989457,0.5370258149110225,0.622800935620447,0.6254426566941443,0.7017815083870098
0.8510645446354324,0.7733242109760284,0.7949490150548011,0.6645037997995762,0.6801552895435046,0.7924339351609281
0.7942681971525437,0.851769610235881,0.8379148291429361,0.9587598902971426,0.9318557813655253,1.0548266565500797
0.15182073409197652,0.2377041384338101,0.2830707883202579,0.265308793839622,0.317634839483104,0.3176048966118342
0.2074229750762689,0.08836435271870925,0.1002053882559873,0.029290397076451577,0.06502794398923517,0.06220930009222885
-1.368671740215221,-1.2317053519509933,-1.208594881168006,-1.1825371357819148,-1.2405314079900744,-1.2522593034256881
0.32337770791883674,0.5539679270028232,0.550508392947931,0.6113145192158035,0.652326009520527,0.6356797191251454
-0.7548662280092009,-0.5868161571258451,-0.6857086416472942,-0.6040530816459728,-0.6862642391050716,-0.8736385299096567
-2.0068809491398927,-1.637094082910509,-1.5901734935989034,-1.7702963771772813,0.0,0.0
1.0208994265003892,0.8590209947652133,0.8103585231491722,0.8411489720890094,0.8717265037574886,0.7840975388198675
-0.4420280495082569,-0.5938105881713269,-0.7149174360889529,-0.5441312975242399,-0.7495517244989353,-0.8320134293105096
-1.0981909705957547,-1.0495271631965084,-1.0045381667780036,-0.9888210402043652,-1.0091196737778991,-1.0764715706087604
-0.17458290237699206,0.07730910951329795,0.059401918764292766,0.1063144645169035,0.1755931581220376,-0.18255698480615418
0.7374738851519885,0.6190866737811939,0.5095644723675052,0.6611653745217357,0.4879900121247895,0.3961958489121079
0.41285836998894976,0.2994131727915932,0.13382847889001556,0.3276918472987321,0.06502794398923517,0.0242673346417058
0.8171865828421304,0.9010292009928631,0.7896266642478802,0.7102561208733075,0.7572358121384347,0.8059363548676779
0.11573133651208996,0.19760559635028788,0.2732824476743221,0.22612984831255262,0.2763114215344564,0.3511974995567165
0.10403874669202508,0.18519325508756118,0.17218027902137267,0.2158285248649819,0.14267362126094493,0.21771355171302917
0.8068606007025461,0.5723310665160765,0.26300162292877094,0.555216917534,0.20736036549643622,0.296258372286418
0.31617717091333014,0.2533301959961889,0.08946747407487564,0.2867839047173665,-0.04924902763411294,0.0242673346417058
1.8436478337105673,1.541122042393812,1.4427588322986216,1.747866527080286,1.7248190912552062,1.795646697439605
0.14269618080249769,0.2005907815719559,-0.1281741145028787,0.23213945569565728,0.0928740715636852,-0.2569828579439384
-0.3173931808262066,-0.36987802927484076,-1.5568395953975036,-0.33251833196703934,-2.0182874029480082,-2.057406065052696
0.4999826637493841,0.6013672213665968,0.6495026131885975,0.6647416277255793,0.7144962870611378,0.8040984090558375
0.2774174606394124,0.41161365587370913,0.46866899170413295,0.4331684018891988,0.4903369609502907,0.5783746075541754
0.7132683685306872,0.6186814765856568,0.6032205605549091,0.5745356351391254,0.5669243798784059,0.601313122817672
0.85211489903302,0.7079404462227287,0.38776163644143297,0.761829409358547,0.5922821766486323,0.7045166711822383
-0.6728867195723728,-0.4624772425095914,-0.4386513016759773,-0.4171822480982537,-0.33276736999241074,-0.33118312520339044
-0.2722492486477413,-0.1869855647735206,-0.13196455024026807,-0.153804187951582,-0.13641239676355962,-0.08710328670129748
0.578666559742072,0.5996873526591405,0.6961289169741345,0.6427481520155218,0.7044522358180823,0.7132571711948243
-1.025200104290918,-1.1343400045514993,-1.30428643460246,-1.0700820837186749,-1.848028154014146,0.0
1.3485798434310239,1.3909038741086415,1.0323978007744052,1.6722508430137173,1.7162867827818222,1.1603520705131107
-0.5182991305690275,-0.4411340177669182,-0.34833253248217844,-0.39483446803984446,-0.3734460390863616,-0.3296658716644377
1.0145548243174478,0.9984967781700733,0.8676186851276529,0.9675426144876977,0.8962392435835963,0.9522489165763635
-0.41417257046165157,-0.35865552405077444,-0.2512535992944706,-0.3267516159334192,-0.25693333438178056,-0.22305416048922186
0.6065995408061728,0.4719817594732118,0.21540714585202717,0.512721324379757,0.08330526970984332,-0.03920089122539846
-0.12393259807655616,-0.30697919345660674,-0.37818809667826747,-0.3187721987448501,-0.33802507259782366,-0.4946435160562688
-0.39696711725905076,-0.2013850875125076,-0.20878162590284094,-0.4778960991156199,-0.392027734577467,-0.3919129735874809
-2.1585564748607036,-1.7356886292403888,-1.6324159460369592,-2.037864128596311,-1.9417397902259237,-2.1565822149837635
-0.6209246612101411,-0.622613363142997,-0.6992769730287742,-0.5948321729665923,-0.6764101721166054,-0.6968800104429705
0.07904690378738925,-0.15136469145733875,-0.03268277748945344,-0.1244953208563841,-0.27556000341292614,-0.3671926381463836
0.21488593900764624,0.1077262887043974,0.1042767213807916,0.1353963431416043,0.1478994293441937,-0.02340763249201218
-0.560526208793762,-0.583348646484398,-0.49160379859499154,-0.5341848391678959,-0.44695331188691706,-0.4159582354172803
1.0943113123347796,0.8755631390882734,0.679537686421598,0.9244404711028424,0.8447318630461945,0.7339117085750907
0.18786597931617516,0.3174701584898569,0.37087592296506894,0.35219123239982797,0.3580498708706274,0.4169041208283442
0.36396937545095465,0.3126493690450269,0.35016087273887225,0.220531656201881,0.25724281540609584,0.317066144963825
0.28175214278339555,0.6473200079506634,0.6125096791278957,0.5106281039106291,0.537121080323882,0.4638665643172328
0.20694720286121926,0.35163272814622454,0.43348666627001653,0.39035056392417167,0.45029015696491564,0.5500906150467846
-0.6266605709428857,-0.618938368762283,-0.6691698302712873,-0.5715405881364004,-0.6963033677375788,-0.7084277935563065
0.8969587417820232,0.6257931510746185,0.6514880123600895,0.4679450791826586,0.48293174957915386,0.5794672849799755
0.588423779734256,0.47981417419306327,0.13497596519612723,0.5201434932054356,0.09979635021466352,0.1275696952732248
0.25320351393548773,0.31650945446294854,0.25462204366955743,0.3491311972746688,0.20997861612046298,0.26724906852745844
0.4212025495713405,0.5278873087176088,0.5422314821282982,0.5807628895363804,0.552498107826134,0.6466525210410123
0.1674853600668699,0.24406358128639016,0.318549391757467,0.2604859654128954,0.3241916898435668,0.3913979644567369
0.10093242011300525,-0.0911187375580714,-0.4656702806644978,-0.06018211235767599,-1.386204368660085,0.0
0.7150797655122423,0.6002479197435202,-0.11819435377148568,0.6483751241549854,0.05970256679250913,-0.0026566299073428772
0.20685199890972228,0.41040553429483434,0.4215943321310831,0.4504591653644521,0.47919684183929884,0.5268964585704609
-0.5499517151813517,-0.4974792914783164,-0.4024338209576554,-0.4646480986342098,-0.41426149645712373,-0.38521918170051533
-1.270787445348272,-1.1538301710751548,-1.3224436962514932,-1.2784719690667037,0.0,0.0
0.6274077679631115,0.7064646718457944,0.7402739050939694,0.7855281105439462,0.8051086517441711,0.9204110865373667
-1.3785082298540037,-1.1454066172296655,-1.0073613903561878,-1.0971443683864757,-0.9954236899074892,-1.0168305457151627
0.33929407591956806,0.042764904782362466,0.14743178431530957,-0.042069892963335714,0.032345369470939335,0.10402732293812002
-1.3885014136765395,-1.3308513443262606,-1.4268356939234639,-1.2918529401765948,0.0,0.0
-0.3735476904771005,-0.3224615047397586,-0.42453091158932216,-0.2900471397364872,-0.23227027158663635,-0.9404953331868487
0.1135929437815111,0.016005366268471276,0.02087444330434748,0.028654364288305992,0.000738114558108504,0.04926929398085032
-1.0180422932743476,-1.0189231958186076,-0.9129582481332759,-1.0002381633581274,-0.9011255281324932,-0.9187037213552303
0.9456622979749192,0.8508343549166314,0.8571319168970517,0.8965294949016144,0.9529989998042422,1.0381762039066504
-1.5902567337337976,-1.434108809562387,-1.4828758782701241,-1.431869542731411,-1.320757786030551,-1.4010120476166172
-1.4240232705972093,-1.1566620790410513,-0.9227708127384715,-1.1017950027713188,-0.9999479335880415,-1.0999457686829475
-0.1540308638360196,-0.2876529608125592,-0.1810298243620794,-0.2514372519637193,-0.17090254735557464,-0.11623745951237209
0.49687028281122475,0.47804433513400835,0.17146924974204056,0.5266068556213483,0.2856309813606342,0.12394800792161341
0.20159019117581473,0.03559249445325027,-0.05748292267763098,-0.00535602365894374,-0.027199377225316283,-0.15584336966212325
1.100714056869966,1.1859923260064094,1.1730142145285687,1.3557988143661024,1.3831994945017543,1.5093375003409342
-0.8933891659729599,-0.7223949224955626,-0.6840340157314553,-0.6732291389355295,-0.5929201873559112,-0.590408770868943
-0.08063429111911641,0.01849143184864092,0.12338414556544647,0.045601938974594323,0.11585081090607108,0.15789736357626463
0.11201198259810029,-0.10688497996789527,-0.03744484060891648,-0.14613059831684003,-0.19611639290652003,-0.14793940884984003
-0.5499517151813517,-0.7829611860531184,-0.631254613161015,-0.9524501422122014,-0.8546057983383379,-0.8283814418278304
-0.20597913107108387,0.011837347272145225,-0.05969504267779801,0.041252457043999324,0.11524111498183533,0.16064688215757186
-1.7072124444146541,-1.6846686600822824,-1.5127289658277607,-1.9757379815171328,-1.848028154014146,-1.8778327886084845
1.6668603960653974,1.5358773544599855,1.4078806287154029,1.826305251179577,1.5601110620034968,1.7169305208927177
-0.15512294651103378,-0.10277449382485904,-0.026399102887914142,-0.07506885822638215,0.0014753182196964047,0.0301905119149844
-0.5118303108647657,-0.34608429809177804,-0.2357068170793752,-0.3210409945420673,-0.23889235670175202,-0.2043112645017755
0.9359952205937436,0.8264997724730553,0.753552574378594,0.92768996030924,0.8094453907229197,0.7505721499364939
0.6089975664463657,0.7087333095310918,0.6615469045228556,0.7883096840885477,0.8472663758650548,0.8986734873473882
-0.0446066787096434,-0.036167034206599814,-0.04439960501602391,-0.006702342735970218,-0.12353090112570764,-0.0592797741135052
-0.47002448808530645,-0.3879526211982499,-0.39832032247404203,-0.3454083473174262,-0.3211127960916189,-0.3560003640335987
-0.80438798779037,-0.7672624665273089,-1.1424007252863202,-0.8360186972442168,-0.8614961329630508,-1.1569584405720543
0.37589765982915324,0.4152215607129326,0.6732832058576795,0.42673492197520946,0.49100594506578665,0.42793353964581976
1.6196104807671745,1.4597215613241838,1.4226626833082576,1.4477633444603835,1.4912695306662733,1.6398684256018548
-0.7327952516462827,-0.6104477774864852,-0.12316118728057132,-0.5542550836202875,-0.46653385060019015,-0.4807704548268432
1.2538068580965471,1.0040553146766757,1.01855734522682,0.9268790055549635,0.9752843693988942,1.1062289267562633
1.2754644907662755,1.1762183697989443,1.0590426069990193,1.3735122235159767,1.3582786736754333,1.0583321941671056
0.9623644670208309,1.0090588281871107,0.9398507692395239,1.1494679325077806,1.1024443333361473,1.0804466212508574
-0.01216422729236872,0.12095737684733451,0.18307614594815957,0.14865997496159022,0.15935475861627135,0.2164568023577156
-0.00458292386385237,-0.13218676456465484,-0.5579492014949086,-0.1083640180853703,-0.25807993563480897,-0.7700379758923273
-0.08673520868829107,-0.16432403780764,-0.22809457645027573,-0.1444385397810227,-0.2827042788927344,-0.28164246652060426
0.015548972186155086,-0.037535078081298266,-0.5827922883641984,-0.022400656082703523,-0.027972934198936424,-0.3935983452906636
-0.35957375321956775,-0.4222876041378222,-0.2567998886102963,-0.47344605289543623,-0.38768481400730537,-0.34191350390373765
0.23297453567267704,0.1756181085319018,0.2632983142974344,0.08051433701320744,0.13149215102256612,0.2088645729785664
0.3542482525356401,0.482457765422017,0.20983019225558383,0.5315584333575333,0.5859626408851974,0.43292830419264966
1.4685055872358308,1.0840777993545454,1.1014492900570847,1.0718216094710935,1.1256685587766087,1.2390546145511454
0.8686090549912477,0.7422264034228044,0.6102047585826149,0.8092044124434945,0.8414030642442701,0.8173802220737169
0.009870631338746869,-0.1822641323557387,-0.5485656075116085,-0.14867762196754117,-0.8410934339842402,0.0
0.09548322381476364,-0.05280542293627048,-0.08814788510138075,-0.02586707120274753,-0.10208619410656795,-0.19697310455858
0.07337733317280735,0.1435419575490474,0.14817704207778795,0.1386052402111983,0.21050093437855874,0.2787794029612971
-1.8072359031305534,-1.6846686600822824,-1.5127289658277607,-2.005702186006039,-1.877026992854993,-1.9084243927365345
-0.09519234671719762,-0.0004273968399189223,0.08232423784359019,0.028017676741567295,0.09350664717200254,0.13760251558539596
0.7370848114451045,0.9497505838786356,0.9241636614062084,1.0702346744199078,1.1124355084788453,1.1755573126547316
-2.2389513429840053,-1.819831580326496,-1.6470869344577523,-2.56298003920946,-2.4153081303010633,-2.475780551076764
-0.03143280859298272,0.19400174431065928,0.1896406925750283,0.2252002329970536,0.2952688546557766,0.3465758912446748
-0.44443594434204314,-0.633771744461998,-0.5827922883641984,-0.7402422858601393,-0.7495517244989353,-0.7292269968862273
-0.5251866175893779,-0.4329843779701847,-0.2862338452349193,-0.3884220251822477,-0.3236820965281642,-0.36880892118862485
-0.1056113894687382,0.12609438538838083,0.21768576545671214,0.15596721612894043,0.22749399072179255,0.18355438968863905
0.10895017697479202,0.31986442775515134,0.3398474621928067,0.353715839931554,0.4136290174649136,0.31328244366257524
-1.6747828934824802,-1.3925177827457642,-1.2484999305657756,-1.380670307858601,-1.2710342717157206,-1.2942171963017777
0.5004811815323214,0.4870085906988678,0.542732219510241,0.5000613726213745,0.5645421738057598,0.6522374633654374
0.9392618221666013,1.0348953332137076,0.9760014108222429,1.1877665609624153,1.1965927801472531,1.0861373740767102
0.5510974321302777,0.6971709862641783,0.7761866187008846,0.7599719592161592,0.8188481556419872,0.8866151811442327
2.016257839425421,1.8317590814470717,1.7266018567369603,2.2610181689237794,2.2050867641438257,2.38444540492684
0.44909317539651356,0.553814681036018,0.6068712606515633,0.6105417137703216,0.6580385400658978,0.7448721311445984
0.8194871618279382,0.6613065606066182,0.4715846011994762,0.7186520921930473,0.7332167455006007,0.23322045390448218
-1.202029980665065,-1.2510494563885712,-1.105050370230891,-1.285117907063125,-1.1781976471260833,-1.170522632124284
-2.202582703486822,-1.7906663286054465,-1.6545397778233306,-2.249080537375907,0.0,0.0
-1.6083246694735762,-1.5111851278656887,-1.3554635005914022,-1.6156110057584403,-1.525381516778117,-1.566754990651855
-0.16802180442810946,-0.5707998484086284,-0.427758658993911,-0.7498247517654183,-0.6572296407999998,-0.6195593054048512
1.894185937538837,2.109167153944904,1.9442861380031886,2.8595020716758937,2.883812882394007,2.7931933419252006
0.541853857911407,0.3610057616425536,0.43453437790405947,0.2565127590072288,0.31455132982755557,0.3961958489121079
2.0621807171023683,1.7854461361583673,1.7044178629897202,2.1010398112663315,2.137366287532715,2.3435965419041858
-1.1914520411700955,-0.9744909779024364,-0.8374376508056182,-0.9151207743396168,-0.8182590363952673,-0.8176271849444128
0.4047139076553953,0.32438433274451217,0.14481481017613118,0.3597786140195879,0.2805224851400569,0.043523580461269334
0.093498971620357,0.277638257919533,0.3807967700914144,0.31204572471322006,0.37592380964369654,0.45909864254321087
1.2186021802048126,1.0875818167928628,1.0019243771860658,1.2294543915578848,1.1049889801340165,0.9308161458576115
0.11942585965144081,0.2164349668344203,0.27473401293727784,0.24849139458888164,0.24846716532405505,0.337756716274363
0.269408265512909,0.40696747628842794,0.4771715680903254,0.4498025051987953,0.49500528268320054,0.596005756982015
-1.7989679917734895,-1.4648058540631739,-1.295391018602936,-1.479048263160374,-1.3665638361368453,-1.3695577067823497
-1.1769406532097426,-1.0007826767959178,-0.903298109432477,-0.9317656262038955,-0.8973944903484246,-0.8895971036624298
0.01783103251806173,-0.1746729957055254,-0.5419541231152031,-0.14106859503950556,-1.1346735756609887,0.0
-0.5697976346941245,-0.6554155977753494,-0.5315291714606644,-0.7124558231649593,-0.6208064368450229,-0.5999611366215476
1.6988540446681804,1.3728424046477739,1.3135791223280973,1.3977521222080005,1.3967216258613904,1.4144150391731092
0.5327597107563622,0.6300395996592539,0.6350862874374184,0.6972375201532098,0.6455101579873727,0.7500042437452269
0.7457870500956656,0.7557030125222789,0.6994710631121311,0.8389419874427713,0.7587918884796611,0.7165438943012202
0.17631248532720412,-0.16775313857466784,-0.4508773925344837,-0.2514372519637193,-0.7117254102413786,-0.6772250301207453
-1.8384860459519659,-1.7490396036702132,-1.5766461809003278,-2.1976116400888905,-2.062621321352378,-2.1041502421433433
0.646082174674965,0.6761271875391118,0.652016008310763,0.7495597617650935,0.656744590741185,0.7609957588747965
-0.6671274082538086,-0.5607207828412699,-0.439752052415709,-0.5116309236823875,-0.4421640554671313,-0.4373809468570259
-1.2030977940395802,-1.1886407021117293,-1.4431664966372622,-1.1306115131216012,0.0,0.0
-0.19590690880562323,-0.13434645212413918,-0.3226616231456102,-0.11880035801023625,-0.04207193987745515,-0.1661579020280192
-0.9557208399183401,-0.7095395017155454,-0.5970619882917914,-0.6586920416352667,-0.5703936677623554,-0.5786883642954924
0.2589473361431084,0.06792584612458752,-0.3173101464019152,0.09726274585554906,-0.9240986226481691,0.0
0.0556376493031595,-0.03890643144494088,-0.19794080985676296,-0.01416023087940623,-0.40081569480466145,-0.4373809468570259
-0.2756157517594922,-0.5116577204453612,-0.5674857256015268,-0.49758907430412014,-0.49376566698309615,-0.5427151454493494
0.0038593305684861655,-0.011654926695202544,0.05585257315193816,-0.1179911482314114,-0.09684513500202302,-0.0942589797114017
-0.6184833854294451,-0.6165005051755272,-0.8331448603709591,-0.5474858651419959,-0.7117254102413786,-0.6997447722066801
0.9597487200122827,1.0269703932020853,1.0614346998578266,1.1770142493323543,1.2281474424583962,1.3111136638939587
-0.14806174263396255,-0.08463435415660167,0.05674217685526636,-0.07131296606227906,-0.017994289019961508,0.023416595539869384
-0.17855626894747964,0.011418842118657678,0.056297564658010786,0.029290397076451577,0.10353909126208088,0.12103578751202619
1.3637584244634942,1.0939991210809428,1.1276319340702932,1.0850397818680766,1.1385287248688738,1.1053668043831397
-1.010186533719715,-1.1207632238353153,-1.295391018602936,-1.05706045925209,-1.7711949574411172,0.0
0.03511009163923091,0.10383656077948661,0.10183777190606863,0.13324793202956597,0.12492365111801391,0.18751353396574705
0.1764131282791437,0.35700887934341335,0.42608832372949645,0.39608208956690893,0.44635914489439266,0.48428402883643795
0.3239926737263014,0.23491579379824865,0.18028656302729196,0.23718055730074103,0.30699894888536144,0.39187931794243247
0.10093242011300525,-0.0911187375580714,-0.4656702806644978,-0.06018211235767599,-0.7963809225397129,0.0
-0.04102360437511305,0.05374255461658014,0.13726327254926335,0.08051433701320744,0.11218342689087477,0.19144849057273403
1.1510514281642168,1.0713087999002944,0.9196265443298574,1.2247733060025907,1.261363581148657,1.0347615973474904
-0.3401085811376437,-0.42761213458147923,-0.5187550650466635,-0.3871479790077288,-0.6230122317172564,-0.7322624379858043
1.2903103478085582,1.4432876630453675,1.2553544298593475,1.7485021427839817,1.7913867647880342,1.7682297007442422
-0.02474325557572831,-0.18462003752553377,-0.13514365826129723,-0.15466287276180712,-0.27319827194149415,-0.326642899993437
-0.8416048554383287,-0.6275477185451733,-0.5013304521993911,-0.5803855277936195,-0.49376566698309615,-0.4768667336425096
1.1635133084718763,1.0272662667154913,1.0298336284832732,1.173585156856296,1.1944774787632788,1.1235975191308898
-0.6809547225307643,-0.6300297935853063,-0.5620172823980509,-0.5732985361688299,-0.4851108642489372,-1.423144892792223
-0.5492294197498006,-0.43749829021649006,-0.34645953417906006,-0.4280047323933282,-0.34333203790011013,-0.326642899993437
-0.7352625314990945,-0.9131043914776699,-0.8571351255317115,-0.9086052291388367,-0.9086697155657177,-0.9187037213552303
-1.2084646800169119,-1.2743485838790083,-1.0245707521678582,-1.3417203390848869,-1.2331973299159864,-1.4119549571426808
0.24642520213160635,0.3309766019098816,0.31934499941880984,0.3683956306644956,0.2538447964061354,0.32881773530106273
1.1339503837912914,0.7814176690012394,0.81054431538418,0.6887999580519167,0.7475964920481318,0.7682283288866478
-0.1755264233219532,-0.008176448943296033,0.09279523297645195,0.015794306914891323,0.018184881170544447,0.07880102638126257
0.9701323812045435,0.9825947868930979,0.9782177516295427,1.097762269996533,1.13495160029581,1.2248216055528294
-0.2256421125045899,-0.46626760713737436,-0.32806465783188277,-0.6248876476798397,-0.5354276035108518,-0.4906458889423342
1.3002662153253899,1.3727301823855367,1.3413650844314045,1.6320884716698756,1.6328059486691022,1.7866831553044547
0.23578156827906388,-0.07042936418482076,-0.08291351064973418,-0.18642163036132497,-0.1611155078821818,-0.17079858757282798
0.8623080770261164,0.8866850054992217,0.5979126906253223,0.994577415028999,0.8573103146525135,0.730122054591966
0.24651377285049728,0.15010841145259807,0.23774287239154585,0.12892892168539472,0.201030793139176,0.24234957977539054
1.0040757686106185,1.0630401354322871,0.8055943453652141,1.2232775023800861,1.101101310605156,0.9520356075342072
0.024754089773134185,0.09525408435066236,0.17677793808318185,0.1245799701423632,0.19195100729952516,0.22271627945125438
-0.028223494676708274,-0.083643260735239,-0.08118001451386035,-0.10756861708615367,-0.11990191439637238,-0.09220603081879193
0.0780859490731069,0.23463617166938303,0.3300918146100049,0.267053568021811,0.3362506866560743,0.4320229441403206
0.05801096785625155,0.2549491829934944,0.07077309233310529,0.2888923521292134,0.2031478860776243,0.13902300650907065
-0.20279998586764103,-0.7909599534871424,-0.6389566161211759,-0.9351577718126136,-0.8377694897086586,-0.8105726012929928
-0.710563778111508,-0.7109548626189442,-0.6358638037814164,-0.6690368253144291,-0.6056126932235864,-0.5649331265605536
-0.12341557013738859,-0.5178371760635895,-0.38415312480383457,-0.6326598428284551,-0.5430069924558275,-0.5192255919721028
-0.022291098712089112,-0.01209124707150084,0.1380234488475616,-0.04852866366365395,-0.0037043190623142113,0.03772504456072289
-0.06055715684793165,-0.011218943178798058,0.07336229602658569,0.017092426720780082,0.08970124595416143,0.11737671553758859
-0.8110872032793931,-0.6914267311545572,-0.5539092071528875,-0.6385605941484065,-0.566396193668194,-0.5234259890142406
0.19588908718025055,0.1254122000686054,0.22478089794315034,-0.03356283225848793,0.033044694358447264,0.11147816323664839
-0.4869728329490913,-0.4135172367620543,-0.34366166350307215,-0.37083420763606517,-0.35955841283469114,-0.37531852047553504
-0.6488943513870129,-1.0328693521289305,-0.8729030763158092,-1.1825371357819148,-1.0784776254132629,-1.0651156476008148
-0.6287226981768823,-0.4974792914783164,-0.3606610746400817,-0.4502775041183074,-0.3650724852090773,-0.3450151953398634
-1.1230242238818648,-1.151010356979307,-1.051294048455449,-1.1064877204133283,-1.037679931692546,-1.03244223163717
-2.2443119993991916,-1.7490396036702132,-1.6039705347316247,-2.072589890573894,-1.9417397902259237,-2.0151941068772294
-1.4363239625187167,-1.5925449055816443,-1.4214786740547662,-1.872770805783009,-1.7483366579289161,-1.7726461047797346
1.6529178554898274,1.5411795370306274,1.4310753617982528,1.7029143897391594,1.5995039032324543,1.7228321496241081
0.07880682098404959,0.256294657198202,0.33550695227670996,0.28973379433513213,0.348500963916984,0.41318665613966926
0.3342665252537601,0.43789967213593184,0.4164067034709631,0.48279459313874823,0.5327491747236518,0.4569201271094537
-0.5993088455491282,-0.6056481332018132,-0.7644330232952963,-0.5441312975242399,-0.775378982638181,-0.7798968544008988
-0.1622732298180875,-0.06178734147920809,0.020398282121352578,-0.032859213084429226,0.0022116133325922735,0.045992438356257846
-0.28698248577650803,-0.06801561410705553,0.03310539647440045,-0.0427841773805858,0.033044694358447264,0.09875934156471976
0.3174227889967592,0.13185923500805985,-0.08523359401326819,0.1343230565801818,-0.041279819016936274,-0.06317895535387645
1.0469702836910493,0.7853185148176686,0.7494182965196761,0.7225932005025597,0.6644703687998496,0.7385477003233668
-0.5251866175893779,-0.4777837942763565,0.0,-0.6405414185448873,-0.7439798908655192,0.0
0.11426911870286538,0.19760559635028788,0.22221238007865962,0.22891056903212115,0.1661263824550839,0.24355715050771107
-0.15621713742237972,-0.42672142144691216,-0.29129458254449403,-0.43074229453951624,-0.34600429770279223,-0.29866307145745846
1.698489043468338,1.286410537805289,1.293504559685096,1.2227425370329754,1.2658478531095843,1.3988873804438335
-0.1495030379629662,-0.05940988817386547,0.08147735276290219,-0.031454392761355435,0.04068399486413976,0.08268821556689426
0.9730768217983928,0.838424453602182,0.8724063421191395,0.7260773282852208,0.7793436368096553,0.8898818634006175
-1.7800768360518269,-1.368730666777411,-1.22031293034301,-1.3417203390848869,-1.2331973299159864,-1.3120225737788538
1.1099373741321088,1.1700091611473022,1.1198693329824367,1.3608654509723443,1.3913787770593644,1.231391135453687
-0.17364094679638561,-0.01823538413989472,0.07935407486627764,0.00794771995183283,0.06303643470871627,0.12103578751202619
-0.7177222652134306,-0.7829611860531184,-0.8183524024231543,-0.7645192191879024,-0.7695292994292406,-0.8176271849444128
0.015145285609570241,-0.17699814078052747,-0.5432704433552544,-0.14359428722902168,-2.0182874029480082,0.0
-0.520700536759308,-0.2954501644921029,-0.14674545398414185,-0.2585514177200397,-0.1778527772497113,-0.19940933239337302
-0.11605635159248814,-0.14803134873435983,-0.18033642606481828,-0.12941975374297976,-0.18387700766532786,-0.22305416048922186
-0.5314554464635943,-0.8429517754762056,-0.6890720179191023,-0.9850695065985479,-0.8863607148507471,-0.8619686848199242
0.22960526090244368,0.24406358128639016,0.17004420866435563,0.2769947163044203,0.06237113422395424,0.09268485767356627
-1.4332261982964838,-1.2380913030689786,-1.2008981305231978,-1.1825371357819148,-1.0784776254132629,-1.2522593034256881
-0.3980798157140374,-0.18995612012451743,-0.35209730882715956,-0.15552278356393506,-0.14673642222292993,-0.7933208972682875
0.8411086952298187,0.9177187068438817,0.9304224531187357,1.035922953211686,1.089989898691136,1.1566619377053171
0.43187899817173614,0.37476354446897764,0.26890225645114985,0.37099562875959985,0.4274408909285259,0.1842159399853511
-1.788105668066137,-1.5306472062198508,-1.4268356939234639,-1.5776458355780603,-1.4622524963929515,-1.4962111732539911
0.20827832714050273,0.2760857988130658,0.3126755022792718,0.30715402454972873,0.3163151941420099,0.41085264440372415
-0.7512998082475136,-0.7703709954545916,-0.7878101076393178,-0.7057222409195355,-0.6319266066103375,-0.7414690049384286
1.5212240041158884,1.554279557416679,1.5381668581144334,1.8946140591013643,1.9205530937289952,2.071147041286009
0.3975186828797062,0.44057192300483033,0.47851042300602126,0.4682645421906347,0.48428452338333705,0.5721493924464531
0.877000563518093,0.9678932661696495,0.9656553053462574,1.0996702578856055,1.1117738569930073,1.1927554047850832
-1.1677888337361564,-1.1426224979314916,-1.0101972891364013,-1.1880309956774402,-1.0838196959371895,-1.1059819959316888
-0.09306613647769761,0.09163855324232731,0.1957824227269448,0.12020064063351532,0.19248883847319145,0.2787794029612971
2.708470732607172,2.150073738865428,1.9904980107843853,2.6801399113168003,2.7057241344686735,2.845821418733192
-0.636206576528297,-0.5432033204588524,-0.6343234228927187,-0.47640891307784394,-0.5624277986978136,-0.7383832496783184
-0.14662410528122405,0.023020857762692443,0.1276648868883086,0.030560503990806426,0.10478155814233735,0.16882545845885247
0.32820181546575744,0.2603111627318397,0.1799367870820092,0.29392453273098396,0.2494483910144749,0.11443426349087876
-0.39613399501267904,-0.2547908435281719,-0.16328186829455546,-0.22380274653368096,-0.1486332799428511,-0.1445829560774081
-0.6016718105957747,-0.502505014247972,-0.9403236104249525,-0.45885672806321304,-0.471538839019959,-0.914448797034277
-0.304940171758699,-0.4924949487157779,-0.8204438700575533,-0.443224469121683,-0.7842772423850063,0.0
0.3853778098036302,0.44133294067472917,0.38336211808633086,0.4856002953152105,0.5355630786908505,0.6302957084148842
1.2034638765234262,0.6907615932869097,0.782165983281141,0.5154029081576246,0.5781220288322871,0.689492605273221
-0.17533759366022836,-0.08612422820628812,-0.12253782888905755,-0.056516480172096574,-0.02874749861352721,-0.06220186237382949
0.11920265005983334,0.23463617166938303,0.31934499941880984,0.267489018782053,0.33197045483521664,0.41921703249353537
-0.10278089103784556,-0.22684142433624985,-0.28875846951516226,-0.20388658735968349,-0.3678498694894693,-0.5068042597911706
0.04578707543376853,-0.2897692389135454,-0.2536237809035722,-0.4105195078337471,-0.32626307765613904,-0.40725754856079543
0.384279180609944,0.051408261831656706,0.07807592756666826,-0.010759066488665495,0.044124555851513245,0.11590718729432613
-0.02027970355961355,-0.09971088637592071,-0.2449823093131648,-0.06832482471812386,-0.44695331188691706,-0.40038838976770386
0.06630012651203812,0.1527132484132621,0.1599558765602704,0.18139394134338618,0.24699240890214338,0.1246739911200085
-0.7011513261443749,-0.6438626794218353,-0.6659163360977423,-0.652576053308089,-0.5784776609116298,-0.658232162504931
0.3649675718354107,0.444366063848468,0.5065126698298058,0.45078724901769013,0.499309991254265,0.5935147819891003
-0.2720255172325983,-0.4596500369540148,-0.7937974905116897,-0.41317541696749216,-1.7266136301968356,0.0
-1.5574653682055095,-1.447096603766417,-1.2822682996054395,-1.4992812750624949,-1.386204368660085,-1.4119549571426808
-0.6746701401978323,-0.6528295595442306,-0.6389566161211759,-0.5948321729665923,-0.7276076864411171,-0.6968800104429705
-0.07129090004573752,0.055680383327191274,0.13878250068609857,0.07758065341247548,0.11706837134790837,0.016568918215558847
0.19598621063063448,-0.0509324454567906,0.08359197947749035,-0.051421262797700096,-0.1457902993240259,-0.19092486653985
-2.2830864354506737,-1.8273125336895215,-1.6545397778233306,-2.56298003920946,-2.4153081303010633,-2.475780551076764
1.1175135143244468,0.9923644079946696,0.9553192249856859,1.0769548136439566,1.1307121351682197,1.197791904505552
-1.178992950817543,-1.2285351620237128,-1.0635414721087475,-1.3417203390848869,-1.2331973299159864,-1.2286474766816606
0.08927344067092693,0.250892621127608,0.3209323837265813,0.2842445828378029,0.35267047007322483,0.41736734672165154
0.2879440010468041,0.28609795367817914,0.12455515732757949,0.3152863200680772,0.21206523955181675,0.12322119793817282
0.8246563506200443,0.886526756088333,0.9045996485153496,0.9904396931750767,1.0335318255342743,1.1321294018343184
0.12850074601590264,0.18946331364571026,0.23272417055259423,0.2077523684752774,0.2591762218655986,0.31490670326001313
1.8390209870924887,1.5609405854323204,1.5226413700983046,1.5829403979921517,1.6246514403609105,1.7998137381496466
0.6076867859969398,0.6737071521487119,0.6534648795683369,0.7474581215880358,0.6354194251341407,0.7468724518099239
0.24135281710983306,0.34002563213114645,0.3730188409296538,0.37800069626622396,0.4449236610699925,0.39428085804296786
0.5108440048443549,0.6392074520042091,0.6679625805518937,0.7078062016724492,0.7005854776932611,0.8145366953365119
0.6096291964432456,0.6830806689140139,0.6407988974797947,0.7583166416389147,0.7906586140043043,0.8535818845056355
0.11685349628622226,0.18885533853994166,0.2787760706737037,0.17134587832138404,0.24254696722609914,0.3277580550545829
-0.25094461539966123,-0.366649915855586,-0.23341209174450805,-0.5611060987529801,-0.47321726168925476,-0.424789578021656
-2.1172611692724206,-1.7161221644684646,-1.5503619449602437,-1.9757379815171328,-1.848028154014146,-1.8778327886084845
-0.45601166958921097,-0.4005981595099355,-0.2879156564409397,-0.3961254902528928,-0.3147399299093845,-0.2705576864039274
0.3265985370181587,0.31986442775515134,0.3570817915138863,0.3300655841345427,0.3870402361339963,0.4503416868900314
-1.1810520925326689,-1.0305241048558091,-0.6659163360977423,-0.9667005827577705,-0.8684792567579258,-0.8936609085814988
-0.5272687752361692,-0.555192345441852,-0.4375526621413613,-0.5491706127314616,-0.4615736212399974,-0.46531007345502184
-0.3291327547556411,-0.15752633381793915,-0.05090109818678346,-0.12531328016396223,-0.0721506536210495,-0.0017698344463123
0.8693775837248703,0.9349311655013276,0.9382589842220467,1.0584875211306153,1.0626897538836675,1.1881467229774565
1.310243460936093,1.2519690516534925,0.9248794760723972,1.4541164020436013,1.449745378831895,1.164978572118192
0.68586496374324,0.6745554784421152,0.7066682529705761,0.7186520921930473,0.7784818571663394,0.8938284279986888
1.258713244136926,0.6846262037675441,-0.16597498788795292,0.7587308472889488,0.04890850987995972,-0.15018729758047045
0.9670348270628897,1.0725475169040244,0.6566102932048743,1.2118506865126246,1.070037728234208,0.36336575874234545
0.2724571799950823,0.28098669855103386,0.24425479825474383,0.3156902498322925,0.19033468506820111,0.26724906852745844
-1.0125326445838256,-0.8023316303749148,-0.6757305188081235,-0.7355128968138986,-0.6432808005187276,-0.6424452933826763
-0.7988619840166609,-0.7267396029880087,-0.9302330412780977,-0.6669524469172561,-0.6364396266801627,-0.7933208972682875
-0.5568582596219444,-0.4222876041378222,-0.3128892987971524,-0.37083420763606517,-0.29115375245267644,-0.2705576864039274
-0.20857532288289246,0.16966583324422124,0.26684494821507565,0.20053994312664072,0.27065198827846815,0.35324119278615757
-1.1925017282058419,-1.2984867069686497,-1.1970835707733107,-1.3417203390848869,-1.2405314079900744,-1.2442669773292476
0.40853874104354687,0.5267581865395403,0.5875670192956531,0.5807628895363804,0.643662965006456,0.7207045835148158
0.30539307974442803,0.3136169926918137,0.5117069349376359,0.057256186022082864,0.10353909126208088,0.13045232686077
0.5068652302746542,0.4887484191689016,0.3459108010841625,0.5079270441186687,0.4916742329968686,0.40710109627123126
0.2407266378359626,0.07581835847688431,0.18272828368611532,-0.17209899844665094,-0.09337685280805473,-0.02249094756344301
-0.04821277143460953,-0.018676817927270002,0.07422250631670681,-0.015525982971631476,0.03444090498623849,0.10552448348332798
0.0509866682770668,0.2273151126628902,0.23019592593110594,0.24669509196722184,0.3163151941420099,0.3159873126615536
-0.3353433269234824,-0.28204652743181446,-0.2183533388682036,-0.24841423163417928,-0.2696738468843751,-0.21925897325167745
-1.4780435798683573,-1.4427398940789042,-1.4599011414909644,-1.4992812750624949,-1.5120439363490967,-1.976682149353645
-0.0359864311131185,-0.1485855685146266,-0.1269165170358773,-0.13355431368531478,-0.08992888185592354,-0.0641575885330996
0.41429058383543016,0.5033076174318231,0.546056937888322,0.554936832563665,0.5591500132112898,0.6587503980076337
-0.26712541772476556,-0.18580159368573992,-0.22733910193411724,-0.1607082004044706,-0.19611639290652003,-0.30881970852691776
0.34078584999069156,0.31650945446294854,0.34111683452812963,0.2692278633285927,0.3025133953221537,0.3251013532406962
-1.505156872057309,-1.5405875668677858,-1.3701310496431416,-1.752295464969148,-1.631613388853697,-1.6494508442239206
-1.566935875610965,-1.5765459007972293,-1.4056583894411423,-1.8085656613080927,-1.6861418145257354,-1.7070077671777855
-0.0015234605810774888,0.1332069781028851,0.2305126516315298,0.15648593060801788,0.2182830878166076,0.30674486289075087
-0.9694335681173242,-0.8257086846980168,-0.7079157895802081,-0.784745328818644,-0.6937758378297473,-0.6940297761664658
0.32621610522730055,0.49565039317111953,0.5418973614114081,0.546478932738822,0.5681122122920297,0.668405621105505
-0.3614000912907125,-0.5464497409990556,-0.866095979162839,-0.4945149556198694,-1.2710342717157206,0.0
0.08144203882024388,0.18181471949916095,0.25972635280666856,0.21156571776386834,0.256758521572244,0.33932165067655856
-0.21440983428186372,-0.053274633724150346,0.3308690564316375,-0.03497249831110102,0.021043864313073223,0.0301905119149844
-0.5189842410184214,-0.40401603577615924,-0.3173101464019152,-0.36223537451695415,-0.2791209831266699,-0.2788520458956793
-1.0016606351050492,-0.8291199548663126,-0.7663471140909266,-0.774538879954062,-0.6862642391050716,-0.70262421728614
0.44382660437835747,0.5021238480629869,0.5259206984854502,0.5529729273859437,0.6164143072591839,0.6696828133345724
0.07446748536402618,0.17872516018416443,0.2729916273437361,0.20583706297861182,0.2744306565392914,0.3578164794321515
0.10461208591966621,-0.2062654371582527,0.13878250068609857,-0.1900563736636939,-0.2661709804833019,-0.40381295944928736
-0.4067765142128568,-0.4393134024238948,-0.09107809178601642,-0.41852404232945445,-0.5584880439350134,-0.5999611366215476
0.6031874290049528,0.38246844698465093,0.00932581795039542,0.4038814397105118,0.28886017940403086,0.0
-0.07129090004573752,-0.12097970501972104,-0.2560041525530809,-0.09498198781296242,-0.20756758666278305,-0.19940933239337302
0.09966187008041574,0.04671025475369612,-0.037976603828888546,0.07581378750055123,-0.21178849965864463,-0.16155218179989164
-0.7115132767536698,-0.6606203316161661,-0.5200199235799984,-0.6248876476798397,-0.5354276035108518,-0.54929093687189
-1.067427233273414,-0.8072686807734912,-0.6790380888490484,-0.7450126546403931,-0.6572296407999998,-0.6662938861139006
-0.6644880392607287,-0.48460445884295994,-0.6659163360977423,-0.4362566392533586,-1.5830071644217492,-1.687029946016197
0.6085911199696804,0.35745445830430295,0.43537091218526297,0.26487185538953406,0.2015607491709137,0.2289158111201559
0.20761316854659922,-0.08314835865804858,-0.08814788510138075,-0.1738707494988132,-0.22355758614814508,-0.2345845048128625
-0.2563600539317241,-0.4672189348103884,-0.37917791874640183,-0.5697880885321965,-0.5683912679932293,-0.5470906548638701
1.059302612072056,0.9427501774157928,0.4131359875374568,1.0572750757433507,0.7322931575111788,0.8530916088222877
1.902889350299855,1.3970052570347868,1.3807380309650503,1.3789776774528113,1.4276381512092164,1.5915335866829485
-2.0144536975730682,-1.642867600396952,-1.5901734935989034,-1.789031302351054,0.0,0.0
0.07640026623913355,0.11646641558009649,-0.2721399739762744,-0.08417862463504697,0.0,0.0
-0.4587873706260013,-0.2390265004827628,-0.12943464385156456,-0.20295456142662535,-0.16696796328537847,-0.1151729093093325
-0.3580129091130524,-0.14032775633134803,-0.08931804868351385,-0.1107565009379666,-0.04844727067067604,-0.01883760040241803
1.2970757121765883,1.0225699122478136,1.0405977219100726,0.9926593553792623,1.0479014082769338,1.1266201511312506
0.18410787514233765,0.04355620149487753,-0.06526579098798772,0.07107748188017182,0.043438017007631405,-0.0008842923777619204
-1.5746150439371034,-1.5111851278656887,0.0,-1.5424836518206664,0.0,0.0
-0.23984226143572346,-0.09971088637592071,0.01175278123473241,-0.08571026192478022,-0.008929292004705847,0.04187229028935142
0.02805215218063319,-0.16375449515985863,-0.5315291714606644,-0.13107018491896702,-0.9864946736543152,0.0
1.6139648410418574,1.5081467486577451,1.2418541356790729,1.8401155285270054,1.6706448349203746,1.711294250996097
0.4913796287081547,0.39215384988146706,0.018967203617562035,0.40914615020083206,0.043438017007631405,-0.08305118309962932
-0.39668927656667013,-0.5126832691509323,-0.6251642590802436,-0.47640891307784394,-0.6142425357564857,-0.6023743959726341
0.018232782481419324,-0.05751505549287782,-0.08639741107425143,-0.03922105889842743,-0.9048837968733707,-1.5372938609601992
1.1023499146092137,0.9786176396430498,0.9983251611536905,0.8168551885371392,0.8540431279811972,0.9804774237023312
0.3912449479269784,0.3464293207809947,-1.5439447281635243,0.3827504586669492,-2.0182874029480082,-2.057406065052696
0.5481690750794543,0.4490706124650079,-0.144145735241183,0.4865328803078973,-0.15628297796031226,-0.08913933448214903
-0.9244297388694973,-1.1398500851775222,-0.91539692209031,-1.2719126997333465,-1.2259725979553757,-1.2210126928618792
-1.8414029470479236,-1.6846686600822824,-1.5188593908755792,-2.037864128596311,-1.9417397902259237,-1.976682149353645
-0.6932663931202417,-0.6711629209340361,-0.5238310962315874,-0.6968696586888475,-0.6056126932235864,-0.590408770868943
0.7268298253232166,0.7350813553423514,0.6301328687328704,0.8179955013341169,0.6957200166841275,0.6561526231115086
0.7735362728712414,0.7265238996145764,0.3730188409296538,0.8082420523279562,0.8575020109193998,0.5443661649108748
-0.15348561061396565,-0.1348876440064164,-0.11572797222721509,-0.10281799115427723,-0.1950865174749693,-0.1324307065445875
-0.2457936276924339,-0.3739379689533859,-0.20153065666021164,-0.3884220251822477,-0.3275579832955454,-0.381900510014382
-1.1054448395751342,-1.0471212213515941,-1.0363091048685336,-0.9925993903452104,-0.8936902741133609,-0.9404953331868487
-0.3614000912907125,-0.17409316697097107,-0.17072022861528052,-0.15123545310824843,-0.07298520100072559,-0.25564204697591436
-1.9322278632095276,-1.631367746538278,-1.5188593908755792,-1.789031302351054,-1.848028154014146,-1.9412503770230967
1.1558547105588692,1.118536641818505,1.0662294235665055,1.285751857167992,1.330523917120344,1.340813316710342
1.0230374702651879,1.0804418470853174,1.0100883265974145,1.2425903267728382,1.219907200818362,1.1048490413134415
0.8889676768626805,0.7495842371313721,0.5194808552107869,0.8332077196155284,0.7201681052485331,0.5061299575186498
0.8451485519681996,0.7819069482524538,0.587263694674882,0.8736101990569266,0.8841857684805019,0.68980250628725
0.2328837462083165,0.24898913148415794,0.22124580365448573,0.26879359512663986,0.31322516268689404,0.3325132198337247
-0.22030471431100865,-0.06946263624018417,-0.22658466192183424,-0.04564967957409242,-0.6912602173058502,-0.914448797034277
0.9568651214295376,0.5907767796915052,0.5480405613498979,0.500973746010872,0.5645421738057598,0.6750846197377807
-1.182084243869934,-0.9389885341092664,-0.8121205481468362,-0.8833070093300498,-0.7872771104679672,-0.7933208972682875
-0.4915332515786893,-0.2792632497944667,-0.18590841275283226,-0.24640739869267111,-0.18488715073737474,-0.12374129651799272
-1.086583383280644,-0.9963258169452548,-0.9009063681048418,-0.9667005827577705,-0.8720064389565023,-0.8977553109134879
-0.5660714764897938,-1.2413073446442022,-1.0760288146901216,-1.3726314410146092,-1.2632258013140134,-1.2603787402413504
-0.5335600644980613,-0.24097393735705772,-0.49160379859499154,-0.23548931133742915,-0.3109502243287482,-0.6883722792242291
0.8239381552859298,0.6947333419845099,0.41879126947344875,0.7667580672363509,0.7821367738752547,0.7704387373228059
-0.07935826580120191,-0.03389427407097504,-0.20732374658819233,-0.047807646466005105,-0.2181782448667055,-0.2104948118375881
-0.14896212239325307,0.06981517029407294,0.15557054243566076,0.09840140771873346,0.17115641296979445,0.1425604939865761
-0.22626119342049975,-0.4091797849694403,-0.6975640354196792,-0.3858767169734182,-0.4374156359182523,-0.44469931873340196
1.8176032669769921,1.3304873006109468,1.3198114697530017,1.288396942240361,1.3348864550776274,1.492158596084779
0.3765952968495858,0.3340099610017725,0.3091715189586933,0.3698826198006908,0.41249586769950364,0.4569201271094537
-0.997059988368758,-0.8826202587354033,-0.8417606619950252,-0.8275945717313893,-0.7551828937533885,-0.7414690049384286
0.5811465381496079,0.5017851342948978,-0.35970310321122595,0.5476128919742671,-0.16991640409307304,-0.3591766679177318
0.5749247185705898,0.47323568342797645,0.631100201723736,0.43350525943511187,0.499309991254265,0.5830969239230298
0.6304508414130786,0.515824978920231,0.4781282755552768,0.5450587559108387,0.40870402904454767,0.4311163531000792
-0.26447021251101954,-0.23643998361817145,-0.14155841881574527,-0.20016716682828592,-0.13548282803769707,-0.1302468122482092
-0.22853692332737266,-0.09413653686664612,-0.03163031664905686,-0.0631305439879373,-0.056514075477543856,-0.01159434756012909
-0.43308630843325674,-0.587976368099298,-0.8638435286662354,-0.545806103645612,-0.458291257441162,-0.6662938861139006
-0.3608776902378169,-0.31136140874889257,-0.1866089226574146,-0.2943762718186374,-0.2128485614204823,-0.17313221685842275
0.02077050600329079,0.016005366268471276,0.13650196862780545,0.012537013693970313,0.08008174555283819,0.15444380528774798
-1.3957380666430315,-1.2709700916565263,-1.3270616923384342,-1.2282402506084384,-1.1229131287044756,-1.198766196836922
0.9650124444051805,1.0658305838739708,1.0483731196136847,1.226052968823132,1.2599698544317754,1.2694935735319484
-0.4022715880863778,-0.3515514577474559,-0.293842283882938,-0.3176410766245919,-0.32239599313650313,-0.3161815120230555
-0.019419883160944475,0.289647254187656,0.20385737182476496,0.324911399223245,0.3893971162662568,-0.46913689867770025
0.013662599590934427,0.13287035034282943,-0.011514287857387706,0.1590731142985311,0.2280017032989368,0.045992438356257846
1.4295307696777289,1.2852885856486285,1.3170384819610106,1.3906398981517505,1.4093861098898413,1.5628184198989727
-0.06488820876996398,0.1546588262148933,0.1574023397264674,0.18288746051182642,0.2538447964061354,-0.049637541601151046
0.637854431733571,0.4055452926972809,0.43683136533414685,0.41332752628942626,0.4795372792860517,0.576914969066152
0.9083234000859988,0.7162597296236057,0.3758615291031639,0.7918694907234016,0.5165678119337762,-0.11411019560455683
0.9015141592892175,0.4994079615936052,-0.5276674067496959,0.5430653921634346,0.41926464337634184,-0.2943624145611451
1.2123060581094225,1.2047409806481264,1.1355541077430291,1.3868869461450077,1.4354185542223492,1.389415493565442
-0.8235670263253193,-0.6092443481789257,-0.5730056674439521,-0.5576702377582935,-0.4698654841624956,-0.4615081810918908
0.18460383225492724,-0.12150844348764195,-0.11021951209341944,-0.11880035801023625,-0.2779315247020533,-0.3560003640335987
-0.2794551963123533,-0.04442524890942806,-0.028485401311065268,-0.017580318972973952,0.04068399486413976,0.08732161897223291
0.23360964079337548,0.4077784415145353,0.4694482251621666,0.44253549037611195,0.4986496019077561,0.5632626402905246
0.9574431425633756,0.9137680164004306,0.9066932830266121,1.0311825628244828,1.0803623439114802,0.9705675521199313
-0.9224000707161996,-0.8499825033050196,-0.7009948166987217,-0.7821758068318366,-0.6887563894063868,-0.6555702611307833
1.1289815045662668,0.8586860801038189,0.5065126698298058,0.8722071524718811,0.3193900527097822,0.40710109627123126
-1.721627408709446,-1.4171668851682049,-1.4056583894411423,-1.4056038561649593,-1.3477074181269333,-1.631724460248939
0.11550663123413143,0.02014272247994105,-0.2311268735812298,0.049305932018713784,-0.40526186183676677,-0.35441856269753924
0.20761316854659922,0.016420474559812378,-0.36644327091260875,0.045601938974594323,-0.5242513605498444,0.0
0.2698327458308222,0.4460645492861386,0.4758289530153735,0.4921008472702861,0.5368097802993844,0.6166475551671955
0.11886766672287248,0.21672408524210993,0.27095112770084123,0.243539335358954,0.30386244412200236,0.35933455163540856
0.5276804289520084,0.6080322504579424,0.6395807073099358,0.6718377706949278,0.6753881796856055,0.7846383784224302
0.1532919480693934,0.009321635723889304,-0.1132728167359373,0.031194580912512426,-0.19818165238517493,-0.45211033318440796
0.03328881741500593,0.12609438538838083,0.15077693513061874,0.15596721612894043,0.18437153290222727,0.2537318619181495
0.9149432356843319,0.6839134659513151,0.6956494585125538,0.6599690635729032,0.6449829189232072,0.6350090258775296
-0.5746772524787667,-0.6791892336978016,-0.4891974732372637,-0.6210415865743083,-0.53167684396266,-0.7353144586982013
0.17621182396889995,0.2802158211589619,0.34187688937242566,0.314882136714692,0.38110932805659703,0.3807187539295887
-0.9978243515286225,-0.7958084320909052,-0.6708032549991391,-0.7308237591311657,-0.6387103811757667,-0.6096760161529194
0.44098825923017926,0.6525310773734272,0.4663236562699046,0.7217193715241886,0.5445476701979635,0.5432154463456199
-1.8836746326204747,-1.6604788352454225,-1.4887428827960407,-1.9757379815171328,-1.848028154014146,-1.8778327886084845
-0.4354573432214487,-0.40401603577615924,-0.48085338262023297,-0.3598016512310801,-0.4615736212399974,-0.4558513551485976
-1.1841537356199603,-1.4427398940789042,-1.2866136434848103,-1.4409472832327517,-1.3295723683267267,-1.3496376813292321
-0.9044333538522242,-0.8325497047297543,-0.8774831785733945,-0.7873269867524572,-0.8755578220673379,-0.9632044568157757
-0.48567637861138413,-0.5497135468373762,-1.2998237837093118,-0.5195838107616105,-1.525381516778117,-1.5372938609601992
-0.38405073012821755,-0.1995654796502007,-0.11266077059687539,-0.1712150786786087,-0.11899816683360125,-0.08305118309962932
-0.7288687489995931,-0.947167560913918,-0.8183524024231543,-0.9595275739942338,-0.8936902741133609,-0.901880796782268
0.6818700306202842,0.4315466788086702,0.5173733075412338,0.38638063958517027,0.39602767980914505,0.23076415995874713
-1.5280741765615466,-1.3020069135114736,-1.1565375790065031,-1.3197363562949052,-1.211837906407535,-1.2286474766816606
-0.23144649960350452,-0.3946635455571849,-0.3801694728248694,-0.3858767169734182,-0.3833752045061278,-0.3655807511533268
-1.002430802025996,-0.8770630894917444,-0.8121205481468362,-0.8220502636161809,-0.7276076864411171,-0.7322624379858043
0.26676909380435126,0.11681316994776712,0.040034034827277416,0.14655651019355784,0.2177673202164287,0.21393595345623806
1.6487400392260982,1.0738902867473217,1.081676603510669,0.988361670352342,1.0401671520144098,1.1667258586365132
-1.6525823246638705,-1.5818381589818697,-1.4108906413937858,-1.8503427495595883,-1.7266136301968356,-1.7497216705303198
0.6396892110308665,0.3777731675236922,0.33933879527931576,0.3556165626988288,0.42225000088345765,0.5024699101533667
0.082397206741452,0.21295354530111643,0.26655035445820247,0.24489371548771452,0.24502059310007698,0.3240356567619313
0.05060785265398245,0.11472938086099341,0.17818429184074444,0.1353963431416043,0.1739331385428299,0.25135210458477775
0.34884465086428046,0.43942833151188787,0.48702888653644094,0.48279459313874823,0.5383647834415933,0.5677205472585041
-1.0848169478685659,-0.8274120217550902,-0.6992769730287742,-0.7670070127116818,-0.6739747427148642,-0.6883722792242291
0.26711034993659266,0.2929222554199571,0.3334510504841951,0.28593858099961206,0.34346080447081373,0.36236026207021066
0.451889116261254,0.44944516582493776,0.4933656745301602,0.49456048607165387,0.556134880653684,0.6041269297597677
-0.42079484540597234,-0.20199289303829965,-0.08291351064973418,-0.1676923449721827,-0.08992888185592354,-0.03264928537799614
0.01568346954651831,-0.14803134873435983,-0.5927446346255625,-0.11880035801023625,-0.4037758835024725,-0.40553273627819464
0.7123046693841371,0.41801079544766523,0.43327685069010136,0.2739854617509678,0.3193900527097822,0.28049150664237765
0.3192083774980714,0.5277261556959146,0.5293655392793115,0.5767082375334571,0.6386227782107885,0.6785574817466825
0.6938032273667551,0.2589756313645033,0.28562995968548793,0.0863405924170903,0.15935475861627135,0.03103214760645424
0.5433375317138419,0.6506307676297963,0.6383592913175601,0.7208444177197922,0.6796551085966537,0.7876055451704785
0.4089328686680478,0.29667655021152867,0.10831622141501869,0.31690052090701,-0.15628297796031226,-0.16731477376546972
-1.1557938622761241,-1.0970101516045507,-0.9742895851202364,-1.0319514090731823,-0.9319906275643529,-0.9273152336370668
0.3226850380544286,0.5291747364773536,0.5314204576962616,0.5796840563544249,0.6131001134317262,0.6848273225410214
-0.544914236407109,-0.6263104196795319,-0.6116858704510202,-0.652576053308089,-0.6837836530744541,-0.6855647172050265
0.08738504431174994,-0.019560720955619237,0.043236277184794926,-0.05944722378704664,-0.017994289019961508,0.04434760713160239
0.6125967629373056,0.21498707246234164,-0.05418185158553255,0.24489371548771452,0.03652915261487413,-0.29579254000440947
0.1822191491282855,0.22986048143860774,0.27935084235175045,0.26136555453863974,0.27958915085170216,0.32456872114335483
0.1343965551622335,0.01849143184864092,0.12843939015206096,-0.09342684608438469,-0.0164738487225527,0.055772421022887465
2.070419842236116,2.1562668198050337,1.9906427758682894,2.9494619054948115,2.97682820386812,2.949484008682148
-0.38215145893967656,-0.5662997280913906,-0.8820974660779656,-0.5132126560317684,0.0,0.0
0.37358904854769653,0.44133294067472917,0.49095272139024737,0.38238632275989415,0.4449236610699925,0.5065354044680953
-0.1806487036946806,-0.09312883212300062,-0.03638290823852398,-0.0631305439879373,-0.08394306568508737,-0.02986239063710998
-0.7594831822021064,-0.8482175055792865,-0.8797860189596699,-0.7821758068318366,-0.6887563894063868,-0.7765910560222535
-0.0446066787096434,-0.04581338249442279,0.006398616529667991,-0.037093095902537156,0.0260144986390623,0.06300932197428503
-2.1777658450376767,-1.7765186216706499,-1.5375868845700043,-2.1976116400888905,-2.552851226001163,-2.6205955972785993
1.6846136680610382,1.6611846679849087,1.68779761009409,2.069949001372379,2.0781077929165157,1.434303236771605
1.9161643327515927,1.6746793893956142,1.614855809664002,1.789084616629791,1.8102906895162152,1.9964423315809274
-1.5121205431675857,-1.5818381589818697,-1.4108906413937858,-1.828974178451547,-1.7059139894899367,-1.7278759064862808
1.0814381828579605,0.9797946431425667,1.0139958826621174,0.8802361669407455,0.9368196168879769,1.046829867835484
-0.6108186932696021,-0.5529949172672248,-0.45652199990277015,-0.5391363085123004,-0.45178414664405236,-0.4194748644596301
0.11998348993148994,0.12438734230079612,0.10992321350755091,0.15440850399797748,0.018184881170544447,0.0896256984504783
0.37456966375246675,0.3141001520751406,0.2518985606066349,0.3491311972746688,0.39213576249724275,0.4826061050581256
-0.08303465988924383,0.11507722372726574,0.1916962051798849,0.13593229922454933,0.2078849061636514,0.2031112770055193
-1.6725279473159886,-1.4922568158060985,0.0,-1.5097242231441872,-1.3963406218930265,-1.4583211360676545
1.1346352827206418,1.319918037700616,1.121622011454054,1.5717418857391148,1.617327373080435,1.3441945925501826
0.40159444424471286,0.2866064279825156,0.09445112795873181,0.3140730079089342,0.31719526659198083,0.2736159693118577
1.5633529953847842,1.4289254859599074,1.3527420586427485,1.6377387745650867,1.5296814482490073,1.6900092731520828
-0.6295495706521365,-0.6032622967263707,-1.0333540836501314,-0.6838502700434047,-0.7467584725409087,-1.0219836798474276
-0.48664844907202465,-0.41788636108956667,-0.20659625640112325,-0.37830690796150335,-0.30096601788954636,-0.3015474254719444
-0.6324527796516115,-0.6464113953469788,-0.6530771084664624,-0.6268206151714508,-0.6887563894063868,-0.6690068908299026
0.2309736822475668,0.4120157510753064,0.4864656940207242,0.449473928342556,0.5146371531906726,0.6027214761500425
0.5311416930509446,0.6253932322661093,0.6757952688052117,0.6920049259251976,0.7295146625050309,0.8447043739102578
-0.8819115720292133,-0.6845983746303851,-0.6405090874105606,-0.6307066639630634,-0.5411022940132323,-0.5649331265605536
-0.2908990993048346,-0.2149059350514842,-0.34645953417906006,-0.20482006835433253,-0.24897062077970677,-0.24633890078602233
-0.20617841838310358,0.03879156936053908,-0.0714614667146476,0.06869574208785294,0.06303643470871627,0.09115711982510033
0.513714236967254,0.654676221889272,0.6730312395703439,0.7256427873498966,0.7154449670164373,0.8186689389580224
0.17287963000925125,0.2648275042394762,0.33448007345719366,0.29850296411027244,0.3362506866560743,0.4122540343512019
0.07495131151549321,0.10913400086777036,-0.002481830427512818,0.12348800297300923,0.12251742631653958,-0.009796565491399453
-0.2837770087673974,-0.32696063019065885,-0.18590841275283226,-0.3075576931101703,-0.2289875628479362,-0.19940933239337302
-0.35464550032177666,-0.5261755216379154,-0.45652199990277015,-0.48993451892162604,-0.4037758835024725,-0.3704296254456174
0.9912182417384496,0.8622745147086329,0.7459974598044181,0.9405387610406684,0.9643960800903327,0.9103042692492438
-1.053862690714447,-0.9831365724360746,-1.0697545980954435,-0.9151207743396168,-1.0679620886566608,-1.0595280278536827
0.10985914515937532,0.2931733567578017,0.2494652037702843,0.32131882441576476,0.30967491705278377,0.37580704341193033
-0.06722221097671009,-0.05186816228353649,-0.04655795853237402,-0.02170971573103464,-0.11809580990605195,-0.07802307159569932
-0.9360616061992717,-0.8377294015149441,-0.8820974660779656,-0.7720167337790902,-0.6788567288093832,-0.9102270232907574
-0.08754290244619795,-0.31577642826410607,-0.3093775852956388,-0.29220773602081135,-0.21073037869698805,-0.4337557510218371
0.7294573677995638,0.5996873526591405,0.6473753709455883,0.4108916489020449,0.46333786966031215,0.5516090025507701
0.10803971423942274,0.16903551004773956,0.10992321350755091,0.1995720557646325,0.09350664717200254,0.17556227889068987
-0.6328686916977927,-1.0791126633458814,-0.9129582481332759,-1.2282402506084384,-1.1229131287044756,-1.1120885543825196
-1.1183490783537047,-1.0791126633458814,-1.1389143272396518,-1.1355744552186633,-1.3477074181269333,-1.4345938204633555
1.5347005764502906,1.488206628563232,1.2306669431898025,1.8113182350809385,1.6752810723313922,1.7213035124438432
-0.16616105341245022,-0.3179963872832017,-0.3539891665006425,-0.2900471397364872,-0.3185550663320007,-0.3704296254456174
-0.8812802892945572,-0.7011142129639769,-0.5785780355508471,-0.6465263397237122,-0.5584880439350134,-0.5383726033778737
0.39469441213521206,0.17249337376508456,0.11630158714977429,0.1063144645169035,0.09854361960647294,-0.0592797741135052
-1.0032019446063523,-1.1127496815503835,-0.9505798420125241,-1.2784719690667037,-1.1717387582106908,-1.1636962034648863
-0.8979123257676693,-0.8826202587354033,-1.0130459714806108,-0.8192991859161475,-1.0328059588932035,-1.0485269248341538
1.4520326235092411,1.0399912566295515,1.0448272822352807,0.9241146882580322,0.9786618584074293,1.113430810724877
0.4459149144114732,0.25736863820376715,0.31213803903679205,0.2644346181267145,0.3332575912031483,0.4297541507596001
0.38372902684570237,0.1891594104214633,-0.04224997232632901,0.21251548514948945,0.2786544158828848,0.008774993403913812
0.10678537883470678,0.1774844492187685,0.23523977962916798,0.13270967845176138,0.18979496520289096,0.21959410982212282
0.1471712091027724,0.20915678171483026,0.27675913623875575,0.24082191117275864,0.29069795605449184,0.36135323193394164
0.779572391138115,0.8596901406937316,0.8643427639209802,0.968154834830602,0.9907482137966306,1.0691110255822045
0.8294486814612009,0.3452914125788585,0.4222388932761488,0.13378572446427245,0.18979496520289096,0.27763549991442005
0.6309274480318969,0.7422264034228044,0.7906962333442702,0.8274253666541397,0.8780777451045394,1.0048680283749796
-0.13525255330799685,-0.13705751906711036,-0.17208363547507963,-0.12859622489785175,-0.05085580215727682,-0.08608777038409932
-0.47699991540311104,-0.3383605360539809,-0.39832032247404203,-0.300930131633323,-0.2948135957591952,-0.3935983452906636
0.32091085821808557,0.14584912074736542,-0.05363365482159899,0.14865997496159022,0.22034185962775277,0.3100218040344687
0.5346844824358241,0.6424421830741389,0.6430911789563996,0.7115887221796258,0.669570944893495,0.7567887460883622
1.940823682158731,1.7758509656480763,1.6731835136778808,2.2460407367189603,2.2586355098371467,1.835968241567715
0.18786597931617516,0.29241970168369164,0.3329357322837034,0.32729537372705336,0.3642003312639711,0.27648958781571914
0.8569136078529697,0.21874363526833182,0.31106135920375966,0.04683906317285962,0.12070649297903978,0.1888278583936186
0.028315156665105617,0.1254122000686054,0.20983019225558383,0.1523241999015504,0.21414482643652596,0.28446903849819033
0.3802778128767265,0.21295354530111643,0.040034034827277416,0.2385485052822692,0.11157003851228817,-0.44469931873340196
-0.8731332327413692,-0.39635313801151034,-0.3199794984315753,-0.3549644096679117,-0.2720210510503516,-0.4283596270007274
-0.7086693199627091,-0.7109548626189442,-0.8571351255317115,-0.6732291389355295,-0.8478057111125208,-0.8855634215111663
-2.249715881063888,-1.7978468076664587,-1.6251947193218304,-2.458813931406371,-2.3148483121005152,-2.369967530375328
-1.3957380666430315,-1.501656011349248,-1.3317119946890483,-1.686573191178918,-1.5679019846645683,-1.5821898563111405
0.2250190102461692,0.09381069246669398,0.05585257315193816,0.12184647724515428,0.13799059638438366,0.2063138780323008
0.7923941082763905,0.8325422496350137,0.8682709377360659,0.9208484634427445,0.9773771542091516,1.090200276712265
-0.4529430126617243,-0.7123734451389937,-0.5813841760989977,-0.7695061480680933,-0.681314519652399,-0.6717329940261477
-0.24793423239330917,-0.633771744461998,-0.4879980563555269,-0.7645192191879024,-0.6715503352841995,-0.6347137278953531
-0.9360616061992717,-0.8919911974931062,-0.942871937051843,-0.8417083901540656,-0.7467584725409087,-0.8815593986002505
-0.7863425182676456,-0.5914702348439211,-0.4761389253617365,-0.5407964299654232,-0.4534037956460366,-0.47298900141889566
0.9158462048019217,0.587484844069368,0.6324786028567723,0.4280946090513766,0.49400778010915336,0.586347135050134
0.3162551057417539,0.37368454201612095,0.4100632764716741,0.41263248891199583,0.4788562235166467,0.5595252280944888
0.16348197807679246,0.30533615452574275,0.367042953847212,0.341029022368772,0.3605172617549601,0.4485764497805713
-1.052188086723607,-0.8105816309311984,-0.7493341033115826,-0.7498247517654183,-0.6595900455710821,-0.6476588497387222
-0.7569137977584773,-0.569671709005111,-0.4531285829833428,-0.5195838107616105,-0.4374156359182523,-0.4089874272511034
-0.25094461539966123,-0.23837879586236568,-0.24342553779806736,-0.26059980503819674,-0.1950865174749693,-0.35441856269753924
0.05875833809748642,0.14155668081781103,0.0477771568934808,0.1528459232911427,-0.04844727067067604,-0.03171893632991874
0.7705913329204014,0.17249337376508456,0.27270063748435713,-0.06461011765847118,0.011701823601014951,0.08885860062282538
0.744951205481698,0.7697290850731624,0.6841115304240754,0.8185649499778787,0.7227515615752617,0.7892187120855104
0.6756212039160904,0.883191648792158,0.8428631256618376,0.9712079482290297,0.9754455795405975,1.06090441645396
-0.5081176688363366,-0.6765022395342619,-0.692454394954443,-0.6287602710945128,-0.6056126932235864,-0.6170723599999158
0.5040128461051198,0.5558033465037203,0.5968735379042978,0.598841303156392,0.6136536476733596,0.7033023778874391
-1.4880754359773838,-1.3965645119392651,-1.273662514590768,-1.388842170545605,-1.3036028782118172,-1.3903050200552647
1.6849630192867409,1.6310215145872768,1.6140570503721934,2.018409062329772,2.0154665741071134,1.5407515295519723
0.011634390092161457,-0.09565143268002534,-0.09996587478414531,-0.06461011765847118,0.011701823601014951,0.08885860062282538
-1.7167864808255233,-1.5159994903531318,0.0,-1.5539195476783825,-1.525381516778117,-1.5981376691973628
-0.0831950488114109,-0.23967492458247378,-0.12441006620595453,-0.3371728733404151,-0.2592288330313485,-0.22815167001373718
-0.8632550479560078,-0.8807624803309879,-0.8527030904424632,-0.8445758067181801,-0.7495517244989353,-0.8855634215111663
1.7212422672624414,1.4424725245443704,1.4056086717396736,1.4207325781659057,1.4612837946823798,1.611775955426093
0.10997266133505335,0.028733262474811082,-0.903298109432477,0.05664822998167921,-0.46819716522001475,-2.2860944897269158
0.2839066286210535,0.1737454019831522,-0.16328186829455546,0.20439677802302822,-0.42959040095329143,-0.3835575168967808
0.25660488339209925,0.16555575265498934,-0.4928107268341877,0.1833845170399979,-0.392027734577467,-0.8855634215111663
0.8986458399812327,0.676850952248329,0.7000653010117469,0.6061455598918957,0.6311237840898057,0.7242511288157659
0.24144221282492284,0.35767710839321265,0.4228825967161164,0.39608208956690893,0.4434849399845117,0.5209714261458889
1.146042479254016,1.0846024382534283,1.0750045679306823,1.2136954849872048,1.2651024306975673,1.1185318527238413
-0.324947530319918,-0.503515182504105,-0.570239201787867,-0.4631947793603461,-0.5187473847252868,-0.7232051072296228
0.3997274262599945,0.1661900762533666,0.2621104915493731,0.1942220773877338,0.26494059104461337,0.35017327241922086
1.601021560670257,1.268649705420039,1.2140102825989407,1.5000033114166231,1.520901380147629,1.6881759138663825
-1.3387257000829431,-1.1886407021117293,-1.0333540836501314,-1.1664007873824453,-1.0627861823063378,-1.0707630438037097
3.070643003750038,2.5444481120245848,2.2884752766491467,3.643892725074035,3.620482154106819,3.8468904010979914
1.521194229573498,1.480458868121758,1.323595872285901,1.6843764015072116,1.648348440245284,1.697142338844423
-0.8287482112743592,-0.6425922545875155,-0.5743938077343368,-0.5857597549982518,-0.5430069924558275,-0.5362135334952676
-0.23688967719677004,0.201185868688506,0.24240284406128412,-0.23844714914816706,-0.17685478493995876,-0.1445829560774081
2.708436997838062,2.3434435652188745,2.1894227277446334,3.0558406662428683,3.0815983056425202,3.3256937592900115
-0.10228286192526027,0.11472938086099341,0.15114727284681959,0.14444598635846517,0.1755931581220376,0.20759048450009832
0.9008179301394295,0.7766959896247783,0.6596045769583246,0.8674507855566005,0.8291214749847429,0.2264431149969989
0.8655234462878815,0.8502382664412815,0.7414678061677866,0.9565857884863942,0.6489269275823351,0.7604362885269252
-0.3878680931256784,-0.12150844348764195,-0.013542643453851564,-0.08955631264346973,-0.012689635269149997,0.03772504456072289
0.765522959917693,0.817386440103211,0.8982574522481431,0.9084619728179842,0.9652146349634971,1.0775844528347929
1.3068977306691,1.2398758465141897,1.041033490334453,1.4542725836511694,1.3296482242039687,1.4750057420457394
0.13320064809346935,0.24898913148415794,0.34137031660060674,0.281695162374839,0.35017208274516365,0.4436978642320203
1.332633818367271,1.2230717674775664,1.1778885488204422,1.4022046489691704,1.4145984535314688,1.5180331905779632
-0.13139576411652967,0.0930875885895481,0.11312226107436993,0.12129834519515983,0.19356309163266933,0.19989270824420546
0.4560559076288379,0.4559570374045601,0.3912071012729375,0.5006697616280876,0.3547449118881239,0.4450319247244567
-0.6258377333813089,-0.7081273484374964,-0.6499101049203496,-0.6753371983121768,-0.5846204080359789,-0.6096760161529194
-1.529871819657877,-1.5818381589818697,-1.4108906413937858,-1.8085656613080927,-1.6861418145257354,-1.7070077671777855
0.26428858701877717,0.34300830784157305,0.4087404167608424,0.3805625755727306,0.44635914489439266,0.5145935363734385
-0.8694098959132933,-0.6541212270282447,-0.5870369774331657,-0.6096590408043597,-0.5205759264903659,-0.54929093687189
-0.12635166752937751,0.08323254283926833,0.14854926464632626,0.10967535373447114,0.1542264056042733,0.2214692183558466
0.5611227071223563,0.6699331368650353,0.7059653641438707,0.7432353095988647,0.7817078191423166,0.8618649064976652
-0.0013847909632158336,-0.2155280542983055,-0.5112232117013004,-0.19739269894924355,-0.8087705218030388,-1.4345938204633555
0.16922136011136724,0.23547460729346834,0.24579289319231873,0.26792417327265805,0.1766973470089054,0.25905468821926503
0.6944945461582319,0.24571039957059995,0.332677871038215,0.2765656876857285,0.3455657818821149,0.4150479853587657
0.3811081171892547,0.5760146937150756,0.3859140444061861,0.6233069051617532,0.6824014213206915,0.5557671179698699
0.1215418708202607,0.16109488402555203,-0.22960863977898713,-0.03993202590540007,0.0,0.0
0.4883865363576521,0.19370034960079652,0.2756029296846271,0.04062860291808835,0.08072782647555551,0.14326565058134347
0.7003342668109541,0.8023158179283628,0.7880663315829245,0.8990675519159946,0.9116310708356163,0.9159368793963739
-0.13507667313910787,-0.04581338249442279,0.07163759353393695,-0.017580318972973952,0.05500395212026722,0.10776364207945346
-0.1203232957071872,0.0861707972926083,0.14929289902295545,0.11134905152469265,0.15935475861627135,0.22209304921989179
-0.6800528349026117,-0.44387532937238705,-0.3271605316273879,-0.41852404232945445,-0.3762651130728153,-0.39868353642757814
0.3270570998911548,0.4369420037213639,0.5224505855693925,0.452752311710301,0.4274408909285259,0.4360874206373938
-0.0446066787096434,0.15820796575181215,0.35511432486277666,0.18388118304188508,0.23154406445102987,0.29958807953210237
0.3832471822036632,0.6251264458764567,0.6678351428017565,0.691548001283327,0.7523214968712586,0.8399735720499779
0.912552754270269,0.8484456610201679,0.8069072590301977,0.9523737237870447,0.9920081889598509,0.5233476812062182
0.3598861740687261,0.25790483203205683,0.166823229598726,0.2880498047226988,0.17059955534909446,0.11811021143528665
0.35468402898878265,0.38055265761487217,0.4087404167608424,0.42126770719958617,0.4819152937093535,0.40757119954196164
0.16543597781411926,0.09163855324232731,0.1661046859189011,0.03182800866665892,0.06833258609893728,0.1488791127647206
-0.34975900771693863,-0.3946635455571849,-1.5970376625312024,-0.3549644096679117,-2.1690850499704513,-2.2163760218416164
0.18865389688052916,0.21120447256851635,0.22285573696682312,0.22937284295508736,0.2280017032989368,0.3100218040344687
0.5296760226172867,0.3898537881142884,0.4717783452554315,0.3124516925438172,0.37991644110781925,0.47202296314636716
-1.4194717601956248,-1.2285351620237128,-1.0728839989727144,-1.1717232914943676,-1.0784776254132629,-1.0651156476008148
-0.6737777588332784,-0.7195151780560703,-0.5579492014949086,-0.7261741639537043,-0.6341783962123592,-0.6398563818887769
0.3858577581999876,0.46293689589278764,0.48345072259290384,0.5103285306564908,0.5114064765303505,0.6051791245265321
-0.9103631010861866,-0.765713953299525,-0.6405090874105606,-0.7169908591012969,-0.6274510228365529,-0.6096760161529194
0.7296009620077432,0.6162435363544323,0.5240152862693326,0.6084765297631024,0.5859626408851974,0.4715961446934225
0.2531160203791718,0.3598985159082125,0.43870261479962697,0.39857384742939583,0.45029015696491564,0.5382062719924499
0.05463532044645752,-0.05280542293627048,0.036350172818852326,-0.023092374873528745,0.046179482297892045,0.08346280281021072
-0.48212592046238295,-0.33377417976093066,-0.24109857312627378,-0.3187721987448501,-0.23667652122979016,-0.17900561520361993
-0.2718018732041075,0.005949770602367014,0.5531265559775818,0.034985458291354396,0.1091102722403804,0.09875934156471976
0.7375799459135767,0.552894250862714,0.46866899170413295,0.6087350262698673,0.6330065935283555,0.26023164777691565
0.8810384267962349,0.8302406042789752,0.7986848602947274,0.931891803945353,0.9754455795405975,0.941937584043213
1.10612342235622,0.9401341866280309,0.9206389177919071,0.9790844440386072,1.029966791263701,1.05648928829037
-0.9083800437149491,-0.6350241240395188,-0.6282016097878205,-0.5786054275500319,-0.49028746119246397,-0.457730884032088
-0.2379424195118893,-0.42761213458147923,-0.7644330232952963,-0.3820795093924307,-1.2188538570672804,0.0
-0.3835074441892045,-0.23643998361817145,-0.13642054745632445,-0.20202398582663403,-0.16696796328537847,-0.1004590763334542
1.7333606932510437,1.5333286868572062,1.473062293723751,1.6501802108658354,1.6846487112475912,1.7935549403248405
-1.0268022044158664,-1.0592407400042896,-1.1150236976225565,-1.0278810665698532,-1.0091196737778991,-1.3496376813292321
0.0721635384742465,-0.06994579511660427,-0.33626796681195104,-0.044215251484667456,-0.2851056857320495,-0.3952885436085241
0.5820972968702763,0.6785357298921944,0.6680899828769493,0.7510270667906076,0.8106793296625874,0.788950109021398
0.8265964802096484,0.7818091308268018,0.7339259866908616,0.8715045625603018,0.88400148314958,0.7576321823773446
-0.23963085543799056,-0.1037993517449674,-0.0840722973155649,-0.10281799115427723,-0.025655274666118673,-0.015205485941464446
0.024489400516068998,0.050237452511035625,0.006887614682661956,0.06390472400942614,-0.0721506536210495,-0.08406172426483675
0.39029416682843576,-0.2635106658389709,-0.1428505337570724,-0.4280047323933282,-0.34333203790011013,-0.30299482961540497
1.2594120322007374,1.0452612012005789,1.0238647377245222,1.201233435911174,1.2171770250569258,1.3585509686434782
-0.3449135907016923,-0.3077073044098649,-0.33078580535780433,-0.26886488500671507,-0.18894539890475295,-0.8505427306895833
0.49019568910065114,0.35073141894954685,0.15410036495426402,0.3805625755727306,0.37150256786687297,0.45953349592855036
-1.0397727468295328,-0.855307125647947,-0.7149174360889529,-0.8388560753807754,-0.7495517244989353,-0.7262079480243752
0.05551245689992566,0.13354340091982234,-0.07259570783533086,0.15803951564076113,0.14732098759647108,-0.328152470064052
-1.2508474317789104,-1.0944232294427207,-0.9769801632224848,-1.0744958737185923,-0.973389101486252,-0.9678636363240474
0.8850715149467498,0.7374387237273033,0.5910411508751375,0.7977617555488787,0.8028257900409155,0.7775746230314354
0.33207589063639215,0.2363117527467689,0.22765492485370198,0.26312110918644993,0.297087883041601,0.1868553646695225
0.10323507359399725,0.22788177911115184,0.2715349790039102,0.2604859654128954,0.250428066498242,0.317066144963825
-0.7502847365063745,-0.787748242021103,-1.0245707521678582,-0.8275945717313893,-1.023197435278031,-1.0066715024510595
-0.21969206386613477,-0.2876529608125592,-0.5799794302381838,-0.25042786768564806,-0.629684175812167,-0.7322624379858043
-0.5224218836185965,-0.5529949172672248,-0.6221424095362076,-0.5163893367853514,-0.6432808005187276,-0.6245660362267262
-0.8914610008827771,-0.961736009233451,-0.9823961166401436,-0.9021679840406299,-0.8056455428328785,-0.8619686848199242
0.36780945534695886,0.3009000372556149,0.07163759353393695,0.3296705674627034,0.10972614835431925,0.021711656741535405
1.6978663522537742,1.3367305954629989,1.2515994468263856,1.4748342829459573,1.1996370806789918,1.3116358290976553
-0.1419768293512904,-0.23967492458247378,-0.3742460143495104,-0.24540651842320121,-0.24446956990096316,-0.5340625130642151
1.1822520361040825,0.9277120134992464,0.9996484241813745,0.7910800179496447,0.8472663758650548,0.9172820968326278
-0.027787281096043226,0.19188848922004606,0.2570305530454711,0.22240320373488928,0.2474843842879139,0.2923521711736452
-0.8800197039656164,-0.6068445348005949,-0.5367183442837893,-0.552555190518611,-0.46819716522001475,-0.47105976853436604
-0.22729449063325358,-0.20995279351978405,-0.13386977345663947,-0.18011337462453758,-0.10120943456576537,-0.06611949587325612
-0.8614207996287464,-0.9150587860277338,-0.8018732531858095,-0.8710908220907212,-0.7783283774857722,-0.8070788692819083
-0.0914360296964306,-0.0509324454567906,0.00541925634252214,-0.026562709828027102,-0.042865119442396286,0.016568918215558847
0.5169987170839632,0.6166506665865523,0.640934053519618,0.6821124134895621,0.7144962870611378,0.7843680108950598
0.15851447414551575,0.17311974462827182,0.257330804068056,0.14708303624510613,0.19463547158459737,0.23566747697697857
0.6486010590559459,0.7060097177035605,0.6680899828769493,0.7769134115149396,0.8360821304125021,0.7245458575314818
0.06457824721964349,0.06906020814200779,0.06947364035391038,0.07934252096392945,0.1525073523213517,0.09420893048910627
0.3330589930270863,0.14255021200512413,-0.24732571774788625,0.17286331913722172,-0.6739747427148642,0.0
-1.3631194154887991,-1.3457495613816854,-1.2163835085755847,-1.380670307858601,-1.2870422019230527,-1.3211662237062185
0.1785223899933554,0.1267757304746933,0.1319102861996811,0.09840140771873346,0.08523117041549265,0.0972461542909774
0.7707572210935255,0.6019259584535221,0.4538188470173588,0.6248225288038904,0.6155873331664198,0.42747760867211293
0.10185463015837963,0.24488761446061613,0.2867631607407129,0.27828008043796587,0.28516829903415286,0.347605719857244
0.4081443249652759,0.4982153025951162,0.5570266645620653,0.5493102099506725,0.5816184179295535,0.6907313759363352
-0.6229668046278526,-0.5293321398546345,-0.4419599183821219,-0.545806103645612,-0.4868310155782036,-0.45961647897427027
-0.38459452709198555,-0.3284679820882227,-0.26320724688780117,-0.2932910076739666,-0.3147399299093845,-0.2733097791006441
2.2251623682397765,2.020026864721052,1.907943843520838,2.576623146171013,2.593010272613711,2.8091369958998245
0.33966740432442155,0.27634485180609125,0.3308690564316375,0.22891056903212115,0.2758417627538807,0.31490670326001313
-0.3518114326969048,-0.34608429809177804,-0.260795800614983,-0.45169852827815277,-0.3678498694894693,-0.3671926381463836
0.9548717285098366,0.9773064771258705,0.9328165044554503,1.0949546183114496,0.9707550422630872,1.101040835267764
-2.2389513429840053,-1.7291062298531528,-1.6324159460369592,-2.005702186006039,-1.9081466203239477,-1.9412503770230967
2.2539711580257524,2.0945992004736262,1.9602002448458553,2.767404117884919,2.780658261715855,2.3209797317179675
-0.5360250516077375,-0.35076734206692334,-0.2762482878821116,-0.3210409945420673,-0.24000348201288407,-0.2529693357778232
-0.09437362432661489,0.11263772623400442,0.09320970347861275,0.13967123996016922,0.1860035955114214,0.24896360274575208
0.3606047569146919,0.2476253982016325,0.2525050591678805,0.2644346181267145,0.262065092106458,0.22209304921989179
-1.4536392208772617,-1.1856688964148367,-1.0919892494671968,-1.1064877204133283,-1.0137687493117142,-1.03244223163717
-0.2895137084597485,-0.3929787232880364,-0.2862338452349193,-0.37580534685887984,-0.29237109355848234,-0.4373809468570259
0.4306190475513382,0.40330269110926764,0.33831988211071584,0.4455181063761124,0.2208554816742173,0.28446903849819033
0.611564500175093,0.6774533014055566,0.7383134035029035,0.7493498888999591,0.809033573201147,0.8722033522635123
-0.5200134139487345,-0.6606203316161661,-1.0363091048685336,-0.613427648752277,-0.6667341725753932,-0.8505427306895833
-0.3690285309879658,-0.2806532396124078,-0.16936022345765045,-0.24640739869267111,-0.16893192958523523,-0.14906232261709
0.5871550998498885,0.474308092932242,0.4428351172162582,0.5225011127845179,0.5528019531182491,0.31382431062198546
0.07844650201723062,0.3036153387687097,0.32435432274108883,0.33830556558093194,0.4060361983146302,0.466453011262601
-0.5675591036892639,-0.5973379446682582,-0.6072605249582747,-0.6307066639630634,-0.7812943983266021,-0.7832224846480015
0.38695318397460876,-0.21242409063276338,-0.08756375889267415,-0.4239225405542269,-0.3393471579435945,-0.2830425534674635
-0.21948799329515367,-0.014277919358908384,0.08611820570454601,0.0,0.07488808703310015,0.12249355919672307
2.2172454112002313,2.016778965197756,1.8265669651277692,2.640003267766737,2.6436780858745617,2.548295708945905
0.5051117203678213,0.3594549734881537,0.023722379904397312,0.3849309994502958,-0.20233439878351187,-0.21423539153047705
-2.387748629182529,-1.8425128010547651,-1.669688217569494,-2.7057240127526496,-2.552851226001163,-2.6205955972785993
-0.1635662125043915,-0.4729586380126184,-0.42453091158932216,-0.4460353369271339,-0.36093188718753516,-0.30881970852691776
-0.08480145493318898,-0.06369648375342811,0.1743074332873023,-0.08417862463504697,-0.007431768086335859,0.0484516736837575
0.05613813739988382,-0.19896020903822917,-0.1831153164795711,-0.19188204690483962,-0.11719483914599194,-0.3560003640335987
-0.8281703098012876,-0.9389885341092664,-0.8504989789343631,-0.8958070993151231,-0.8344666284358575,-0.8430557446357078
-0.2697929983910008,0.013508262259989386,-0.009493685482470439,0.009918742527173651,0.024598517937704182,-0.2858525602688443
-0.03480775841748924,-0.19294197773055755,-0.128804011882097,-0.16244664855493285,-0.08394306568508737,-0.02986239063710998
-2.1975449828231968,-1.7356886292403888,-1.3750925917027166,-2.037864128596311,-1.9081466203239477,-2.0151941068772294
-1.110022431476579,-1.2949848338953898,-1.128566790955285,-1.4142038223190847,-1.3036028782118172,-1.3030415438059217
-1.2084646800169119,-1.2129066278973295,-1.252627400161451,-1.1559186219362978,-1.4281339783048788,-1.4345938204633555
-0.1266980954180986,-0.38379632776415756,-0.3851534258541809,-0.4808820874070165,-0.502558289897573,-0.5276571266628787
0.5292040568684729,0.46711690936535216,0.44509297118509056,0.513318172245217,0.5392959931594435,0.6037758375231747
2.404651524884863,1.9872009683096619,1.9349888138401514,2.359952675117357,2.389471388985986,2.528923311333145
-0.3953020703904145,-0.47103932779071067,-0.4691387345409311,-0.4808820874070165,-0.458291257441162,-0.5581771586352031
0.3779183314431869,0.356339812828374,0.23240883344461197,0.3946539339132601,0.10540183895980401,0.18023640028705035
0.6250482134522698,0.5525870766142033,0.6036601613227677,0.5309778112790329,0.5734307319078865,0.6577773820329887
0.14876068023991232,0.05413065797824555,-0.04709891741561457,0.08168395331586616,0.026721237117841436,-0.008899607602197858
0.28597024954689293,0.5795263846475861,0.6382233786004363,0.6400402647226802,0.7017962694716859,0.799085277178305
-0.4967891829052939,-0.2876529608125592,-0.16665035411860468,-0.2544757430061178,-0.17387104909992793,-0.12807065042203652
0.23487764533244682,0.0927256836428759,-0.14674545398414185,0.11634345709942084,-0.0164738487225527,-0.54929093687189
2.0979101448949056,2.1157740143733044,1.890666622652934,2.8720423607113212,2.891360241331442,2.645909527928381
0.22437386082118227,0.4330938401995586,0.4968704559911994,0.4733549514145034,0.522325334979736,0.6086747778992291
-0.2990479195026163,-0.3383605360539809,-0.31908830093845264,-0.34659435483162837,-0.2827042788927344,-0.3591766679177318
-0.13666156622371575,-0.06657225981025554,0.3105221401998508,-0.051421262797700096,0.021756483595147896,0.045992438356257846
-0.468136507828145,-0.3921380929206512,-0.30850308992391207,-0.37580534685887984,-0.29237109355848234,-0.3147018788055723
0.971820205038991,0.8871594470198607,0.7312729219649019,1.0019062455432304,0.9003899197334745,0.7902920947489473
-0.041172443300958116,-0.14471718121350066,-0.5050204836974976,-0.11235675156691409,-0.5929201873559112,-0.5649331265605536
-0.3408646072966519,-0.3904603777279911,-0.38615549388309783,-0.3871479790077288,-0.402293835049646,-0.3639732352612766
0.2971421719717688,0.3300397963445865,0.03865562290206201,0.37909988221423657,0.2730163437043258,-0.027087888739233554
-0.9156832949455556,-0.8172601189683838,-0.8751888843424099,-0.7522466881194115,-0.7637438393786731,-0.7832224846480015
0.05350553803421219,-0.04304050276324105,-0.11082879078459418,-0.14697841125407896,-0.16403438314507335,-0.23587931921560956
-0.16914119102839248,-0.3554876579403673,-0.32445685964569865,-0.3187721987448501,-0.2839037206685858,-0.4373809468570259
-0.9849590290220931,-0.49548062540038823,-0.4452877454135436,-0.44744592628821456,-0.36230871258199965,-0.6170723599999158
-0.5841765696527773,-0.5938105881713269,-0.5785780355508471,-0.6003465745865388,-0.5114934042248283,-0.5150554718168718
-1.0839356358981658,-1.1886407021117293,-1.3178575834118231,-1.1405856319334078,-2.3148483121005152,-2.369967530375328
-0.9614568917512095,-0.7719310476344275,-0.6594621300221047,-0.7238639784498591,-0.6319266066103375,-0.6424452933826763
0.36646142193067166,0.3706516519384476,0.12805228434864502,0.37432324501240016,0.4143833289802487,0.39858184077861275
-1.185191087361319,-1.081639682778471,0.0,-1.2048763743220825,-1.7483366579289161,0.0
1.0959152280354139,1.2793957533415343,1.1691600124034087,1.509127808557382,1.4852440696486517,0.9312555625895405
0.580051054441677,0.6747975970537377,0.7262560442550735,0.7487198826005392,0.7921388448743973,0.9134640234304848
-1.0447086441557112,-1.0996073229263001,-0.9479999710692345,-1.1017950027713188,-0.9999479335880415,-0.9869158541793513
1.1973035803184846,1.2238507976448536,1.1610145280097866,1.4279674398684987,1.4728826511091575,1.4936990334615003
-0.11232791881162622,-0.2961641528248264,-0.2117090487378701,-0.3871479790077288,-0.30344570518564845,-0.2543042108469805
0.19365049642801896,0.230706300598373,0.18585050852100016,0.26312110918644993,0.116459895935182,0.17556227889068987
0.3737993301677735,0.4546610989370018,0.18098539432657967,0.5015812952082481,0.47509742639887104,0.403328246606667
0.7560896204951486,0.9853787409921035,0.931761944116409,1.105993604873513,1.1228073563832048,1.1886088900745981
1.206917996101173,1.1660143082534467,1.1435386964340473,1.3256657962472687,1.2973900053222904,1.4390571898968172
0.44933687956826646,0.34415107824307095,0.3663209176732733,0.2444425750652823,0.23456430802966405,0.3006942277561077
0.7399078533083625,0.6473200079506634,0.5005320323885689,0.7115887221796258,0.6824014213206915,0.6574527372156389
-0.9879617687559398,-0.8206260143192332,-0.716680662878201,-0.7571228275674668,-0.6643422140904127,-0.6529208225735723
0.6483497116242211,0.7546711805824412,0.7910845319820016,0.8405978871882663,0.8681511579393861,0.9900500206597808
-0.6782531659255217,-0.6032622967263707,-0.6546669547039495,-0.5839626540217298,-0.8444387446948468,-0.8320134293105096
0.26403133852139615,0.3305084037626022,0.3711144892575167,0.36765085556837274,0.3563995590205209,0.43878337899995035
-0.03245781863814025,-0.07577588876034838,-0.5238310962315874,-0.04493204525546689,-0.29726660278314665,-0.39868353642757814
0.6586811575643061,0.48665992931717955,0.41987129265722345,0.5230892082037676,0.49467295386765225,0.5268964585704609
-0.4541685332270246,-0.3445314689410755,-0.1810298243620794,-0.3075576931101703,-0.23117395603061738,-0.3132259006177952
-0.5524867789606016,-0.34998426168828484,-0.293842283882938,-0.3142607085789934,-0.2467156892180314,-0.27193215870312243
-2.082593372936207,-1.6970824005318745,-1.618047690258741,-2.072589890573894,-2.1690850499704513,0.0
0.39939334899961176,0.1879421091557312,0.1139189324579738,0.19763183373914575,0.07943497350683845,-0.03920089122539846
-0.12307114739873413,-0.3143010811366935,-0.6659163360977423,-0.27514027969281,-0.973389101486252,0.0
0.505824778245138,0.5246547143975987,0.4966866355573231,0.5764370490282765,0.447791406654455,0.5245326800548101
0.11651708722798755,0.3732523280430124,0.44304081470805634,0.41263248891199583,0.46018853080107175,0.554258024582222
-0.7538450728641299,-0.7325799253437539,-0.6072605249582747,-0.7147186905886304,-0.6230122317172564,-0.6096760161529194
-0.5731715100179883,-0.9554519679439599,-0.797822007121714,-1.0700820837186749,-0.9690946396765471,-0.9494643887941042
0.36610611728488596,0.24130774347897702,0.062048158716044764,0.27182730066290595,0.1525073523213517,0.23810530210414074
-0.6809547225307643,-0.7039099957823802,-0.7606228706076283,-0.6445242385850952,-0.5545765004670212,-0.7933208972682875
-1.173874942859734,-1.0691011359268678,-0.958383871869434,-1.05706045925209,-0.9564244685826944,-0.9585853283994274
0.4732229644425233,0.5253028437590593,0.5182525919922507,0.5436355355512746,0.5737249322257459,0.6459924733196526
0.353666671301195,-0.14969560991901268,-0.03163031664905686,-0.3042345916112766,-0.22355758614814508,-0.17547479860154697
-0.5054323063035123,-0.38379632776415756,-0.4375526621413613,-0.4013184675682316,-0.4342723529268048,-0.4230126595466665
-0.3944713400388262,-0.20504149997895896,-0.02587880845441465,-0.18280879251693458,-0.10384364531477049,-0.09015987748860167
-0.5720447303911173,-0.641324438081537,-0.5025578536665065,-0.6732291389355295,-0.5825651107225527,-0.54929093687189
-0.06784625088435653,0.0343881199841239,0.10061396763048885,0.06330324244451493,0.12552372392148795,0.11517115086361386
0.2742278777728616,0.4241350831457142,0.47467513209848583,0.4669857574642808,0.49666435355209726,0.5684606955689704
-0.5125078780692396,-0.6238432514572739,-0.4856066652064291,-0.7331633413047485,-0.6409907439811756,-0.6195593054048512
0.1853964345547212,0.3427794605551324,0.4091817709632275,0.3805625755727306,0.41776669041815695,0.518586776524486
-0.5162486022905943,-0.6928014523672086,-0.9823961166401436,-0.6326598428284551,-0.9909395149522514,0.0
-0.22853692332737266,-0.006013235853957266,0.0659924850437452,0.024183722290749013,0.07813934984774999,0.13045232686077
0.12243040683906116,-0.05893558773898367,-1.0045381667780036,-0.052146555726105874,-1.1847428805756222,-1.1774402040569418
0.16058971106170705,0.3950668628416572,0.4196554807242872,0.4358584188391107,0.47166109721812305,0.5016538576778062
0.26685442783838115,0.24433839790887188,0.18238018330048442,0.27742345770198734,0.052302482571978684,0.11811021143528665
0.6983187076296326,0.5493506922796726,0.5664789566345287,0.6053667630951461,0.6677902352242822,0.22953251337716962
0.45659702459109464,0.46000930469378215,0.5043465895779113,0.47462142107473715,0.537121080323882,0.6044778415432496
0.5839463879257131,0.6146117715597604,0.558964645755258,0.6797909455720381,0.47919684183929884,0.5820100631369208
0.2891739749486692,0.24789841901078932,0.0776491784504877,0.22380325665243156,0.1385779441578769,0.10102239219026253
-0.011881599002259779,-0.06369648375342811,-0.10597374751448801,-0.057247848887178446,-0.2224776987596846,-0.4020981874070133
-0.5679316001208629,-0.6020728446093325,-0.5565994341798762,-0.5768309198493583,-0.5169249032530144,-0.5088560722800798
-0.5196701550311956,-0.449395754314569,-0.39832032247404203,-0.4091961029123337,-0.33407722952031893,-0.2830425534674635
0.015548972186155086,0.15724228514559122,0.14481481017613118,0.18239001281555203,0.18382654686347516,0.2561029414774187
0.47907501612965714,0.36166900778965433,0.42757708527595084,0.3300655841345427,0.3979647078838523,0.47244951006737285
0.676773721277155,0.6817692154925683,0.691432532388191,0.7297597606922187,0.7295146625050309,0.805411718761966
-0.7874208268564011,-0.7180802743920056,-0.9352579359936821,-0.6586920416352667,-0.6432808005187276,-0.6940297761664658
0.5125788206435855,0.5739551050819025,0.550508392947931,0.6338451141591962,0.5216881429066385,0.6086747778992291
-0.45755209043524275,-0.7267396029880087,-0.729170019038396,-0.8138384469714725,-0.8755578220673379,-0.9316729629957287
0.39919280327359885,0.3792716202545199,0.3622091450599424,0.3885490568486672,0.3795183112938862,0.4169041208283442
0.1277318488296562,0.01475819993411824,-0.16665035411860468,0.04436234123390489,-0.5114934042248283,-0.46722034808653723
-1.0324429248837648,-0.9309123483350824,-0.8820974660779656,-0.8591453959935271,-0.7695292994292406,-1.0066715024510595
-0.8316460951212146,-0.6056481332018132,-0.5062557333434478,-0.5559600886306212,-0.46819716522001475,-0.45397785162694115
-0.6814061814082604,-0.4475499740653683,-0.4342693343095066,-0.4013184675682316,-0.36230871258199965,-0.3327042512556348
-0.40115081120871116,-0.47199821956726307,-0.5606581118476156,-0.47938715021304246,-0.59711811936598,-0.6023743959726341
-1.329490324354803,-1.1398500851775222,-1.051294048455449,-1.0971443683864757,-0.9954236899074892,-1.03244223163717
0.6158152273726745,0.5445358955394428,0.4047500602243474,0.5925163931449968,0.21673449017380694,0.2037530693155665
0.26325886510170593,0.3475648127217994,0.3619661978113793,0.38456808368653866,0.4510022929217033,0.44191496140589615
0.05450990228566211,0.17092431475223424,0.2621104915493731,0.20150635435112965,0.25869343435537556,0.34295876009278786
0.8995261240609684,0.9077433857771879,1.0832049995577708,1.0131891427555584,1.0522413307623049,0.8342039849988951
-0.32127980541295914,-0.30190745145305475,-0.3226616231456102,-0.2911264492349596,-0.2827042788927344,-0.319151819670674
0.3763861002744814,0.4299949672965858,0.4704204871657702,0.47240349638101986,0.5311805824529451,0.5602743587196167
0.6722685484057196,0.7151434936938139,0.6994710631121311,0.7906849405212315,0.7051747436947051,0.8119416416695399
-1.6417638400699452,-1.4006354461629462,-1.4655724079536783,-1.380670307858601,0.0,0.0
-0.7528256630781512,-0.7444268342059237,-0.6014112106629356,-0.7402422858601393,-0.650210004293144,-0.6145962283910894
-1.7338912545203946,-1.4969403860322106,-1.5188593908755792,-1.5203981771284985,-1.4281339783048788,0.0
-1.0438832193282002,-0.9875031580903888,-0.8461142999916816,-0.9739719042399206,-0.8755578220673379,-0.8581334637946401
-0.003329301690287652,0.19460403643350366,0.2901473640917397,0.22566521053299649,0.2957241088341687,0.3777761043700224
0.312580035041627,0.40330269110926764,0.4161893413773075,0.4455181063761124,0.5035860696935565,0.4392316484043913
0.45122184527989084,0.3590110621158967,0.3682439854339645,0.33243061860931145,0.34430364124493495,0.1815656495228551
-0.5969553259770659,-0.7672624665273089,-1.0422607404382949,-0.7034957963749506,-1.100198656242752,0.0
-1.0156749127465714,-0.9269120518982905,-1.0130459714806108,-0.8621070525695558,-0.9048837968733707,-0.9229923457343511
0.12850074601590264,0.2239026801169646,0.26948850628054083,0.2542946945916566,0.32201368693477866,0.3029009326391139
0.37589765982915324,0.45224584767164994,0.5177252171379966,0.4985379423940498,0.563048841888701,0.6463225764894592
-0.8565566328966182,-1.1827103529071783,-1.1083576336482182,-1.2784719690667037,-1.1717387582106908,-1.2942171963017777
-1.7989679917734895,-1.5064041148330056,-1.5250452102233805,-1.5313140724172356,0.0,0.0
-1.9355965934153025,-1.6200537003669722,0.0,-1.896374341582341,-2.2352417381261662,0.0
-0.49844141566690825,-0.3055256643882659,-0.1986569005633151,-0.27724695405460104,-0.19611639290652003,-0.1468185483910826
-0.3293798951032715,-0.21990161326947008,-0.10416433237031349,-0.18461249049872022,-0.12080705708405207,-0.06122630452880159
-0.935371155392764,-0.803973025949274,-0.692454394954443,-0.7770726983211763,-0.6862642391050716,-0.7142920380866745
0.10575698718032338,0.25977734501933486,0.26240771175319744,0.2731230703404084,0.34134875552388344,0.3603446634311131
0.11618047352859999,0.17405796358139106,0.22829137771717217,0.1937334669656198,0.2639835691101062,0.3159873126615536
0.1674853600668699,0.21672408524210993,0.23429789934870776,0.24172900722497262,0.16218537737248898,0.24416009469077044
-0.15221538955367758,-0.6593150385433214,-0.19794080985676296,-0.8360186972442168,-0.7412158192506831,-0.7084277935563065
-0.7620636781774857,-0.6438626794218353,-0.5380228887585639,-0.5966643139344681,-0.5096947497228471,-0.5006920309354456
1.193869016823786,1.1668512316760407,1.172143266439483,1.2711800563711086,1.3205363536259536,1.4059430426247135
0.3314700181556798,0.555650643373076,0.5215790672527303,0.6120864342486991,0.6733706145800845,0.6680859526357977
0.08215856881097951,0.03197158489437726,0.07636682340319646,0.023542411716041253,0.00587954219958419,0.05090136459942854
-0.5159075456331251,-0.6152851856145884,-1.3270616923384342,-0.5593855635217044,-1.0045130021735982,-1.0016636609050233
-1.0555418949680826,-0.8206260143192332,-0.7663471140909266,-0.7595772313049115,-0.6667341725753932,-0.6424452933826763
-0.017561454981925875,0.08872910598188076,0.14105294088176998,0.11799944498982472,0.1832810767463406,0.1953595667076189
-0.09749111402094278,-0.12896237307674493,-0.21909657420970402,-0.1179911482314114,-0.1971481022621868,-0.16270036398722407
0.9274425925742713,0.9829193308585606,0.970184446120783,1.1171124064456788,1.1037847771435814,1.1833539432752198
-1.1202148709693014,-1.1739131730264918,-1.0073613903561878,-1.2106175026246184,-1.1057804782618852,-1.1372538551761988
0.4648265153612029,0.6318863834398731,0.5715270362417216,0.6965572957920525,0.6969397431935426,0.35273086300154644
-0.578458576710989,-0.503515182504105,-0.814190787105518,-0.45741794952472964,-0.3762651130728153,-0.42657188905218346
0.29625356954477533,0.3779874907405055,0.47889226513224137,0.40844664044517864,0.4545511092406352,0.5245326800548101
2.032782197693027,1.4756770625849065,1.4467908321786738,1.5032278294665455,1.5424404899683508,1.713538160209778
0.45243444893114565,0.27061682137180876,0.03681207568046149,0.28551550087726585,0.12311987500939525,-0.04487190966505168
-1.019625671028718,-0.8359981270866145,-0.695855977366175,-0.7925271935658275,-0.698842925557312,-0.6997447722066801
-0.8743794776835242,-0.8023316303749148,-0.6975640354196792,-0.7695061480680933,-0.7812943983266021,-0.7571592811550453
1.1684735965871895,1.1356878850606966,1.0479984650002796,1.3152771724584869,1.357997927816264,0.966606736697562
0.5879072766640215,0.7035001128274073,0.7448155176275967,0.7827352016618729,0.8180357279636365,0.9283945010255901
-0.12895506516903588,-0.13597155818439485,-0.15066853456673188,-0.10439740338383506,-0.2626893987678719,-0.2205213974988851
-0.02982585505805112,0.16903551004773956,0.1951036679029484,0.196172757112752,0.21102281051552896,0.2724629669946537
-0.7129403749644966,-0.5529949172672248,-0.4386513016759773,-0.508480548152434,-0.42340827864514524,-0.4194748644596301
0.27448036611848736,0.3713030124062668,0.44550235485971756,0.4105429226894933,0.47680870390130786,0.5598998967754573
0.952450697651847,0.9797946431425667,0.9593648518911956,0.970140869092644,0.9538312802308179,0.7545345790494512
0.6855136892931578,0.757246782676722,0.7038501509042667,0.844628997718785,0.7281210429698723,0.8407226551344432
0.306584299098341,0.35812213015908945,0.4409798760854422,0.39358075678064824,0.45277916593217205,0.43967961694342056
-0.8150299487443877,-0.7011142129639769,-0.7096585686533062,-0.6465263397237122,-0.5624277986978136,-0.6968800104429705
1.0254093201179293,1.0006904058433534,1.0433680242893948,1.0683787591938434,1.102175935435674,1.2129964948177416
0.27867138983692136,0.20207728700404062,0.15446830573119616,0.20295321369121916,0.27159880897154076,0.3224338625548598
1.1156216679920077,1.1341800737300338,1.2360123263132137,1.2861443272026247,1.3123054389296938,1.390473805601447
-1.1353486391356427,-1.054365861607886,-0.9636410932546243,-1.0198338047213364,-0.9690946396765471,-0.9869158541793513
-0.9123526888574638,-0.7180802743920056,-0.610207067359229,-0.6711290354188315,-0.5908333282750784,-0.6047979011634629
-0.08786630441722397,-0.138690314202135,-0.07373235901750916,-0.20202398582663403,-0.12262154590350019,-0.12482078138717481
-0.13595662119711815,0.12301790584787514,0.2305126516315298,0.1528459232911427,0.2244389249310441,0.26783045488378077
0.16993459627712576,0.277121266789943,0.36245197190035167,0.3116395006131238,0.3682675586489872,0.4569201271094537
-0.15185299160451865,0.19910022509040665,0.29657007926050644,-0.10916046381190388,-0.031855885811389366,0.04269847583229123
-0.04896696482121606,-0.25279689410048817,-0.5633796150220023,-0.2305920134514982,-0.7412158192506831,-1.6494508442239206
-0.8626430104491504,-0.6711629209340361,-0.6374081949086803,-0.6115401854046794,-0.5224105708482353,-0.5171367758495976
-1.4255477829222536,-1.0970101516045507,-1.015907547120651,-1.0319514090731823,-0.9319906275643529,-1.0595280278536827
-0.38951185156890783,-0.33377417976093066,-0.21097572885821575,-0.3371728733404151,-0.25464698206086384,-0.20925305608869268
-0.07665627623065051,-0.14361668342057293,-1.4770589984648155,-0.1179911482314114,-1.877026992854993,-1.9084243927365345
0.07240650967165342,0.198801625804645,0.11032418090791073,0.24082191117275864,0.18708923324744572,0.2561029414774187
-0.2583222369369883,-0.037535078081298266,0.018967203617562035,-0.008727360653098646,0.05162521718688783,0.11147816323664839
1.009592678786578,1.071200932254055,1.0385763881907404,1.2210279865460787,1.164054609610877,1.2966093658654203
0.7299239049061712,0.7904405131020723,0.5780711102857142,0.8793679375066568,0.9181474842459002,0.6571279390665641
-0.3762226313006856,-0.41004476263428125,-0.4868011235916911,-0.3659050853857334,-0.6837836530744541,-0.6476588497387222
1.0391960746825633,0.6136575029441153,0.6698699062237572,0.38529371268635915,0.44168196290090284,0.5409081252643145
0.2994779222210859,0.4255082174403427,0.25582774581141343,0.4491451867410405,0.15365392478450093,0.14326565058134347
-0.8850779405554656,-0.765713953299525,-0.6374081949086803,-0.7284940622899491,-0.6364396266801627,-0.6072317436540398
-0.1604312102132606,-0.2703076832205669,-0.716680662878201,-0.25244835518787734,-0.6142425357564857,-0.7142920380866745
-1.5902567337337976,-1.438410740032133,-1.4887428827960407,-1.431869542731411,-1.3570417209891446,-1.631724460248939
-0.324947530319918,-0.2351510116275341,-0.18520879935234968,-0.2066914145601042,-0.2300797225352379,-0.19940933239337302
0.4383835663385749,0.5608174170370834,0.5929934018387956,0.618229954803354,0.6313930884258055,0.7227756044032774
0.5859776826469303,0.4683825062017993,0.44734028429132566,0.5106281039106291,0.04958883718240122,0.08578090693611354
0.49664727483886695,0.4280488901061634,0.4779370871884517,0.4140218240685295,0.4802176123545534,0.40238167607966135
0.6633851372450947,0.45000649636921397,0.3124068435888395,0.48963199973307836,0.4510022929217033,0.20246884599451534
-0.4928428030504206,-0.5045270378269349,-0.37917791874640183,-0.5147987851989423,-0.4280384405410597,-0.3935983452906636
0.9477388974582382,1.012914658448406,0.9666298847945413,1.1578315582904837,1.2101900975970883,1.2607435785255925
0.5407768860052942,-0.1136280844293272,0.004438072294499508,-0.3131382232006514,-0.23117395603061738,-0.17079858757282798
1.068934571276104,1.090490752290199,1.0616420619435878,1.2027754912923132,1.2032497732065632,1.3017840579189686
0.00810128629405271,-0.18403016209690262,-0.5498969338705311,-0.15038163598344415,-2.1123569015731274,0.0
1.6524252418518957,1.4092480892221357,1.2224950727627584,1.5339606305370366,1.3418119510378423,1.3942247359256494
0.46263241841296043,0.23826009611668242,0.3290535834761374,0.034985458291354396,0.1091102722403804,0.19013950680359373
-0.5690505092074627,-0.5973379446682582,-0.48085338262023297,-0.6115401854046794,-0.5224105708482353,-0.504759684112952
0.8535309147547041,0.6300395996592539,0.6375432138513975,0.6718377706949278,0.7329859688615502,0.7204082179417938
-0.9730942732808402,-0.8359981270866145,-1.09522966332971,-0.7695061480680933,-0.7143397283299495,0.0
0.10150898123239224,-0.1799177745397748,-0.10296142618918565,-0.36959801702677986,-0.3446665901736047,-0.2915123590306023
-2.202582703486822,-1.819831580326496,-1.6470869344577523,-2.56298003920946,-2.4153081303010633,-2.475780551076764
2.0699544069960356,1.7828837503568937,1.6535250806372785,2.1816813337979633,2.128395995666569,2.3312071266120067
0.49659150830572263,0.45632671940799385,0.5321034492692962,0.2520688970106172,0.32157717668248004,0.4127205087424575
-2.27177760937238,-1.7906663286054465,-1.6545397778233306,-2.3763243521298687,0.0,0.0
1.1174123452872247,0.7818091308268018,0.5831494032844182,0.763887337869181,0.557342617047804,0.5924444289839685
-0.07066302938891804,0.25360036291960397,0.056297564658010786,0.2867839047173665,0.32157717668248004,-0.0382607207146146
0.536602324061572,0.08323254283926833,0.1896406925750283,-0.11235675156691409,-0.03498061396851993,0.03938721843792714
-1.0892426188612185,-0.9853161768994464,-0.7237856928428922,-0.9385716310783496,-0.8410934339842402,-0.8855634215111663
0.14950086940930996,0.2351952722925026,0.245178220536568,0.267489018782053,0.26732671893962556,0.2619931061051936
0.8502967208131487,0.9121186515469706,0.9276598661745397,1.0186212326670554,1.0375206503959498,1.1539224751624075
-0.6941886142252087,-0.7095395017155454,-0.7549521811228024,-0.6485356396083298,-0.8649759331087832,-0.8393502381324786
-1.5389371789362838,-1.1886407021117293,-1.0573883183809618,-1.1405856319334078,-1.1590707160428084,-1.2210126928618792
0.3696487054702757,0.4437986822707955,0.5095644723675052,0.48684344888757347,0.5515857158885432,0.637353587768987
0.7993167229764377,0.6851008056722561,0.5977643821541435,0.7601785921376111,0.6881070343928014,0.5632626402905246
-0.5765648731767403,-0.7534615191464833,-0.8039090053618759,-0.721563421240125,-0.7303015204177632,-0.7539856710738583
0.4106374318107218,0.485437780901141,0.5191302476971646,0.535031528070776,0.5305520773241921,0.6279268362213088
-0.010188819839840933,-0.05140011119655648,-0.004475733758402674,-0.09265076514250885,-0.0721506536210495,-0.03078997285344623
-0.021571913945238632,-0.04720491943353644,-0.09579994135186723,-0.07733355605627072,-0.056514075477543856,-0.10672207025517079
-1.0480215424742796,-0.7909599534871424,-0.6562610592265689,-0.7331633413047485,-0.6409907439811756,-0.6529208225735723
-0.1622732298180875,-0.14471718121350066,-0.1559437865637782,-0.11235675156691409,-0.20756758666278305,-0.15018729758047045
1.074839867697965,0.9704969343013657,0.9138690148742622,1.0975074853987825,1.102980819749759,0.6200851928668213
0.23875396818566316,0.5016156949153682,0.5486999161405345,0.5416378879015291,0.582779716497868,0.6782424888110341
-0.16430638524639574,-0.09413653686664612,0.013203604777718928,-0.15724629780527247,-0.07886029399905042,-0.02249094756344301
-0.18141150411748155,-0.0906173168454513,-0.002481830427512818,-0.0631305439879373,-0.01043058504422784,0.05415290557504465
0.38544639998039704,0.36716421643148234,0.285062390429987,0.3827504586669492,0.32852512900740694,0.33984246965614423
-0.18870964360073766,-0.11571894894924015,0.11152521696436282,-0.1244953208563841,-0.047646596479087165,0.0026454157568371
-0.39696711725905076,-0.42672142144691216,-0.38415312480383457,-0.39483446803984446,-0.3581882725110704,-0.31766481926346707
0.9058252082566713,0.7944623410160537,0.9484679249776788,0.8497257042259928,0.9048729561421958,1.0050661964082246
0.9165223917755847,0.5953220899544532,0.5990974605195891,0.4927166174844496,0.5081595122409882,0.466453011262601
-1.2160573692176566,-1.2380913030689786,-1.3750925917027166,-1.1825371357819148,-1.6490591339590215,-2.0151941068772294
-1.1372668124004006,-1.434108809562387,-1.252627400161451,-1.6289733636220627,-1.5120439363490967,-1.5232100643094955
1.027286774724008,1.0520485497480556,0.98808185938617,1.2100011689541186,1.0856052369356641,1.2215884959978844
-0.39696711725905076,-0.20077791762035058,0.19203798289915003,-0.17298422071517977,-0.0951084393696422,-0.10462733457325792
-0.23541909202716463,-0.1425182851103915,-0.6773820151833079,-0.262655293533373,-0.698842925557312,-0.8658309988719614
0.6253109073449418,0.6347750497285416,0.6331662643209459,0.70175498327551,0.6700788358238708,0.6545240156876543
1.273395071798238,1.249472685416976,1.069497295380995,1.4427049900301272,1.4658163450696393,1.229353519039181
-0.003886120241685204,-0.18167665073736852,-0.44417632220070286,-0.15897476016553747,-0.2638475777349195,-0.23978048006357994
-0.39061029155966226,-0.1905520626404112,-0.13642054745632445,-0.158109908616917,-0.1280989692043074,-0.07303544444237156
0.0167582836465643,0.09705306846041507,0.10751084540779916,0.12348800297300923,0.18054643339105458,0.17623209387725328
0.6270588688389127,0.3097360048123643,0.3248786772101824,0.31971567279315605,0.38782683865480294,0.4847028555633681
-0.18639482688553832,0.0008538227918732184,0.062927260683586,0.017092426720780082,0.09160693518962029,0.0484516736837575
0.5009239183503981,0.6083080896994789,0.5928435186236127,0.4957868745548552,0.5512812994215489,0.6306334510801946
0.35909462962410943,0.48683428906288545,0.5477105372816929,0.5367612782689695,0.5957035266620498,0.6835779039347858
0.5942580384630769,0.3695642782351303,0.16574503425690232,0.3717365752548232,0.3110086207298287,0.2810612112879228
0.795724678153543,0.4162194054595754,0.39212179017256904,0.32451321168596947,0.2701780369524503,0.2929116304536727
-1.2259582007168845,-1.0791126633458814,-0.9505798420125241,-1.0119078419032246,-0.9124837130949613,-0.9449612068603305
0.24686791236067035,0.35005443802350916,0.4222388932761488,0.38782705432537395,0.45384292165074297,0.5253215257110528
-0.0318718691874905,0.09884624656083613,0.1792365130326206,0.12838694901667475,0.15821883460869027,0.2411397585970228
-0.5535765985477458,-0.622613363142997,-0.9277356926036677,-0.5662992943672958,0.0,0.0
-0.16153570385827568,-0.3383605360539809,-0.3298772902183642,-0.3418646715406549,-0.32239599313650313,-0.3835575168967808
-0.029388393240291712,-0.6685104068601196,-0.5225579277053611,-0.7899209009534545,-0.6963033677375788,-0.6609066500171336
-0.2360488789480298,-0.014277919358908384,0.06903976736957937,0.013841994599460006,0.07488808703310015,0.1203056505868326
-0.4277866255623029,-0.26757940981143563,-0.190124996360306,-0.24740996777569962,-0.16696796328537847,-0.11623745951237209
-1.1831181230155194,-1.2880353623985599,-1.1217596162351555,-1.459625232324174,-1.3477074181269333,-1.3496376813292321
-0.5077813227179448,-0.42317174691394216,-0.37033119085305444,-0.3795617283059174,-0.4264907832343034,-0.3919129735874809
-0.48827217563009606,-0.6658691984208348,-0.6028681107445195,-0.6753371983121768,-0.6230122317172564,-0.6270860244691159
0.19061876454328913,0.38859499768543093,0.3639064106957324,0.4253724006590331,0.44850633397969786,0.48428402883643795
0.09303105497196017,0.16777269082485077,0.22510104469768386,0.1986026875486173,0.19677463910130646,0.27591587606150464
-1.2508474317789104,-1.0030226651955814,-0.866095979162839,-0.9351577718126136,-0.8410934339842402,-0.8393502381324786
0.02936593607963309,0.07656423243027764,0.09815763496459551,0.09896996119674598,0.035137794674466115,0.09115711982510033
0.4058377939652532,0.45299018424865106,0.46553931960990286,0.4997569677276774,0.45348853321718635,0.5284677284090443
0.594211618403128,0.6401152461744144,0.6417441588477711,0.7062425437803609,0.6575212659241073,0.7584745992301992
0.14023011011757977,0.28533434303281086,0.3706372402404787,0.320116834846625,0.3870402361339963,0.47074169174302405
-1.1081872969978224,-0.9638443881745729,-0.8914305557988824,-0.9053769420446766,-0.8087705218030388,-0.8176271849444128
0.20053175161123407,0.3365633040130878,0.3907491116870931,0.37432324501240016,0.3803143202865183,0.4642983329655544
0.6768134182200813,0.7519784221016774,0.7917632414065751,0.8387577530793106,0.8962392435835963,0.7951020554410204
-0.21259271999479862,-0.5293321398546345,-0.3881649546219351,-0.688156221353775,-0.59711811936598,-0.5559427013440155
0.030676632185093814,-0.16148192600420533,-0.5302390685459359,-0.12859622489785175,-0.8649759331087832,0.0
0.3584461403941482,0.529013982382409,0.5822301726931012,0.5834523664403866,0.6164143072591839,0.7224801225718996
0.14557714657944706,0.29717515288514845,0.37962622959501974,0.324911399223245,0.3929160617699884,0.4805027866348158
-0.38923756720092606,-0.5730623899621251,-0.8867464259987582,-0.5195838107616105,-1.2952509609944807,0.0
-0.8850779405554656,-0.7355206818492243,-0.5956193513488728,-0.6732291389355295,-0.5825651107225527,-0.5604203341243232
-1.2473940895528528,-0.9941088442670208,-0.9178451927929299,-0.9317656262038955,-0.8344666284358575,-0.8393502381324786
0.4281536216879745,0.6668690060671305,0.6877867148915792,0.7391992601658175,0.7976083826478063,0.85260099235409
0.8140217952045519,0.6827233363478807,0.6223204888501247,0.737919735082294,0.795089528066672,0.6904218914885151
-0.526921234061195,-0.37312376137093667,-0.3226616231456102,-0.3561699716051649,-0.27319827194149415,-0.24765917388565092
1.346582653133603,0.7152552286325624,0.22956187633994915,0.7879130068008668,0.3968032018273823,0.4529808333290396
1.143294952892963,0.828996802664211,0.8020110345379764,0.8358032932138081,0.8938819412936853,1.0176368755376874
0.0338097889571489,0.037993510463191216,0.11669762770554405,0.028654364288305992,0.1029169024758942,0.10402732293812002
0.3288874880262492,0.38585734300613805,0.4194395725209711,0.4270751089730071,0.401051689948601,0.4950895717727221
-1.3101483201909268,-1.1827103529071783,-0.9557717077612261,-1.1355744552186633,-1.1781976471260833,-1.2942171963017777
-0.715326512335369,-0.8499825033050196,-1.3458610955649846,-0.7821758068318366,-1.598633918724293,0.0
-0.16208875839262332,-0.15808976100397792,-0.2146521555578591,-0.13024440601493859,-0.052466944742921864,-0.319151819670674
-0.008080021180168427,0.04355620149487753,0.028903799820955103,0.043120259599944595,0.10478155814233735,0.05415290557504465
0.17085025898487222,-0.14471718121350066,-0.2139148997630078,-0.10995795713551387,-0.051660825890550724,-0.06122630452880159
-0.9500385371531355,-0.7990615964618742,-0.6757305188081235,-0.7571228275674668,-0.6643422140904127,-0.6347137278953531
0.16952714586539017,-0.17409316697097107,-0.06807310727570041,-0.34897360414894596,-0.28751723030582055,-0.23071660540452812
-0.2908990993048346,-0.1869855647735206,-0.08639741107425143,-0.15294672548863314,-0.0890700336810973,-0.054439963275744456
1.2449847970345942,1.2702355868017834,1.2482353186889683,1.4385695831658376,1.4826464923159597,1.6379133585983443
-1.1617621810507208,-0.9369599435093064,-0.7897993708558141,-0.8741189878093623,-0.7783283774857722,-0.7667902160643821
-0.19571118569714824,0.016005366268471276,0.11511163634171742,0.04000411995716652,0.11279619661546558,0.16746957653125424
-0.5196701550311956,-0.4402230202060207,-0.33718688158303695,-0.425280072078229,-0.34600429770279223,-0.3251371412079418
-0.15094800946668316,0.09417189198329552,0.16031962800523533,0.12348800297300923,0.11767623841891818,0.1979538328960524
-1.025200104290918,-0.8733850546101485,-0.7740644207148792,-0.824815342342769,-0.7330091019190093,-0.7113522494257376
-0.8201375973799084,-0.5914702348439211,-0.44863499541304225,-0.5441312975242399,-0.45665732188927527,-0.5448987465282977
-2.3489289051356845,-1.8348724036320503,-1.677387184004744,-2.56298003920946,0.0,0.0
0.37750088083852523,0.43540610653188216,0.4194395725209711,0.47398849102607216,0.4052718960126485,0.48970851475231664
0.7030977929170712,0.16714019160491964,0.2632983142974344,0.04992111925859097,0.11279619661546558,0.14818011536246867
1.260642049950666,1.1687836193893641,1.1749473650283477,1.3015765500839138,1.3488610735479374,1.4739536937899893
-0.3035205060221269,-0.4152610610090174,-0.7456174924536824,-0.3808192580343062,-0.8150770289269391,-1.1437395019828662
-1.053862690714447,-0.8206260143192332,-0.7530736886065011,-0.7595772313049115,-0.6715503352841995,-0.7700379758923273
1.6336551714199066,1.4419923297601043,1.379543810571946,1.7019586950929855,1.7298133750948774,1.6797512703031752
-0.09765567082090496,-0.2897692389135454,-0.30155593262158087,-0.33834230579404534,-0.41426149645712373,-0.37531852047553504
0.9682353779599672,0.9220056853992644,0.9290787877284331,0.9441894832714335,0.9844134763979857,1.0513040757631058
0.17671494676239902,0.0927256836428759,0.1326784230314665,0.026103671434628405,0.03444090498623849,0.09420893048910627
-0.4798777441376152,-0.449395754314569,-0.36935670238729956,-0.48993451892162604,-0.4067517919096052,-0.36077121805939943
1.0735355657249295,1.0812346514952644,1.0283212620792175,1.2199543265022603,1.2711497592934768,1.3254702858255547
-1.269596630408066,-1.3571426498828323,-1.2282433373864912,-1.479048263160374,-1.3762818445801788,-1.4463146112890082
-0.17326460173244085,-0.09262564523702853,-0.06638694815689905,-0.06165454822809579,-0.08054968969852055,-0.07402976383267125
-0.08464060801071925,-0.260141500699183,-0.45993557419682163,-0.2647179348109597,-0.25807993563480897,-0.3769571656851821
0.29162562329783376,0.27789656816654,0.15410036495426402,0.31082628225148035,0.31322516268689404,0.18948401638804752
0.34811028333084243,0.14749120562269813,-0.3445927433155446,0.17638989351795573,-0.17090254735557464,-0.2830425534674635
0.14141090955366983,-0.05046516445673373,-0.427758658993911,-0.02033016304276976,-0.7963809225397129,0.0
0.3999945391576112,0.3250945351074095,0.35140392875457915,0.2943421054789928,0.302963401874126,0.3889859404981489
-0.9257866446605569,-0.7474239395813878,-0.6282016097878205,-0.7057222409195355,-0.6208064368450229,-0.6270860244691159
0.8568855100380987,0.9833084950746843,1.000847817362109,1.121191526204668,1.1656502677962648,1.283310261230933
0.4254221701838322,0.2835483734377809,0.2756029296846271,0.3042832560110091,0.3609275559731667,-0.06317895535387645
-1.484713774801768,-1.1946245591191034,-1.0333540836501314,-1.1405856319334078,-1.037679931692546,-1.0485269248341538
1.3297233626584721,1.1117048936041123,1.1245711748640177,1.1543095120549676,1.2044112320301412,1.3415660277138874
0.1483372687484333,-0.004288616772520672,-0.10536993310654154,0.02546435071517739,-0.027199377225316283,-0.08913933448214903
2.5762290047169856,2.267793775371994,2.1392246429646207,2.836834907511373,2.865465969744171,3.110366134395828
-0.01670579458522499,-0.08761800025306435,-0.020189033257023762,-0.26886488500671507,-0.2300797225352379,-0.18493610711641187
0.6375979079279462,0.5434424624091045,0.5843722367031233,0.5456271911043662,0.6092121844214378,0.6568029874341311
0.13569823539535958,0.3594549734881537,0.22669873570367668,0.39821846534126715,0.2630250710539531,0.31274012857792816
1.9435063693046533,2.0293598103305817,1.8392985695603867,2.7110907578171703,2.7346161954340658,2.720344758748471
-1.4965585542595121,-1.5064041148330056,-1.3363950346374978,-1.6568905354145662,-1.5391192979763404,-1.55179971369392
-1.4520453164751923,-1.1681126638604462,-1.0422607404382949,-1.1064877204133283,-1.0091196737778991,-1.0377497691364173
0.0027593856556315252,0.01309099847361614,-0.07715687052925278,0.011883486870264226,0.013870653250182809,-0.07402976383267125
0.4131190559048218,0.22986048143860774,0.08316974302108168,0.2591643071883788,0.20840900076814525,-0.20554294914148552
-0.10427762141248627,-0.03707869649170107,0.025612457664979715,-0.007376608444007533,-0.00818006014258396,0.03689231077585331
-0.15312239969147146,-0.07480005516077935,-0.035323094592667255,-0.044215251484667456,-0.10208619410656795,-0.03264928537799614
0.5089945650136426,0.3321453112060606,0.5028970314888056,0.353715839931554,0.42113213393738425,0.5081547566833409
-0.6004891427694239,-0.5741968069465352,-0.5539092071528875,-0.5325438842245483,-0.6142425357564857,-0.6195593054048512
-0.540630592384892,-0.6941792200895915,-0.5856186735431369,-0.7522466881194115,-0.6887563894063868,-0.6635938488556211
0.33040811108954377,0.4022801810823106,0.4518036584747218,0.4351869506216699,0.47680870390130786,0.5572728611218497
0.17449775832691966,0.24980573022546357,0.32435432274108883,0.2722595154438208,0.32938823565058967,0.3966737341532161
-0.11673690067423487,0.09381069246669398,0.13764350145328838,0.12074973328399276,0.16274993358994036,0.2411397585970228
-2.401199583003446,-1.8425128010547651,-0.6266809873705708,-2.7057240127526496,-2.552851226001163,-2.6205955972785993
0.47502594934241715,0.47162294388615417,0.14029724357229403,0.504308370234182,0.3025133953221537,0.09648820788308565
0.44677245223040996,0.34915046079273465,0.4122600554759479,0.21156571776386834,0.2548175588683007,0.3229682282054216
0.6150570770763856,0.5081833795988829,0.5490292474764304,0.4257132973729378,0.4431247520998328,0.5217644408385071
-0.6671274082538086,-0.7459235936837497,-0.7044453293073828,-0.7124558231649593,-0.6691368460142613,-0.7322624379858043
-0.5420549971149244,-0.4512472175141628,-0.43100473377689547,-0.40524391421261746,-0.3211127960916189,-0.30299482961540497
0.2928473219591688,0.13622743409314583,0.13421125929320216,0.1595892784001173,0.19624054415304995,0.13902300650907065
-0.6719970184836778,-0.7782102727663477,-0.7682672626054272,-0.7284940622899491,-0.6862642391050716,-0.7933208972682875
0.2079933578768334,0.029544596544074295,0.051830478874625406,-0.07056455677338211,-0.14108253745083446,-0.08812047281522419
-0.4987724241194889,-0.5378307750927427,-0.7799174306123955,-0.4884158134536949,-0.7357305784956844,-0.7508300485765378
-0.14483217511148017,-0.335299019563337,-0.6857086416472942,-0.2954635361236737,-1.2710342717157206,0.0
0.33622305130329033,0.4162194054595754,0.47216559823869203,0.4468393681298586,0.48832581628701704,0.5747196214740986
-0.5642172273894226,-0.5573977155781753,-0.6514914989925219,-0.508480548152434,-0.4218733822597001,-0.6321597645033183
0.7695616456583101,0.8415563292327088,0.755342864435139,0.9370288347849567,0.8649360719290483,0.960307880656899
0.03224541150382422,-0.007743142468002957,-0.043323702747086544,-0.07506885822638215,-0.0589556971506307,-0.11093300748222142
0.2619689762678121,0.356339812828374,0.40139952678610796,0.3942964048054791,0.4605392242603321,0.47754702439803803
0.030545701121971913,-0.07382588933674064,-0.41706968299304414,-0.04925053179176703,0.026721237117841436,0.10477634346507543
0.8415430487833162,0.6673605111019549,0.3798605623729507,0.7028796605930193,0.5636465871634776,0.6664853806030898
0.17530504237305244,0.0,-0.099368761341534,-0.02725913799443473,-0.05489190328541212,-0.06710278029056195
-0.09765567082090496,0.05683986480738397,0.15188714528314773,0.06390472400942614,0.13740268244818285,0.19989270824420546
-0.926466240648841,-0.8715539720635327,-0.8504989789343631,-0.8030786569702835,-0.9606129387279994,-0.9404953331868487
0.6554665435344669,0.5512025317887095,-0.3972965797090742,0.5933102872236408,0.10664050212474523,-0.8736385299096567
-0.8416048554383287,-0.8240099200523586,-0.7237856928428922,-0.8220502636161809,-0.7357305784956844,-0.8697208096075454
1.2487996828251926,1.229229005850517,1.1723809830371172,1.4174578222685137,1.4370150731832954,1.3438196458749423
-0.31787757438080044,-0.4634226007576319,-0.3762136256855781,-0.474925571235555,-0.4421640554671313,-0.3935983452906636
1.4037486011580387,1.336669803341229,1.0749041702757125,1.578983575639818,1.3429597494137855,1.4031748880945492
-0.7313197764713568,-0.6724934466343357,-0.7568365191813298,-0.6287602710945128,-0.7812943983266021,-0.8977553109134879
0.0015193549625814166,-0.2211572614877276,0.0,-0.18642163036132497,-0.7467584725409087,-1.849179186926936
-0.36770606960060326,-0.2056531462442936,-0.1175767006185555,-0.18461249049872022,-0.10648971417899152,-0.07902543320279298
-0.7625811190176555,-0.5856581384750335,-0.5263858240743605,-0.5542550836202875,-0.46653385060019015,-0.5448987465282977
-0.14698317267432376,-0.3209693779630893,-0.5856186735431369,-0.2857495245488784,-0.7357305784956844,-0.8977553109134879
0.15861842174841564,0.17092431475223424,0.08443542277777387,0.20150635435112965,-0.0721506536210495,-0.03358102432967128
-0.4987724241194889,-0.7296529400746579,-0.6975640354196792,-0.7238639784498591,-0.8056455428328785,-0.9060378641664161
0.7936654142051803,0.47466507565328026,0.5521464520160183,0.33674413288307165,0.4045066717111799,0.4401272850393221
-0.06240923807132039,-0.2211572614877276,-0.14479449781222464,-0.30534020999990946,-0.26500810165621436,-0.2268732653293639
-0.1698886773283962,-0.10022034984682818,-0.2680618163593762,-0.09032845032149317,-0.3581882725110704,-0.37368439936844544
0.26711034993659266,0.34415107824307095,0.24916020237408454,0.3820219826621584,0.4355134183933494,0.053341588296754366
1.194115126745201,0.6710317127361674,0.7310511282078893,0.5230892082037676,0.5871162191530127,0.6990354886265199
0.6778444878102258,0.8532962069359318,0.8068136081273505,0.9626255158232907,0.9441140143826026,1.0274995528177413
0.75094652580499,0.8533808792403251,0.7625369401499504,0.9590699262551636,0.9091490425632791,0.9089457795686811
-1.1469483812503278,-0.9918994430850029,-0.942871937051843,-0.9217166353324262,-0.8720064389565023,-0.9632044568157757
1.112532189040949,0.821196543266,0.5783804611795178,0.9002488155816154,0.6103253848996285,0.5205745691718224
0.5554599552725482,0.6437303529493569,0.6727791345254546,0.7111448123756535,0.7092541234819797,0.8207259823484826
0.10985914515937532,0.1178521325889077,0.18168326692054734,0.11910100958981397,0.1610547004343201,0.231379106610887
0.6369560521948716,0.3157877973607747,0.29211090262690675,0.3456712633895863,0.41325152548769273,0.5049121504055566
1.4892412925749323,1.0844451076766894,1.0980446239952804,1.0093039248386855,1.064250627795294,1.2000699049075225
0.5142001055077761,0.4055452926972809,0.35977423546351794,0.38092773483009884,0.3114525576262511,0.19340699473156667
-0.609217695833669,-0.3988965276097143,-0.33718688158303695,-0.358588581571439,-0.27556000341292614,-0.262376129237424
0.48263593862974313,0.8248878553764779,0.8087761396672609,0.910458670942915,0.9671751882168034,0.9640938390598374
1.1284538623635376,1.1204357675449144,1.086147301418874,1.2660556564237913,1.3165814313884876,1.3580604552112425
-0.3368438880571876,-0.1671802063221126,-0.14674545398414185,-0.13521609208327817,-0.12535385609000388,-0.07702232930618802
0.8787003190080364,0.9972387623272333,1.0966177025888082,1.1301332145816294,1.1767197598876258,1.3117663134902413
0.5468003562007531,0.4390465821555571,0.3287936839447054,0.4720860385898034,0.30161240892239294,0.15513600674791778
0.056388212711298694,0.1569200148424905,0.23429789934870776,0.18586395456705726,0.2445266573238625,0.3029009326391139
0.4099824685726264,0.5512025317887095,0.6135144933716081,0.6082179334424076,0.6551884817578847,0.7570700049480775
-0.3456759532261668,-0.21802320475658407,-0.1138855584653026,-0.18280879251693458,-0.14108253745083446,-0.07303544444237156
-1.5823879112461094,-1.5979606060331297,-1.4268356939234639,-1.896374341582341,-1.7711949574411172,-1.796767063828776
0.4185645144679582,0.4748434758587678,0.45261074818783037,0.5085282343124228,0.5330624366076934,0.45604673108006694
-1.6083246694735762,-1.388494984282281,-1.39020153356322,-1.4142038223190847,-1.4172944669953098,-1.4706283724001445
-1.5068906294365076,-1.2191140916751855,-1.105050370230891,-1.1717232914943676,-1.0892196646954926,-1.1569584405720543
0.35045676454247326,-0.08612422820628812,0.00049496793740982,-0.18011337462453758,-0.10208619410656795,-0.1151729093093325
0.31359903225232877,-0.05846168256744249,0.05718641035642493,-0.21518576955031915,-0.13641239676355962,-0.0850739181374068
-1.3799261211792897,-1.284587407697079,-1.3458610955649846,-1.2403381049569377,-1.2952509609944807,-1.3496376813292321
-0.1760932893769239,-0.07969601091770806,0.01848930997870237,-0.04708747810674128,0.02883646967628508,0.08191268136977593
1.3070707455766366,1.188981397250591,1.175301434857885,1.337465519956585,1.3868061691423559,1.473532468221262
0.5556596729455551,0.7487487877870079,0.7928277000399504,0.8352479205881403,0.8845541889664165,1.0072424525096468
0.2207654881791598,0.01309099847361614,0.2600249920157864,-0.012117275396972467,0.035137794674466115,-0.17196428763513463
0.2557347535104879,0.2281648914084718,0.015612787128720537,0.22659414685376147,0.22188144588935987,0.2519478610955162
0.9920826925662378,0.8835102584033897,0.8061574980898331,0.9956080553029322,1.040900499486029,0.6241876896967256
-0.09535623395513483,-0.04396329126137948,-0.06920017602252737,-0.03356283225848793,0.0014753182196964047,-0.10882394419249224
-0.9437089821071984,-0.9209580123992764,-0.7568365191813298,-0.9021679840406299,-0.8056455428328785,-0.8283814418278304
0.28597024954689293,0.3708688606020442,0.3934906093056634,0.4056410720532913,0.43842370077354165,0.49919974795078664
-1.7989679917734895,-1.614464573496948,-1.5375868845700043,-1.789031302351054,-1.6672142309408793,-1.687029946016197
0.34994433939126623,0.3877541438187103,0.43557981929051204,0.40879648912369554,0.4524241866232318,0.5057242663971355
-1.7774225377642776,-1.4298337764870872,-1.3133029389101993,-1.431869542731411,-1.320757786030551,-1.3304787804885614
0.5738645391794388,0.7648949635192989,0.7985894602011304,0.8544249349158399,0.8756563567481008,1.0018889425195627
0.8010095894946921,0.8610257072694057,0.8845042597910237,0.9418107406147274,0.9665222931874824,1.0765082267463824
1.7796202466568056,1.6451300524334291,1.5934383828329468,1.73218182190211,1.76182160513229,1.9461712194498906
0.7570100177436766,0.7259773554537813,0.8953576575549742,0.7690052143110759,0.8283213698710722,0.9168339734659373
-0.4544753173005513,-0.3747532921858836,-0.3262578594772885,-0.33834230579404534,-0.3211127960916189,-0.31766481926346707
0.5479158741396151,0.5927702993981061,0.6269401622070273,0.6316008058191324,0.6502363495331169,0.7414295729967467
0.23632320652374847,0.23491579379824865,0.2861968826576429,0.21865458008181202,0.26062233652238015,0.3251013532406962
0.014741306969524444,0.03919017310010456,0.12843939015206096,0.012537013693970313,0.05432971997262507,0.12973288776566733
-0.40904218491596445,-0.2890629661028634,-0.28875846951516226,-0.25042786768564806,-0.21497453722804644,-0.3591766679177318
0.053756799099016615,0.17779489000516385,0.23555334828333221,0.20870785672774836,0.20367602403924176,0.2741917068270567
0.28158605988506974,0.3300397963445865,0.35659066411201357,0.3672781469919207,0.32549486872733596,0.4066306601698944
0.7590834740806534,0.9370048024828033,0.8279377562324735,1.0522686873695122,1.0828507413146995,0.8733957486946644
-0.6463349112669824,-0.4411340177669182,-0.35970310321122595,-0.403932479348868,-0.3198324916914499,-0.338827898002199
0.04693261651742616,0.2005907815719559,0.263891169586337,0.23259939073867714,0.23806939335293456,0.32881773530106273
-2.187582141215805,-1.8051002138391214,-1.6324159460369592,-2.458813931406371,-2.3148483121005152,-2.369967530375328
-0.600095447419923,-0.5126832691509323,-0.5419541231152031,-0.4418241558091575,-0.5114934042248283,-0.4926412642571161
0.18042382810189908,0.2679929864926443,0.3240919365837169,0.27998989685525605,0.34766373709521037,0.40380102640358906
-0.16301171610535947,-0.10073026738910786,-0.14220409134073558,-0.06981706501553635,-0.17486392697135617,-0.10987757395301019
-1.1479249637178468,-0.6724934466343357,-0.5380228887585639,-0.613427648752277,-0.5279515492819034,-0.5006920309354456
0.6640362853607912,0.708959613201268,0.676921213159224,0.6554036222348084,0.6536286794013028,0.6535449960015115
0.9791589532541412,0.9939524177561672,0.8022003520449625,1.1352275692448535,1.1063245524083116,0.9277326222136788
0.35001757266307754,0.5702566860589589,0.5895338372732225,0.6288475401165619,0.6856323919226968,0.7794834353015124
0.01809889795032384,0.1432115737262453,-0.05803509331304206,0.16728143831932096,0.1455823679098538,-0.0641575885330996
-0.21319778098146272,-0.08314835865804858,-0.020703767594356392,-0.05359972825106362,-0.052466944742921864,0.0008830463720485141
1.0380531436701488,0.9578146185945459,0.840178844150161,1.0896924746107701,1.1363590763895692,1.029226120934765
0.05199558461706688,0.1448615178811273,-0.2449823093131648,0.1748809158018293,0.17337879858428373,-0.29293569320752916
0.8520014500335729,0.8425093392891262,0.8017269069884438,0.880409682503271,0.8662617819051285,0.9486139785976527
-0.25592492611453693,-0.046276849201213714,-0.14220409134073558,-0.01620999882065312,0.05903357501870752,0.12684699962766244
0.3031624673764581,0.4114124936638441,0.4688639189673676,0.45078724901769013,0.4757824859029551,0.5692000384647797
1.1573522002915588,0.85843474437133,0.812027858039026,0.7999096404396195,0.6412803353409313,0.7324565951165773
-0.25094461539966123,-0.24554337261449188,-0.15860073936749836,-0.2095094664029057,-0.12993621955075238,-0.07802307159569932
-0.45816940268363077,-0.1430672223099872,-0.03744484060891648,-0.1107565009379666,-0.034197890134047136,-0.1468185483910826
-2.1585564748607036,-1.7906663286054465,-1.618047690258741,-2.3763243521298687,-2.2352417381261662,-2.2860944897269158
-0.437539970488628,-0.3531228055287202,-0.4520018845081272,-0.3097835594693482,-0.33802507259782366,-0.3434623279677452
-1.7192023974970059,-1.4648058540631739,-1.252627400161451,-1.4992812750624949,-1.386204368660085,-1.3903050200552647
2.5938451713366497,2.024855100900119,1.8985635956600815,2.4255567502807067,2.45910806725044,2.6596604102695176
-0.9437089821071984,-0.7766345766309527,-0.7220015585048667,-0.7645192191879024,-0.6739747427148642,-0.6635938488556211
-0.7134168368101457,-0.4924949487157779,-0.38415312480383457,-0.44462819037214557,-0.36093188718753516,-0.3704296254456174
-0.7030219225265122,-0.26622002035057907,-0.22885108816391697,-0.23156825582025478,-0.15628297796031226,-0.3073581634834574
0.799567866344009,0.8179325386028256,0.8383511210161033,0.7883096840885477,0.8468770700288787,0.9552285815326534
-1.7827420649253183,-1.6604788352454225,-1.4887428827960407,-1.9757379815171328,-1.848028154014146,-1.8778327886084845
0.7341752812554431,0.5403055970830214,0.6133710816370599,0.5788737850964095,0.553712634890508,0.1495773481727591
0.3269042886284482,0.4170163280441111,0.35412762509658163,0.42673492197520946,0.43222338076734124,0.4450319247244567
-0.6266605709428857,-0.507572780399956,-0.44863499541304225,-0.45741794952472964,-0.45665732188927527,-0.43195152277823523
-0.630377603057358,-0.6832416647224102,-0.6206372509450437,-0.6774532767510585,-0.5992293235240532,-0.6047979011634629
-0.644634753812285,-0.502505014247972,-0.46798026029322015,-0.4661051011865059,-0.38768481400730537,-0.41072240359370377
1.5151192857830988,1.3962071854312312,1.3885144212990421,1.594882368423522,1.6401078590540892,1.7105965599851842
0.07021593409689783,0.21469703202728527,0.27820063562911973,0.24624522468964846,0.2630250710539531,0.34709100674859344
2.579225017650383,1.9117028774167244,1.7503764587261097,2.290039002863768,2.3159791793231825,2.444439252545648
0.7105580863889244,0.7981679919065613,0.7934072434130698,0.8892019388286722,0.9447886213927685,0.9699436138468017
-0.5067734446115278,-0.36906935634078714,-0.24420337543786358,-0.3561699716051649,-0.27319827194149415,-0.22178645606793942
-0.19064588427127926,-0.14692450610385654,-0.16261066496548077,-0.11556998671750163,-0.1486332799428511,-0.08812047281522419
-0.42515482330289245,-0.3179963872832017,-0.2820514022115093,-0.2900471397364872,-0.2661709804833019,-0.2915123590306023
-0.00013830946728104373,0.07132203645039396,0.1326784230314665,0.09840140771873346,0.09476982044329169,0.1708539303839167
0.3179668503855681,0.13354340091982234,0.0,0.16370344089237818,-0.42494740415544935,-2.475780551076764
-1.2624992347545723,-1.4006354461629462,-1.2322448754068367,-1.5899668405328922,-1.474206137596969,-1.4832525266482137
-0.3054141747512117,-0.17351391901150057,-0.20659625640112325,-0.14022904138827963,-0.06304758413342171,-0.021575605993928843
0.1563270348902447,0.17903490014944629,0.1198550410068475,0.20918506171423376,0.035137794674466115,0.09875934156471976
0.9448813979405006,0.46946487839373785,0.5468844635138439,0.23397720520714432,0.30386244412200236,0.39858184077861275
-0.13402253872301015,-0.25279689410048817,-0.26643890336464393,-0.2180442886147022,-0.1382759787440938,-0.1638507057338783
0.3797235669526519,0.5068428895789876,0.5751220266088137,0.5577323884469205,0.6164143072591839,0.7242511288157659
0.7053959224342242,0.9452819896068834,0.9549859160875067,1.0735367994993716,1.12735378961085,1.1958119322863014
1.9398009714859932,1.7773814043727392,1.479983303661622,2.2304947457297533,1.9352638216968898,2.110790319643778
0.24411731484007643,0.3153061535827025,0.2525050591678805,0.32451321168596947,0.31499276197463194,0.1681478752763476
-0.7901251342467658,-0.6738268337452576,-0.5688608472454223,-0.650552192505894,-0.5604543683283526,-0.5951649957069512
-1.2496941824270658,-1.1154100192631005,-1.0130459714806108,-1.1017950027713188,-0.9999479335880415,-1.0016636609050233
0.9112901259892869,0.7316325827342981,0.7415761859841647,0.803409933233737,0.8003265010924916,0.8253324372144597
0.06899520554532307,-0.0068775262786697575,-0.08639741107425143,-0.009403850553455847,-0.1514901750579135,-0.1259021639907902
-0.013012969421717393,0.051797987742121375,0.12064137955730936,0.06149529722072144,0.06964939266524023,0.1397320706303191
0.18022398586989669,0.2832927520186363,0.35977423546351794,0.31730343962834506,0.3674562083804581,0.45648357161547576
0.29382271159740075,0.3782017276661951,0.424594962414212,0.4188613369747546,0.4413207549795407,0.5300353530109984
0.21497975924671672,0.2820128268974203,0.3730188409296538,0.3140730079089342,0.36174734403555053,0.42838915889621515
-0.5445560676665667,-0.6400592196609037,-0.5620172823980509,-0.6465263397237122,-0.5866835018661316,-0.6270860244691159
0.11685349628622226,0.31385862667541875,0.3779827431659717,0.35028040734388094,0.3944737816769794,0.47031405651938135
-1.0700044122943038,-0.8826202587354033,-0.751201007336298,-0.8220502636161809,-0.7276076864411171,-0.7262079480243752
0.21591708001764656,0.3307425539522669,0.416623968061314,0.3680233500403325,0.43478376605919306,0.5284677284090443
0.26403133852139615,0.2760857988130658,0.061167570924052735,0.3038720977745016,0.09476982044329169,-0.09528801728760665
0.0609944420757166,0.016005366268471276,0.059401918764292766,-0.01279750653634734,0.021043864313073223,0.018287844654816168
0.0951335772797264,0.16269220733181236,0.20751579902407086,0.15855652695388217,0.22850899920568757,0.25669436321145156
0.18430631165729308,-0.007310168409245181,-0.3881649546219351,0.02225779063178317,-1.0731921698224471,0.0
-0.02085365129855963,-0.6312745890437194,-0.4868011235916911,-0.7238639784498591,-0.6319266066103375,-0.5927819372663801
2.352257044239435,1.9596517700879958,1.7293562410936538,2.3551441939587887,2.223556887763387,2.204872297787739
0.5809561817052453,0.6666230750783336,0.687908712796862,0.731701244761602,0.7405595979536049,0.8266066705804439
0.431249391846122,0.339795505560701,0.11032418090791073,0.37469192904916754,0.30520858763945735,0.15858584890300806
1.8829076485204757,1.8296051867315368,1.6882545308736647,2.3279663138581608,2.099422633522563,1.6782170748929757
0.009598788876443958,0.2135353265208767,0.2609198419810986,0.23991352201858687,0.27724967751556057,0.3506855849021727
-0.38650185435663387,-0.13003516123726852,-0.07887737611524467,-0.0981042653362431,-0.02104686328280542,-0.12915776835863704
-0.8328091773753221,-0.9131043914776699,-1.015907547120651,-0.8561998931044535,-1.3570417209891446,-1.3798234779900296
0.25799421552964574,0.32933611633355697,0.3061871293269838,0.35447679894316025,0.3323997936216589,0.3841353949473887
0.9685068098157769,1.0318583198456512,1.026972360471686,1.1680643909772441,1.2146650888169737,1.2642281238221098
1.0158754287709044,1.1789278259752016,1.1146116943805158,1.365017131074993,1.412257526469984,1.4425758195813527
0.7212795981010293,0.7839566905773986,0.7918601155477755,0.8769310971803695,0.8474609445827429,0.9699436138468017
-0.48567637861138413,-0.4797247083641631,-0.540640765670536,-0.474925571235555,-0.5007885189068305,-0.5559427013440155
0.3250671911116343,0.3267480269877164,0.2650747758928434,0.3639140925142488,0.21931333194068828,0.3006942277561077
0.07940683344949011,-0.24227584650901896,-0.11572797222721509,-0.45312306662867435,-0.3678498694894693,-0.3132259006177952
0.8324325804576767,0.5246547143975987,0.5288504105449652,0.364288739660097,0.37991644110781925,0.4238188850380495
0.4449946018942004,0.2669398807542615,0.22221238007865962,0.2909938920027944,0.35515898140681673,-0.034514157537584654
-0.10095692965214,-0.024447039585074413,0.06336625596765874,0.003324014959448591,0.0670129002646252,0.11957467693966688
0.13537310276385103,0.23267478308382955,0.30700283761637215,0.26487185538953406,0.33197045483521664,0.39380124524029647
0.34803679181092406,0.2986681986476178,0.22092319955875592,0.3328239496298258,0.05635015654837838,0.13332200878235836
-0.4158928411062346,-0.48460445884295994,-0.5013304521993911,-0.4838837051075274,-0.5604543683283526,-0.525537685858563
-1.305090098854915,-1.3419941046363804,-1.0216698242032005,-1.3726314410146092,-1.2632258013140134,-1.3798234779900296
0.9049556453655017,0.743389809094329,0.5575119099943417,0.8279870741245017,0.5324357608555444,0.27188570030631193
-0.17364094679638561,-0.23066190826799216,-1.4599011414909644,-0.20388658735968349,-1.848028154014146,-1.8778327886084845
-0.046406829762222414,-0.02311021532478716,-0.04872510021864746,-0.037093095902537156,-0.047646596479087165,0.011383733509948648
0.15055656285731953,0.30631701315693816,0.38799209373868243,0.3421927126351125,0.3940847107589525,0.49385160596567723
-0.06302795685139331,0.015174229390392051,0.1014301589732418,0.03561501999800965,0.08970124595416143,0.12829157389214504
-1.1935532008157361,-0.9249212214878174,-0.7663471140909266,-0.8561998931044535,-0.7608747356922161,-0.7899342481108065
0.18806306458936603,0.27530789424297847,0.3230409958556671,0.30960452421395546,0.3328288389378962,0.4182928322318379
0.30721855104951484,0.49048247725752425,0.5402231963183713,0.5286502233032971,0.5731363983107173,0.6587503980076337
0.09162493138803222,0.17655207201504014,0.23146163520215596,0.2072740840774938,0.22239378953868907,0.2787794029612971
-0.07554745082931173,-0.037535078081298266,0.03727357144047956,-0.010081085260459852,0.014591853524717834,0.07723945363635458
-2.3242354386105366,-1.8273125336895215,-1.6545397778233306,-2.458813931406371,-2.3148483121005152,-2.369967530375328
-0.4938268989920393,-0.4865674476525691,-0.6659163360977423,-0.4884158134536949,-0.5224105708482353,-0.8936609085814988
0.11595595058618685,0.1562749078158061,0.18860980747564782,0.1808953162758069,0.18164175291061918,0.25728524773393135
-0.7119885955312977,-0.6275477185451733,-0.6757305188081235,-0.5732985361688299,-0.5526311765936494,-0.525537685858563
0.40006129671662194,0.3072960871223009,0.3699204923949448,0.2683590319142743,0.3114525576262511,0.38218518785142774
-1.460055399700331,-1.3198895149467804,-0.9689427583350082,-1.3197363562949052,-1.211837906407535,-1.3120225737788538
1.7876528099649527,1.2801193172056176,1.2776246985047233,1.2208133819112896,1.2720999315449577,1.4262759053637144
0.7480094503632216,0.7982626462689257,0.8351122889200638,0.8811033110948655,0.9363077869923111,1.0230683600318897
-0.011316770207890469,-0.14032775633134803,-0.5552527739113196,-0.12123449742773498,-0.4280384405410597,-0.3769571656851821
0.42113836082050843,0.10277097718292905,0.12142651917408519,0.12348800297300923,0.19463547158459737,0.2689916736000638
0.4794782439337845,0.5536613896659154,0.5726240892041502,0.6082179334424076,0.6022113401382404,0.6169920974172695
-1.269596630408066,-1.056798745942546,-0.903298109432477,-1.0079891667081295,-0.9086697155657177,-0.8936609085814988
-0.15112889029729323,-0.08662171814665058,-0.014050950415188227,-0.05505636397271808,-0.054082480299688956,0.015707688156055638
-0.22708768137536636,0.036794287752926244,0.02749575241246978,0.06630484739658593,0.13975094576952668,0.11295792766599569
0.4008617435456038,0.4997482213702571,0.5191302476971646,0.5510032034236308,0.5368097802993844,0.6030731109131005
-1.0204189049271262,-1.0212268574145098,-0.8774831785733945,-0.9850695065985479,-0.8863607148507471,-0.8619686848199242
-0.8155953212075718,-1.0007826767959178,-0.884417581139494,-1.0198338047213364,-0.920197711569095,-0.8977553109134879
-0.5084542086915864,-0.5961599046478337,-0.6405090874105606,-0.5839626540217298,-0.824681792643479,-0.8001570584341202
-1.2360197646928517,-0.9659596881484821,-0.8914305557988824,-0.9021679840406299,-0.8056455428328785,-0.8697208096075454
1.158239225272371,1.1015460308373999,1.04885432662037,1.2628218284816106,1.270198319970031,1.0211332354212832
-1.1587707988487985,-1.3055456383425001,-1.3652060229509708,-1.3647211283473293,-1.6861418145257354,-1.7070077671777855
0.3481837648853019,0.1527132484132621,0.23680567186193005,0.16216377551981226,0.201030793139176,0.007902997947439126
-1.9561810260455312,-1.7765186216706499,-1.6039705347316247,-2.3078073270670667,-2.1690850499704513,-2.2163760218416164
0.10116311655556982,0.2581727302177151,0.31428439971406363,0.29183258440643767,0.29754181334799523,0.38120792621544214
-0.8416048554383287,-0.8189408268358148,-0.7897993708558141,-0.7522466881194115,-0.8684792567579258,-0.8467864550046333
0.42408314897609334,0.515164925101162,0.5583195401060246,0.5679750147769886,0.5775374650947374,0.6826393533011225
0.01406735908560207,0.1569200148424905,-0.0034778405102884754,0.1753843091428631,0.23355919767906125,0.2543254427596452
-0.4590966009072143,-0.34608429809177804,-0.33078580535780433,-0.30534020999990946,-0.22355758614814508,-0.26781812613844735
0.3872266935539962,0.11923439137182143,0.11906750004574847,0.06869574208785294,0.08906468112030874,-0.04772690713333433
0.5989256314293813,0.4894427327948429,0.22381923616965835,0.5245571657776782,0.4723498394481194,0.5504705309343328
-1.580435788121169,-1.4298337764870872,-1.4887428827960407,-1.422957110641262,-1.320757786030551,-1.5232100643094955
0.12243040683906116,-0.09162059869927573,-0.24032509132011665,-0.08724576498682352,-0.06304758413342171,-0.39868353642757814
0.37351893649495543,0.16013425954026997,-0.007480780315283798,0.1878405286032595,0.0448103117723363,-0.525537685858563
0.29778751852461866,0.2492614675706712,-1.0216698242032005,0.2825460964384206,-1.1057804782618852,-1.0939781984895889
0.8759725989306874,0.9621017397613172,0.937981549964567,1.0923925739421776,1.1095195447618638,1.134951392562643
-0.33136084825114975,-0.364240283237429,-0.2837206113983594,-0.40524391421261746,-0.3554579265560193,-0.32363517362528565
-1.0623052118685155,-0.8826202587354033,-0.7437677190669109,-0.8388560753807754,-0.7439798908655192,-0.7353144586982013
-1.0597601944237816,-0.8624767545501127,-0.7606228706076283,-0.7899209009534545,-0.7303015204177632,-0.7476922016162979
-0.6557741864841948,-0.5596110828648195,-0.4342693343095066,-0.5069118548822917,-0.42034269076855346,-0.4159582354172803
0.4086701489484747,0.3381818437121085,0.27240947790866515,0.31447769943943343,0.22850899920568757,0.07880102638126257
-0.6614235748626933,-0.8257086846980168,-1.0887651491766999,-0.7595772313049115,-1.4392312071784494,0.0
-0.1320950455520255,0.02506767900469643,0.08946747407487564,0.02032583739542477,0.04068399486413976,-0.07303544444237156
-2.0700467768750537,-1.7558104436786977,-1.5833767480734464,-2.110347211680965,-1.9782571164431026,-2.0151941068772294
-0.19006431934233867,-0.09464105622492797,-0.007983288034701531,-0.06386988245262074,0.007340435057792091,-0.008003933329411078
0.29080963253375164,0.44304122130788764,0.5030784681787934,0.4887037930514451,0.5264518137372923,0.614922235280311
-0.26890242284106164,-0.4205232237300025,-0.8961503635246106,-0.3795617283059174,-0.2960387802653343,-1.2855439176011725
0.6304508414130786,-0.05046516445673373,0.06511854622116146,-0.2730410800766966,-0.19200782687081952,-0.1269854513241864
-0.07191947213514593,-0.26554150628423095,-0.5485656075116085,-0.24241395135355526,-0.34200062535742703,-0.9449612068603305
0.3444974275601661,0.5508943515398839,0.5331260885445633,0.6032855310131336,0.6559669967777941,0.7045166711822383
0.19061876454328913,0.17060996449110047,0.09196529543887302,0.12512524133041497,0.13563553222010613,-0.08406172426483675
0.7151166676477089,0.6869947774538183,0.6146601940347631,0.7293275664948479,0.7842774306126048,0.8654885344550871
-0.15914534740967365,-0.07480005516077935,-0.012020647690773314,-0.05432761213530635,0.020330396549176146,0.005279715973747952
0.1718658794310243,0.2557568680025165,0.3148195387412648,0.2880498047226988,0.3396539913681159,0.36936680759193397
1.9198701843925055,1.6876893793949235,1.6421427008088973,1.9003834151882995,1.9366894171054134,2.1126267164769774
-1.9458080008498704,-1.6034186883189006,-1.5699805805921956,-1.7021527787297168,-2.3148483121005152,0.0
0.8189432094289053,0.918312263524322,0.946363805953425,1.0403556672222403,1.0946185728559246,1.2128474779040492
0.5983271539184363,0.6769714793352587,0.7201614043546,0.7514457178489568,0.8110901391769341,0.8724419923396712
0.4454242773242871,0.6015069626567552,0.6481742391752373,0.6647416277255793,0.6910644132574788,0.8038354517365515
-0.5276165229282549,-0.7429336447552877,0.0,-0.8833070093300498,-1.7483366579289161,0.0
0.2920331607379123,0.41801079544766523,0.49206791057275506,0.4615229854319448,0.5172100817187529,0.6235056455702761
-1.8072359031305534,-1.5712935996136659,-1.6324159460369592,-1.6427250509532685,-1.5391192979763404,-1.6146354532965854
-0.3889634128439524,-0.30989704851558403,-0.31819851834664264,-0.297644096115544,-0.22680943213532498,-0.25564204697591436
-1.2428193125034903,-1.2222396665256212,-1.2609609317780124,-1.1717232914943676,-1.525381516778117,-1.5372938609601992
1.0251867963322558,1.0330871333054903,1.043855007962618,1.114006589613058,1.1035168941989781,1.1927554047850832
0.3712705368381044,0.2648275042394762,0.13421125929320216,0.28551550087726585,0.26062233652238015,-0.027087888739233554
1.0052344471544943,0.9148147129248805,0.8826950505086063,1.0360618966656159,1.0856052369356641,0.993682602893699
-0.012305594972115117,-0.013839907174434004,-0.19083093137096327,0.015794306914891323,-0.20651715516541821,-0.15584336966212325
0.4520103491888553,0.13050819745479736,0.13459375459441933,0.02161447722398646,0.07553974058332842,0.15582746162655867
0.6811618779447084,0.7257585713926998,0.724571305422074,0.7845319493418373,0.7971892305038746,0.7830146033464898
0.5362400184304875,0.6448869297733334,0.6807783823676573,0.7135827319829015,0.7199327457846475,0.8384730124933459
-0.2722492486477413,-0.3143010811366935,-1.6397128450201497,-0.27619267905782274,-2.3148483121005152,-2.369967530375328
-0.06426744073216391,-0.02133268334315302,0.015612787128720537,0.00794771995183283,-0.037334992428546696,0.012250909768535462
0.9684841959982515,1.1833663251659075,1.1160687937573026,1.3819966351251678,1.4293366301282504,1.466229490842017
0.058633846105325224,-0.14581978619277558,-0.10718341161272446,-0.13521609208327817,-0.1728798638839294,-0.2450215080739616
0.6845758072054767,0.2492614675706712,0.21865917780236444,0.19275511328288675,0.24254696722609914,0.1979538328960524
-0.10828841919079348,0.04749599965209268,0.12688921532787198,0.07522371632333688,0.10664050212474523,0.15789736357626463
0.1135929437815111,0.18549936493531605,0.2124623080145363,0.2139374768737462,0.24205105465085333,0.25728524773393135
-0.05062976433345219,0.1288147441079958,0.22027737193570815,0.15803951564076113,0.21931333194068828,0.2872953732559499
0.4896874830484188,0.3009000372556149,0.0,0.33674413288307165,0.0,0.0
-0.7988619840166609,-0.6476897072246827,-0.8504989789343631,-0.5628318766020548,-0.6432808005187276,-0.7899342481108065
0.5135521824430156,0.4515004560808814,0.1896406925750283,0.44386277407364744,0.39213576249724275,0.25075580154626537
0.14876068023991232,0.23155080774256984,0.3446537542045741,0.2604859654128954,0.2934445105536479,0.3588289154566804
-0.022147187878256924,0.06068752218305922,0.12181864046484332,0.08807790453725423,0.14674199750090497,0.14326565058134347
-0.07396719422078413,0.18519325508756118,0.23492601540970853,0.2158285248649819,0.2860933205465738,0.3029009326391139
0.24081613590074558,0.4197961368129292,0.4794644568491306,0.46313440397199696,0.5168890268268003,0.5791032541088518
0.7561578537830421,0.7355107917530603,0.5869601727699434,0.8197024358264831,0.5597513607071803,0.6661648192462619
0.29357902791325463,-0.13760126933957684,-0.02587880845441465,-0.3120178755373825,-0.23889235670175202,-0.18374538542419255
-2.0144536975730682,-1.631367746538278,0.0,-1.752295464969148,0.0,0.0
0.14205391919033927,0.1254122000686054,0.1778330674822642,0.06750144369577359,0.10787664297891425,0.16679056064030584
0.0828741750191391,0.21614569514579537,0.26596064557241855,0.24624522468964846,0.24403232750719506,0.3143657302303956
1.227480312613148,0.9686290573261679,0.8950512876964908,0.9306016205063561,0.915161198364924,0.9233043169061689
-1.2215382861945414,-0.9329218888930704,-0.8121205481468362,-0.8650850489510137,-0.7695292994292406,-0.7933208972682875
-0.6072225466713891,-0.583348646484398,-0.5870369774331657,-0.5309076489475073,-0.6186096063022425,-0.6096760161529194
-0.2913616409507542,-0.270991739903479,-0.49523216427468314,-0.23745956853312,-0.3185550663320007,-0.5470906548638701
-0.8985612678060799,-1.0328693521289305,-1.2362710128276782,-0.963101963022074,-1.3036028782118172,-2.475780551076764
-0.6941886142252087,-0.6263104196795319,-0.7149174360889529,-0.5803855277936195,-0.647890342306661,-0.658232162504931
-2.187582141215805,-1.8051002138391214,-1.6324159460369592,-2.458813931406371,-2.3148483121005152,-2.369967530375328
0.9878328163777095,1.074426331171352,1.0781049404616114,1.2224213679808724,1.2401656393743417,1.3827969159911333
0.12442440876990345,0.007216587282024071,-0.024839749131695146,0.03246078863965672,0.10664050212474523,0.09800319810269369
0.302283647295164,0.3549991593409741,0.37656962451340475,0.3939386791698537,0.348500963916984,0.4141179718682334
-0.579977944940507,-0.3723106665167418,-0.29044792888740617,-0.3348409841968392,-0.3109502243287482,-0.2664530084620144
-1.517393961686123,-1.3345452129474673,-1.4322355653148764,-1.2986795997301064,-1.1913769084129662,0.0
-0.35309791867371865,-0.5378307750927427,-0.8593631579359037,-0.4869011240410902,-1.2479783515586382,0.0
1.6699447974448929,1.5022572981045206,1.4531460768408646,1.6162669993680163,1.6283514271656094,1.6690299484980327
-0.12791226729731522,-0.1805034729835788,-0.23494084765226975,-0.17298422071517977,-0.3720417767208675,-0.33729107276672543
0.26906844340292385,0.3309766019098816,0.2035234727556522,0.3609090921787547,0.40066663837507194,0.4265648097671284
0.4847497729015174,0.3614480173450179,0.15557054243566076,0.39821846534126715,0.057022132344092986,0.022564703997121908
0.2281418335707411,0.4334799225837532,0.4228825967161164,0.47840626880280984,0.46820622974645126,0.518188514418706
-0.4557040743182384,-0.2390265004827628,-0.13962600324661362,-0.20295456142662535,-0.12353090112570764,-0.12158799219641397
-0.5649582244023399,-0.39804752659952436,-0.3335202007322255,-0.3846082264036763,-0.30096601788954636,-0.2733097791006441
0.2581676339098199,0.07544504687426333,-0.08060342639880526,0.09268722067757156,-0.0890700336810973,-0.09118210765158474
-1.2204382163567793,-1.0867231899067409,-0.9277356926036677,-1.0700820837186749,-0.9690946396765471,-0.9540055372663341
1.1964543519413608,1.1744032603289982,1.07389885959477,1.357313570209954,1.1753908946774976,1.286556116743379
-1.4999838870469822,-1.2743485838790083,-1.1251542073760175,-1.2342530867022088,-1.1467210859396906,-1.1503069670162038
0.05751216257944203,0.1438721436494962,0.17359936818457777,0.17185209740468962,0.22749399072179255,0.26491832047516045
0.32682786686591475,0.15724228514559122,0.23019592593110594,0.13378572446427245,0.20578405916032372,0.2793506033910667
1.8118335772248213,1.4729530942893698,1.2127219587421527,1.7322359007400607,1.6275740061526893,1.0340006001579733
-0.9528730313798062,-0.7580281812723816,-1.0333540836501314,-0.6946784337810301,-0.6572296407999998,0.0
0.9471969618934422,0.9300338339575244,0.9347781380614736,0.990587888729761,0.9607827788147899,1.0460814706279287
-2.057733708827301,-1.7558104436786977,-1.5833767480734464,-2.1976116400888905,-2.062621321352378,-2.1041502421433433
-0.40932601778673683,-0.3414379660892649,-0.5472373082666272,-0.306447907771588,-0.2997302095646707,-0.5581771586352031
0.40985138033538104,0.2424117561977614,-0.6594621300221047,0.27527687447739196,-0.920197711569095,-0.9187037213552303
-0.30945907457989,-0.24358066443924817,-0.13259887966393386,-0.22670296565443557,-0.18387700766532786,-0.23978048006357994
1.2442915969338617,1.3029492603539765,1.268317751190941,1.5446931342644517,1.5894748859742938,1.3015195589670752
0.6312738009611221,0.48016742529226303,0.5229727274371495,0.49701098757878326,0.5274003424929758,0.597070538583351
0.8832324952441757,0.7241146508513947,0.7563926535201535,0.8032159398082681,0.8339022383818936,0.7956344619612495
-1.0623052118685155,-0.9533708444448026,-0.7878101076393178,-0.8895207073977766,-0.7933287403791071,-0.9404953331868487
0.14632161544104758,-0.0068775262786697575,0.0819009680580249,-0.09342684608438469,-0.03498061396851993,0.013116889922541659
0.4240193028763212,0.5291747364773536,0.5724675246365832,0.5837207190233185,0.5555301674875309,0.6568029874341311
-0.34745873125078847,-0.2648637770009625,-0.17482071910620445,-0.22767285019605019,-0.1486332799428511,-0.09942139485999776
-0.5709201079634467,-0.5651798559428436,-0.5716208036739338,-0.5147987851989423,-0.4280384405410597,-0.5129816235570953
-1.4813698835326559,-1.4558940485754428,-1.4946608375941284,-1.459625232324174,-1.7483366579289161,0.0
0.6652550207683114,0.7713301162463914,0.8056882537636545,0.8617709812593135,0.900929447813649,0.9946884040416765
0.5803370510060677,0.6663770249613602,0.6560875501754795,0.7368516250605018,0.7806342269702417,0.8072462310644918
0.10323507359399725,0.20680712545043448,0.1253343539155651,0.2048772366146584,0.22239378953868907,0.25846540922205863
0.6661469695196461,0.7644900007385622,0.7984940396418567,0.8538843434556198,0.9112770491144112,0.9804774237023312
1.0403364385299525,0.8370261037806062,0.5851348847060261,0.9270412719125114,0.8964202360765974,0.6459924733196526
-0.1306973461336967,-0.24227584650901896,-0.27295921075708196,-0.297644096115544,-0.38912872642377344,-0.3434623279677452
-0.22584839814874347,-0.4152610610090174,-0.7549521811228024,-0.37083420763606517,-1.4622524963929515,0.0
0.08762144568839299,0.11992422908965067,0.08359197947749035,0.14970907556835814,0.000738114558108504,0.07723945363635458
-0.35957375321956775,-0.4205232237300025,-0.2964016743663724,-0.45885672806321304,-0.3762651130728153,-0.3528409637055119
-1.6353593969787932,-1.72258442829983,-1.5503619449602437,-2.110347211680965,-1.9782571164431026,-2.0151941068772294
0.30403987035250285,0.38331769845837704,0.42630128494144004,0.4243486422661263,0.42187759689107673,0.5117841341973005
-0.5071092108224173,-0.33377417976093066,-0.21612964040966504,-0.3042345916112766,-0.2224776987596846,-0.17313221685842275
-0.20220586788027872,-0.028027422247139045,0.0659924850437452,0.0019965602546202863,0.05432971997262507,0.1246739911200085
0.6573235226491103,0.4520595987933833,0.6149461775902892,0.48279459313874823,0.5476170960914664,0.6386897473785126
0.09734429004336163,0.24980573022546357,0.24054403718150266,0.2551828451936437,0.3241916898435668,0.2810612112879228
0.50164258419126,0.5729222178215037,0.5483703542005012,0.6325992018770665,0.5321221948490737,0.6166475551671955
-1.6680416830988603,-1.5609065837910785,0.0,-1.6289733636220627,0.0,0.0
0.5503920619724264,0.3598985159082125,0.43641454408066316,0.2560697620853838,0.2749013808173781,0.28446903849819033
0.24916424611039228,0.2581727302177151,0.31374868142215556,0.2842445828378029,0.290239019230575,0.37036170530797546
-0.07760843951894895,-0.05940988817386547,0.0673006485396623,-0.057247848887178446,0.018900907105566,0.09192144803095569
0.0011053994018269894,0.11611944403525205,-0.004975388681847515,0.14073543411683184,0.13089793310723466,0.15858584890300806
0.23297453567267704,0.33702624331454745,0.40072663815665244,0.37432324501240016,0.4409593423253725,0.4468065377205184
-0.4908795764156046,-0.5903033989264969,-0.6343234228927187,-0.545806103645612,-0.458291257441162,-0.5448987465282977
-0.14590665269552372,-0.27649310455255355,-0.44417632220070286,-0.2544757430061178,-0.45665732188927527,-0.583347774075442
1.1103821719616709,1.2309951144817235,1.2009006277441567,1.44325992651248,1.4263616857141088,1.549482551812704
0.010685365911171663,-0.1810897646652648,-0.5472373082666272,-0.1478274179657368,-0.5825651107225527,0.0
-0.16430638524639574,-0.06321859731721352,0.014168602401483857,-0.03356283225848793,0.037223624771490174,-0.07204271732278338
0.3631123105061199,0.19339878889204035,-0.015069032238135001,0.19714584824947198,-0.2827042788927344,-0.2972260865791635
0.39590662464838067,0.4977033277080868,0.5510004098898882,0.548744918930759,0.5957035266620498,0.6882516087456395
0.0071462360717613966,0.10878240763384465,0.18792138646940487,0.137002841071864,0.18763133357700526,0.2637498112020026
0.2997189805011848,0.22447290502447137,0.14481481017613118,0.24534453691898217,0.30565665878590276,0.21393595345623806
-0.7610301404066252,-0.6250756004854696,-0.5037878606626216,-0.5821712575150844,-0.49376566698309615,-0.47298900141889566
0.40179409905115354,0.20207728700404062,0.2150807879636461,0.20053994312664072,0.13740268244818285,0.08809057491405992
-1.101807186653997,-0.9072767619081471,-0.7838509731845555,-0.9021679840406299,-0.8056455428328785,-0.8658309988719614
0.49435606324084963,0.46129213461234014,0.33448007345719366,0.507024232061066,0.5713675907744767,0.5931581843503411
0.4301773665490789,0.17592960626544252,-0.04547768747979359,0.08285137847795801,-0.04844727067067604,-0.10149850485798971
-0.26646046060349216,-0.05468459529668146,0.008351890964274675,-0.02517222025160531,0.011701823601014951,0.043523580461269334
0.44945869018368856,0.4077784415145353,0.23082917825212598,0.449473928342556,0.2711255787601351,0.24656628888525262
-0.7053684836415537,-0.7974329160146927,-0.7237856928428922,-0.7378725148591105,-0.6455806373719115,-0.658232162504931
0.6563339486890911,0.591489638531089,0.4762129421800355,0.6187393826218371,0.6531079213598656,0.6400233093283402
-0.802171462933389,-0.7429336447552877,-0.6087319580145607,-0.7102021776710603,-0.6186096063022425,-0.5999611366215476
-0.1865873686143566,-0.6165005051755272,-0.4714626963546521,-0.8138384469714725,-0.7196072294167336,-0.6855647172050265
-0.5965639858612031,-0.4615333654168193,-0.575785239278429,-0.41317541696749216,-0.4990244086656473,-0.914448797034277
0.440926389235351,0.41801079544766523,0.46534303470766325,0.4257132973729378,0.4836084930658742,0.5165931110679657
-0.7677803474745806,-0.6350241240395188,-0.5579492014949086,-0.5786054275500319,-0.566396193668194,-0.5362135334952676
-0.3104149697044231,-0.09565143268002534,0.038195344373841075,-0.06461011765847118,-0.0738209292458682,-0.06611949587325612
-0.08705814726340325,-0.21366368904081365,-0.20878162590284094,-0.20016716682828592,-0.12080705708405207,-0.1638507057338783
0.3014834864671239,0.11923439137182143,0.18826571359932978,0.13163178455842864,0.20367602403924176,0.28049150664237765
-0.2589777968879239,-0.4475499740653683,-0.7818810225407595,-0.4013184675682316,-1.5391192979763404,0.0
0.24429519074675973,-0.2345075919561577,-0.10839579907716698,-0.45312306662867435,-0.3678498694894693,-0.3132259006177952
0.6721083636801937,0.4689239715016805,0.4807969120406545,0.3680233500403325,0.2663733665946009,0.333039454581104
-0.024020918255419528,0.18763736084770005,0.1988256262355165,0.21535629061130493,0.2591762218655986,0.3335652685489242
0.03847674942720809,-0.08068026613284834,-0.22432752212621512,-0.056516480172096574,0.0196160781878788,-0.03920089122539846
-1.0447086441557112,-0.9249212214878174,-0.8483027331394194,-0.8771642714176724,-0.7812943983266021,-0.8283814418278304
-1.4863923726477433,-1.234890685885462,-1.0887651491766999,-1.1880309956774402,-1.0838196959371895,-1.0999457686829475
-0.8386586265711283,-0.9809642971656363,-1.2008981305231978,-0.9118530900722667,0.0,0.0
0.370354447256774,0.44057192300483033,0.4750600484457991,0.4856002953152105,0.4836084930658742,0.5628898236867639
-0.9857083246410997,-1.0592407400042896,-0.884417581139494,-1.1208265233818677,-1.018461053388883,-1.0377497691364173
0.6684509180638976,0.6791360819283575,0.6537278209569368,0.7453499848924803,0.7144962870611378,0.6813859633096286
-0.7044287464571579,-0.5540926420366082,-0.5001056458135771,-0.5147987851989423,-0.4280384405410597,-0.4124625091274293
-1.113709235354358,-0.9985504109992773,-0.9851216824673878,-0.9283949078143393,-0.9864946736543152,-1.0016636609050233
0.09954622095601716,0.2492614675706712,0.25401810287338755,0.26661782057037753,0.3358239740857701,0.33618805125497825
0.09232843884858606,0.17530643396976553,0.24854964270760982,0.20631643189914167,0.27395957597095805,0.3229682282054216
0.6075510024725905,0.32438433274451217,0.41094318271684255,0.15700421819798493,0.21621742621894427,0.3023499533104138
-0.976777179420097,-0.8844834660232166,-0.8080009826599172,-0.8192991859161475,-0.8025391015944501,-0.7765910560222535
0.2263070349057175,0.32721951860825027,0.44876494698899316,0.364288739660097,0.3971906071394069,0.45822808722835057
0.3030826332668991,0.17655207201504014,0.0477771568934808,0.20198900787946342,0.0960303660145382,-0.07902543320279298
-0.6946502627452222,-0.5116577204453612,-0.7587267373771319,-0.4617451239730276,-0.3762651130728153,-1.3211662237062185
0.4164965414268736,0.42118057887820154,0.284778363009061,0.45373263979380524,0.24006342420461166,0.31544723048101325
-0.16245776126397188,-0.09920187620216978,-0.010503021032117978,-0.07884804589054559,-0.002219832670718561,0.053341588296754366
-0.5452726241651913,-0.46912610569003815,-0.4266807165228302,-0.42256818725969475,-0.4280384405410597,-0.38688553191187475
-0.4190599901797156,-0.1863932767727046,-0.13834154396362208,-0.15209048174479195,-0.0738209292458682,-0.0592797741135052
0.5374295268362704,0.37173681064027464,-0.000495432879279429,0.3657851664908927,0.1525073523213517,0.023416595539869384
-1.3025762877822036,-1.179764958633633,0.0,-1.1208265233818677,0.0,0.0
-1.447287622016246,-1.4922568158060985,-1.3224436962514932,-1.7182718517898272,-1.598633918724293,-1.6146354532965854
-0.5353197101591427,-0.6056481332018132,-0.5174929536927196,-0.5985024341755593,-0.5132979542037165,-0.5383726033778737
-0.14322427173351282,-0.37149868148030296,-0.34833253248217844,-0.34422473765475864,-0.2696738468843751,-0.6398563818887769
-0.6974277198132132,-0.7534615191464833,-0.6146546283239751,-0.6946784337810301,-0.6120721469439443,-0.6717329940261477
-0.29182455592231304,-0.3307362400195516,-0.38116276467053606,-0.2911264492349596,-0.5224105708482353,-0.4966526941211967
-0.4005912353086335,-0.32696063019065885,-0.2449823093131648,-0.28789442250137876,-0.2779315247020533,-0.23071660540452812
0.18816158074001882,0.016420474559812378,-0.07658459499178617,0.02546435071517739,0.007340435057792091,-0.06025227677993516
-0.8481378664381872,-0.8274120217550902,-0.7779601585854131,-0.7796183022594823,-0.6887563894063868,-0.824773287466179
1.0027664543250419,1.121455204082686,1.1237689529718051,1.2963719018259834,1.320043178290444,1.4655911331592697
-0.16430638524639574,-0.4338844483255398,-0.3831545848322259,-0.508480548152434,-0.4534037956460366,-0.4827321757242215
-0.5969553259770659,-0.6593150385433214,-0.5985081661267743,-0.7192724089004312,-0.7249274548095951,-0.6997447722066801
-0.9578655074881143,-0.9723475530006933,-0.8683566821503206,-0.942007496304478,-0.9280294335311944,-0.9229923457343511
0.4163670290397785,0.22929587117025227,0.2561287185021997,0.21865458008181202,0.24600728515481118,0.2477660515688976
-0.7831192100742163,-0.6312745890437194,-0.4976637768024871,-0.59300597079638,-0.5043337597605035,-0.4768667336425096
0.0504815234667466,0.26456287685899743,0.3172205276987479,0.29808808931113073,0.30116142809534313,0.375313861137458
-0.039092282439328566,-0.18403016209690262,-0.6873879673505046,-0.16681487813892376,-0.8546057983383379,-0.9316729629957287
-0.6132283736469357,-0.8807624803309879,-0.7255751277059708,-1.0319514090731823,-0.9319906275643529,-0.9102270232907574
1.374646551514313,1.406680622403341,1.3571661936619988,1.65992965033057,1.6891398385187821,1.8051295849576117
-0.13437369868267493,-0.32545711240805936,-0.6757305188081235,-0.2857495245488784,-2.4153081303010633,0.0
-0.03201829915498344,-0.20260133547413062,-0.10416433237031349,-0.3131382232006514,-0.23446918214165122,-0.2268732653293639
0.46789501139950235,0.37260334860191213,0.31025231039631995,0.3996388314793959,0.33752908763177125,0.37924906448974055
0.5321339640756685,0.5317400583162997,0.5941907353597123,0.35104541472890255,0.4094642109344627,0.49178325177673277
-0.5993088455491282,-1.2160031222088552,-1.051294048455449,-1.3417203390848869,-1.2331973299159864,-1.2286474766816606
0.7899380582085735,0.6968234702682258,-0.05803509331304206,0.7478789680056404,-0.14768408068869907,-0.2345845048128625
-0.04340977717519416,0.18549936493531605,0.27386358049767484,0.21818444320743582,0.2879392565021115,0.2872953732559499
0.6188813107901159,0.7482259236940021,0.8375654844090596,0.8311614644231726,0.8801198748327504,0.3663730966429739
0.3372736499284934,0.2117881195969852,0.03264021211978661,0.2376368664666514,-0.1611155078821818,-0.19212971642988644
-0.031286531432637286,-0.13814553407339245,-0.340877628661686,-0.10995795713551387,-0.36230871258199965,-0.5068042597911706
0.5771825760316203,0.6494871688078251,0.663995444427494,0.6860407113918294,0.6846399311216038,0.6275877561860224
0.6333471596389122,0.523681002686749,0.5762106953946085,0.498232833942541,0.5627497625996954,0.67159417249647
0.8906811187658932,0.9767810116685376,0.984362865758124,1.113632982670431,1.13264234451729,1.2470667500146475
-0.23040566097217377,-0.3515514577474559,-0.6530771084664624,-0.3142607085789934,-0.9522701246146735,-1.2286474766816606
0.031069241011025768,0.05645363813101811,0.07935407486627764,0.08576041116030601,0.007340435057792091,0.07253151596738504
-0.07697348508190158,-0.03434809742076112,0.06686495923092875,-0.037093095902537156,0.024598517937704182,0.05171582062707359
-0.12186731797901346,0.10419130120832101,0.1606831206198063,0.13324793202956597,0.20525772627326705,0.2543254427596452
-0.7119885955312977,-0.6914267311545572,-0.6420656289148868,-0.6990695790214141,-0.6937758378297473,-0.786568197391058
-0.4958000834199737,-0.5421250130781704,-1.3270616923384342,-0.5116309236823875,-1.5830071644217492,-1.5981376691973628
-0.6056312776049853,-0.435688649356285,-0.4055385775429747,-0.3935463079065619,-0.31600879880399396,-0.4230126595466665
0.05488607199113868,0.23826009611668242,0.3329357322837034,0.2709619943773986,0.3400781110962486,0.4360874206373938
-0.3762226313006856,-0.5707998484086284,-0.6840340157314553,-0.5358305422973851,-0.6099104248087363,-0.6121308126402077
-0.2440869001699562,-0.17699814078052747,-0.17003980183009448,-0.14359428722902168,-0.20233439878351187,-0.14793940884984003
0.8420637922605237,0.563532000788866,0.560412901184776,0.461200226731047,0.4329559703159945,0.48804410171046003
-0.4399292966647973,-0.7325799253437539,-0.9823961166401436,-0.7670070127116818,-1.211837906407535,-1.2060753529224313
-0.868791571812215,-0.6778442820612374,-0.6282016097878205,-0.6210415865743083,-0.53167684396266,-0.5405397860097397
-1.3000725699013158,-1.1652313701918622,-1.16012060989754,-1.111223324492591,-1.094678859788796,-1.3903050200552647
-0.9230758702365804,-1.2380913030689786,-1.0728839989727144,-1.431869542731411,-1.320757786030551,-1.3211662237062185
-0.635370334898007,-0.5508053764267897,-0.5579492014949086,-0.5022314570701688,-0.42034269076855346,-0.44839309244288333
-0.1310464473235265,-0.36987802927484076,-0.5525687204549004,-0.3279004348694947,-0.35274071582080657,-0.54929093687189
-0.6553418442764264,-0.6476897072246827,-0.5149769274152709,-0.652576053308089,-0.5624277986978136,-0.5740665363602528
-0.6805036071987315,-0.7166486636726963,-0.7114064173630908,-0.6546072775410298,-0.8973944903484246,-0.8855634215111663
-0.3794489945136796,-0.3375936712067016,-0.2615984514223339,-0.3120178755373825,-0.2960387802653343,-0.2972260865791635
0.7345309702552986,0.6098225589814292,0.6724007164704748,0.4634562138214959,0.5286628832775094,0.6252094835375254
-1.604265145614131,-1.4298337764870872,-1.30428643460246,-1.4409472832327517,-1.3295723683267267,-1.3496376813292321
-0.0012461557243945891,-0.09464105622492797,0.0019770903557418096,-0.22380274653368096,-0.19200782687081952,-0.12807065042203652
0.6661064591790782,0.7116673661969481,0.6346755254110291,0.7916722077049604,0.6428697162193638,0.7266054611438798
0.8950834784812545,0.8220994052646325,0.741142510264424,0.9216664548139373,0.9209461976142866,0.7102556511443234
0.305313572297745,0.2784128185902825,0.052726960185980866,0.29684185452849704,0.07096333307035749,0.10477634346507543
-1.1904041338036655,-1.3765674982228109,-1.2163835085755847,-1.422957110641262,-1.3121032765181022,-1.3304787804885614
1.0994399885217256,1.1079271840985037,1.0781049404616114,1.233894664529379,1.195535921043448,1.3290487452013322
1.2997514971537585,1.2116255711540806,1.0827618506662053,1.2199543265022603,1.161222627447418,1.1474360401037855
-0.25462152597480386,-0.09262564523702853,-0.26482072223991554,-0.06461011765847118,-0.050051870436275354,-0.4089874272511034
-0.14932267538053914,-0.19534178335615837,-0.14155841881574527,-0.2730410800766966,-0.2720210510503516,-0.25163740808604135
0.007964950453728954,0.05838210824547581,0.14256100279161427,0.0190345037843131,0.09224083471863119,0.15513600674791778
-0.8806496670555537,-1.0258588477313146,-1.3750925917027166,-0.9559770774291275,-1.1590707160428084,-1.687029946016197
-1.4030590575683588,-1.1710065627710013,-1.0392779494130644,-1.1160026417415856,-1.0137687493117142,-1.0117268135421966
-0.7672583823736313,-0.6593150385433214,-0.5472373082666272,-0.6365867574900158,-0.5487611669941397,-0.5604203341243232
-0.011457923977103863,0.09525408435066236,0.1650249695944202,0.12348800297300923,0.13916472690773038,0.1979538328960524
0.2355105480669599,0.320580631890582,0.3789225555871298,0.35028040734388094,0.4170163877953054,0.4450319247244567
0.18963720855881058,0.2986681986476178,0.36123663248313326,0.3343948809344864,0.38546409094875195,0.4673129459040615
0.7596937419965227,0.8360624355227512,0.893593075935189,0.9381475427673001,0.994364441034064,1.1031205042682124
0.27042646417654237,0.3381818437121085,0.3821977226988936,0.2757067671756232,0.3341142182530138,0.3465758912446748
0.11640490541141923,0.08580436259100063,-0.13196455024026807,0.11412863906755563,-0.19200782687081952,-0.1423554834856188
0.33078760216330383,0.13622743409314583,-0.08233505536723973,0.13967123996016922,0.07488808703310015,0.055772421022887465
0.7681966683752699,0.48421277049613226,0.567746083960093,0.281695162374839,0.3392295851744258,0.424277325960421
-0.3104149697044231,-0.3172554728693281,-0.36838388987633036,-0.2900471397364872,-0.2997302095646707,-0.6450460778241319
-0.5586893681224548,-0.367455302480555,-0.24654347751699504,-0.3256050406692537,-0.2501014138096858,-0.20801383424261868
-0.18832318558037786,-0.24948867773229016,-0.3390292281391049,-0.22380274653368096,-0.3581882725110704,-0.34813314880565344
2.0088657709688125,1.525651546564539,1.4608192866319099,1.609946458139948,1.6347344365248113,1.6386789694813941
-0.1837060698032818,-0.3739379689533859,-0.31819851834664264,-0.432115953800075,-0.5224105708482353,-0.5810133315173913
0.5080674372048899,0.5633815641754196,0.5332963133545345,0.6195027994987351,0.569593953188245,0.6619838800528306
-0.6437865055617469,-0.5314456936432292,-0.7131593637513628,-0.4884158134536949,-0.402293835049646,-0.3560003640335987
-0.7367478212325976,-0.5891387793627659,-0.5251070578067268,-0.545806103645612,-0.458291257441162,-0.525537685858563
-1.3025762877822036,-1.1288756368529218,-1.09522966332971,-1.0657053442504623,-1.0525922894604856,-1.043110951078002
-1.036504176943179,-0.9053459557270669,-0.8162680567239631,-0.8474584930211104,-0.7933287403791071,-0.7899342481108065
0.043104946531100224,0.13118412900290366,0.20784707561756002,0.15803951564076113,0.2213686768476521,0.2747669364997962
-0.6928058194492951,-0.6140722620760897,-0.5315291714606644,-0.5576702377582935,-0.5373126469173158,-0.5027222920338159
-0.4719186087624869,-0.5356949616063276,-0.6530771084664624,-0.4869011240410902,-0.698842925557312,-0.8393502381324786
-0.11317313109709506,-0.3209693779630893,-0.29897285612821684,-0.28467998931466,-0.35274071582080657,-0.3161815120230555
-0.2049837395927524,0.017663964041189903,0.04641903033474193,0.045601938974594323,0.10540183895980401,0.1425604939865761
-0.20181013349830088,-0.07285338583457861,-0.18871585324744364,-0.042069892963335714,0.020330396549176146,0.022564703997121908
-0.20359310912295864,-0.10791722873232018,-0.05090109818678346,-0.07657772095364457,-0.11899816683360125,-0.05059506378732501
-0.1659753135084782,-0.34066710801555977,-0.21097572885821575,-0.4602991132352462,-0.3748538117364194,-0.3221369773238166
0.6372128881997133,0.7014374799870624,0.7090033916725423,0.7789265209256315,0.7509749132725929,0.8538268947077218
-0.25483855309353987,-0.02623439949440244,0.061167570924052735,-0.003342050704789734,0.0716192325335632,0.09192144803095569
0.45152525310376423,0.3356362232355356,0.26537024022631805,0.3717365752548232,0.36297503062609765,0.08113619779287537
-0.4459459611366239,-0.4320856558741499,-0.367412747862078,-0.4091961029123337,-0.39348287070454846,-0.38024813381171624
0.30895893992175283,0.007216587282024071,0.10630042099680116,-0.10202982388777175,-0.05814070386652494,-0.006216420297297383
-0.1157163842729906,-0.10482604785116639,-0.10900301770997149,-0.07356372271295439,-0.17685478493995876,-0.1151729093093325
-2.387748629182529,-1.8348724036320503,-1.662072985679459,-2.7057240127526496,-2.552851226001163,-2.6205955972785993
0.7968932409515256,0.38374181603724317,0.4290612738495736,0.27527687447739196,0.3341142182530138,0.39858184077861275
-2.1445045157440683,-1.819831580326496,-1.6470869344577523,-2.458813931406371,-2.3148483121005152,-2.369967530375328
1.1235634304784317,1.072601300804015,1.0921627357786599,0.9680018298310001,1.023683401053637,1.16051209112796
-0.6501782385495098,-0.7580281812723816,-0.7237856928428922,-0.6968696586888475,-0.6056126932235864,-0.6529208225735723
-0.9203771916043217,-0.8429517754762056,-0.942871937051843,-0.774538879954062,-0.8478057111125208,-0.8815593986002505
1.2946574395103165,1.1828138248950228,1.109055006710915,1.374469432454095,1.3788476238044054,0.7773015094785706
-0.1850488581502637,0.04038428611625937,0.22285573696682312,0.07226494150593636,0.12672209800202403,0.16882545845885247
-1.086583383280644,-0.9111559456256741,-0.8483027331394194,-0.8680795745380646,-0.775378982638181,-0.9060378641664161
-0.7502847365063745,-0.5926392952119578,-0.4868011235916911,-0.5407964299654232,-0.4534037956460366,-0.43195152277823523
0.3950314111045659,0.2878755219367291,0.3494135263060926,0.2330589936715118,0.2939010967047634,0.3325132198337247
0.9681222388044917,0.9278574526773108,0.6001316660584406,1.0503651214679863,1.0753586975342584,0.8027826352874993
-0.34618475583611596,-0.19896020903822917,-0.13514365826129723,-0.16419013492628182,-0.16014579064215229,-0.09735124856328643
-1.6103641487534643,-1.5609065837910785,-1.3800911660229698,-1.7349709566944869,-1.6148213934923392,-1.7278759064862808
0.1449382301786154,0.14420213225422354,0.1198550410068475,0.17437712080146797,0.011701823601014951,0.06699432611993764
0.9381832635673315,1.0444630037975853,1.0198189008838165,1.1774702299550197,1.19070123192174,1.2335680954623593
-0.34745873125078847,-0.2608137848370877,-0.19366381320719625,-0.22380274653368096,-0.2467156892180314,-0.186129159390239
0.46818913547609786,0.46257183839016336,0.4047500602243474,0.5094289954336875,0.28377818787460773,0.375313861137458
0.5277856466871444,0.6919329957175021,0.7301628627892237,0.7685971909982476,0.7936158112214763,0.9127881138543816
-0.016848313883808044,0.14155668081781103,-0.16868149149390088,0.1667715370816207,-0.22680943213532498,-0.5297843710975667
-0.24836331738771905,-0.3307362400195516,-0.23878137005672223,-0.3501668664840949,-0.30344570518564845,-0.24898234058414048
0.8855236009444725,0.7734237068701187,0.7408169794297017,0.85640349562372,0.8993095768493922,0.9934812736897318
-0.27336921885780224,-0.2848430572887372,-0.3901815548055411,-0.25244835518787734,-0.2827042788927344,-0.4212410995948328
0.376246590895192,0.2737487196391963,-0.12253782888905755,0.30797189557859433,-0.22680943213532498,-0.5006920309354456
0.6961806121830181,0.8906247022312022,0.7398389741142037,0.7752986509444003,0.7758898314635425,0.8347075687946047
2.5383337281461844,2.004882999448913,1.8969804533597414,2.355069997764623,2.3850645672071495,2.4206213828634273
-0.4958000834199737,-0.3929787232880364,-0.3128892987971524,-0.3770547848389218,-0.2935910374387439,-0.2802456359332863
0.9865902090781257,0.9247940558132202,0.9309164341592553,1.0207540234867105,1.058700714706711,1.094065423240058
0.33539615122025146,0.22418786715125838,0.0,0.24669509196722184,0.3163151941420099,0.08578090693611354
-0.39668927656667013,-0.2574600576470269,-0.178261498719,-0.23647362448069495,-0.15917768460386816,-0.16270036398722407
1.0245389000656653,0.4325141862720395,0.5129522520737511,0.22566521053299649,0.2957241088341687,0.3899518035224744
-1.3000725699013158,-1.1288756368529218,-1.0392779494130644,-1.0789473753479106,-0.9777201526487311,-0.9820889226115793
-0.7793805170319348,-0.7414440090497308,-0.6057927508528874,-0.7192724089004312,-0.629684175812167,-0.5951649957069512
0.4771121500295088,0.5844606593598612,0.6319277357519149,0.6452004448006544,0.704933995378156,0.8134998245112688
1.109183744287766,0.8714999538327866,0.9048244504762597,0.71490882593642,0.7621141581669866,0.8828633047031333
-0.35749356484619466,-0.3055256643882659,-0.20297320347229805,-0.2900471397364872,-0.23227027158663635,-0.17196428763513463
-1.2840390721910542,-0.9918994430850029,-1.0073613903561878,-0.8895207073977766,-0.8791337559862566,-1.3594986148866584
0.4049124108715017,0.31168000054763473,0.24487060176806097,0.3452856809194492,0.4128738089923749,0.25135210458477775
1.4062059664854205,1.1497294079451847,1.1575376522149552,1.0799648067337766,1.1260578183300016,1.2672810809448205
0.5161391681169891,0.6454001228565329,0.6437632156266877,0.7044510814334586,0.6478775066782504,0.6941265860542729
-0.23499961980374365,-0.05468459529668146,0.04913176234170057,-0.02447815511432051,0.04275069336894665,0.0972461542909774
-1.052188086723607,-0.9111559456256741,-0.5927446346255625,-0.8621070525695558,-0.7666286337771924,-0.7667902160643821
0.8555350150599285,0.5660827421481679,0.5193055838918249,0.545911226361479,0.572841931307899,0.2689916736000638
0.31006356730342033,0.44587609905862974,0.5175492950063143,0.4917927464052267,0.5518899893513902,0.6502714877243786
0.3827649073530728,0.4583553348122969,0.5099222217499818,0.5006697616280876,0.5283474794882675,0.6235056455702761
0.6043272458102558,0.6986741335684717,0.7361250271710871,0.7759046326371387,0.794247801181179,0.839223691762144
0.016086767345230235,0.24735224005189718,0.06336625596765874,0.2692278633285927,0.241554744728358,0.24836510306238538
0.1039240076055859,-0.0881167938720423,-0.46222260151972033,-0.057247848887178446,0.0,0.0
0.030021669221556576,-0.17120271269680842,-0.6282016097878205,-0.15209048174479195,-0.274377919234712,-0.34657212817307653
-0.23458045564366278,-0.1631855137128831,-0.012527492978632138,-0.1343846314498613,-0.06551637089328094,-0.037321966537691625
0.4081443249652759,0.21845558548424757,-0.17482071910620445,0.2507296830566955,-0.4749007843757128,0.0
-0.35284039173561965,-0.42317174691394216,-0.5606581118476156,-0.403932479348868,-0.6409907439811756,-0.6398563818887769
-0.18967693962532856,-0.05468459529668146,0.013203604777718928,-0.02447815511432051,-0.00818006014258396,0.06220930009222885
-1.7463928380288445,-1.5979606060331297,-1.4268356939234639,-1.8503427495595883,-1.7266136301968356,-1.7497216705303198
-1.824094741820579,-1.709718405433645,-1.5375868845700043,-2.110347211680965,-1.9782571164431026,-2.0151941068772294
0.4585165880026033,0.7719291816344747,0.7349168808932969,0.7228114823467545,0.7563449918792835,0.7153505249903003
0.12992586651914834,-0.367455302480555,-0.22583125373011137,-0.4460353369271339,-0.36093188718753516,-0.33118312520339044
-0.33509361319291064,-0.0004273968399189223,0.16861517327668477,0.02032583739542477,0.07684094305083228,-0.4283596270007274
-0.9183610573805046,-0.9596345080600187,-0.9906084773424928,-0.9489464441590971,-0.9690946396765471,-0.9725636006377381
0.5035176142227134,0.17060996449110047,-0.15462016415920182,0.19908755705905173,-0.002219832670718561,-0.5626722993033697
0.2439393810768107,0.3208191544597636,0.38521938797193844,0.35104541472890255,0.3901807964122164,0.46860078212848894
-0.8218498607933155,-0.864281866810125,-1.0130459714806108,-0.8057487403098499,-1.1229131287044756,-1.1182671811232765
2.4530897236349944,1.9955824166707825,1.8911829061877035,2.3344334086619094,2.350923492851236,2.537940372924547
-0.4274936129120004,-0.4836253504010204,-0.7419235898119766,-0.4362566392533586,-0.7842772423850063,-0.7539856710738583
-0.6471868273306254,-0.7861485083270285,-0.6642962207598282,-0.8561998931044535,-0.7608747356922161,-0.7322624379858043
-0.587634247706269,-0.6685104068601196,-0.7878101076393178,-0.6465263397237122,-0.8478057111125208,-0.8430557446357078
0.12586006265279442,0.1912832012026436,0.23209329867368944,0.21677194115857576,0.21258579400874705,0.2934706114629261
0.5289416729569639,0.3407154188116259,-0.05803509331304206,0.3787336935820729,-1.2479783515586382,0.0
0.20656628793772153,0.28609795367817914,0.3362757093801217,0.3185106854933433,0.37991644110781925,0.454296510716568
0.7306766637495234,0.7903443578856867,0.7757851356108123,0.8644391922778377,0.9121617583922181,0.9380321315896494
1.2864901168144427,1.2435447982303935,1.1039845178057763,1.455910515403246,1.4895530161137684,1.5539535206324269
-0.9090403398196124,-0.8447021675069518,-0.6975640354196792,-0.8331960933221413,-0.738466100122272,-0.7262079480243752
-0.9628994196612672,-0.7688148078535852,-0.7364247424914712,-0.7402422858601393,-0.6862642391050716,-0.6662938861139006
0.9211069312164554,0.9867325164216701,1.0260142677842383,1.1248797300505204,1.1778051528344053,1.1695761247505578
-1.223744302768438,-1.1288756368529218,-1.30428643460246,-1.0657053442504623,-1.0045130021735982,-1.1182671811232765
0.1025452818068001,-0.0038582845540200287,-0.09996587478414531,-0.04135644092590333,-0.1514901750579135,-0.1468185483910826
0.1301447900515963,-0.26826028870975804,-0.1824192674381714,-0.4000158629655309,-0.3393471579435945,-0.3059001807083847
-1.9423864843672964,-1.6724698107817058,-1.531287380920911,-1.896374341582341,-1.877026992854993,-1.9084243927365345
-0.5300565594219573,-0.6287875066422768,-0.5799794302381838,-0.59300597079638,-0.5487611669941397,-0.531919479535703
-0.21339961087348466,-0.009478367767855787,0.07034030226539412,0.0,0.07488808703310015,0.1166423748368767
-1.6907931771482818,-1.631367746538278,-1.4599011414909644,-1.9212898446502606,-1.7953201618026358,-1.822223195440004
-1.824094741820579,-1.5159994903531318,-1.3270616923384342,-1.5539195476783825,-1.4392312071784494,-1.4463146112890082
-0.4008709556535047,-0.2574600576470269,-0.13962600324661362,-0.22864431607547528,-0.16208684194223444,-0.09838545430368072
-0.47508922823177074,-0.3077073044098649,-0.4386513016759773,-0.35136256773599295,-0.47998227930346027,-0.7476922016162979
-0.7906674659210488,-0.7325799253437539,-0.5985081661267743,-0.6669524469172561,-0.5866835018661316,-0.6096760161529194
0.7352061133510597,0.6679742242641855,0.5226246968627478,0.6668783151749657,0.6866233624959304,0.36135323193394164
0.5501399171845365,0.40330269110926764,0.672274507582821,0.3702538350199339,-0.1798539193026746,-0.11944219583866947
-0.6484670077981622,-0.15808976100397792,-0.12253782888905755,-0.12531328016396223,-0.047646596479087165,-0.23847729429624565
0.7891381383124179,0.8027849775730546,0.8749812756695904,0.8790203412187472,0.9357955731822104,1.0010924325731556
-0.0029120512720858423,0.15981367838370983,-0.04386138187997191,0.1893189162964936,0.14616245796922223,-0.003544682479262618
0.26239927780516537,0.5653338309562126,0.43075192387309563,0.6038064460483108,0.6058611496094717,0.19210198675221662
-0.49251513953729775,-0.6751630940825591,-0.751201007336298,-0.6153214753343621,-0.738466100122272,-0.8430557446357078
0.7680299628597151,0.8329836472424178,0.7945640723672193,0.9346255547513588,0.9591340487791202,0.9028002429114685
-0.008922587220363489,0.19520566665745523,-0.2449823093131648,0.22659414685376147,0.25433136824887487,-0.29866307145745846
-0.66229751840848,-0.7039099957823802,-0.814190787105518,-0.6859990722823786,-0.8614961329630508,-0.9316729629957287
1.737039925769372,1.1536391885603638,1.1653898158634348,1.0524044609592365,1.1065913606424425,1.2504742222781329
0.0672816680177675,0.10878240763384465,0.07679462691705158,0.13807156123797465,0.033044694358447264,0.1062717451562724
1.0367098711261673,1.0181285579855686,1.000847817362109,0.9919202457890341,0.9783409076134499,1.1053668043831397
-0.8927457592995883,-0.9189855611303114,-1.0045381667780036,-0.8621070525695558,-0.9777201526487311,-0.9585853283994274
-0.5557623314786971,-0.6201609311148337,-0.5315291714606644,-0.6753371983121768,-0.5866835018661316,-0.5694816614345164
0.5446132497134551,0.32438433274451217,0.3182839044618934,0.2538501555282941,0.20525772627326705,0.2889853236403045
-0.2726969739045646,-0.083643260735239,-0.05638029339801578,-0.09967144420260027,-0.12535385609000388,-0.08710328670129748
-0.02764195197755951,0.2050382287435099,0.28562995968548793,0.23259939073867714,0.3025133953221537,0.3588289154566804
-0.21582716314380146,-0.49348853818994226,-0.2721399739762744,-0.6795774382213859,-0.5887544543235869,-0.5470906548638701
0.6882784906246244,0.4873570197900368,0.2525050591678805,0.5373368607687575,0.5299229599185351,0.0
-1.0631559096693521,-0.9309123483350824,-0.8527030904424632,-0.8802268762481196,-0.790294207053057,-0.8036071174695312
0.9554983976525481,1.0242397269309405,1.0292741261298695,1.1684106829814067,1.1962406693821042,1.324829474045709
-0.7858040921957454,-0.6056481332018132,-0.7131593637513628,-0.5593855635217044,-1.1171361562045106,-1.1774402040569418
0.17892323914724723,0.17092431475223424,0.2715349790039102,0.17588730149274387,0.24699240890214338,0.3367113552567456
-1.2394102240880087,-1.501656011349248,-1.3317119946890483,-1.7021527787297168,-1.5830071644217492,-1.5981376691973628
-0.2051826787025452,-0.2751129195716322,-0.37720000089164607,-0.262655293533373,-0.3949417887366991,-0.35758639120853686
0.9763385425832563,1.0254288907022433,1.0321754486438133,1.1707150452612478,1.2224006571197499,1.2565404558360769
-0.40143080210179355,-0.42761213458147923,-0.38415312480383457,-0.3961254902528928,-0.5392041947128131,-0.5581771586352031
0.774854437483441,0.7693280238212186,0.780579294599278,0.8281742082449367,0.8863932952544665,0.87885504830432
0.18201995809443328,0.299661268738897,0.31775250188753573,0.33517891516976717,0.31719526659198083,0.32722757342060493
-2.294588807451322,-1.8051002138391214,0.0,-2.3078073270670667,0.0,0.0
-0.41302855326582794,-0.5065558313287001,-0.4891974732372637,-0.47640891307784394,-0.39348287070454846,-0.457730884032088
0.5376361269195367,0.4436094191444091,0.3812642013432697,0.4669857574642808,0.5012870993796691,0.3971512754433494
0.9145916520529042,0.6687097023991391,0.47697999661719487,0.6187393826218371,0.36867284286783025,0.4673129459040615
-0.578458576710989,-0.474884073589556,-0.575785239278429,-0.4280047323933282,-0.34734517612967625,-0.41771392075620645
0.49087254690203236,0.5399908641324194,0.5383747232772566,0.583988963768235,0.6468264056187176,0.19665800422426738
-1.1091041786310807,-1.1101000750986738,-1.098486548026709,-1.0971443683864757,-1.0784776254132629,-1.0999457686829475
-0.50476289005598,-0.514739582223994,-0.6562610592265689,-0.4646480986342098,-0.6862642391050716,-0.6502837253420829
0.8494137368991703,0.738613270071308,0.774880478558341,0.5767082375334571,0.6131001134317262,0.7227756044032774
-1.0340641840922074,-0.9430650358285928,-0.6176383737715061,-0.9151207743396168,-0.8182590363952673,-0.8393502381324786
-1.2193400964533556,-1.4648058540631739,-1.295391018602936,-1.5899668405328922,-1.474206137596969,-1.4832525266482137
0.3290397421651258,0.3365633040130878,0.0477771568934808,0.35219123239982797,0.22952234386422304,0.131888778917336
-0.5452726241651913,-0.4836253504010204,-0.367412747862078,-0.47640891307784394,-0.42034269076855346,-0.38855659526480246
0.00605274753911759,0.12507079170022584,0.2289270275728216,0.1549285035617545,0.22647731268887905,0.31544723048101325
1.1820741553088316,1.0360002073449963,1.0442333825188268,0.9895498636074042,1.0185546578375164,0.9876180568678201
-0.5679316001208629,-0.6941792200895915,-0.8310096732051996,-0.6445242385850952,-0.7303015204177632,-0.9678636363240474
0.8760809022627233,0.8654240326650168,0.703378763802275,0.9678487914507918,0.9657052991349838,0.7966980626246275
0.2502208486863197,0.6175993803158881,0.5771418278583434,0.6692445051350241,0.7082965285994816,0.6423508238067966
-0.8116488670992923,-0.577612732558822,-0.49160379859499154,-0.5276492246086698,-0.4485589331199218,-0.48667557134528905
-0.0009689883174007742,0.24103138955205275,0.2932294531062709,0.2735544112768077,0.3400781110962486,0.329346935355193
-0.9044333538522242,-1.3126793960357455,-1.1459060521192448,-1.4992812750624949,-1.386204368660085,-1.3903050200552647
0.023827127462707983,0.08212668703975365,0.12921272845187778,0.10237045950398307,0.06833258609893728,0.1488791127647206
-0.624605624418893,-0.5573977155781753,-0.41601171039595064,-0.5100535627741255,-0.42340827864514524,-0.41420777568909356
-0.042364577980161126,0.02014272247994105,0.02749575241246978,0.010574352825669271,0.0670129002646252,0.06380833329237041
0.3896820649031662,0.47910695621006394,0.5243622961009863,0.5274833563944209,0.5591500132112898,0.6353444545109815
0.21404083392464576,0.277121266789943,0.314552041561497,0.3116395006131238,0.2989016280016274,0.3678716474063513
0.17792056824960362,0.13354340091982234,-1.5503619449602437,0.16164971681817036,-1.9782571164431026,-2.0151941068772294
0.10963204296568833,0.1746825535895531,0.23743066624760387,0.2048772366146584,0.24846716532405505,0.3078389984147375
-0.33960511446538255,-0.12203766953240658,-0.05969504267779801,-0.09498198781296242,-0.023346608586868205,-0.01159434756012909
0.38777329743448974,0.4282438210048796,0.38382709908648505,0.47240349638101986,0.3791199305142984,0.466453011262601
-0.7502847365063745,-0.8342715696806038,-0.8183524024231543,-0.7796183022594823,-0.6862642391050716,-0.8176271849444128
1.071803555092815,0.8234506175817282,0.7902103837571458,0.9137738321780813,0.88400148314958,0.7020859498649897
0.40146129996132063,0.4447439788664226,0.4819360657218343,0.47777697056761104,0.5071822211227752,0.5714132529525467
-0.66229751840848,-0.8770630894917444,-0.5647451237004336,-0.9813443950996636,-0.8827345983663599,-0.8658309988719614
1.1963102718408534,1.0505861496720272,1.0217611878413486,1.1658673271761355,1.159616884346607,1.2606038565713225
0.4626918365307376,0.3629930313379271,0.06817093448236616,0.4021170428783879,-0.19303224120430493,-0.12807065042203652
-1.0447086441557112,-1.1207632238353153,-1.1424007252863202,-1.0744958737185923,-1.1406605343000202,-1.2770163945752318
0.05060785265398245,0.2164349668344203,0.2932294531062709,0.24849139458888164,0.28470527303407495,0.37482031090377704
1.0175419199408209,0.812995846188246,0.8296311689167214,0.8149504577456511,0.8732262811446285,0.9375968704999446
-0.4818042210881092,-0.4074535743551291,-0.41390163365421717,-0.363456050206116,-0.3848080727538342,-0.3902323997439005
-0.9437089821071984,-0.7340485744370728,-0.6057927508528874,-0.6795774382213859,-0.5887544543235869,-0.5672028891954585
0.7094401942700508,0.7747153513508386,0.7986848602947274,0.8626615282219676,0.9202475962576707,1.030183544730257
-0.629135989621384,-0.39635313801151034,-0.3217661552333966,-0.3573780253130871,-0.274377919234712,-0.2243245223701108
-0.1670906661330944,0.0923635429658167,0.14105294088176998,0.12184647724515428,0.19409951533254666,0.1842159399853511
-0.3549038348725253,-0.3955077438942953,-0.25919397690023777,-0.41317541696749216,-0.32885585108987875,-0.28726251233630146
0.19792508268754005,0.4971908502696645,0.5215790672527303,0.5470461543218325,0.605581118641379,0.6597220394338004
1.1412887364921567,1.0736220369693061,1.1185160211514193,1.0622463784999225,1.090808960039338,1.2184891130895894
0.23812480650872597,0.41462194911064704,0.4911387675631058,0.45763937014177913,0.5152813490098881,0.6207706524442155
0.5282063100450487,0.6022050991213241,0.5104583407684129,0.6642658880058984,0.7255584500055356,0.6555016430301158
0.9665129548369,0.8221896009506012,0.846901873556453,0.9223201577950277,0.905587506725144,0.6235056455702761
0.1968595499359187,0.21032783071275435,0.12959896177796942,0.2421820715379547,-0.02642682495612554,0.016568918215558847
-0.2438739173363353,-0.14692450610385654,-0.5827922883641984,-0.11476507884384798,-0.12535385609000388,-0.9060378641664161
0.8809311598161376,0.8044702911901225,0.7202750169537722,0.9012597328523769,0.9315121136650231,0.46127008994351687
0.09885181895689825,0.198801625804645,0.26802158986059005,0.22983478123257198,0.27818652176805925,0.29958807953210237
0.39912593812461683,0.4835114746260235,0.47100289805160395,0.5280670467100749,0.5594507566693333,0.5165931110679657
-0.1819842773412436,-0.1746729957055254,-0.13962600324661362,-0.14190931828891049,-0.11990191439637238,-0.09838545430368072
0.5275751904426191,0.7083936635487783,0.6842345144524614,0.7759046326371387,0.8346957428493645,0.8321860400198826
0.8035385901574904,0.6924007982121686,0.6099158371750357,0.7671671891139648,0.8032414341182812,0.8145366953365119
-0.08673520868829107,-0.01209124707150084,0.0923804304647904,0.017092426720780082,0.09160693518962029,0.131888778917336
-0.041321321714402205,-0.11519551754954857,-0.20878162590284094,-0.14190931828891049,-0.06386936855951318,-0.013397310595004928
-0.04896696482121606,0.09812966974309527,0.034498476698859616,0.14126685609160286,0.14325648044831996,0.01914554776552534
-1.1998998679046546,-0.9430650358285928,-0.8039090053618759,-0.8741189878093623,-0.7783283774857722,-0.7571592811550453
0.5165153911840163,0.5591514576012915,0.5904388099355296,0.6051069626981781,0.6675354545097273,0.7451582435263814
-0.5004302872995973,-0.6724934466343357,-0.7917951516074566,-0.6229613206350857,-0.8377694897086586,-1.124519679402575
-0.8992109083021428,-0.7180802743920056,-0.6773820151833079,-0.6669524469172561,-0.5825651107225527,-0.6635938488556211
-0.9864585449826849,-0.8412062006621472,-0.7273698930394255,-0.774538879954062,-0.6887563894063868,-0.6968800104429705
-0.9521631643562948,-1.007526015752112,-1.0130459714806108,-0.9489464441590971,-0.8511946285118306,-0.8505427306895833
2.9246787479911944,2.387757865599685,2.1737668886285904,3.277131113488096,3.2871590091556824,3.375937556510804
1.4833697632178307,1.4493774630468108,1.4058715114640838,1.7081216167273157,1.7264117672947255,1.7818088612165524
-1.0563832299087932,-0.9430650358285928,-0.8914305557988824,-0.8895207073977766,-0.7933287403791071,-0.7967284104361158
-0.4354573432214487,-0.3414379660892649,-0.22733910193411724,-0.30202956049085544,-0.22680943213532498,-0.18972239566970306
-0.38513883601892324,-0.12362828176248103,-0.017111092572255897,-0.09265076514250885,-0.015715081192439702,0.0335503255016349
-0.9528730313798062,-0.8789101005777695,-1.1083576336482182,-0.811128498221488,-0.8478057111125208,-0.8356695817663463
-1.4999838870469822,-1.4738349034211127,-1.3750925917027166,-1.4890591320665951,-1.4990829236234724,-1.5372938609601992
-0.02200331400315854,0.04984663766139814,0.0903014200579237,0.07934252096392945,0.04754554342314857,0.0972461542909774
-1.4378785738621682,-1.6089197926154464,-1.4268356939234639,-1.896374341582341,-1.7711949574411172,-1.796767063828776
0.5393889987753875,0.47000522798050015,0.1559374273273142,0.5168879927631206,0.15308090737450908,0.20759048450009832
0.24135281710983306,0.2747886687270726,0.2901473640917397,0.3091967553735966,0.23355919767906125,0.3192185026592009
-0.6120223020190708,-0.41788636108956667,-0.41284951581668045,-0.37331447841899335,-0.2899390025346222,-0.2915123590306023
-0.25963410910884105,0.0802786999984136,0.16394296415147555,0.10911645805185319,0.18109433745314182,0.24476247953685312
0.6343807926739512,0.4138214083666634,0.4235254446129787,0.4341784546606653,0.49996970298086096,0.5935147819891003
0.05111288288080549,0.20029299503593873,0.09938725968129612,0.22100006006064485,0.28145442313039654,0.053341588296754366
0.8553095890397056,0.8779849921200389,0.8204631751282607,0.9879155798351307,0.977537873740195,1.0765082267463824
-0.6978918954414149,-0.6300297935853063,-0.7878101076393178,-0.5491706127314616,-0.6764101721166054,-0.9917867200620648
0.007555743216492112,0.09163855324232731,0.18550454018226875,0.11799944498982472,0.18491603576018506,0.24536430613075733
0.5730921672393059,0.778767228927374,0.7495247797730018,0.8646167078783672,0.9221670294134158,0.9373791403676278
0.5485739460903511,0.4319338947305447,0.46866899170413295,0.3533350246504128,0.3830924843677941,0.4698861483114206
-0.03040966900906649,0.096334173553598,0.14817704207778795,0.1245799701423632,0.10353909126208088,0.15651817160684897
0.3725364118885456,0.4709045751532323,0.5305653274086218,0.5186657053328867,0.5582469449619273,0.6538714908579244
-0.395856553901802,-0.5607207828412699,-0.4076178612577393,-0.5309076489475073,-0.8580395283830395,-0.9869158541793513
0.48137509504646603,0.4796374592282641,0.4933656745301602,0.47462142107473715,0.5226436951282685,0.5538802259308654
0.9000173924647251,0.7172622317683004,0.7608789883083891,0.6661668375118097,0.7274231345897124,0.7723671205347697
-0.3454217202958132,-0.45310439728917656,-0.4868011235916911,-0.4362566392533586,-0.5703936677623554,-0.5786883642954924
-0.6809547225307643,-0.6250756004854696,-0.49402017871857706,-0.6326598428284551,-0.5430069924558275,-0.5088560722800798
-0.0235879624203958,0.016420474559812378,0.028903799820955103,-0.002003053055676567,0.057022132344092986,0.01914554776552534
-1.2950950996468975,-1.1370892850024272,-0.9961434837146754,-1.1306115131216012,-1.0328059588932035,-1.0764715706087604
-0.5868641161505191,-0.43478587082159853,-0.31553761753073684,-0.4013184675682316,-0.31728050650640377,-0.29009239524498226
0.5065916235703218,0.43809099720658734,0.2853462559304704,0.4605542330353742,0.4029734477840558,0.3511974995567165
0.5045625658133712,0.5495052654905843,0.5371946395116776,0.6064049576311522,0.5540159112444992,0.6577773820329887
-0.17138660987556373,-0.1852105143298148,-0.13514365826129723,-0.16331776005776694,-0.21178849965864463,-0.15018729758047045
-0.73972955894502,-0.5529949172672248,-0.4299206602934779,-0.5069118548822917,-0.42034269076855346,-0.4337557510218371
-1.3942840499039437,-1.2129066278973295,-1.0919892494671968,-1.1825371357819148,-1.0784776254132629,-1.1059819959316888
1.5633871013736194,1.3591136562567407,1.2304612367895247,1.5364133233650432,1.4152041313300552,1.3667199192792405
-0.8328091773753221,-0.6020728446093325,-0.5062557333434478,-0.5576702377582935,-0.4698654841624956,-0.5068042597911706
-1.0292132725836005,-0.8715539720635327,-0.729170019038396,-0.8275945717313893,-0.7330091019190093,-0.7383832496783184
1.1812580586801529,1.2340125044690242,1.210096780558956,1.450279679579755,1.497786805410073,1.5812563031114477
-0.1057783323401628,0.06943781691615025,0.10183777190606863,0.09096271495306951,0.13267885125194637,0.18289215882469326
1.6025518270584083,1.5396245071306813,1.3173689770612447,1.8852138601916713,1.5836531551108695,1.7158527210868657
-0.8927457592995883,-0.7519466613980621,-0.6451910038610759,-0.7169908591012969,-0.6252270677638088,-0.6096760161529194
0.4292296841191981,0.49838584937586367,0.4748676289931992,0.5495926752202476,0.4413207549795407,0.5024699101533667
-0.24238525709279807,-0.23194098715557712,-0.22733910193411724,-0.19647072734470986,-0.3147399299093845,-0.26781812613844735
0.32514386105905774,0.5435988084639818,0.5243622961009863,0.5967396408585744,0.6590718690100417,0.6616612148521764
-0.9251078112899223,-0.9723475530006933,-0.8890840631625135,-0.9667005827577705,-0.8755578220673379,-0.9102270232907574
-0.2627068958338552,-0.0603596773641021,-0.013034824604391837,-0.03638541429170069,-0.00818006014258396,0.03103214760645424
-0.26380833177365454,-0.3277138257044725,-1.5127289658277607,-0.2943762718186374,-1.9081466203239477,-1.9412503770230967
0.4298616578997084,0.3638738912731746,0.2715349790039102,0.39679499406695506,0.3543305699223642,0.39523904450036323
0.6123725293292831,0.4221672503803348,0.41269821936462203,0.34064065938730603,0.3233213965878826,0.38607987660260507
-0.7999631123184306,-1.2067565523376795,-1.0422607404382949,-1.334284050017281,-1.2259725979553757,-1.2210126928618792
0.20589905009937515,0.2934243412146346,0.3474150269234954,0.3268986562469331,0.392526032334422,0.4247354515587089
0.6811225081297554,0.5715911734451699,0.33550695227670996,0.6280946862968247,0.3572252553707391,0.16746957653125424
0.18490119199372942,0.21527695883509446,0.26032345314709965,0.19030259231220684,0.2582102711835348,0.32563355378694053
0.5779490214249708,0.6461689449873415,0.4518036584747218,0.7146879900342067,0.7750235839050086,0.6453317904863681
-0.592276330637672,-1.0007826767959178,-0.8417606619950252,-1.1355744552186633,-1.0328059588932035,-1.0168305457151627
0.8642507806078533,0.5390455175308154,0.5241888229946446,0.5594040999317452,0.6227199287770847,0.7362335700221637
-1.6591621817036337,-1.5159994903531318,-1.3458610955649846,-1.7349709566944869,-1.6148213934923392,-1.631724460248939
-0.21887621959983372,-0.0416591282503179,-0.017622841387205452,-0.018953702268928882,-0.0051925061809698905,0.03271205127170003
-1.0892426188612185,-1.1288756368529218,-1.30428643460246,-1.0657053442504623,-1.4622524963929515,-1.7726461047797346
-0.7039594348056402,-1.2222396665256212,-1.3603170052886422,-1.1664007873824453,-1.0627861823063378,-1.0595280278536827
0.09150759333189248,-0.1430672223099872,0.0,-0.33251833196703934,-2.2352417381261662,0.0
1.0778398290450237,1.1558973671253838,1.160076650376261,1.043799512964503,1.0512311093854223,1.1755573126547316
-0.40904218491596445,-0.5926392952119578,-0.903298109432477,-0.5374810223958315,-2.1123569015731274,0.0
-0.6882196399957047,-0.5486236688466376,-0.4353616860631826,-0.5069118548822917,-0.42494740415544935,-0.40381295944928736
0.6863719457360951,0.7472833913732636,0.7738731532825948,0.8198918341874915,0.8736007069844078,0.9341051907519285
-0.20717590264459612,-0.19534178335615837,-0.3635447765221925,-0.21328766703741192,-0.4157756065003205,-0.463406031927426
0.5396462880388815,0.654676221889272,0.687908712796862,0.7256427873498966,0.7352901358424131,0.8484169227882011
-0.913682729467731,-0.9111559456256741,-0.7701935053016123,-0.9217166353324262,-0.824681792643479,-0.824773287466179
-1.0308259617638573,-0.9053459557270669,-0.7858273217099223,-0.8445758067181801,-0.7495517244989353,-0.7635613317243917
0.5041228353135319,0.6019259584535221,0.5519829025795339,0.6654546089143772,0.7149707968111185,0.7635078357115395
-0.109799846568563,-0.15808976100397792,-0.2779001522738225,-0.12613234707834306,-0.4501692019641038,-0.40038838976770386
-0.07081993137730745,-0.2621606730318833,-0.6206372509450437,-0.2257346570845479,-0.9564244685826944,0.0
0.30626689557679115,0.23714761182838395,0.0776491784504877,0.23213945569565728,0.04958883718240122,-0.04868149095810601
0.5880012237584894,0.5808371233171246,0.5560546675422479,0.6043269559690473,0.6005199011608764,0.6879410108406872
-1.5034278459117127,-1.4514812071806888,-1.3087793557405814,-1.5203981771284985,-1.4067004647163015,-1.4463146112890082
-0.2655750512406591,0.040781759003463376,0.06072671835415556,0.06869574208785294,0.14209020492664123,-0.06317895535387645
-0.6951122706362948,-0.947167560913918,-0.7897993708558141,-1.0925350367389532,-0.9909395149522514,-0.9725636006377381
-0.5286610075042195,-0.7580281812723816,-0.6072605249582747,-0.942007496304478,-0.8444387446948468,-0.8176271849444128
0.3200602847340176,0.43174032229230086,0.4444782421441413,0.47588545737372706,0.4524241866232318,0.5209714261458889
0.8249851911995365,0.7395722223974085,0.6374070605119481,0.8242336784254136,0.8825253946287759,0.668405621105505
-0.813337023809914,-0.6502542912359127,-0.8439336269507706,-0.6021967764911013,-0.6056126932235864,-1.0117268135421966
-0.2805893590032792,-0.22620710481908288,-0.3289702425393314,-0.21518576955031915,-0.13548282803769707,-0.19818999887765698
-1.0623052118685155,-1.1652313701918622,0.0,-1.1017950027713188,0.0,0.0
0.029103426776977387,0.01434186255181282,-0.006477196842907703,0.019680508047513645,0.035833876565406146,0.09800319810269369
-0.4597155549415616,-0.406592334512359,-0.3762136256855781,-0.3598016512310801,-0.4485589331199218,-0.4373809468570259
0.15799444193098564,0.016835276664195688,-0.054730612720605296,0.0026606450776724276,0.0196160781878788,-0.0206616036701801
0.5139302331512552,0.45872333396724185,0.500349621295633,0.3896305598057016,0.4300205414611876,0.5117841341973005
-0.7249679800671192,-0.49348853818994226,-0.4076178612577393,-0.4418241558091575,-0.3568214493353691,-0.3512675437609314
0.49154854919167745,0.27087850651221257,0.0729316564836242,0.26355924545364307,0.22341720360785516,0.045992438356257846
1.7733751431190212,1.709641377074882,1.6176747138450014,2.123541732563116,2.1011731356891534,2.283272110361144
-1.256646019274866,-0.9985504109992773,-0.7114064173630908,-0.9595275739942338,-0.8684792567579258,-0.9187037213552303
-0.4277866255623029,-0.03890643144494088,0.1147143748739428,-0.49913235112560805,-0.4127514732666081,-0.54929093687189
0.02528309184490018,0.1821227206063824,0.14067523141320554,0.1321709629043167,0.013148582971357462,0.08346280281021072
-0.6653665222263155,-0.7845528295545929,-0.8683566821503206,-0.7402422858601393,-1.1229131287044756,-1.1308479220589616
0.05136522625831789,-0.16034898753747678,-0.17072022861528052,-0.14528397565397422,-0.25693333438178056,-0.3296658716644377
-0.08544530228284354,-0.2130435595625137,-0.09461558181682228,-0.2900471397364872,-0.208619929551178,-0.15244346287760685
0.15976055359401334,0.24268740931223334,0.1675407626709753,0.2757067671756232,0.20473094332816494,0.25846540922205863
0.16676894319428806,0.15788626038919912,0.07206930579969109,0.1883337084880879,-0.06634159548002329,0.0
0.42344434686136045,0.34779162202318564,0.32801316296779326,0.378367298347261,0.32809312997268913,0.2338330759532326
0.132874041875067,0.05683986480738397,0.07077309233310529,0.043120259599944595,0.01531218598438213,-0.06025227677993516
-0.09847917581918254,0.0063723595215945585,-0.023802722895159334,0.007289310009751675,0.01242564049040086,0.06540333489695686
-0.17401754150913795,-0.25412543826683454,-0.6131683848710562,-0.2180442886147022,0.0,0.0
-0.45693543252518315,-0.053744232303507604,-0.1206720591194635,-0.032859213084429226,0.03999351319191682,-0.20185535809833863
0.34722772661675677,0.40980043800560273,0.27820063562911973,0.452752311710301,0.21414482643652596,-0.17900561520361993
-0.8481378664381872,-0.6165005051755272,-0.575785239278429,-0.5662992943672958,-0.4782832601880298,-0.590408770868943
1.0680242090038896,1.0184299518280977,1.1055262014011076,1.1633149421307314,1.1749070490487468,1.2017359809087058
-0.05564790359494299,-0.24751269609207896,-0.6072605249582747,-0.21139557921019153,-2.0182874029480082,0.0
0.43351253298572595,0.27114006515097777,0.044147614066626616,0.2993319106859034,-0.23227027158663635,-0.3969835975592878
0.14023011011757977,0.196106873977951,0.2104895069181957,0.22752172828729347,0.19463547158459737,0.21330420263966632
-1.2348937171117638,-1.1856688964148367,0.0,-1.1256958461079987,0.0,0.0
-2.1172611692724206,-1.7978468076664587,-1.6251947193218304,-2.3763243521298687,-2.2352417381261662,-2.2860944897269158
-0.00695856985633222,-0.12203766953240658,-0.09877231024348354,-0.1083640180853703,-0.06469229636875518,-0.10462733457325792
0.6626516313637616,0.5970162718534132,0.6541219513089517,0.38529371268635915,0.43987387353542284,0.5343276685730911
-0.4336781599938789,-0.6152851856145884,-0.9227708127384715,-0.5593855635217044,-1.9417397902259237,0.0
-0.5915001021726903,-0.5096118106086533,-0.577179976907348,-0.4704984047914464,-0.7276076864411171,-0.7539856710738583
0.792075795463033,0.9034814225936153,0.9065440724221308,1.0221723135239988,1.052385528037844,1.0618208602747112
-1.5138734806918361,-1.5506726617080526,-1.3800911660229698,-1.828974178451547,-1.7059139894899367,-1.7278759064862808
0.4761280122977981,0.6019259584535221,0.6559567714510754,0.6652170322213653,0.7173382625287134,0.811421477916486
-1.1353486391356427,-0.9875031580903888,-0.8706256951599972,-0.9151207743396168,-0.8182590363952673,-0.8467864550046333
-2.1585564748607036,-1.7978468076664587,-1.6251947193218304,-2.458813931406371,-2.3148483121005152,-2.369967530375328
0.8537571177309642,0.883828660898131,0.6916745536084458,0.9680018298310001,0.6246270272095167,0.5754521916773647
0.33063583757228937,0.4217728028196454,0.48665349874276226,0.46409936095387777,0.5292932289871936,0.5272896187413606
0.376246590895192,0.4660296768153972,0.499801967932775,0.49055890127851276,0.49400778010915336,0.5747196214740986
-1.9355965934153025,-1.6200537003669722,-1.5901734935989034,-1.896374341582341,-2.2352417381261662,0.0
-0.16153570385827568,-0.037991827391026356,0.03957496745631421,-0.008051613850820837,0.00587954219958419,0.08113619779287537
-0.1118213980205654,-0.028027422247139045,-0.1957981365535305,0.0006662393351024659,0.07488808703310015,0.11295792766599569
-0.20101948931834265,-0.31873823275085233,-0.20297320347229805,-0.3659050853857334,-0.2851056857320495,-0.25967346000465824
-0.061328115956469045,0.17965385607346782,-0.20514416284701673,0.21013839622707928,0.2445266573238625,0.10477634346507543
-1.0340641840922074,-0.8901059672895295,-0.8267614697344823,-0.8360186972442168,-0.7412158192506831,-0.7603510947413941
0.8013224788357305,0.7000576963195393,0.6150891032684912,0.6751239532197829,0.5200924030987678,0.5761839736170571
-1.8443329920310014,-1.6089197926154464,-1.454276887089834,-1.8085656613080927,-1.6861418145257354,-1.7278759064862808
-0.03968582761975834,-0.22367671043453666,-0.2449823093131648,-0.20388658735968349,-0.12444166965399461,-0.4410287041405675
-1.8774652951893231,-1.7161221644684646,-1.5439447281635243,-2.110347211680965,-1.9782571164431026,-2.0151941068772294
-0.040280001345599795,-0.022665308345124154,0.08232423784359019,0.0006662393351024659,0.07553974058332842,0.12103578751202619
-1.6977787438819643,-1.5818381589818697,-1.5375868845700043,-1.6568905354145662,0.0,0.0
0.8040055752864208,0.8917221564090043,0.829986850954196,1.0036538750526953,1.0052548946830249,0.8952161086412849
-0.5286610075042195,-0.5868161571258451,-1.4770589984648155,-0.545806103645612,-1.848028154014146,-1.8778327886084845
0.5533082387745949,-0.1316481081040293,-0.011514287857387706,-0.34422473765475864,-0.2615335548673848,-0.20063111536019143
-0.0981496295106556,0.31818956064791576,0.3064591812592044,0.34064065938730603,0.3893971162662568,0.21393595345623806
0.11629270084795644,-0.022665308345124154,-0.13450634114838397,-0.006702342735970218,-0.10120943456576537,-0.07802307159569932
-0.17931626275556867,-0.3277138257044725,-0.47731393268703964,-0.32217868587329956,-0.4501692019641038,-0.5068042597911706
0.1492894880966248,0.38859499768543093,0.3553606901136921,0.42945147417188534,0.45772827521425796,0.4521022748162983
-0.09322940672060205,-0.049065623840930835,-0.21244334885500202,-0.011437795958635387,-0.16403438314507335,-0.10567381330424347
0.6562514001967223,0.6073420025931598,0.6874205253352491,0.6295995508282137,0.634884007587187,0.7388364256944172
0.3670294244340941,0.606097210848717,0.6330288138972913,0.668771930251575,0.7299785530649274,0.7982904422854081
-0.2379424195118893,-0.1869855647735206,-0.09639310152131639,-0.15552278356393506,-0.08564710470689643,-0.24239531142449358
-0.532156145520941,-0.7703709954545916,-0.4542574961859116,-0.8388560753807754,-0.8025391015944501,-0.7933208972682875
-0.2899751336440803,-0.0733394301352486,-0.11634351137373942,-0.04564967957409242,0.00587954219958419,0.04763299290438174
-0.10112250085842202,-0.21366368904081365,-0.2754241922891942,-0.18461249049872022,-0.16403438314507335,-0.17196428763513463
-0.08399767921323924,-0.057042332332813604,-0.2380111248795204,-0.017580318972973952,-0.21604046632510163,-0.186129159390239
-0.3118518012334294,-0.07285338583457861,0.02984040229704387,-0.04636815650159998,0.02883646967628508,0.0803587624007374
-0.9298757185975222,-0.7909599534871424,-0.6578594437172971,-0.774538879954062,-0.681314519652399,-0.6502837253420829
-0.6008831015191529,-0.4031597318021327,-0.3801694728248694,-0.36713346738310687,-0.2839037206685858,-0.3327042512556348
-0.7569137977584773,-0.6300297935853063,-0.5688608472454223,-0.5985024341755593,-0.5096947497228471,-0.4986688487839512
-2.0259785608260352,-1.7423327147151966,-1.5699805805921956,-2.1517474182509764,-2.0182874029480082,-2.057406065052696
-0.41017835162612476,-0.8006944942562984,-0.6483329050464121,-0.918408536305391,-0.8214605404615085,-0.7933208972682875
-0.04057732431901536,0.051408261831656706,0.1253343539155651,0.07934252096392945,0.11401988531258338,0.18090136813677848
0.7148952158238202,0.7571440127014096,0.7466408502078714,0.8449942979851744,0.7700207426368173,0.8835682961007386
0.3607483590812952,0.25683191359507934,0.2576308751861228,0.25340530669015493,0.2658961416038326,0.34502812376389985
-0.1819842773412436,-0.3723106665167418,-1.3411112520531245,-0.3302048405688996,0.0,0.0
-1.3548821116267384,-1.2191140916751855,-1.3603170052886422,-1.3492694932148155,0.0,0.0
-1.4194717601956248,-1.3091030690477523,-1.5633787680436306,-1.265437771726569,-1.5679019846645683,-1.5981376691973628
-1.6931132764374857,-1.5979606060331297,-1.4268356939234639,-1.9212898446502606,-1.7953201618026358,-1.822223195440004
-1.0292132725836005,-0.7580281812723816,-0.7493341033115826,-0.6795774382213859,-0.775378982638181,-1.027187227385285
0.34994433939126623,0.446441247468513,0.5140170708498034,0.49055890127851276,0.5436239963120388,0.6413542841648715
0.14323082862837241,0.5262735249599986,0.497421491757277,0.5679750147769886,0.6119916359899559,0.4728757858176993
-1.963188655663216,-1.7490396036702132,-1.5766461809003278,-2.1976116400888905,-2.062621321352378,-2.1041502421433433
-0.25614244863259683,-0.4447918863854406,-0.7799174306123955,-0.39871617426147193,-1.1229131287044756,0.0
0.17520419658933842,0.027107067936377953,-0.09107809178601642,0.013189849095066122,-0.2096741911189919,-0.28726251233630146
0.5099200857519407,0.6136575029441153,0.6701236174582834,0.6786272153683095,0.7271903353077636,0.8409721726459998
-0.8218498607933155,-0.9111559456256741,-0.7701935053016123,-0.9021679840406299,-0.8344666284358575,-0.8070788692819083
-1.2041674536740083,-1.0189231958186076,-0.9203031321181115,-0.9776453200373592,-0.8791337559862566,-0.8895971036624298
0.05938038043905395,0.18580530395352762,0.2500746507578237,0.21677194115857576,0.22749399072179255,0.26666716288144554
-0.4795572827549658,-0.5891387793627659,-0.6028681107445195,-0.5358305422973851,-0.4485589331199218,-0.5672028891954585
0.44117382648032366,0.5274036996249996,0.6893701486040791,0.5758943409498732,0.6388890191040977,0.5591503524377067
-0.4563194276019623,-0.5903033989264969,-0.6266809873705708,-0.5358305422973851,-0.6862642391050716,-0.8697208096075454
-0.28767171178213036,-0.4634226007576319,-0.9716104809727936,-0.432115953800075,-1.152857148261017,-1.191559228744301
-2.1538394503355653,-1.819831580326496,-1.6470869344577523,-2.56298003920946,-2.4153081303010633,-2.475780551076764
-0.27539070150690104,-0.2293856293046831,-0.12005156578300526,-0.20482006835433253,-0.14014551979377837,-0.09631877157008613
1.4174917950235846,1.4089376673585343,1.336284195031062,1.6828783934593075,1.7036852506753553,1.1873757997664658
-0.5293583675422481,-0.641324438081537,-0.7530736886065011,-0.5768309198493583,-0.8311845724161545,-0.9229923457343511
-1.4255477829222536,-1.3055456383425001,-1.2998237837093118,-1.3056005280923813,-1.1981022878671785,-1.8778327886084845
-0.6693359051924466,-0.5410486112780019,-0.42453091158932216,-0.5006798041574764,-0.41426149645712373,-0.4194748644596301
-0.10361191771107184,-0.04304050276324105,0.022774782886635002,-0.01416023087940623,-0.023346608586868205,0.038556679437923645
0.26368815189934736,0.2640332338916022,0.21475421910183942,0.2972575348828323,0.3421944268664635,0.35730967833966654
0.4208815292472765,0.4152215607129326,0.12260198816805265,0.45601439142356925,0.25189468426468753,0.31490670326001313
-0.23416159910593695,-0.6580124925732288,-0.5112232117013004,-0.8004215914637113,-0.7065349790604699,-0.6717329940261477
0.6526063986605325,0.5638327426491856,0.5623369841561865,0.4119367102890114,0.36867284286783025,0.4638665643172328
