Country,State,Year,City,Investment,Central_assistance_sanctioned,Central_assistance_released,Houses_sanctioned,Houses_grounded,Houses_completed,Anomaly_Score,Anomaly_Label,Anomaly_Rank,Priority
India,Gujarat,"Calendar Year (Jan - Dec), 2025",Ahmedabad Municipal Corporation,25327.17,4349.1,4035.68,207593.0,205196.0,194423.0,258.0626543552382,Anomaly,1,Critical
India,Gujarat,"Calendar Year (Jan - Dec), 2025",Surat Municipal Corporation,19765.68,3635.89,3599.23,163486.0,161968.0,161225.0,240.1576118222993,Anomaly,2,Critical
India,Maharashtra,"Calendar Year (Jan - Dec), 2025",Pune Municipal Corporation,26124.59,3375.63,3072.19,155747.0,150077.0,148161.0,236.60677819187504,Anomaly,3,Critical
India,Telangana,"Calendar Year (Jan - Dec), 2025",Hyderabad Municipal Corporation,18800.31,2593.68,2075.28,150782.0,143207.0,131236.0,225.77141911684353,Anomaly,4,Critical
India,Andhra Pradesh,"Calendar Year (Jan - Dec), 2025",Visakhapattnam Municipal Corporation,8799.7,2649.17,2104.86,168961.0,162171.0,91344.0,216.630457686499,Anomaly,5,Critical
India,Karnataka,"Calendar Year (Jan - Dec), 2025",Bengaluru Municipal Corporation,20837.81,2454.33,2127.72,136578.0,124019.0,88666.0,211.26249744601745,Anomaly,6,Critical
India,Maharashtra,"Calendar Year (Jan - Dec), 2025",Greater Mumbai Municipal Corporation,7324.68,1634.56,374.56,141515.0,141515.0,137793.0,210.02860966846183,Anomaly,7,Critical
India,Tamil Nadu,"Calendar Year (Jan - Dec), 2025",Chennai Municipal Corporation,13411.39,1735.12,1466.82,97779.0,96138.0,76843.0,185.56093350211236,Anomaly,8,Critical
India,Andhra Pradesh,"Calendar Year (Jan - Dec), 2025",Andhra Pradesh Capital Region Development,4221.74,1669.97,1521.55,111154.0,110196.0,49578.0,171.78812695985764,Anomaly,9,Critical
India,Gujarat,"Calendar Year (Jan - Dec), 2025",Rajkot Municipal Corporation,9409.46,1676.7,1597.06,75976.0,75800.0,74573.0,170.3462319382378,Anomaly,10,Critical
India,Gujarat,"Calendar Year (Jan - Dec), 2025",Vadodara Municipal Corporation,9417.02,1713.55,1624.7,77678.0,77166.0,71037.0,170.1660875792534,Anomaly,11,Critical
India,Rajasthan,"Calendar Year (Jan - Dec), 2025",Jaipur Municipal Corporation Heritage,8218.29,1552.7,1536.72,74725.0,74681.0,72472.0,166.74578626683544,Anomaly,12,Critical
India,Andhra Pradesh,"Calendar Year (Jan - Dec), 2025",Visakhapatnam Development Authority,3264.52,1475.21,1237.61,98292.0,97678.0,61174.0,166.26633301035764,Anomaly,13,Critical
India,Maharashtra,"Calendar Year (Jan - Dec), 2025","Thane, Municipal Corporation",12481.96,1530.39,1514.37,62864.0,62864.0,62864.0,160.13426720956545,Anomaly,14,Critical
India,Madhya Pradesh,"Calendar Year (Jan - Dec), 2025",Indore Municipal Corporation,6128.57,1287.77,1324.79,56928.0,56928.0,56197.0,143.11693752633815,Anomaly,15,Critical
India,Maharashtra,"Calendar Year (Jan - Dec), 2025",Nashik Municipal Corporation,8005.49,1321.99,1320.32,53712.0,53675.0,53612.0,142.60307882077768,Anomaly,16,Critical
India,Andhra Pradesh,"Calendar Year (Jan - Dec), 2025",Eluru Development Authority,2074.9,982.9,866.09,65525.0,65524.0,46302.0,131.25235836859565,Anomaly,17,Critical
India,Uttar Pradesh,"Calendar Year (Jan - Dec), 2025",Ghaziabad Municipal Corporation,6381.39,1026.09,919.06,52967.0,49677.0,43572.0,128.88215166577663,Anomaly,18,Critical
India,Maharashtra,"Calendar Year (Jan - Dec), 2025","Kalyan-Dombivli, Municipal Corporation",8218.91,968.45,865.74,46684.0,46392.0,40800.0,125.70112745625914,Anomaly,19,Critical
India,Uttar Pradesh,"Calendar Year (Jan - Dec), 2025",Lucknow Municipal Corporation,4609.46,981.11,883.79,52652.0,45869.0,45448.0,124.16768612181093,Anomaly,20,Critical
India,Andhra Pradesh,"Calendar Year (Jan - Dec), 2025",Annamayya Development Authority,1442.46,878.63,761.66,58570.0,58269.0,38242.0,117.73835047206632,Anomaly,21,Critical
India,Andhra Pradesh,"Calendar Year (Jan - Dec), 2025","Nellore, Municipal Corporation",3289.66,799.76,612.37,51760.0,49931.0,40922.0,116.22544907427334,Anomaly,22,Critical
India,Andhra Pradesh,"Calendar Year (Jan - Dec), 2025",Anantapur-Hindupur Development Authority,2197.33,892.5,657.99,59497.0,58829.0,31843.0,115.89012940011526,Anomaly,23,Critical
India,Maharashtra,"Calendar Year (Jan - Dec), 2025","Panvel, Municipal Corporation",8989.7,861.4,767.98,40047.0,39986.0,31802.0,114.23887128616963,Anomaly,24,Critical
India,Madhya Pradesh,"Calendar Year (Jan - Dec), 2025","Rajnagar Bangawan, Town Panchayat",0.05,0.01,0.01,1.0,,,113.05518566170281,Anomaly,25,Critical
India,Uttarakhand,"Calendar Year (Jan - Dec), 2025","Chawkhutiya, Town Panchayat",0.13,0.04,,2.0,,,112.65972685894758,Anomaly,26,Critical
India,Telangana,"Calendar Year (Jan - Dec), 2025","Naspur, Municipality",117.43,34.91,0.23,2322.0,10.0,10.0,108.32237702528948,Anomaly,27,Critical
India,Maharashtra,"Calendar Year (Jan - Dec), 2025","Jivati, Town Panchayat",0.05,0.02,3.35,1.0,1.0,1.0,108.107041391878,Anomaly,28,Critical
India,Himachal Pradesh,"Calendar Year (Jan - Dec), 2025","Kandaghat, Town Panchayat",0.2,0.07,,3.0,,,106.57938213775998,Anomaly,29,Critical
India,Andhra Pradesh,"Calendar Year (Jan - Dec), 2025",Kurnool Development Authority,1476.78,759.99,762.64,50661.0,50660.0,32518.0,106.32947833300892,Anomaly,30,Critical
India,Andhra Pradesh,"Calendar Year (Jan - Dec), 2025",Vijayawada Municipal Corporation,3052.49,848.87,795.84,52158.0,51089.0,21041.0,105.56243370442445,Anomaly,31,Critical
India,Rajasthan,"Calendar Year (Jan - Dec), 2025","Mandawar, Town Panchayat",0.13,0.03,0.01,2.0,,,105.48673255917726,Anomaly,32,Critical
India,Rajasthan,"Calendar Year (Jan - Dec), 2025","Mount Abu, Town Panchayat",0.05,0.02,0.02,1.0,1.0,1.0,104.90601924473333,Anomaly,33,Critical
India,Jharkhand,"Calendar Year (Jan - Dec), 2025","Gomia, Town Panchayat",0.06,0.02,0.02,1.0,1.0,1.0,104.73332618502292,Anomaly,34,Critical
India,Uttarakhand,"Calendar Year (Jan - Dec), 2025","Gangotri, Town Panchayat",0.07,0.02,0.02,1.0,1.0,1.0,104.56342091272717,Anomaly,35,Critical
India,Himachal Pradesh,"Calendar Year (Jan - Dec), 2025","Cantonment Board, Dalhousie",0.07,0.03,0.03,1.0,1.0,1.0,104.36532318976487,Anomaly,36,Critical
India,Chhattisgarh,"Calendar Year (Jan - Dec), 2025",Raipur Municipal Corporation,2871.56,712.78,689.57,40877.0,40068.0,39001.0,104.25534993075809,Anomaly,37,Critical
India,Andhra Pradesh,"Calendar Year (Jan - Dec), 2025",Palamaner Kuppam Madanapalle Development Authority,1595.86,728.43,573.22,48562.0,48154.0,34943.0,104.15853651892223,Anomaly,38,Critical
India,Uttar Pradesh,"Calendar Year (Jan - Dec), 2025",Varanasi Municipal Corporation,2119.75,699.43,664.95,44290.0,40287.0,40001.0,103.91010158748526,Anomaly,39,Critical
India,Karnataka,"Calendar Year (Jan - Dec), 2025","Bhagyanagar, Town Panchayat",0.1,0.03,0.03,1.0,1.0,1.0,103.87104955718229,Anomaly,40,Critical
India,Rajasthan,"Calendar Year (Jan - Dec), 2025","Vidyavihar, Town Panchayat",0.13,0.03,0.03,1.0,1.0,1.0,103.399759043637,Anomaly,41,Critical
India,Madhya Pradesh,"Calendar Year (Jan - Dec), 2025","Cantonment Board, Pachmarhi",0.15,0.02,0.02,1.0,1.0,1.0,103.29745134466418,Anomaly,42,Critical
India,Andhra Pradesh,"Calendar Year (Jan - Dec), 2025",Srikakulam Development Authority,1992.21,735.71,557.9,47616.0,47263.0,32915.0,103.13920213140807,Anomaly,43,Critical
India,Uttar Pradesh,"Calendar Year (Jan - Dec), 2025","Jhansi Railway Settlement, Town Panchayat",0.15,0.03,0.03,1.0,1.0,1.0,103.09761418521515,Anomaly,44,Critical
India,Himachal Pradesh,"Calendar Year (Jan - Dec), 2025",Sangrah Planning Area,0.16,0.03,0.03,1.0,1.0,1.0,102.95000494938967,Anomaly,45,Critical
India,Telangana,"Calendar Year (Jan - Dec), 2025","Luxettipet, Municipality",35.37,10.6,0.02,706.0,1.0,1.0,102.18664475405706,Anomaly,46,Critical
India,Maharashtra,"Calendar Year (Jan - Dec), 2025","Pimpri Chinchwad, Municipal Corporation",6371.27,720.83,672.22,33586.0,33586.0,32396.0,101.77076060590059,Anomaly,47,Critical
India,Uttarakhand,"Calendar Year (Jan - Dec), 2025","Lama Gaon, Town Panchayat",0.22,0.07,,5.0,,,100.53282739780224,Anomaly,48,Critical
India,Rajasthan,"Calendar Year (Jan - Dec), 2025","Baroda Mev, Town Panchayat",0.2,0.04,0.02,3.0,,,99.98893771232633,Anomaly,49,Critical
India,Assam,"Calendar Year (Jan - Dec), 2025",Guwahati Metropolitan Development,0.2,0.07,0.03,3.0,,,99.38592777329484,Anomaly,50,Critical
India,Andhra Pradesh,"Calendar Year (Jan - Dec), 2025","Guntur, Municipal Corporation",2823.84,707.42,554.14,44348.0,42806.0,28159.0,98.46173446525643,Anomaly,51,Critical
India,Telangana,"Calendar Year (Jan - Dec), 2025","Wyra, Municipality",71.5,21.41,0.15,1423.0,6.0,6.0,96.876437349904,Anomaly,52,High
India,Telangana,"Calendar Year (Jan - Dec), 2025","Jalapally, Municipality",82.69,24.67,0.2,1639.0,8.0,8.0,96.41826180227412,Anomaly,53,High
India,Maharashtra,"Calendar Year (Jan - Dec), 2025",Nagpur Municipal Corporation,7018.77,653.27,566.76,33087.0,31933.0,25871.0,95.67717996169529,Anomaly,54,High
India,Arunachal Pradesh,"Calendar Year (Jan - Dec), 2025","Kalaktang, Town Panchayat",0.26,0.09,0.04,4.0,,,94.93704631080954,Anomaly,55,High
India,Uttar Pradesh,"Calendar Year (Jan - Dec), 2025","Firozabad, Municipal Corporation",1709.6,651.58,580.79,43035.0,36018.0,34431.0,94.67712104564362,Anomaly,56,High
India,Uttar Pradesh,"Calendar Year (Jan - Dec), 2025",Agra Municipal Corporation,2261.27,651.0,616.25,37907.0,35139.0,34931.0,94.27163326956457,Anomaly,57,High
India,Maharashtra,"Calendar Year (Jan - Dec), 2025","Solapur, Municipal Corporation",3281.12,694.61,478.15,43198.0,37142.0,25970.0,93.87716112554148,Anomaly,58,High
India,Andhra Pradesh,"Calendar Year (Jan - Dec), 2025",Nellore Development Authority,1900.38,755.13,515.3,50302.0,48094.0,15555.0,92.32028502496559,Anomaly,59,High
India,Maharashtra,"Calendar Year (Jan - Dec), 2025","Ajara, Town Panchayat",0.46,0.1,,7.0,,,91.83250438274746,Anomaly,60,High
India,Bihar,"Calendar Year (Jan - Dec), 2025","Madhuban, Town Panchayat",0.07,0.03,0.03,2.0,2.0,2.0,91.31825774321663,Anomaly,61,High
India,Uttar Pradesh,"Calendar Year (Jan - Dec), 2025","Mathura, Municipal Corporation",1886.98,606.14,562.49,38423.0,34594.0,33612.0,90.93588912165882,Anomaly,62,High
India,Maharashtra,"Calendar Year (Jan - Dec), 2025",Vasai-Virar Municipal Corporation,5638.85,688.16,669.34,30611.0,30429.0,23929.0,90.63425865424159,Anomaly,63,High
India,Jharkhand,"Calendar Year (Jan - Dec), 2025",Kolhan Regional Development Authority,0.14,0.02,0.02,2.0,2.0,2.0,90.33733798469837,Anomaly,64,High
India,Himachal Pradesh,"Calendar Year (Jan - Dec), 2025",Ghumarwin Planning Area,0.12,0.04,0.04,2.0,2.0,2.0,90.24094716894581,Anomaly,65,High
India,Madhya Pradesh,"Calendar Year (Jan - Dec), 2025",Bhopal Municipal Corporation,4215.34,660.58,742.45,30809.0,30609.0,27476.0,90.22176537967977,Anomaly,66,High
India,Telangana,"Calendar Year (Jan - Dec), 2025","Amarchinta, Municipality",0.14,0.04,0.04,2.0,2.0,2.0,89.91189546404104,Anomaly,67,High
India,Jammu And Kashmir,"Calendar Year (Jan - Dec), 2025","Gulmarg, Municipality",0.16,0.03,0.03,2.0,2.0,2.0,89.80322334592137,Anomaly,68,High
India,Tamil Nadu,"Calendar Year (Jan - Dec), 2025","Highways, Town Panchayat",0.15,0.04,0.04,2.0,2.0,2.0,89.75111849943653,Anomaly,69,High
India,West Bengal,"Calendar Year (Jan - Dec), 2025",Kolkata Municipal Corporation,4681.63,673.5,658.91,29787.0,29067.0,27792.0,89.69367973728419,Anomaly,70,High
India,Telangana,"Calendar Year (Jan - Dec), 2025","Mothkur, Municipality",0.17,0.04,0.04,2.0,2.0,2.0,89.43680344641933,Anomaly,71,High
India,West Bengal,"Calendar Year (Jan - Dec), 2025",Bakreswar Development Authority,0.22,0.04,0.04,2.0,2.0,2.0,88.69099153039667,Anomaly,72,High
India,Rajasthan,"Calendar Year (Jan - Dec), 2025","Mawali, Municipality",0.39,0.09,0.04,6.0,,,88.54132228866143,Anomaly,73,High
India,Himachal Pradesh,"Calendar Year (Jan - Dec), 2025","Cantonment Board, Sabathu",0.24,0.04,0.04,2.0,2.0,2.0,88.40771230054503,Anomaly,74,High
India,Maharashtra,"Calendar Year (Jan - Dec), 2025","Mokhada, Town Panchayat",0.32,0.05,0.05,2.0,2.0,2.0,87.14418618988873,Anomaly,75,High
India,Goa,"Calendar Year (Jan - Dec), 2025",Mormugao Planning And Development Authority,0.36,0.05,0.05,2.0,2.0,2.0,86.65868588008198,Anomaly,76,High
India,Tamil Nadu,"Calendar Year (Jan - Dec), 2025",Coimbatore Municipal Corporation,2371.37,564.07,573.05,32530.0,32525.0,31578.0,86.60632496512994,Anomaly,77,High
India,Goa,"Calendar Year (Jan - Dec), 2025",North Goa Planning And Development Authority,0.39,0.05,0.05,2.0,2.0,2.0,86.31164015355074,Anomaly,78,High
India,Maharashtra,"Calendar Year (Jan - Dec), 2025","Navi Mumbai, Municipal Corporation",6169.15,555.65,453.73,28083.0,27731.0,24671.0,85.73557777768343,Anomaly,79,High
India,Goa,"Calendar Year (Jan - Dec), 2025",Greater Panaji Planning Development Authority,0.49,0.05,0.05,2.0,2.0,2.0,85.2505123738718,Anomaly,80,High
India,Andhra Pradesh,"Calendar Year (Jan - Dec), 2025",Ongole Development Authority,1402.37,585.54,444.66,39034.0,38743.0,24358.0,83.25754927213137,Anomaly,81,High
India,Tripura,"Calendar Year (Jan - Dec), 2025","Agartala, Municipality",1266.27,582.37,537.36,34604.0,33933.0,29634.0,82.79145902454871,Anomaly,82,High
India,Maharashtra,"Calendar Year (Jan - Dec), 2025","Panchgani, Municipality",0.44,0.11,0.21,7.0,1.0,1.0,82.71889248708601,Anomaly,83,High
India,Uttar Pradesh,"Calendar Year (Jan - Dec), 2025","Mirzapur-Cum-Vindhyachal,",1288.25,522.11,463.16,34767.0,32129.0,31340.0,81.58803550032212,Anomaly,84,High
India,Uttar Pradesh,"Calendar Year (Jan - Dec), 2025","Gorakhpur, Municipal Corporation",1588.87,530.98,488.63,34134.0,30628.0,30101.0,80.95605252651313,Anomaly,85,High
India,Tamil Nadu,"Calendar Year (Jan - Dec), 2025","Brahmana Periya Agraharam, Municipal Corporation",0.17,0.04,0.04,3.0,3.0,3.0,80.46276734909179,Anomaly,86,High
India,Uttarakhand,"Calendar Year (Jan - Dec), 2025","Didihat, Municipality",0.2,0.07,0.05,4.0,3.0,2.0,80.39176214234163,Anomaly,87,High
India,Telangana,"Calendar Year (Jan - Dec), 2025","Toopran, Municipality",26.96,8.08,0.04,538.0,2.0,2.0,80.33941949029673,Anomaly,88,High
India,Telangana,"Calendar Year (Jan - Dec), 2025","Sulthanabad, Municipality",54.28,16.16,0.17,1073.0,7.0,7.0,79.93711059183283,Anomaly,89,High
India,Sikkim,"Calendar Year (Jan - Dec), 2025","Rangpo, Town Panchayat",0.17,0.06,0.12,3.0,3.0,3.0,79.53683280142093,Anomaly,90,High
India,Andhra Pradesh,"Calendar Year (Jan - Dec), 2025",Chittor Development Authority,1205.26,532.16,438.9,35475.0,35263.0,25316.0,78.59233637175043,Anomaly,91,High
India,Karnataka,"Calendar Year (Jan - Dec), 2025","Gokak Falls, Municipality",0.28,0.07,0.07,3.0,3.0,3.0,78.17279399810332,Anomaly,92,High
India,Gujarat,"Calendar Year (Jan - Dec), 2025","Saputara, Municipality",0.3,0.08,0.08,3.0,3.0,3.0,77.69505098058272,Anomaly,93,High
India,Gujarat,"Calendar Year (Jan - Dec), 2025",Shamalaji Development Authority,0.3,0.08,0.08,3.0,3.0,3.0,77.69505098058272,Anomaly,94,High
India,Maharashtra,"Calendar Year (Jan - Dec), 2025","Tirthapuri, Town Panchayat",72.59,16.93,,1129.0,331.0,2.0,76.94802973980575,Anomaly,95,High
India,Uttarakhand,"Calendar Year (Jan - Dec), 2025","Banbasa, Town Panchayat",0.37,0.07,0.08,3.0,3.0,3.0,76.90858865954993,Anomaly,96,High
India,Tamil Nadu,"Calendar Year (Jan - Dec), 2025","Meenambakkam, Municipal",0.43,0.05,0.05,3.0,3.0,3.0,76.71630868266533,Anomaly,97,High
India,Himachal Pradesh,"Calendar Year (Jan - Dec), 2025",Yol Cantonment Board,0.42,0.07,0.07,3.0,3.0,3.0,76.40280372429214,Anomaly,98,High
India,Uttar Pradesh,"Calendar Year (Jan - Dec), 2025",Mughalsarai Railway Settlement (Its),0.42,0.07,0.07,3.0,3.0,3.0,76.40280372429214,Anomaly,99,High
India,Tamil Nadu,"Calendar Year (Jan - Dec), 2025",Madurai Municipal Corporation,1641.31,482.65,464.94,29821.0,29821.0,28714.0,76.28109400022026,Anomaly,100,High
India,Telangana,"Calendar Year (Jan - Dec), 2025","Nakrekal, Municipality",56.69,16.93,0.19,1125.0,9.0,9.0,75.87028402311523,Anomaly,101,High
India,Haryana,"Calendar Year (Jan - Dec), 2025","Hassan Pur, Municipality",0.51,0.05,0.05,3.0,3.0,3.0,75.85749327098301,Anomaly,102,High
India,Uttarakhand,"Calendar Year (Jan - Dec), 2025","Ghansali, Town Panchayat",0.48,0.08,0.08,3.0,3.0,3.0,75.53304277174573,Anomaly,103,High
India,Gujarat,"Calendar Year (Jan - Dec), 2025","Jamnagar, Municipal Corporation",2641.33,567.36,546.62,25846.0,25522.0,25496.0,74.93036235711344,Anomaly,104,High
India,Maharashtra,"Calendar Year (Jan - Dec), 2025",Aurangabad Municipal Corporation,3765.51,619.98,429.72,30614.0,24464.0,18080.0,74.01193781897496,Anomaly,105,High
India,Karnataka,"Calendar Year (Jan - Dec), 2025","Ajjampura, Town Panchayat",0.4,0.12,,8.0,8.0,7.0,73.31474964607224,Anomaly,106,High
India,Sikkim,"Calendar Year (Jan - Dec), 2025","Jorethang, Town Panchayat",0.21,0.08,0.46,5.0,5.0,2.0,72.74736668441108,Anomaly,107,High
India,Arunachal Pradesh,"Calendar Year (Jan - Dec), 2025","Kharsang, Town Panchayat",1.04,0.36,,16.0,4.0,,72.13606482196121,Anomaly,108,High
India,West Bengal,"Calendar Year (Jan - Dec), 2025",Uluberia,1195.47,437.61,358.95,29077.0,29077.0,29076.0,71.87458595796932,Anomaly,109,High
India,Rajasthan,"Calendar Year (Jan - Dec), 2025","Khatushyamji, Town Panchayat",0.28,0.09,0.11,6.0,5.0,2.0,71.81672378209566,Anomaly,110,High
India,Maharashtra,"Calendar Year (Jan - Dec), 2025","Mahabaleshwar, Municipality",0.37,0.06,0.21,4.0,4.0,3.0,71.70560985977608,Anomaly,111,High
India,Chhattisgarh,"Calendar Year (Jan - Dec), 2025","Marwahi, Town Panchayat",0.78,0.3,0.12,20.0,1.0,,71.15858651000508,Anomaly,112,High
India,Jharkhand,"Calendar Year (Jan - Dec), 2025",Ranchi Municipal Corporation,2528.59,589.2,442.75,33875.0,21932.0,19178.0,70.6298364464742,Anomaly,113,High
India,Telangana,"Calendar Year (Jan - Dec), 2025","Chandur, Municipality",25.92,7.74,0.06,515.0,3.0,3.0,70.5680886361622,Anomaly,114,High
India,Rajasthan,"Calendar Year (Jan - Dec), 2025","Chawand, Municipality",0.82,0.34,,23.0,,,69.37007153407887,Anomaly,115,High
India,Madhya Pradesh,"Calendar Year (Jan - Dec), 2025",Jabalpur Municipal Corporation,1998.77,466.65,533.85,26449.0,26093.0,21870.0,68.50612817591963,Anomaly,116,High
India,Jammu And Kashmir,"Calendar Year (Jan - Dec), 2025","Cantonment Board, Badami Bagh",0.48,0.09,0.09,4.0,4.0,4.0,68.45585842567681,Anomaly,117,High
India,Himachal Pradesh,"Calendar Year (Jan - Dec), 2025",Amb-Gagret Planning Area,0.5,0.09,0.09,4.0,4.0,4.0,68.2370144838547,Anomaly,118,High
India,Uttarakhand,"Calendar Year (Jan - Dec), 2025","Cantonment Board, Lansdowne",0.57,0.08,0.08,4.0,4.0,4.0,67.7248985471175,Anomaly,119,High
India,Rajasthan,"Calendar Year (Jan - Dec), 2025","Khandar, Town Panchayat",1.04,0.24,0.1,16.0,,,67.56747180554123,Anomaly,120,High
India,Maharashtra,"Calendar Year (Jan - Dec), 2025","Angar, Town Panchayat",33.8,7.6,,507.0,328.0,1.0,66.71230438466165,Anomaly,121,High
India,Telangana,"Calendar Year (Jan - Dec), 2025","Narsapur, Municipality",22.97,6.84,0.06,455.0,3.0,3.0,66.43055761942384,Anomaly,122,High
India,Arunachal Pradesh,"Calendar Year (Jan - Dec), 2025","Bordumsa, Town Panchayat",0.65,0.23,0.09,10.0,5.0,,66.35966564087903,Anomaly,123,High
India,Uttar Pradesh,"Calendar Year (Jan - Dec), 2025","Swamibagh, Town Panchayat",0.67,0.11,0.11,4.0,4.0,4.0,66.16927729442966,Anomaly,124,High
India,Uttar Pradesh,"Calendar Year (Jan - Dec), 2025",Meerut Municipal Corporation,1854.2,463.98,426.68,27018.0,23855.0,22841.0,66.16589789304965,Anomaly,125,High
India,Himachal Pradesh,"Calendar Year (Jan - Dec), 2025","Kotkhai, Town Panchayat",0.43,0.08,0.08,5.0,5.0,4.0,65.8063108818468,Anomaly,126,High
India,Chhattisgarh,"Calendar Year (Jan - Dec), 2025","Patna, Town Panchayat",0.82,0.32,0.13,21.0,,,65.75273956228841,Anomaly,127,High
India,Tamil Nadu,"Calendar Year (Jan - Dec), 2025","Kattivakkam, Municipality",0.84,0.08,0.08,4.0,4.0,4.0,65.44497182585764,Anomaly,128,High
India,Bihar,"Calendar Year (Jan - Dec), 2025","Asthawan, Town Panchayat",56.42,13.02,5.21,868.0,1.0,,65.07495886847408,Anomaly,129,High
India,Telangana,"Calendar Year (Jan - Dec), 2025","Manthani, Municipality",21.71,6.48,0.04,432.0,3.0,3.0,65.01086635206781,Anomaly,130,High
India,Chhattisgarh,"Calendar Year (Jan - Dec), 2025","Dadhi, Town Panchayat",0.84,0.33,0.13,22.0,,,64.98879407274609,Anomaly,131,High
India,Maharashtra,"Calendar Year (Jan - Dec), 2025","Ghugus, Municipality",1.36,0.32,,21.0,,,64.95286607238535,Anomaly,132,High
India,Rajasthan,"Calendar Year (Jan - Dec), 2025","Ramgarh Pachwara, Municipality",1.09,0.38,,25.0,,,64.75434758832887,Anomaly,133,High
India,Chhattisgarh,"Calendar Year (Jan - Dec), 2025","Indouri, Town Panchayat",0.88,0.34,0.14,23.0,,,63.890272922982376,Anomaly,134,High
India,Bihar,"Calendar Year (Jan - Dec), 2025","Goraul, Town Panchayat",52.98,12.22,4.89,815.0,1.0,,63.23169864765538,Anomaly,135,High
India,Telangana,"Calendar Year (Jan - Dec), 2025","Choppandandi, Municipality",32.53,9.73,0.13,646.0,6.0,6.0,62.70457293355486,Anomaly,136,High
India,Uttarakhand,"Calendar Year (Jan - Dec), 2025","Garud, Town Panchayat",0.58,0.21,0.05,12.0,8.0,,62.506890750449884,Anomaly,137,High
India,Karnataka,"Calendar Year (Jan - Dec), 2025","Kagawada, Town Panchayat",1.27,0.39,,26.0,,,62.400751918696926,Anomaly,138,High
India,Himachal Pradesh,"Calendar Year (Jan - Dec), 2025","Dera Gopipur, Municipality",1.04,0.34,0.05,15.0,2.0,2.0,62.22930720017047,Anomaly,139,High
India,Andhra Pradesh,"Calendar Year (Jan - Dec), 2025",Tirupathi Development Authority,986.8,445.05,382.85,29660.0,29505.0,17351.0,62.05559948906023,Anomaly,140,High
India,Gujarat,"Calendar Year (Jan - Dec), 2025",Surat Development Authroity,2072.89,416.14,354.15,24293.0,21472.0,21322.0,60.82989084890045,Anomaly,141,High
India,Gujarat,"Calendar Year (Jan - Dec), 2025","Bhavnagar, Municipal Corporation",2039.62,418.51,403.05,21784.0,21739.0,21667.0,60.4790310335506,Anomaly,142,High
India,Maharashtra,"Calendar Year (Jan - Dec), 2025","Kasai- Dodamarg, Town Panchayat",0.68,0.13,0.13,5.0,5.0,5.0,60.19907312608922,Anomaly,143,High
India,Rajasthan,"Calendar Year (Jan - Dec), 2025","Baggar, Town Panchayat",0.37,0.09,0.09,6.0,6.0,6.0,60.05706650574757,Anomaly,144,High
India,Tamil Nadu,"Calendar Year (Jan - Dec), 2025","Salem, Municipal Corporation",1115.68,380.56,374.38,24302.0,24250.0,23232.0,59.854519173316135,Anomaly,145,High
India,Madhya Pradesh,"Calendar Year (Jan - Dec), 2025","Ujjain, Municipal Corporation",1604.37,419.63,421.01,22325.0,22258.0,21614.0,59.39581797452672,Anomaly,146,High
India,Arunachal Pradesh,"Calendar Year (Jan - Dec), 2025","Hayuliang, Town Panchayat",1.04,0.36,0.13,16.0,4.0,,58.825076786830834,Anomaly,147,High
India,Telangana,"Calendar Year (Jan - Dec), 2025","Alampur, Municipality",17.9,5.29,0.06,352.0,3.0,3.0,58.75315197593318,Anomaly,148,High
India,Sikkim,"Calendar Year (Jan - Dec), 2025","Singtam, Town Panchayat",0.98,0.11,0.11,5.0,5.0,5.0,58.32314504168437,Anomaly,149,High
India,Telangana,"Calendar Year (Jan - Dec), 2025","Haliya, Municipality",40.76,11.98,0.25,792.0,10.0,10.0,57.667058132793386,Anomaly,150,High
India,Chhattisgarh,"Calendar Year (Jan - Dec), 2025","Sarsiwan, Town Panchayat",1.21,0.47,0.19,31.0,2.0,,57.61721553117661,Anomaly,151,High
India,Chhattisgarh,"Calendar Year (Jan - Dec), 2025","Pawni, Town Panchayat",1.01,0.39,0.16,26.0,3.0,,57.556402934961966,Anomaly,152,High
India,Telangana,"Calendar Year (Jan - Dec), 2025","Kyathanpally, Municipality",32.15,9.44,0.18,624.0,7.0,7.0,57.486039264501414,Anomaly,153,High
India,Himachal Pradesh,"Calendar Year (Jan - Dec), 2025",Nadaun Planning Area,0.53,0.14,0.14,6.0,6.0,6.0,57.0552515732997,Anomaly,154,High
India,Uttar Pradesh,"Calendar Year (Jan - Dec), 2025","Saharanpur, Municipal Corporation",1012.56,367.92,346.78,24070.0,22751.0,22168.0,56.63090867455122,Anomaly,155,High
India,Telangana,"Calendar Year (Jan - Dec), 2025","Parkal, Municipality",105.42,29.85,2.65,1983.0,515.0,16.0,56.25405407102306,Anomaly,156,High
India,Rajasthan,"Calendar Year (Jan - Dec), 2025",Jodhpur Municipal Corporation South,1761.79,431.68,395.84,24335.0,24185.0,13170.0,55.01911401400332,Anomaly,157,High
India,Telangana,"Calendar Year (Jan - Dec), 2025","Chennur, Municipality",50.32,14.09,1.89,937.0,304.0,4.0,54.95107939403738,Anomaly,158,High
India,Andhra Pradesh,"Calendar Year (Jan - Dec), 2025",Bobbili Development,870.34,384.91,281.59,25661.0,25179.0,18633.0,54.67005482086529,Anomaly,159,High
India,Rajasthan,"Calendar Year (Jan - Dec), 2025","Borawar, Town Panchayat",0.65,0.23,0.09,15.0,15.0,,54.56589295477244,Anomaly,160,High
India,Andhra Pradesh,"Calendar Year (Jan - Dec), 2025","Kadapa, Municipal Corporation",1587.09,409.71,372.21,26483.0,25660.0,11018.0,54.238703664176626,Anomaly,161,High
India,Telangana,"Calendar Year (Jan - Dec), 2025","Raikal, Municipality",22.68,6.72,0.12,445.0,5.0,5.0,53.98022129782976,Anomaly,162,High
India,Maharashtra,"Calendar Year (Jan - Dec), 2025","Badlapur, Municipality",2798.37,427.84,406.7,18196.0,17347.0,15898.0,53.789461132387885,Anomaly,163,High
India,Maharashtra,"Calendar Year (Jan - Dec), 2025","Godhani, Town Panchayat",2.02,0.47,,31.0,,,53.773043931584766,Anomaly,164,High
India,Andhra Pradesh,"Calendar Year (Jan - Dec), 2025",Machilipatnam Development Authority,922.77,389.54,393.08,25968.0,25825.0,13811.0,53.09724716329765,Anomaly,165,High
India,Maharashtra,"Calendar Year (Jan - Dec), 2025","Palghar, Municipality",2484.47,419.98,420.84,17176.0,17176.0,17170.0,53.031356729056256,Anomaly,166,High
India,Maharashtra,"Calendar Year (Jan - Dec), 2025","Malegaon Budruk, Town Panchayat",2.15,0.49,,33.0,,,52.07503994717234,Anomaly,167,High
India,Rajasthan,"Calendar Year (Jan - Dec), 2025","Tinwari, Town Panchayat",1.89,0.43,0.21,29.0,,,52.054998368363385,Anomaly,168,High
India,Uttar Pradesh,"Calendar Year (Jan - Dec), 2025","Moradabad, Municipal Corporation",1128.61,354.21,323.67,22459.0,20680.0,20034.0,52.04582102473654,Anomaly,169,High
India,Andhra Pradesh,"Calendar Year (Jan - Dec), 2025","Kakinada, Municipal Corporation",1409.61,461.75,386.75,29533.0,20630.0,8857.0,51.59784864518775,Anomaly,170,High
India,Tamil Nadu,"Calendar Year (Jan - Dec), 2025","Chinnasekkadu, Municipality",0.71,0.14,0.14,7.0,7.0,7.0,51.52105320113725,Anomaly,171,High
India,Himachal Pradesh,"Calendar Year (Jan - Dec), 2025","Dalhousie, Municipality",1.24,0.39,0.06,19.0,6.0,2.0,51.438757670809935,Anomaly,172,High
India,Arunachal Pradesh,"Calendar Year (Jan - Dec), 2025","Chayangtajo, Town Panchayat",2.02,0.7,,31.0,,,51.07391618523462,Anomaly,173,High
India,Uttarakhand,"Calendar Year (Jan - Dec), 2025","Bhel Ranipur, Municipality",0.79,0.14,0.14,7.0,7.0,7.0,50.81875353789462,Anomaly,174,High
India,Chhattisgarh,"Calendar Year (Jan - Dec), 2025","Ghumka, Town Panchayat",1.48,0.57,0.23,38.0,,,50.669902490997345,Anomaly,175,High
India,Chhattisgarh,"Calendar Year (Jan - Dec), 2025","Bhinbhouree, Town Panchayat",1.49,0.58,0.23,39.0,,,50.30569204589938,Anomaly,176,High
India,Rajasthan,"Calendar Year (Jan - Dec), 2025","Malakheda, Municipality",0.48,0.17,0.07,11.0,10.0,6.0,49.76099236916161,Anomaly,177,High
India,Himachal Pradesh,"Calendar Year (Jan - Dec), 2025","Cantonment Board, Kasauli",0.96,0.15,0.15,7.0,7.0,7.0,49.312333092260815,Anomaly,178,High
India,Assam,"Calendar Year (Jan - Dec), 2025","Chapakhowa, Town Panchayat",0.31,0.15,0.11,10.0,10.0,9.0,49.201093924736824,Anomaly,179,High
India,Andhra Pradesh,"Calendar Year (Jan - Dec), 2025","Kurnool, Municipal Corporation",1583.76,411.1,230.96,25938.0,16404.0,15966.0,49.10135342790386,Anomaly,180,High
India,Bihar,"Calendar Year (Jan - Dec), 2025","Kopa, Town Panchayat",1.3,0.3,0.12,20.0,9.0,,48.9697250061717,Anomaly,181,High
India,Telangana,"Calendar Year (Jan - Dec), 2025","Bheemgal, Municipality",11.45,3.43,0.07,227.0,3.0,3.0,48.40025406606446,Anomaly,182,High
India,Goa,"Calendar Year (Jan - Dec), 2025","Valpoi, Municipality",1.19,0.16,0.26,7.0,7.0,6.0,48.33361103183972,Anomaly,183,High
India,Goa,"Calendar Year (Jan - Dec), 2025","Sanguem, Municipality",1.08,0.16,0.17,7.0,7.0,7.0,48.24048611112295,Anomaly,184,High
India,Maharashtra,"Calendar Year (Jan - Dec), 2025","Kandri Kanhan Nagar Panchayat, Town Panchayat",2.47,0.57,,38.0,,,47.86389634945067,Anomaly,185,High
India,Telangana,"Calendar Year (Jan - Dec), 2025","Jawaharnagar, Municipal Corporation",36.35,10.43,0.31,687.0,12.0,12.0,47.43713918979341,Anomaly,186,High
India,Karnataka,"Calendar Year (Jan - Dec), 2025","Shahabad Acc, Town Panchayat",0.79,0.16,0.16,8.0,8.0,8.0,47.21718426012325,Anomaly,187,High
India,Telangana,"Calendar Year (Jan - Dec), 2025","Amangal, Municipality",21.25,6.23,0.15,411.0,6.0,6.0,47.2056375483229,Anomaly,188,High
India,Himachal Pradesh,"Calendar Year (Jan - Dec), 2025","Manali, Municipality",1.35,0.15,0.15,7.0,7.0,7.0,47.07823174684148,Anomaly,189,High
India,Rajasthan,"Calendar Year (Jan - Dec), 2025","Hindoli, Municipality",2.34,0.54,0.22,36.0,,,46.696958170159974,Anomaly,190,High
India,Rajasthan,"Calendar Year (Jan - Dec), 2025","Dalot, Town Panchayat",4.49,1.54,0.21,103.0,1.0,,46.45585818227454,Anomaly,191,High
India,Tamil Nadu,"Calendar Year (Jan - Dec), 2025","Harveypatti, Municipal Corporation",1.46,0.16,0.16,7.0,7.0,7.0,46.38617386998982,Anomaly,192,High
India,Uttar Pradesh,"Calendar Year (Jan - Dec), 2025",Prayagraj Municipal Corporation,1298.78,359.47,289.25,22445.0,17350.0,16244.0,46.341099062971296,Anomaly,193,High
India,Telangana,"Calendar Year (Jan - Dec), 2025","Maripeda, Municipality",30.46,8.89,0.25,586.0,10.0,10.0,46.19103769073888,Anomaly,194,High
India,Himachal Pradesh,"Calendar Year (Jan - Dec), 2025","Banjar, Town Panchayat",0.68,0.14,0.14,9.0,9.0,9.0,45.90175543145659,Anomaly,195,High
India,Andhra Pradesh,"Calendar Year (Jan - Dec), 2025",Kakinadai Development Authority (Kauda),876.76,331.51,287.33,21901.0,21894.0,15241.0,45.74791564146699,Anomaly,196,High
India,Rajasthan,"Calendar Year (Jan - Dec), 2025","Baseri, Town Panchayat",0.32,0.18,0.07,12.0,11.0,11.0,45.557311113397475,Anomaly,197,High
India,Rajasthan,"Calendar Year (Jan - Dec), 2025","Semari, Town Panchayat",2.04,0.79,0.08,53.0,,,45.334244892112,Anomaly,198,High
India,Rajasthan,"Calendar Year (Jan - Dec), 2025","Napasar, Town Panchayat",2.47,0.57,0.23,38.0,,,45.267586119170005,Anomaly,199,High
India,Puducherry,"Calendar Year (Jan - Dec), 2025",Puducherry Development Authority,48.72,10.44,,464.0,4.0,,44.61523547948434,Anomaly,200,High
India,Andhra Pradesh,"Calendar Year (Jan - Dec), 2025",Rajahmendravaram Development Authority,857.12,361.26,230.5,24051.0,23437.0,11739.0,44.5874344601736,Anomaly,201,High
India,Andhra Pradesh,"Calendar Year (Jan - Dec), 2025","Bethamcherla, Town Panchayat",37.91,8.68,3.59,576.0,9.0,9.0,44.40491565937003,Anomaly,202,High
India,Andhra Pradesh,"Calendar Year (Jan - Dec), 2025","Vizianagaram, Municipal Corporation",1231.49,350.57,333.67,21464.0,20752.0,11771.0,44.36365963861061,Anomaly,203,High
India,Uttar Pradesh,"Calendar Year (Jan - Dec), 2025","Bareilly, Municipal Corporation",1325.95,354.41,280.28,22103.0,16227.0,15302.0,44.29697198048075,Anomaly,204,High
India,Karnataka,"Calendar Year (Jan - Dec), 2025","Yaragatti, Town Panchayat",1.26,0.39,,26.0,21.0,10.0,44.28315121566226,Anomaly,205,High
India,Telangana,"Calendar Year (Jan - Dec), 2025","Waddepalle, Municipality",23.98,7.02,0.18,464.0,8.0,8.0,44.10743313401497,Anomaly,206,High
India,Jharkhand,"Calendar Year (Jan - Dec), 2025","Bachra, Town Panchayat",0.4,0.17,0.5,11.0,11.0,9.0,43.984743584555474,Anomaly,207,High
India,Gujarat,"Calendar Year (Jan - Dec), 2025","Gandhinagar, Municipal Corporation",2008.73,344.39,334.12,15525.0,15267.0,14997.0,43.6768695905015,Anomaly,208,High
India,Bihar,"Calendar Year (Jan - Dec), 2025","Hata, Town Panchayat",32.89,7.59,3.04,506.0,2.0,,43.580806866652324,Anomaly,209,High
India,Madhya Pradesh,"Calendar Year (Jan - Dec), 2025",Gwalior Municipal Corporation,1520.31,337.66,344.14,16538.0,16437.0,16005.0,43.53120955240303,Anomaly,210,High
India,Sikkim,"Calendar Year (Jan - Dec), 2025","Mangan, Town Panchayat",0.35,0.21,0.12,13.0,13.0,10.0,43.53091613377421,Anomaly,211,High
India,Madhya Pradesh,"Calendar Year (Jan - Dec), 2025","Sagar, Municipal Corporation",978.5,329.7,307.54,18983.0,18527.0,16659.0,43.51359478173572,Anomaly,212,High
India,Uttar Pradesh,"Calendar Year (Jan - Dec), 2025","Hastinapur, Town Panchayat",0.84,0.2,0.14,12.0,8.0,8.0,43.11256847570297,Anomaly,213,High
India,Bihar,"Calendar Year (Jan - Dec), 2025","Jankinagar, Town Panchayat",89.18,20.58,8.23,1372.0,11.0,,42.85467079611192,Anomaly,214,High
India,Arunachal Pradesh,"Calendar Year (Jan - Dec), 2025","Ruksin, Town Panchayat",2.67,0.92,,41.0,,,42.48093475259259,Anomaly,215,High
India,Madhya Pradesh,"Calendar Year (Jan - Dec), 2025","Chhindwara, Municipal Corporation",893.13,290.41,277.24,18677.0,18185.0,17384.0,42.08598787234672,Anomaly,216,High
India,Himachal Pradesh,"Calendar Year (Jan - Dec), 2025","Narkanda, Town Panchayat",0.75,0.23,0.13,13.0,9.0,9.0,41.30374722538846,Anomaly,217,High
India,Kerala,"Calendar Year (Jan - Dec), 2025","Cantonment Board, Cannanore",1.22,0.2,0.2,9.0,9.0,9.0,40.63095085923544,Anomaly,218,High
India,Uttarakhand,"Calendar Year (Jan - Dec), 2025","Dogadda, Municipality",0.53,0.18,0.16,12.0,12.0,12.0,40.582119665446726,Anomaly,219,High
India,Chhattisgarh,"Calendar Year (Jan - Dec), 2025","Nariyara, Town Panchayat",2.14,0.82,0.33,55.0,,,40.54469878641726,Anomaly,220,High
India,Andhra Pradesh,"Calendar Year (Jan - Dec), 2025","Rajahmundry, Municipal Corporation",1171.0,319.06,195.42,20255.0,19457.0,13408.0,40.48511148208382,Anomaly,221,High
India,Uttar Pradesh,"Calendar Year (Jan - Dec), 2025",Kanpur Municipal Corporation,1377.48,321.31,286.03,18487.0,15594.0,14534.0,40.46608647729727,Anomaly,222,High
India,Tamil Nadu,"Calendar Year (Jan - Dec), 2025","Shenbakkam, Municipal Corporation",0.9,0.22,0.22,10.0,10.0,10.0,39.94649955264538,Anomaly,223,High
India,Kerala,"Calendar Year (Jan - Dec), 2025",Thiruvananthapuram Municipal Corporation,1147.58,309.19,282.45,17818.0,17106.0,14602.0,39.63282355742615,Anomaly,224,High
India,Rajasthan,"Calendar Year (Jan - Dec), 2025","Rishabhdeo, Town Panchayat",1.18,0.41,0.17,27.0,22.0,,39.6160125753575,Anomaly,225,High
India,Gujarat,"Calendar Year (Jan - Dec), 2025",Alang Development Authority,1.4,0.21,0.21,9.0,9.0,9.0,39.5114557088919,Anomaly,226,High
India,Telangana,"Calendar Year (Jan - Dec), 2025","Adibatla, Municipality",30.73,8.96,0.34,588.0,13.0,13.0,39.35885161188946,Anomaly,227,High
India,Andhra Pradesh,"Calendar Year (Jan - Dec), 2025","Eluru, Municipal Corporation",944.27,318.79,386.3,20882.0,20030.0,6268.0,39.22259224455547,Anomaly,228,High
India,Madhya Pradesh,"Calendar Year (Jan - Dec), 2025","Dewas, Municipal Corporation",979.27,317.67,293.0,16751.0,16189.0,15796.0,38.977912012816034,Anomaly,229,High
India,Telangana,"Calendar Year (Jan - Dec), 2025","Thukkuguda, Municipality",26.3,7.56,0.25,498.0,11.0,11.0,38.60244558165175,Anomaly,230,High
India,Andhra Pradesh,"Calendar Year (Jan - Dec), 2025","Tirupati, Municipal Corporation",861.0,329.32,303.05,21356.0,21133.0,6102.0,38.600478153480594,Anomaly,231,High
India,Maharashtra,"Calendar Year (Jan - Dec), 2025","Ulhasnagar, Municipal Corporation",1089.28,87.06,13.65,5449.0,555.0,555.0,38.57107161542643,Anomaly,232,High
India,Uttar Pradesh,"Calendar Year (Jan - Dec), 2025","Lalitpur, Municipality",668.18,281.03,261.02,18650.0,17047.0,16160.0,38.54453799620791,Anomaly,233,High
India,Telangana,"Calendar Year (Jan - Dec), 2025","Alair, Municipality",19.87,5.87,0.19,387.0,8.0,8.0,38.39090576899309,Anomaly,234,High
India,Karnataka,"Calendar Year (Jan - Dec), 2025","Mysuru, Municipal Corporation",1708.07,310.71,226.28,18295.0,16961.0,10825.0,38.3265899515074,Anomaly,235,High
India,Uttarakhand,"Calendar Year (Jan - Dec), 2025","Satpuli, Town Panchayat",0.57,0.2,0.19,13.0,13.0,13.0,37.946677224667326,Anomaly,236,High
India,Arunachal Pradesh,"Calendar Year (Jan - Dec), 2025","Pangin, Town Panchayat",2.36,0.78,0.34,35.0,9.0,2.0,37.579009295283925,Anomaly,237,High
India,Telangana,"Calendar Year (Jan - Dec), 2025","Narayankhed, Municipality",1.86,0.23,0.23,9.0,9.0,9.0,37.37887854808179,Anomaly,238,High
India,Andhra Pradesh,"Calendar Year (Jan - Dec), 2025","Machilipatnam, Municipal Corporation",862.45,313.74,308.08,20657.0,20407.0,5561.0,37.34954988950432,Anomaly,239,High
India,Uttarakhand,"Calendar Year (Jan - Dec), 2025","Cantonment Board, Almora",2.17,0.19,0.19,9.0,9.0,9.0,37.34419038026914,Anomaly,240,High
India,Gujarat,"Calendar Year (Jan - Dec), 2025","Vapi, Municipal Corporation",1508.81,328.25,321.4,14156.0,13736.0,13702.0,37.31427767166491,Anomaly,241,High
India,Maharashtra,"Calendar Year (Jan - Dec), 2025","Hatkanangale., Town Panchayat",4.03,0.93,,62.0,9.0,,37.2279988129597,Anomaly,242,High
India,Karnataka,"Calendar Year (Jan - Dec), 2025","Hunasamaranahalli, Town Panchayat",0.68,0.21,0.04,14.0,14.0,13.0,37.22270910556517,Anomaly,243,High
India,Telangana,"Calendar Year (Jan - Dec), 2025","Ieeja, Municipality",55.92,16.26,3.21,1075.0,93.0,13.0,37.16916710100145,Anomaly,244,High
India,Telangana,"Calendar Year (Jan - Dec), 2025","Dharmapuri, Municipality",11.66,3.5,0.13,230.0,5.0,5.0,37.16879457228322,Anomaly,245,High
India,Gujarat,"Calendar Year (Jan - Dec), 2025",Ahmedabad Development Authroity,1092.91,277.34,208.19,18466.0,16225.0,14699.0,37.0777809535042,Anomaly,246,High
India,Rajasthan,"Calendar Year (Jan - Dec), 2025",Jaipur Development Authority,0.83,0.34,7.53,22.0,22.0,19.0,36.87114748451819,Anomaly,247,High
India,Telangana,"Calendar Year (Jan - Dec), 2025","Wardhannapet, Municipality",37.86,11.24,0.44,740.0,20.0,20.0,36.84702114405144,Anomaly,248,High
India,Uttar Pradesh,"Calendar Year (Jan - Dec), 2025",Greater Noida Development Authority,2436.98,278.5,278.5,12068.0,12068.0,12068.0,36.77785031169532,Anomaly,249,High
India,Karnataka,"Calendar Year (Jan - Dec), 2025","Rattihalli, Town Panchayat",1.27,0.39,,26.0,26.0,21.0,36.75568112395388,Anomaly,250,High
India,Telangana,"Calendar Year (Jan - Dec), 2025","Warangal, Municipal Corporation",1879.49,415.28,122.87,25560.0,7356.0,6650.0,36.6574541251797,Anomaly,251,High
India,Chhattisgarh,"Calendar Year (Jan - Dec), 2025","Rohansi, Town Panchayat",1.45,0.57,0.23,38.0,14.0,,36.42267049496763,Anomaly,252,High
India,Andhra Pradesh,"Calendar Year (Jan - Dec), 2025","Penukonda, Town Panchayat",6.32,1.43,0.62,93.0,3.0,3.0,36.405297939992295,Anomaly,253,High
India,Karnataka,"Calendar Year (Jan - Dec), 2025","Hubli-Dharwad, Municipal Corporation",1466.05,320.72,236.45,17485.0,14988.0,11603.0,36.016898351898135,Anomaly,254,High
India,Telangana,"Calendar Year (Jan - Dec), 2025","Yadagirigutta, Municipality",1.34,0.25,0.24,11.0,10.0,10.0,35.80681614412322,Anomaly,255,High
India,Andhra Pradesh,"Calendar Year (Jan - Dec), 2025","Anantapur, Municipal Corporation",944.93,298.7,320.76,19462.0,18358.0,7298.0,35.27113289615039,Anomaly,256,Moderate
India,Karnataka,"Calendar Year (Jan - Dec), 2025","Ankalagi, Town Panchayat",2.44,0.75,,50.0,31.0,7.0,35.21478527675828,Anomaly,257,Moderate
India,Maharashtra,"Calendar Year (Jan - Dec), 2025","Ambarnath, Municipality",1914.45,305.46,293.66,14021.0,14021.0,9898.0,35.15900858386465,Anomaly,258,Moderate
India,Haryana,"Calendar Year (Jan - Dec), 2025","Gurugram, Municipal Corporation",2098.46,270.26,266.84,12509.0,12301.0,12146.0,34.975465378425554,Anomaly,259,Moderate
India,Bihar,"Calendar Year (Jan - Dec), 2025","Ekangarsarai, Town Panchayat",2.28,0.52,0.21,35.0,12.0,,34.79707641092432,Anomaly,260,Moderate
India,Madhya Pradesh,"Calendar Year (Jan - Dec), 2025","Burhanpur, Municipal Corporation",682.88,253.53,265.95,16406.0,16067.0,15145.0,34.79539158108071,Anomaly,261,Moderate
India,Rajasthan,"Calendar Year (Jan - Dec), 2025","Raniwada, Town Panchayat",14.17,3.6,0.33,240.0,33.0,2.0,34.371124123339484,Anomaly,262,Moderate
India,Telangana,"Calendar Year (Jan - Dec), 2025","Thumkunta, Municipality",1.88,0.26,0.26,10.0,10.0,10.0,34.21995294866639,Anomaly,263,Moderate
India,Telangana,"Calendar Year (Jan - Dec), 2025","Pochampally, Municipality",1.36,0.3,0.19,16.0,9.0,9.0,34.1996167805288,Anomaly,264,Moderate
India,Tamil Nadu,"Calendar Year (Jan - Dec), 2025",Tiruchirappalli Municipal Corporation,863.56,256.88,254.19,15602.0,15602.0,14707.0,34.04972804419043,Anomaly,265,Moderate
India,Gujarat,"Calendar Year (Jan - Dec), 2025","Mahesana, Municipal Corporation",1471.83,306.49,302.48,12976.0,12794.0,12706.0,33.98762869278744,Anomaly,266,Moderate
India,Tamil Nadu,"Calendar Year (Jan - Dec), 2025","Tiruppur, Municipal Corporation",901.31,252.17,251.98,15632.0,15611.0,14466.0,33.87164106991685,Anomaly,267,Moderate
India,Rajasthan,"Calendar Year (Jan - Dec), 2025","Reni, Municipality",6.32,1.7,0.29,113.0,36.0,1.0,33.82506742243777,Anomaly,268,Moderate
India,Himachal Pradesh,"Calendar Year (Jan - Dec), 2025",Kasauli Special Area,1.41,0.26,0.26,11.0,11.0,11.0,33.825037713758775,Anomaly,269,Moderate
India,Jharkhand,"Calendar Year (Jan - Dec), 2025",Dhanbad Municipal Corporation,1049.69,279.51,255.23,16102.0,14483.0,13383.0,33.61299003739845,Anomaly,270,Moderate
India,Maharashtra,"Calendar Year (Jan - Dec), 2025",Pune Metropolitan Region Development Authority,2077.55,166.28,40.86,10704.0,3183.0,1029.0,33.48142055211099,Anomaly,271,Moderate
India,Chhattisgarh,"Calendar Year (Jan - Dec), 2025","Pamgarh, Town Panchayat",2.76,1.06,0.43,71.0,,,33.33247727076275,Anomaly,272,Moderate
India,Jharkhand,"Calendar Year (Jan - Dec), 2025","Deoghar, Municipal Corporation",702.56,259.78,226.94,17170.0,16701.0,13116.0,32.9928306164648,Anomaly,273,Moderate
India,Bihar,"Calendar Year (Jan - Dec), 2025","Pipra, Town Panchayat",42.12,9.72,3.89,648.0,6.0,,32.838024031481496,Anomaly,274,Moderate
India,Telangana,"Calendar Year (Jan - Dec), 2025","Khanapuram, Municipality",41.25,12.01,0.58,788.0,26.0,26.0,32.44440476184343,Anomaly,275,Moderate
India,Gujarat,"Calendar Year (Jan - Dec), 2025","Morbi, Municipal Corporation",1142.93,307.92,304.72,13064.0,12813.0,12803.0,32.22318480855023,Anomaly,276,Moderate
India,Tamil Nadu,"Calendar Year (Jan - Dec), 2025","Nandambakkam, Municipal Corporation",1.86,0.25,0.25,11.0,11.0,11.0,32.20468873937472,Anomaly,277,Moderate
India,Arunachal Pradesh,"Calendar Year (Jan - Dec), 2025","Tawang, Town Panchayat",1.02,0.27,0.22,16.0,12.0,12.0,32.1534717085089,Anomaly,278,Moderate
India,Uttarakhand,"Calendar Year (Jan - Dec), 2025","Badrinathpuri, Town Panchayat",1.46,0.25,0.25,12.0,12.0,12.0,31.786000938388497,Anomaly,279,Moderate
India,Madhya Pradesh,"Calendar Year (Jan - Dec), 2025","Devri, Town Panchayat",3.59,1.0,0.4,67.0,,,31.72416857898486,Anomaly,280,Moderate
India,Andhra Pradesh,"Calendar Year (Jan - Dec), 2025","Nandyal, Municipality",1066.17,265.28,186.4,17352.0,13365.0,13108.0,31.655752290055034,Anomaly,281,Moderate
India,Maharashtra,"Calendar Year (Jan - Dec), 2025","Jalgaon, Municipal Corporation",1435.93,288.94,289.37,12301.0,12101.0,12061.0,31.6482984954863,Anomaly,282,Moderate
India,Rajasthan,"Calendar Year (Jan - Dec), 2025","Paota, Town Panchayat",6.5,1.5,0.6,100.0,3.0,,31.621936579341252,Anomaly,283,Moderate
India,Himachal Pradesh,"Calendar Year (Jan - Dec), 2025","Jubbal, Town Panchayat",1.05,0.28,0.28,14.0,14.0,13.0,30.92228049283426,Anomaly,284,Moderate
India,Uttar Pradesh,"Calendar Year (Jan - Dec), 2025","Cantonment Board, Fatehgarh",1.2,0.29,0.29,13.0,13.0,13.0,30.736336400056416,Anomaly,285,Moderate
India,Gujarat,"Calendar Year (Jan - Dec), 2025","Panoli, Municipality",0.98,0.29,0.29,14.0,14.0,14.0,30.70563241323009,Anomaly,286,Moderate
India,Goa,"Calendar Year (Jan - Dec), 2025","Pernem, Municipality",2.38,0.27,0.28,11.0,11.0,11.0,30.438922618801257,Anomaly,287,Moderate
India,Maharashtra,"Calendar Year (Jan - Dec), 2025","Karjat, Municipality",1836.78,265.36,263.55,13335.0,11384.0,9018.0,30.23014032421281,Anomaly,288,Moderate
India,Gujarat,"Calendar Year (Jan - Dec), 2025","Alang-Sosiya, Municipality",1.24,0.32,0.32,13.0,13.0,13.0,30.00080289571048,Anomaly,289,Moderate
India,Andhra Pradesh,"Calendar Year (Jan - Dec), 2025","Ongole, Municipal Corporation",1096.47,353.61,209.54,23017.0,7563.0,5984.0,29.92604325210442,Anomaly,290,Moderate
India,Uttar Pradesh,"Calendar Year (Jan - Dec), 2025",Kanpur Development Authority,975.71,213.84,184.09,14256.0,14256.0,14256.0,29.89809978429605,Anomaly,291,Moderate
India,Gujarat,"Calendar Year (Jan - Dec), 2025","Valia, Municipality",1.4,0.28,0.28,13.0,13.0,13.0,29.772868611202455,Anomaly,292,Moderate
India,Kerala,"Calendar Year (Jan - Dec), 2025",Kochi Municipal Corporation,979.8,258.02,232.47,14508.0,13714.0,12450.0,29.671979874276644,Anomaly,293,Moderate
India,Haryana,"Calendar Year (Jan - Dec), 2025","Ateli, Municipality",1.05,0.34,0.24,21.0,13.0,11.0,29.522626745400316,Anomaly,294,Moderate
India,Telangana,"Calendar Year (Jan - Dec), 2025","Dornakal, Municipality",21.42,6.2,0.32,404.0,12.0,12.0,29.469343619628432,Anomaly,295,Moderate
India,Uttarakhand,"Calendar Year (Jan - Dec), 2025","Muni Ki Reti, Municipality",1.55,0.29,0.29,13.0,13.0,13.0,28.878527263779745,Anomaly,296,Moderate
India,Arunachal Pradesh,"Calendar Year (Jan - Dec), 2025","Tato, Town Panchayat",3.83,1.33,0.53,59.0,,,28.680670738652225,Anomaly,297,Moderate
India,Karnataka,"Calendar Year (Jan - Dec), 2025","Manaki, Town Panchayat",2.15,0.66,0.26,44.0,42.0,3.0,28.563478451528454,Anomaly,298,Moderate
India,Bihar,"Calendar Year (Jan - Dec), 2025","Fatehpur, Town Panchayat",42.64,9.84,3.94,656.0,8.0,,28.473852648387776,Anomaly,299,Moderate
India,Uttarakhand,"Calendar Year (Jan - Dec), 2025","Narendranagar, Municipality",1.85,0.25,0.25,13.0,13.0,13.0,28.43008359366081,Anomaly,300,Moderate
India,Odisha,"Calendar Year (Jan - Dec), 2025","Hirakud, Municipal Corporation",1.12,0.37,0.37,14.0,14.0,14.0,28.429429880408577,Anomaly,301,Moderate
India,Rajasthan,"Calendar Year (Jan - Dec), 2025","Kherwara, Municipality",1.74,0.6,0.24,40.0,38.0,,28.309031831526454,Anomaly,302,Moderate
India,Haryana,"Calendar Year (Jan - Dec), 2025","Jagadhri, Municipal Corporation",216.85,52.54,5.45,3394.0,255.0,255.0,28.23203494291755,Anomaly,303,Moderate
India,Delhi,"Calendar Year (Jan - Dec), 2025","South Delhi Municipal Corporation, Municipal Corporation",1922.7,229.92,229.92,10108.0,10108.0,10108.0,27.8150261542836,Anomaly,304,Moderate
India,Karnataka,"Calendar Year (Jan - Dec), 2025","Bogadi, Town Panchayat",1.81,0.56,,37.0,30.0,26.0,27.574430344762675,Anomaly,305,Moderate
India,Andhra Pradesh,"Calendar Year (Jan - Dec), 2025","Proddatur, Municipality",761.27,238.67,242.28,15754.0,15444.0,3345.0,27.517823121754304,Anomaly,306,Moderate
India,Uttar Pradesh,"Calendar Year (Jan - Dec), 2025","Jhansi, Municipal Corporation",914.74,251.49,207.66,15631.0,12180.0,11516.0,27.171360334960184,Anomaly,307,Moderate
India,Chhattisgarh,"Calendar Year (Jan - Dec), 2025","Bilaspur, Municipal Corporation",893.21,241.05,244.13,14151.0,12785.0,11517.0,27.143047926048155,Anomaly,308,Moderate
India,Maharashtra,"Calendar Year (Jan - Dec), 2025","Amravati, Municipal Corporation",1301.26,246.56,211.27,13357.0,12147.0,10424.0,27.00745348307504,Anomaly,309,Moderate
India,Maharashtra,"Calendar Year (Jan - Dec), 2025","Bhiwandi Nizampur, Municipal Corporation",1826.05,238.63,220.58,10975.0,10656.0,8380.0,26.296358091660352,Anomaly,310,Moderate
India,Bihar,"Calendar Year (Jan - Dec), 2025","Parbalpur, Town Panchayat",2.99,0.69,0.28,46.0,17.0,,26.29607149123825,Anomaly,311,Moderate
India,Maharashtra,"Calendar Year (Jan - Dec), 2025","Dhanki, Town Panchayat",41.64,9.11,,607.0,173.0,14.0,26.216000686868313,Anomaly,312,Moderate
India,Maharashtra,"Calendar Year (Jan - Dec), 2025","Ahmadnagar, Municipal Corporation",1396.98,251.35,257.24,10483.0,10394.0,10390.0,26.177477649623427,Anomaly,313,Moderate
India,Bihar,"Calendar Year (Jan - Dec), 2025","Nalanda, Town Panchayat",37.7,8.7,3.48,580.0,8.0,,25.941826527744695,Anomaly,314,Moderate
India,Gujarat,"Calendar Year (Jan - Dec), 2025","Anklesvar, Municipality",1289.08,257.14,256.07,10557.0,10500.0,10484.0,25.748326932021712,Anomaly,315,Moderate
India,Tamil Nadu,"Calendar Year (Jan - Dec), 2025","Courtalam, Town Panchayat",1.13,0.3,0.28,17.0,17.0,17.0,25.672078849738227,Anomaly,316,Moderate
India,Chhattisgarh,"Calendar Year (Jan - Dec), 2025","Jarhagaon, Town Panchayat",3.66,1.41,0.56,94.0,,,25.556514413847026,Anomaly,317,Moderate
India,Telangana,"Calendar Year (Jan - Dec), 2025","Cantonment Board, Secunderabad",1918.79,214.85,213.31,9407.0,9304.0,9304.0,25.54992646974921,Anomaly,318,Moderate
India,Maharashtra,"Calendar Year (Jan - Dec), 2025","Wadagaon, Town Panchayat",1.69,0.36,0.36,14.0,14.0,14.0,25.526621151294194,Anomaly,319,Moderate
India,West Bengal,"Calendar Year (Jan - Dec), 2025","Nabadiganta Industrial Township, Municipality",3.03,0.28,0.28,13.0,13.0,13.0,25.428053932816567,Anomaly,320,Moderate
India,Gujarat,"Calendar Year (Jan - Dec), 2025","Junagadh, Municipal Corporation",1073.0,260.48,258.53,10996.0,10912.0,10877.0,25.29472340150903,Anomaly,321,Moderate
India,Bihar,"Calendar Year (Jan - Dec), 2025","Kurtha, Town Panchayat",2.73,0.63,0.25,42.0,27.0,,25.226513190803075,Anomaly,322,Moderate
India,Karnataka,"Calendar Year (Jan - Dec), 2025","Ramanahalli, Town Panchayat",2.05,0.63,,42.0,40.0,23.0,25.213354115883988,Anomaly,323,Moderate
India,Bihar,"Calendar Year (Jan - Dec), 2025","Bharwara, Town Panchayat",52.39,12.09,4.84,806.0,13.0,,25.117866827478167,Anomaly,324,Moderate
India,Chhattisgarh,"Calendar Year (Jan - Dec), 2025","Banki Mongra, Municipality",2.02,0.78,0.32,52.0,26.0,,25.090312050059936,Anomaly,325,Moderate
India,Maharashtra,"Calendar Year (Jan - Dec), 2025","Kamptee, Cantonment Board",1.5,0.35,0.35,15.0,15.0,15.0,25.05062183092275,Anomaly,326,Moderate
India,Telangana,"Calendar Year (Jan - Dec), 2025","Manuguru, Municipality",70.04,20.76,1.44,1384.0,80.0,80.0,24.87030424591046,Anomaly,327,Moderate
India,Andhra Pradesh,"Calendar Year (Jan - Dec), 2025","Gudivada, Municipality",875.93,233.28,134.49,15386.0,13213.0,10857.0,24.85450257364687,Anomaly,328,Moderate
India,Rajasthan,"Calendar Year (Jan - Dec), 2025","Aspur, Municipality",4.23,1.46,,97.0,,,24.79593803813492,Anomaly,329,Moderate
India,Madhya Pradesh,"Calendar Year (Jan - Dec), 2025","Bakho, Town Panchayat",5.09,1.43,0.37,95.0,,,24.610128378703507,Anomaly,330,Moderate
India,Andhra Pradesh,"Calendar Year (Jan - Dec), 2025","Dharmavaram, Municipality",706.72,237.17,243.09,15783.0,14644.0,5523.0,24.437404385474963,Anomaly,331,Moderate
India,Arunachal Pradesh,"Calendar Year (Jan - Dec), 2025","Rupa, Town Panchayat",4.49,1.55,0.61,69.0,,,24.35701545033544,Anomaly,332,Moderate
India,Bihar,"Calendar Year (Jan - Dec), 2025","Sarmera, Town Panchayat",8.78,2.02,0.81,135.0,51.0,2.0,24.336641556464656,Anomaly,333,Moderate
India,Bihar,"Calendar Year (Jan - Dec), 2025","Sour Bazar, Town Panchayat",72.47,16.73,6.69,1115.0,22.0,,24.28908336880579,Anomaly,334,Moderate
India,Haryana,"Calendar Year (Jan - Dec), 2025",Faridabad Municipal Corporation,1656.94,219.2,217.77,9621.0,9466.0,9338.0,24.246013291558484,Anomaly,335,Moderate
India,Rajasthan,"Calendar Year (Jan - Dec), 2025",Jodhpur Development Authority,514.12,97.68,82.59,6512.0,6512.0,544.0,24.18020152490641,Anomaly,336,Moderate
India,Rajasthan,"Calendar Year (Jan - Dec), 2025","Bhilwara, Municipality",1041.22,242.53,227.15,11626.0,11460.0,10394.0,24.06556787423159,Anomaly,337,Moderate
India,Rajasthan,"Calendar Year (Jan - Dec), 2025","Govindgarh, Town Panchayat",3.1,0.75,0.31,50.0,7.0,7.0,24.056786267282178,Anomaly,338,Moderate
India,Punjab,"Calendar Year (Jan - Dec), 2025","Cantonment Board, Firozpur",1.38,0.37,0.37,16.0,16.0,16.0,24.036918995208623,Anomaly,339,Moderate
India,Telangana,"Calendar Year (Jan - Dec), 2025","Pocharam, Municipality",2.15,0.36,0.36,14.0,14.0,14.0,23.99214459785611,Anomaly,340,Moderate
India,Punjab,"Calendar Year (Jan - Dec), 2025","Jalandhar, Municipal Corporation",866.01,244.87,204.25,13587.0,12573.0,9522.0,23.539607792364734,Anomaly,341,Moderate
India,Maharashtra,"Calendar Year (Jan - Dec), 2025","Warud, Municipality",3.13,0.6,,40.0,36.0,21.0,23.501993200893537,Anomaly,342,Moderate
India,Uttarakhand,"Calendar Year (Jan - Dec), 2025","Cantonment Board, Roorkee",1.92,0.34,0.34,15.0,15.0,15.0,23.49877637441267,Anomaly,343,Moderate
India,Gujarat,"Calendar Year (Jan - Dec), 2025","Anjar, Municipality",865.1,260.88,260.33,10701.0,10695.0,10667.0,23.471664552145683,Anomaly,344,Moderate
India,Telangana,"Calendar Year (Jan - Dec), 2025","Nandikonda, Municipality",4.8,1.44,,96.0,,,23.471182301269494,Anomaly,345,Moderate
India,Bihar,"Calendar Year (Jan - Dec), 2025","Tajpur, Municipality",71.63,16.53,6.61,1102.0,23.0,,23.208806891755785,Anomaly,346,Moderate
India,Arunachal Pradesh,"Calendar Year (Jan - Dec), 2025","Lemmi, Town Panchayat",5.26,1.82,,81.0,17.0,,23.172826304826856,Anomaly,347,Moderate
India,Assam,"Calendar Year (Jan - Dec), 2025","Bokakhat Tc, Town Panchayat",4.68,1.62,0.65,72.0,,,23.055110647826496,Anomaly,348,Moderate
India,Goa,"Calendar Year (Jan - Dec), 2025","Cuncolim, Municipality",2.84,0.35,0.36,14.0,14.0,14.0,22.702108052016,Anomaly,349,Moderate
India,Gujarat,"Calendar Year (Jan - Dec), 2025","Vasna Borsad, Municipality",1.91,0.4,0.4,15.0,15.0,15.0,22.622567942873502,Anomaly,350,Moderate
India,Rajasthan,"Calendar Year (Jan - Dec), 2025","Dei, Town Panchayat",5.79,1.33,0.53,89.0,,,22.568712231288885,Anomaly,351,Moderate
India,Maharashtra,"Calendar Year (Jan - Dec), 2025","Khandala, Town Panchayat",487.48,62.43,10.11,3969.0,616.0,466.0,22.547134449801717,Anomaly,352,Moderate
India,Tamil Nadu,"Calendar Year (Jan - Dec), 2025","Kancheepuram, Municipal Corporation",1040.76,188.41,177.25,11421.0,11421.0,11328.0,22.489195979834278,Anomaly,353,Moderate
India,Karnataka,"Calendar Year (Jan - Dec), 2025","Tikota, Town Panchayat",2.0,0.61,,41.0,41.0,36.0,22.465120951883705,Anomaly,354,Moderate
India,Madhya Pradesh,"Calendar Year (Jan - Dec), 2025",Sagar Cantonment Board,1.28,0.36,0.36,18.0,18.0,18.0,22.454551650926874,Anomaly,355,Moderate
India,Maharashtra,"Calendar Year (Jan - Dec), 2025",Kirkee Cantonment Board,3.43,0.34,0.34,14.0,14.0,14.0,22.29995163060653,Anomaly,356,Moderate
India,Tamil Nadu,"Calendar Year (Jan - Dec), 2025","Thiruvallur, Municipality",635.9,211.86,188.31,13104.0,13102.0,10489.0,22.204647800591943,Anomaly,357,Moderate
India,Bihar,"Calendar Year (Jan - Dec), 2025","Ramgarh, Town Panchayat",11.05,2.55,1.02,170.0,5.0,,22.19333456605574,Anomaly,358,Moderate
India,Uttar Pradesh,"Calendar Year (Jan - Dec), 2025","Loni, Municipality",911.36,243.84,194.5,14915.0,9550.0,9348.0,22.154308742641945,Anomaly,359,Moderate
India,Maharashtra,"Calendar Year (Jan - Dec), 2025","Pali, Town Panchayat",5.98,1.38,,92.0,,,21.84946309124706,Anomaly,360,Moderate
India,Karnataka,"Calendar Year (Jan - Dec), 2025","Koppa, Town Panchayat",1.3,0.35,0.26,21.0,21.0,17.0,21.81129329817412,Anomaly,361,Moderate
India,Uttar Pradesh,"Calendar Year (Jan - Dec), 2025","Shahjahanpur, Municipal Corporation",801.89,245.78,157.47,16193.0,9887.0,9334.0,21.731065357253442,Anomaly,362,Moderate
India,Andhra Pradesh,"Calendar Year (Jan - Dec), 2025","Kondapalli, Municipality",5.98,1.38,0.55,92.0,,,21.673922966103646,Anomaly,363,Moderate
India,Rajasthan,"Calendar Year (Jan - Dec), 2025",Udaipur Development Authority,20.48,4.72,1.89,315.0,6.0,,21.5973481111227,Anomaly,364,Moderate
India,Assam,"Calendar Year (Jan - Dec), 2025","Tezpur, Municipality",423.15,207.29,164.79,13756.0,13756.0,9723.0,21.258727620486923,Anomaly,365,Moderate
India,Telangana,"Calendar Year (Jan - Dec), 2025","Kollapur, Municipality",56.75,15.59,3.98,1025.0,277.0,27.0,21.184417015419683,Anomaly,366,Moderate
India,Rajasthan,"Calendar Year (Jan - Dec), 2025",Ramgarh (Alwar),6.11,1.41,0.56,94.0,,,21.145572957233185,Anomaly,367,Moderate
India,Telangana,"Calendar Year (Jan - Dec), 2025","Ramayampet, Municipality",16.67,4.77,0.31,310.0,13.0,13.0,21.14080692825587,Anomaly,368,Moderate
India,Karnataka,"Calendar Year (Jan - Dec), 2025","Kalaburagi, Municipal Corporation",886.36,246.59,205.48,12533.0,10120.0,9425.0,21.13886812722427,Anomaly,369,Moderate
India,Andhra Pradesh,"Calendar Year (Jan - Dec), 2025","Bhimavaram, Municipality",820.26,229.99,132.51,15206.0,11229.0,9275.0,21.043346423630453,Anomaly,370,Moderate
India,Maharashtra,"Calendar Year (Jan - Dec), 2025","Chakan, Municipality",1455.49,173.49,48.74,10292.0,2276.0,1970.0,21.02475654797422,Anomaly,371,Moderate
India,Himachal Pradesh,"Calendar Year (Jan - Dec), 2025",Anni Nagar Panchayat,1.56,0.38,0.31,25.0,25.0,12.0,20.876867676904055,Anomaly,372,Moderate
India,Punjab,"Calendar Year (Jan - Dec), 2025","Baba Bakala, Town Panchayat",6.17,1.43,0.57,95.0,,,20.813327256706486,Anomaly,373,Moderate
India,Chhattisgarh,"Calendar Year (Jan - Dec), 2025","Bhilai Nagar, Municipal Corporation",633.96,203.38,193.58,12626.0,12175.0,10227.0,20.764859872701948,Anomaly,374,Moderate
India,Bihar,"Calendar Year (Jan - Dec), 2025","Punpun, Town Panchayat",23.2,5.36,2.14,357.0,7.0,,20.61159461356334,Anomaly,375,Moderate
India,Uttar Pradesh,"Calendar Year (Jan - Dec), 2025","Kushinagar, Municipality",464.79,181.62,176.6,12079.0,11883.0,11707.0,20.434188494219256,Anomaly,376,Moderate
India,Rajasthan,"Calendar Year (Jan - Dec), 2025","Nawa, Town Panchayat",1.33,0.38,0.35,20.0,20.0,19.0,20.42143497205916,Anomaly,377,Moderate
India,Bihar,"Calendar Year (Jan - Dec), 2025","Jokihat, Town Panchayat",17.09,3.94,1.58,263.0,6.0,,20.344005087446533,Anomaly,378,Moderate
India,Puducherry,"Calendar Year (Jan - Dec), 2025","Puducherry, Municipality",853.0,200.28,181.96,12516.0,12235.0,8876.0,20.277820559411623,Anomaly,379,Moderate
India,Himachal Pradesh,"Calendar Year (Jan - Dec), 2025","Bhuntar, Town Panchayat",1.48,0.35,0.29,21.0,19.0,19.0,20.16057555259573,Anomaly,380,Moderate
India,Telangana,"Calendar Year (Jan - Dec), 2025","Vemulawada, Municipality",133.04,35.67,5.2,2321.0,898.0,126.0,20.134107054087963,Anomaly,381,Moderate
India,Andhra Pradesh,"Calendar Year (Jan - Dec), 2025",West Goavari Urban Development Authority,435.78,200.82,136.63,13369.0,13369.0,10037.0,20.09684876448688,Anomaly,382,Moderate
India,Punjab,"Calendar Year (Jan - Dec), 2025",Ludhiana Municipal Corporation,916.99,227.16,216.57,11075.0,10557.0,8744.0,19.96820518241276,Anomaly,383,Moderate
India,Bihar,"Calendar Year (Jan - Dec), 2025","Kamtaul Ahiyari, Town Panchayat",57.14,13.18,5.27,879.0,20.0,,19.960833252548014,Anomaly,384,Moderate
India,Tamil Nadu,"Calendar Year (Jan - Dec), 2025","Erode, Municipal Corporation",723.19,175.51,212.29,11028.0,11028.0,10822.0,19.945421018854915,Anomaly,385,Moderate
India,Jharkhand,"Calendar Year (Jan - Dec), 2025",Jamshedpur Municipal Corporation,1219.89,213.63,124.08,13065.0,10545.0,3473.0,19.930335434269466,Anomaly,386,Moderate
India,Telangana,"Calendar Year (Jan - Dec), 2025","Thirumalagiri, Municipality",2.43,0.4,0.4,16.0,16.0,16.0,19.79347809391544,Anomaly,387,Moderate
India,Andhra Pradesh,"Calendar Year (Jan - Dec), 2025","Adoni, Municipality",701.24,220.56,129.2,14605.0,11305.0,9405.0,19.75095664347856,Anomaly,388,Moderate
India,Sikkim,"Calendar Year (Jan - Dec), 2025","Nayabazar, Town Panchayat",1.69,0.4,0.4,18.0,18.0,18.0,19.714078531702114,Anomaly,389,Moderate
India,Puducherry,"Calendar Year (Jan - Dec), 2025","Kurumbapet, Town Panchayat",1.81,0.37,0.37,18.0,18.0,18.0,19.67638041744209,Anomaly,390,Moderate
India,Bihar,"Calendar Year (Jan - Dec), 2025","Simrahi, Town Panchayat",43.16,9.96,3.98,664.0,14.0,,19.674959009101713,Anomaly,391,Moderate
India,Manipur,"Calendar Year (Jan - Dec), 2025","Imphal, Municipal Corporation",449.27,236.48,134.21,14967.0,13429.0,3702.0,19.52924300395381,Anomaly,392,Moderate
India,Rajasthan,"Calendar Year (Jan - Dec), 2025","Kasba Bansur, Town Panchayat",1.82,0.51,0.2,34.0,17.0,12.0,19.518062951043248,Anomaly,393,Moderate
India,Maharashtra,"Calendar Year (Jan - Dec), 2025","Guhaghar, Town Panchayat",1.49,0.37,0.21,21.0,21.0,21.0,19.50816655696957,Anomaly,394,Moderate
India,Karnataka,"Calendar Year (Jan - Dec), 2025","Kadakola, Town Panchayat",2.44,0.75,,50.0,35.0,34.0,19.42259467444984,Anomaly,395,Moderate
India,Rajasthan,"Calendar Year (Jan - Dec), 2025","Udaipur, Municipal Corporation",937.86,204.26,181.5,11086.0,10991.0,9094.0,19.29577404918831,Anomaly,396,Moderate
India,Odisha,"Calendar Year (Jan - Dec), 2025","Nuapada, Town Panchayat",6.57,1.51,,101.0,,,19.282376737102084,Anomaly,397,Moderate
India,Maharashtra,"Calendar Year (Jan - Dec), 2025","Kolhapur, Municipal Corporation",1319.57,200.04,195.75,8773.0,8730.0,8456.0,19.2430046219759,Anomaly,398,Moderate
India,Karnataka,"Calendar Year (Jan - Dec), 2025","Chikkabanavara, Town Panchayat",1.36,0.42,0.08,28.0,28.0,19.0,19.207268640256814,Anomaly,399,Moderate
India,Tamil Nadu,"Calendar Year (Jan - Dec), 2025","Suriyampalayam, Municipal",2.25,0.39,0.39,17.0,17.0,17.0,19.104336579355788,Anomaly,400,Moderate
India,Punjab,"Calendar Year (Jan - Dec), 2025","Fatehgarh Panjtur, Town Panchayat",2.86,0.87,0.33,58.0,36.0,5.0,18.842712246975793,Anomaly,401,Moderate
India,Goa,"Calendar Year (Jan - Dec), 2025","Canacona, Municipality",3.26,0.38,0.4,16.0,16.0,16.0,18.692145676755388,Anomaly,402,Moderate
India,Chhattisgarh,"Calendar Year (Jan - Dec), 2025","Rajnandgaon, Municipal Corporation",512.87,186.15,172.69,11789.0,11535.0,10561.0,18.655791685798476,Anomaly,403,Moderate
India,Maharashtra,"Calendar Year (Jan - Dec), 2025","Mira-Bhayandar, Municipal Corporation",1685.16,173.32,173.32,7172.0,7172.0,7172.0,18.468944380784308,Anomaly,404,Moderate
India,Bihar,"Calendar Year (Jan - Dec), 2025","Nauhatta, Town Panchayat",92.04,21.24,8.5,1416.0,45.0,,18.394080069997074,Anomaly,405,Moderate
India,Delhi,"Calendar Year (Jan - Dec), 2025",New Delhi Municipal Council,1468.36,182.47,182.47,7842.0,7842.0,7842.0,18.289415138169375,Anomaly,406,Moderate
India,Maharashtra,"Calendar Year (Jan - Dec), 2025","Nanded-Waghala, Municipal Corporation",887.45,185.12,153.77,10877.0,10718.0,9624.0,17.989394323416207,Anomaly,407,Moderate
India,Bihar,"Calendar Year (Jan - Dec), 2025","Tribeniganj, Municipality",105.82,24.42,9.77,1628.0,58.0,,17.903325574006487,Anomaly,408,Moderate
India,Bihar,"Calendar Year (Jan - Dec), 2025","Gaya, Municipal Corporation",682.84,217.01,159.75,12207.0,10870.0,9094.0,17.900768441693288,Anomaly,409,Moderate
India,Karnataka,"Calendar Year (Jan - Dec), 2025","Srirampura, Town Panchayat",2.44,0.75,,50.0,43.0,39.0,17.89155700594381,Anomaly,410,Moderate
India,Uttarakhand,"Calendar Year (Jan - Dec), 2025","Cantonment Board, Chakram",2.09,0.43,0.43,18.0,18.0,18.0,17.813913330080823,Anomaly,411,Moderate
India,Tamil Nadu,"Calendar Year (Jan - Dec), 2025","Tiruttani, Municipality",726.83,173.8,150.11,11521.0,11497.0,9821.0,17.780299386533443,Anomaly,412,Moderate
India,Karnataka,"Calendar Year (Jan - Dec), 2025","Bellary, Municipal Corporation",797.78,212.0,144.31,13622.0,10118.0,8126.0,17.583295259813667,Anomaly,413,Moderate
India,Madhya Pradesh,"Calendar Year (Jan - Dec), 2025","Khurai, Municipality",465.94,170.98,162.42,11362.0,11360.0,10444.0,17.37985190893778,Anomaly,414,Moderate
India,Maharashtra,"Calendar Year (Jan - Dec), 2025","Wanadongri, Municipality",65.57,7.63,6.75,509.0,440.0,27.0,17.23026823155169,Anomaly,415,Moderate
India,Andhra Pradesh,"Calendar Year (Jan - Dec), 2025","Srikakulam, Municipal Corporation",561.43,197.23,178.57,12715.0,12292.0,7251.0,17.209444599856567,Anomaly,416,Moderate
India,Uttar Pradesh,"Calendar Year (Jan - Dec), 2025","Bhadohi, Municipality",472.43,175.84,164.91,11700.0,10563.0,10485.0,17.15890606874973,Anomaly,417,Moderate
India,Uttar Pradesh,"Calendar Year (Jan - Dec), 2025","Orai, Municipality",480.32,180.96,164.72,12020.0,10445.0,10276.0,17.15187636735277,Anomaly,418,Moderate
India,Rajasthan,"Calendar Year (Jan - Dec), 2025","Reengus, Town Panchayat",1.96,0.41,0.54,22.0,21.0,15.0,17.14662402218022,Anomaly,419,Moderate
India,Goa,"Calendar Year (Jan - Dec), 2025","Quepem, Municipality",3.27,0.41,0.41,17.0,17.0,17.0,17.03300911278984,Anomaly,420,Moderate
India,Bihar,"Calendar Year (Jan - Dec), 2025","Rohtas, Town Panchayat",32.5,7.5,3.0,500.0,12.0,,17.028684200386863,Anomaly,421,Moderate
India,Uttar Pradesh,"Calendar Year (Jan - Dec), 2025","Derwa Bazar, Town Panchayat",67.51,16.06,3.74,1071.0,67.0,64.0,17.020897326945317,Anomaly,422,Moderate
India,Uttar Pradesh,"Calendar Year (Jan - Dec), 2025","Jaunpur, Municipality",455.47,182.25,165.5,12025.0,10864.0,9832.0,16.99576048253749,Anomaly,423,Moderate
India,Tamil Nadu,"Calendar Year (Jan - Dec), 2025","Tirunelveli, Municipal Corporation",674.73,182.17,185.83,10740.0,10740.0,9266.0,16.921379969366797,Anomaly,424,Moderate
India,Uttar Pradesh,"Calendar Year (Jan - Dec), 2025",Roza Nagar Panchayat,1.03,0.41,0.4,27.0,27.0,27.0,16.790922644493264,Anomaly,425,Moderate
India,Bihar,"Calendar Year (Jan - Dec), 2025","Udakishunganj, Municipality",257.79,59.49,23.8,3966.0,310.0,,16.771830099306328,Anomaly,426,Moderate
India,Uttar Pradesh,"Calendar Year (Jan - Dec), 2025","Ayodhya, Municipal Corporation",444.21,173.58,166.46,11329.0,10626.0,10296.0,16.702164915056244,Anomaly,427,Moderate
India,Andhra Pradesh,"Calendar Year (Jan - Dec), 2025","Kamalapuram, Town Panchayat",5.71,1.28,0.62,81.0,8.0,8.0,16.47310731868356,Anomaly,428,Moderate
India,Maharashtra,"Calendar Year (Jan - Dec), 2025","Shirur Kasar, Town Panchayat",42.87,12.12,9.27,791.0,124.0,30.0,16.354688793780667,Anomaly,429,Moderate
India,Karnataka,"Calendar Year (Jan - Dec), 2025","Madanayakanahalli, Municipality",1.46,0.45,0.07,30.0,29.0,25.0,16.24077104888272,Anomaly,430,Moderate
India,Uttar Pradesh,"Calendar Year (Jan - Dec), 2025","Aligarh, Municipal Corporation",742.02,194.92,170.92,11421.0,9130.0,9004.0,16.138619105093653,Anomaly,431,Moderate
India,Gujarat,"Calendar Year (Jan - Dec), 2025","Bharuch, Municipality",1016.18,200.48,193.46,8339.0,8247.0,8069.0,16.05546931314035,Anomaly,432,Moderate
India,Odisha,"Calendar Year (Jan - Dec), 2025","Burla, Municipal Corporation",2.39,0.43,0.43,19.0,19.0,19.0,15.911313612253934,Anomaly,433,Moderate
India,Rajasthan,"Calendar Year (Jan - Dec), 2025","Alwar, Municipality",829.51,207.81,201.42,8676.0,8624.0,8394.0,15.682038010691656,Anomaly,434,Moderate
India,Rajasthan,"Calendar Year (Jan - Dec), 2025","Kelwara, Town Panchayat",2.78,0.99,0.39,66.0,66.0,,15.62935634335696,Anomaly,435,Moderate
India,West Bengal,"Calendar Year (Jan - Dec), 2025","Cantonment Board, Barrackpur",3.35,0.42,0.42,18.0,18.0,18.0,15.594791559066664,Anomaly,436,Moderate
India,Arunachal Pradesh,"Calendar Year (Jan - Dec), 2025","Mechuka, Town Panchayat",6.24,2.16,0.86,96.0,,,15.385242135551096,Anomaly,437,Moderate
India,West Bengal,"Calendar Year (Jan - Dec), 2025","Dhulian, Municipality",498.46,184.82,161.6,12312.0,12031.0,6572.0,15.165385319411257,Anomaly,438,Moderate
India,Rajasthan,"Calendar Year (Jan - Dec), 2025","Raipur, Municipality",6.01,2.04,,136.0,,,15.150650633521593,Anomaly,439,Moderate
India,Telangana,"Calendar Year (Jan - Dec), 2025","Kosgi, Municipality",27.05,7.42,0.65,478.0,27.0,27.0,15.15010340013771,Anomaly,440,Moderate
India,Andhra Pradesh,"Calendar Year (Jan - Dec), 2025",East Godavari Urban Development Authority,448.35,182.58,163.96,12172.0,12172.0,6565.0,15.093764393074593,Anomaly,441,Moderate
India,Tamil Nadu,"Calendar Year (Jan - Dec), 2025","Allapuram, Municipal Corporation",2.81,0.43,0.43,19.0,19.0,19.0,15.052522378144602,Anomaly,442,Moderate
India,Maharashtra,"Calendar Year (Jan - Dec), 2025",Nagpur Metropolitan Region Development Authority,410.12,45.56,8.0,3030.0,809.0,497.0,14.859591566677807,Anomaly,443,Moderate
India,Puducherry,"Calendar Year (Jan - Dec), 2025",Karaikal Planning Authority,16.7,3.58,,159.0,17.0,,14.85128208343167,Anomaly,444,Moderate
India,Rajasthan,"Calendar Year (Jan - Dec), 2025","Kanor, Town Panchayat",3.2,1.5,0.3,100.0,32.0,,14.84462730613717,Anomaly,445,Moderate
India,Andhra Pradesh,"Calendar Year (Jan - Dec), 2025","Tenali, Municipality",557.4,187.02,164.51,12181.0,11781.0,4370.0,14.837911452620745,Anomaly,446,Moderate
India,Telangana,"Calendar Year (Jan - Dec), 2025","Cherial, Municipality",2.82,0.45,0.45,19.0,19.0,19.0,14.749248669277904,Anomaly,447,Moderate
India,Punjab,"Calendar Year (Jan - Dec), 2025","Kharar, Municipality",1123.21,177.0,170.91,8007.0,7591.0,7492.0,14.621333960949926,Anomaly,448,Moderate
India,Tamil Nadu,"Calendar Year (Jan - Dec), 2025","Veerappanchatiram, Municipal Corporation",2.51,0.44,0.44,20.0,20.0,20.0,14.483988589043122,Anomaly,449,Moderate
India,Arunachal Pradesh,"Calendar Year (Jan - Dec), 2025","Basar, Town Panchayat",2.25,0.67,0.24,34.0,18.0,15.0,14.387788412013833,Anomaly,450,Moderate
India,Bihar,"Calendar Year (Jan - Dec), 2025","Paliganj, Town Panchayat",7.02,1.62,0.65,108.0,13.0,,14.353483635191083,Anomaly,451,Moderate
India,Maharashtra,"Calendar Year (Jan - Dec), 2025","Latur, Municipal Corporation",893.31,168.02,157.63,9677.0,9325.0,7961.0,14.315523189492183,Anomaly,452,Moderate
India,Uttar Pradesh,"Calendar Year (Jan - Dec), 2025","Bhaluani, Town Panchayat",85.48,20.51,3.14,1367.0,120.0,115.0,14.27347043012827,Anomaly,453,Moderate
India,Tamil Nadu,"Calendar Year (Jan - Dec), 2025","Thorapadi, Municipal Corporation",2.8,0.49,0.49,19.0,19.0,19.0,14.24514806898975,Anomaly,454,Moderate
India,Tamil Nadu,"Calendar Year (Jan - Dec), 2025","Mathigiri, Municipal Corporation",2.71,0.43,0.43,20.0,20.0,20.0,14.217802258737208,Anomaly,455,Moderate
India,Bihar,"Calendar Year (Jan - Dec), 2025","Barari, Town Panchayat",19.63,4.53,1.81,302.0,10.0,,14.127633908430084,Anomaly,456,Moderate
India,Uttar Pradesh,"Calendar Year (Jan - Dec), 2025","Hata, Municipality",362.02,160.28,151.01,10677.0,9793.0,9643.0,14.110767622201593,Anomaly,457,Moderate
India,Bihar,"Calendar Year (Jan - Dec), 2025","Sampatchak, Municipality",8.13,1.88,0.75,125.0,,,14.041711308430365,Anomaly,458,Moderate
India,Telangana,"Calendar Year (Jan - Dec), 2025","Shankarpally, Municipality",17.32,4.83,0.43,311.0,18.0,18.0,13.684148973864637,Anomaly,459,Moderate
India,Rajasthan,"Calendar Year (Jan - Dec), 2025","Bap, Town Panchayat",8.26,1.91,0.76,127.0,,,13.683215448788587,Anomaly,460,Moderate
India,Madhya Pradesh,"Calendar Year (Jan - Dec), 2025","Bargawan, Town Panchayat",7.13,2.0,0.8,133.0,,,13.659656869379887,Anomaly,461,Moderate
India,Punjab,"Calendar Year (Jan - Dec), 2025","Zirakpur, Municipality",1234.24,159.21,158.36,6856.0,6818.0,6810.0,13.585619065882895,Anomaly,462,Moderate
India,Bihar,"Calendar Year (Jan - Dec), 2025","Beldaur, Town Panchayat",21.64,5.0,2.0,333.0,11.0,,13.504236231294954,Anomaly,463,Moderate
India,Madhya Pradesh,"Calendar Year (Jan - Dec), 2025","Damoh, Municipality",471.73,166.44,148.96,10849.0,10849.0,8140.0,13.492516379196388,Anomaly,464,Moderate
India,Punjab,"Calendar Year (Jan - Dec), 2025","Kiratpur Sahib, Town Panchayat",2.0,0.57,0.28,38.0,20.0,17.0,13.44469354770672,Anomaly,465,Moderate
India,Maharashtra,"Calendar Year (Jan - Dec), 2025","Mhasla, Town Panchayat",2.1,0.49,0.55,27.0,19.0,19.0,13.168952901498983,Anomaly,466,Moderate
India,Rajasthan,"Calendar Year (Jan - Dec), 2025","Laxmangarh, Town Panchayat",14.94,4.05,1.48,270.0,45.0,7.0,13.034041892821449,Anomaly,467,Moderate
India,Rajasthan,"Calendar Year (Jan - Dec), 2025",Kota Municipal Corporation South,902.15,173.79,163.91,8000.0,7826.0,7803.0,12.91498505442354,Anomaly,468,Moderate
India,West Bengal,"Calendar Year (Jan - Dec), 2025",Asansol Municipal Corporation,651.1,167.32,179.56,10128.0,10128.0,6632.0,12.907747979087901,Anomaly,469,Moderate
India,Uttarakhand,"Calendar Year (Jan - Dec), 2025","Cantonment Board, Ranikhet",2.29,0.47,0.49,24.0,24.0,19.0,12.809605526443534,Anomaly,470,Moderate
India,Assam,"Calendar Year (Jan - Dec), 2025","Silchar, Municipality",342.53,159.42,133.87,10498.0,10492.0,8516.0,12.797394176882221,Anomaly,471,Moderate
India,Gujarat,"Calendar Year (Jan - Dec), 2025",Vadodara Development Authority,799.46,140.45,124.44,9363.0,9012.0,8981.0,12.79117296856208,Anomaly,472,Moderate
India,Tamil Nadu,"Calendar Year (Jan - Dec), 2025","Labbaikudikadu, Town Panchayat",1.29,0.48,0.46,30.0,30.0,28.0,12.755247805942304,Anomaly,473,Moderate
India,Bihar,"Calendar Year (Jan - Dec), 2025","Guthani, Town Panchayat",28.08,6.48,2.59,432.0,14.0,,12.716096865715087,Anomaly,474,Moderate
India,Maharashtra,"Calendar Year (Jan - Dec), 2025","Balapur, Municipality",209.06,32.47,4.06,2138.0,1556.0,383.0,12.706300894040623,Anomaly,475,Moderate
India,Assam,"Calendar Year (Jan - Dec), 2025","Chapar Tc, Town Panchayat",6.96,2.41,0.96,107.0,,,12.6079040695829,Anomaly,476,Moderate
India,Madhya Pradesh,"Calendar Year (Jan - Dec), 2025","Khandwa, Municipal Corporation",560.49,171.36,161.79,9815.0,9022.0,8442.0,12.518155726927205,Anomaly,477,Moderate
India,Uttarakhand,"Calendar Year (Jan - Dec), 2025","Kirtinagar, Town Panchayat",3.01,0.72,0.34,42.0,31.0,10.0,12.516832335658933,Anomaly,478,Moderate
India,Rajasthan,"Calendar Year (Jan - Dec), 2025","Jaipur, Municipal Corporation Greater",4.68,1.08,0.43,72.0,37.0,,12.422505457710031,Anomaly,479,Moderate
India,West Bengal,"Calendar Year (Jan - Dec), 2025","Domkal, Municipality",487.62,180.19,83.42,11998.0,11998.0,4198.0,12.309602841426056,Anomaly,480,Moderate
India,Jharkhand,"Calendar Year (Jan - Dec), 2025","Giridih, Municipal Corporation",446.95,173.9,143.92,11555.0,10546.0,6644.0,12.30352514230907,Anomaly,481,Moderate
India,Karnataka,"Calendar Year (Jan - Dec), 2025","Ghataprabha, Town Panchayat",3.37,1.03,,69.0,54.0,36.0,12.054980444038108,Anomaly,482,Moderate
India,Telangana,"Calendar Year (Jan - Dec), 2025","Choutuppal, Municipality",2.41,0.55,0.48,25.0,20.0,20.0,12.011454310267993,Anomaly,483,Moderate
India,Madhya Pradesh,"Calendar Year (Jan - Dec), 2025","Khargone, Municipality",482.54,151.54,149.1,9372.0,9267.0,9017.0,11.930849871600572,Anomaly,484,Moderate
India,Andhra Pradesh,"Calendar Year (Jan - Dec), 2025","Kavali, Municipality",559.56,163.3,130.3,10705.0,10360.0,7354.0,11.919160079228448,Anomaly,485,Moderate
India,Rajasthan,"Calendar Year (Jan - Dec), 2025","Vallabhnagar, Municipality",8.9,2.06,0.82,137.0,,,11.914966953615476,Anomaly,486,Moderate
India,Bihar,"Calendar Year (Jan - Dec), 2025","Andar, Town Panchayat",7.21,1.67,0.67,111.0,16.0,,11.905038065992414,Anomaly,487,Moderate
India,Andhra Pradesh,"Calendar Year (Jan - Dec), 2025","Chittoor, Municipal Corporation",500.74,169.79,149.9,11160.0,9293.0,7405.0,11.813836245582422,Anomaly,488,Moderate
India,Haryana,"Calendar Year (Jan - Dec), 2025","Kanina, Municipality",17.01,7.8,4.09,520.0,353.0,17.0,11.778404565483186,Anomaly,489,Moderate
India,West Bengal,"Calendar Year (Jan - Dec), 2025","Jangipur, Municipality",413.99,149.84,158.02,9917.0,9917.0,8061.0,11.774780456728479,Anomaly,490,Moderate
India,Maharashtra,"Calendar Year (Jan - Dec), 2025","Poladpur, Town Panchayat",81.86,12.54,5.88,796.0,784.0,64.0,11.735529102935857,Anomaly,491,Moderate
India,Assam,"Calendar Year (Jan - Dec), 2025","Karimganj, Municipality",313.21,156.42,124.88,10423.0,10291.0,7874.0,11.649896895095537,Anomaly,492,Moderate
India,Uttar Pradesh,"Calendar Year (Jan - Dec), 2025",Lucknow Development Authority,696.87,137.52,104.01,9168.0,9168.0,9078.0,11.595934362812102,Anomaly,493,Moderate
India,Maharashtra,"Calendar Year (Jan - Dec), 2025","Satara, Municipality",971.57,173.62,156.1,8062.0,7486.0,6091.0,11.566620884689598,Anomaly,494,Moderate
India,Gujarat,"Calendar Year (Jan - Dec), 2025",Nandesari Industrial Notified Area,2.53,0.52,0.52,22.0,22.0,22.0,11.560437412819397,Anomaly,495,Moderate
India,Karnataka,"Calendar Year (Jan - Dec), 2025","Bijapur, Municipal",633.73,170.65,121.33,10931.0,9126.0,7446.0,11.489998031665493,Anomaly,496,Moderate
India,Delhi,"Calendar Year (Jan - Dec), 2025","Cantonment Board, Delhi",1161.63,143.74,143.74,6196.0,6196.0,6196.0,11.33787958115164,Anomaly,497,Moderate
India,Bihar,"Calendar Year (Jan - Dec), 2025","Saharsa, Municipal Corporation",736.81,178.14,114.83,11824.0,8661.0,5588.0,11.219680524380465,Anomaly,498,Moderate
India,Uttarakhand,"Calendar Year (Jan - Dec), 2025","Naugaon, Town Panchayat",2.59,0.86,0.24,57.0,43.0,11.0,11.184763764288618,Anomaly,499,Moderate
India,Chhattisgarh,"Calendar Year (Jan - Dec), 2025",Durg Municipal Corporation,617.43,157.45,155.17,8772.0,8437.0,8225.0,11.125428450377626,Anomaly,500,Moderate
India,Telangana,"Calendar Year (Jan - Dec), 2025","Kagaz Nagar, Municipality",152.31,43.19,5.25,2861.0,516.0,366.0,11.096080583219816,Anomaly,501,Moderate
India,Uttarakhand,"Calendar Year (Jan - Dec), 2025","Chamba, Municipality",2.06,0.56,0.56,24.0,24.0,24.0,10.868630845902373,Anomaly,502,Moderate
India,Telangana,"Calendar Year (Jan - Dec), 2025","Bellampalli, Municipality",79.4,21.9,3.93,1459.0,565.0,101.0,10.7582474824913,Anomaly,503,Moderate
India,Bihar,"Calendar Year (Jan - Dec), 2025",Patna Municipal Corporation,993.44,148.71,157.11,6876.0,6806.0,6343.0,10.737128602903567,Anomaly,504,Moderate
India,Odisha,"Calendar Year (Jan - Dec), 2025","Remuna, Town Panchayat",51.43,12.09,1.5,773.0,67.0,67.0,10.72096674468196,Anomaly,505,Moderate
India,Telangana,"Calendar Year (Jan - Dec), 2025","Chityal, Municipality",26.26,7.69,0.78,494.0,33.0,33.0,10.685297581075133,Anomaly,506,Moderate
India,Karnataka,"Calendar Year (Jan - Dec), 2025","Belagavi, Municipal Corporation",885.49,187.14,126.84,9836.0,6890.0,5916.0,10.67520306447409,Anomaly,507,Moderate
India,Rajasthan,"Calendar Year (Jan - Dec), 2025","Watika, Town Panchayat",2.22,0.71,0.28,47.0,20.0,18.0,10.609942763472247,Anomaly,508,Moderate
India,Andhra Pradesh,"Calendar Year (Jan - Dec), 2025","Chilakaluripeta, Municipality",631.77,169.16,110.7,11219.0,8571.0,6979.0,10.503542197035529,Anomaly,509,Moderate
India,The Dadra And Nagar Haveli And Daman And Diu,"Calendar Year (Jan - Dec), 2025","Silvassa, Municipality",783.03,163.63,156.99,7568.0,7568.0,7082.0,10.438226740889263,Anomaly,510,Moderate
India,Andhra Pradesh,"Calendar Year (Jan - Dec), 2025","Hindupur, Municipality",465.71,139.09,155.71,9201.0,8759.0,2425.0,10.395541562521771,Anomaly,511,Moderate
India,West Bengal,"Calendar Year (Jan - Dec), 2025","Jamuria, Municipal Corporation",2.85,0.51,0.51,23.0,23.0,23.0,10.213489057953382,Anomaly,512,Low
India,Madhya Pradesh,"Calendar Year (Jan - Dec), 2025","Harda, Municipality",407.03,145.57,153.1,8756.0,8672.0,8171.0,9.913528187899828,Anomaly,513,Low
India,Arunachal Pradesh,"Calendar Year (Jan - Dec), 2025","Kaying, Town Panchayat",4.68,1.62,0.65,72.0,30.0,,9.876272144099232,Anomaly,514,Low
India,Rajasthan,"Calendar Year (Jan - Dec), 2025","Bhandarej, Town Panchayat",9.75,2.25,0.9,150.0,,,9.847603254704495,Anomaly,515,Low
India,Telangana,"Calendar Year (Jan - Dec), 2025","Khammam, Municipal Corporation",969.65,161.25,135.47,9026.0,5543.0,5247.0,9.712723263881287,Anomaly,516,Low
India,Bihar,"Calendar Year (Jan - Dec), 2025","Chandi, Town Panchayat",5.52,1.28,0.51,85.0,35.0,,9.656326037800056,Anomaly,517,Low
India,Bihar,"Calendar Year (Jan - Dec), 2025","Rajauli, Town Panchayat",38.14,8.62,3.79,560.0,175.0,23.0,9.62841757120367,Anomaly,518,Low
India,West Bengal,"Calendar Year (Jan - Dec), 2025","Haora, Municipal Corporation",970.86,145.58,149.06,6214.0,6137.0,5956.0,9.57050241208151,Anomaly,519,Low
India,Meghalaya,"Calendar Year (Jan - Dec), 2025","Cantonment Board, Shillong",2.18,0.48,0.48,27.0,27.0,27.0,9.53371905190778,Anomaly,520,Low
India,Maharashtra,"Calendar Year (Jan - Dec), 2025","Natepute, Town Panchayat",12.32,2.79,0.58,186.0,69.0,8.0,9.487102928721868,Anomaly,521,Low
India,Telangana,"Calendar Year (Jan - Dec), 2025","Kothur, Municipality",8.05,2.42,,161.0,,,9.459922740924412,Anomaly,522,Low
India,Rajasthan,"Calendar Year (Jan - Dec), 2025","Ajmer, Municipal Corporation",621.2,163.08,136.88,8911.0,8643.0,6796.0,9.459065528975088,Anomaly,523,Low
India,Assam,"Calendar Year (Jan - Dec), 2025","Donkamokam, Town Panchayat",115.22,41.97,20.49,2009.0,431.0,234.0,9.42007626251609,Anomaly,524,Low
India,West Bengal,"Calendar Year (Jan - Dec), 2025","Durgapur, Municipal Corporation",742.07,168.8,129.14,9871.0,7697.0,5685.0,9.346886568736522,Anomaly,525,Low
India,West Bengal,"Calendar Year (Jan - Dec), 2025","Habra, Municipality",388.58,144.94,135.47,9585.0,9581.0,7065.0,9.343714605792172,Anomaly,526,Low
India,Bihar,"Calendar Year (Jan - Dec), 2025","Purnia, Municipal Corporation",575.91,183.6,133.31,10276.0,8533.0,5164.0,9.312225047963238,Anomaly,527,Low
India,Odisha,"Calendar Year (Jan - Dec), 2025","Bhubaneswar, Municipal Corporation",861.26,151.9,153.13,7913.0,6358.0,6010.0,9.211195063367256,Anomaly,528,Low
India,Maharashtra,"Calendar Year (Jan - Dec), 2025","Vabhave- Vaibhavwadi, Town Panchayat",2.78,0.54,0.54,24.0,24.0,24.0,9.19570679980825,Anomaly,529,Low
India,Uttarakhand,"Calendar Year (Jan - Dec), 2025","Devaprayag, Municipality",1.53,0.53,0.4,35.0,35.0,33.0,9.18925208437139,Anomaly,530,Low
India,Tamil Nadu,"Calendar Year (Jan - Dec), 2025","Thoothukkudi, Municipal Corporation",399.47,140.9,134.44,8560.0,8514.0,8371.0,9.186081297741566,Anomaly,531,Low
India,Assam,"Calendar Year (Jan - Dec), 2025","Jamugurihat Tc, Town Panchayat",8.0,2.77,1.11,123.0,,,9.178145798755281,Anomaly,532,Low
India,Gujarat,"Calendar Year (Jan - Dec), 2025",Junagadh Development Authority,9.98,2.21,,147.0,,,9.136378176710195,Anomaly,533,Low
India,Haryana,"Calendar Year (Jan - Dec), 2025","Punahana, Municipality",27.27,11.1,6.38,739.0,618.0,40.0,9.025956533558144,Anomaly,534,Low
India,Telangana,"Calendar Year (Jan - Dec), 2025","Jillalguda, Municipal Corporation",4.85,0.55,0.55,22.0,22.0,22.0,8.987072680241795,Anomaly,535,Low
India,West Bengal,"Calendar Year (Jan - Dec), 2025","Ashokenagar Kalyangarh, Municipality",398.94,150.54,140.72,9990.0,9972.0,5170.0,8.949609486511008,Anomaly,536,Low
India,Madhya Pradesh,"Calendar Year (Jan - Dec), 2025","Ratlam, Municipal Corporation",570.63,145.25,157.35,7978.0,7630.0,7530.0,8.929281396618308,Anomaly,537,Low
India,Tamil Nadu,"Calendar Year (Jan - Dec), 2025","Pudukkottai, Municipality",573.8,127.64,122.64,8343.0,8343.0,8166.0,8.835294272211286,Anomaly,538,Low
India,Rajasthan,"Calendar Year (Jan - Dec), 2025","Mandawari, Town Panchayat",4.97,1.27,0.5,85.0,22.0,9.0,8.830268019250752,Anomaly,539,Low
India,Andhra Pradesh,"Calendar Year (Jan - Dec), 2025",Godavari Urban Development Authority,323.72,155.82,101.32,10388.0,10388.0,5502.0,8.823046587975625,Anomaly,540,Low
India,Madhya Pradesh,"Calendar Year (Jan - Dec), 2025","Murwara, Municipal Corporation",472.77,141.19,124.01,9024.0,8516.0,7977.0,8.820676233400036,Anomaly,541,Low
India,Bihar,"Calendar Year (Jan - Dec), 2025","Garhani, Town Panchayat",79.17,18.27,7.31,1218.0,65.0,,8.809282371283416,Anomaly,542,Low
India,Uttar Pradesh,"Calendar Year (Jan - Dec), 2025","Hyderabad, Town Panchayat",1140.47,116.15,115.95,5253.0,5232.0,5231.0,8.713052581570878,Anomaly,543,Low
India,Rajasthan,"Calendar Year (Jan - Dec), 2025","Urban Improvement Trust, Ganganagar",10.27,2.37,0.95,158.0,,,8.679194575281826,Anomaly,544,Low
India,Andhra Pradesh,"Calendar Year (Jan - Dec), 2025","Tadpatri, Municipality",572.19,159.6,93.29,10536.0,9144.0,6017.0,8.65596670951362,Anomaly,545,Low
India,West Bengal,"Calendar Year (Jan - Dec), 2025","Barasat, Municipality",568.21,150.8,147.78,8817.0,8817.0,6005.0,8.596034304023703,Anomaly,546,Low
India,Karnataka,"Calendar Year (Jan - Dec), 2025","Shivamogga, Municipal Corporation",681.85,159.53,110.31,9762.0,8490.0,5478.0,8.459013216871085,Anomaly,547,Low
India,Gujarat,"Calendar Year (Jan - Dec), 2025","Palanpur, Municipality",664.06,168.98,151.06,7680.0,7536.0,5897.0,8.378996647115798,Anomaly,548,Low
India,Bihar,"Calendar Year (Jan - Dec), 2025","Rahui, Town Panchayat",25.93,5.99,2.39,399.0,18.0,,8.303727275648669,Anomaly,549,Low
India,Madhya Pradesh,"Calendar Year (Jan - Dec), 2025","Raghogarh-Vijaypur, Municipality",353.7,131.0,123.35,8708.0,8708.0,7729.0,8.054060280642432,Anomaly,550,Low
India,Uttar Pradesh,"Calendar Year (Jan - Dec), 2025","Cantonment Board, Shahjahanpur",2.9,0.56,0.56,25.0,25.0,25.0,8.005311002012604,Anomaly,551,Low
India,Gujarat,"Calendar Year (Jan - Dec), 2025","Gandhidham, Municipal Corporation",632.9,160.91,160.61,6552.0,6537.0,6524.0,7.967917020656046,Anomaly,552,Low
India,Chhattisgarh,"Calendar Year (Jan - Dec), 2025",Bhatgaon (Surajpur),1.4,0.56,0.6,37.0,37.0,37.0,7.768290343452975,Anomaly,553,Low
India,Uttarakhand,"Calendar Year (Jan - Dec), 2025","Tanakpur, Municipality",2.25,0.63,0.59,29.0,29.0,24.0,7.7155289997916725,Anomaly,554,Low
India,Andhra Pradesh,"Calendar Year (Jan - Dec), 2025","Srikalahasti, Municipality",503.18,141.1,102.55,9345.0,9166.0,6670.0,7.707934592522406,Anomaly,555,Low
India,Telangana,"Calendar Year (Jan - Dec), 2025","Narsingi, Municipality",18.79,4.46,0.54,284.0,23.0,23.0,7.6453006286074014,Anomaly,556,Low
India,Arunachal Pradesh,"Calendar Year (Jan - Dec), 2025","Yingkiong, Town Panchayat",1.97,0.51,0.48,33.0,31.0,31.0,7.6411754786334996,Anomaly,557,Low
India,Telangana,"Calendar Year (Jan - Dec), 2025","Atmakur, Municipality",3.16,0.56,0.56,25.0,25.0,25.0,7.58314783443717,Anomaly,558,Low
India,Jharkhand,"Calendar Year (Jan - Dec), 2025","Chas, Municipal Corporation",440.07,139.3,124.61,8694.0,8203.0,7326.0,7.476949373520313,Anomaly,559,Low
India,Karnataka,"Calendar Year (Jan - Dec), 2025","Huliyaru, Town Panchayat",2.39,0.68,0.08,46.0,34.0,29.0,7.432150721437836,Anomaly,560,Low
India,Uttar Pradesh,"Calendar Year (Jan - Dec), 2025",Noida Development Authority,1048.95,111.62,111.62,4797.0,4797.0,4797.0,7.392414287942472,Anomaly,561,Low
India,Bihar,"Calendar Year (Jan - Dec), 2025","Hathua, Town Panchayat",10.92,2.52,1.01,168.0,,,7.348447480679738,Anomaly,562,Low
India,Uttar Pradesh,"Calendar Year (Jan - Dec), 2025","Banda, Municipality",368.34,137.82,120.16,9110.0,7766.0,7523.0,7.277762261098701,Anomaly,563,Low
India,Uttar Pradesh,"Calendar Year (Jan - Dec), 2025","Maunath Bhanjan, Municipality",317.85,128.55,122.12,8525.0,7834.0,7795.0,7.27517221611248,Anomaly,564,Low
India,Madhya Pradesh,"Calendar Year (Jan - Dec), 2025","Vidisha, Municipality",476.64,140.38,137.04,7945.0,7744.0,7235.0,7.269489895426773,Anomaly,565,Low
India,Madhya Pradesh,"Calendar Year (Jan - Dec), 2025","Rewa, Municipal Corporation",488.14,131.53,127.0,8052.0,7829.0,7521.0,7.214616674809861,Anomaly,566,Low
India,Rajasthan,"Calendar Year (Jan - Dec), 2025",Bikaner Development Authority,264.29,60.99,24.4,4066.0,,,7.163061873966058,Anomaly,567,Low
India,Tamil Nadu,"Calendar Year (Jan - Dec), 2025","Cantonment Board, Wellington",1.43,0.61,0.6,38.0,38.0,36.0,7.153393228037487,Anomaly,568,Low
India,Andhra Pradesh,"Calendar Year (Jan - Dec), 2025","Mandapeta, Municipality",510.23,131.28,96.04,8693.0,8634.0,7255.0,7.104673199603212,Anomaly,569,Low
India,Punjab,"Calendar Year (Jan - Dec), 2025","Adda Devigarh, Town Panchayat",30.29,6.99,0.57,466.0,,,7.086518744171997,Anomaly,570,Low
India,Andhra Pradesh,"Calendar Year (Jan - Dec), 2025","Tadepalligudem, Municipality",432.59,133.53,97.47,8780.0,8602.0,7436.0,7.033390424341121,Anomaly,571,Low
India,Maharashtra,"Calendar Year (Jan - Dec), 2025","Matheran, Municipality",3.2,0.61,0.61,25.0,25.0,25.0,6.945386163789408,Anomaly,572,Low
India,West Bengal,"Calendar Year (Jan - Dec), 2025","Siliguri, Municipal Corporation",683.78,143.16,122.83,8107.0,8107.0,4636.0,6.897429209355494,Anomaly,573,Low
India,Tamil Nadu,"Calendar Year (Jan - Dec), 2025",Thenkarai (C),2.24,1.27,9.03,82.0,82.0,74.0,6.850592656862261,Anomaly,574,Low
India,Uttar Pradesh,"Calendar Year (Jan - Dec), 2025","Fatehpur, Municipality",309.19,130.21,120.83,8619.0,7827.0,7389.0,6.850051230643544,Anomaly,575,Low
India,Andhra Pradesh,"Calendar Year (Jan - Dec), 2025","Pulivendla, Municipality",300.85,143.53,112.56,9488.0,8547.0,2970.0,6.8465927390811885,Anomaly,576,Low
India,Karnataka,"Calendar Year (Jan - Dec), 2025","Raichur, Municipality",673.27,153.94,94.57,9669.0,7474.0,5100.0,6.775912894803525,Anomaly,577,Low
India,Telangana,"Calendar Year (Jan - Dec), 2025","Mahabubabad, Municipality",170.12,46.6,9.77,2978.0,563.0,427.0,6.741138927076065,Anomaly,578,Low
India,Punjab,"Calendar Year (Jan - Dec), 2025",Amritsar Municipal Corporation,544.16,150.32,130.81,8471.0,7615.0,6088.0,6.735155625884602,Anomaly,579,Low
India,Gujarat,"Calendar Year (Jan - Dec), 2025","Anand, Municipal Corporation",741.79,140.24,138.32,6065.0,5961.0,5937.0,6.726303606694046,Anomaly,580,Low
India,Rajasthan,"Calendar Year (Jan - Dec), 2025","Khirni, Municipality",12.08,2.92,0.56,195.0,25.0,,6.671064390635934,Anomaly,581,Low
India,Odisha,"Calendar Year (Jan - Dec), 2025","Sambalpur, Municipal Corporation",542.69,161.23,91.47,10497.0,6902.0,5993.0,6.64796803158066,Anomaly,582,Low
India,Andhra Pradesh,"Calendar Year (Jan - Dec), 2025","Gudur, Municipality",512.77,138.39,86.93,9206.0,8440.0,6619.0,6.550184152546024,Anomaly,583,Low
India,Rajasthan,"Calendar Year (Jan - Dec), 2025","Khandela, Town Panchayat",2.3,0.57,0.54,32.0,30.0,28.0,6.529521815720273,Anomaly,584,Low
India,Uttar Pradesh,"Calendar Year (Jan - Dec), 2025","Dadri, Municipality",845.58,124.18,123.54,5674.0,5618.0,5597.0,6.4111548544489665,Anomaly,585,Low
India,Telangana,"Calendar Year (Jan - Dec), 2025","Kothapally, Municipality",17.64,5.17,0.6,331.0,26.0,26.0,6.291989862294315,Anomaly,586,Low
India,Tamil Nadu,"Calendar Year (Jan - Dec), 2025","Abiramam, Town Panchayat",1.23,0.68,0.68,44.0,44.0,44.0,6.172738293967825,Anomaly,587,Low
India,West Bengal,"Calendar Year (Jan - Dec), 2025","Suri, Municipality",364.68,128.36,110.54,8428.0,8391.0,6825.0,6.062187672378116,Anomaly,588,Low
India,Madhya Pradesh,"Calendar Year (Jan - Dec), 2025","Satna, Municipal Corporation",472.82,128.16,114.77,8115.0,7690.0,7066.0,6.038765343578632,Anomaly,589,Low
India,Mizoram,"Calendar Year (Jan - Dec), 2025","Aizawl, Municipal Corporation",220.12,130.5,112.52,8037.0,8037.0,6156.0,6.0292221413160405,Anomaly,590,Low
India,Punjab,"Calendar Year (Jan - Dec), 2025","S.A.S. Nagar, Municipal Corporation",842.17,121.88,121.67,5276.0,5275.0,5275.0,6.001991714110545,Anomaly,591,Low
India,Uttarakhand,"Calendar Year (Jan - Dec), 2025","Rampur, Town Panchayat",1.79,0.78,0.44,52.0,46.0,24.0,5.945076685305878,Anomaly,592,Low
India,Maharashtra,"Calendar Year (Jan - Dec), 2025","Akola, Municipal Corporation",660.91,129.48,119.9,7036.0,6852.0,6292.0,5.871334044343314,Anomaly,593,Low
India,Uttar Pradesh,"Calendar Year (Jan - Dec), 2025","Dhakwa, Town Panchayat",103.21,25.74,4.89,1716.0,265.0,234.0,5.867767940337558,Anomaly,594,Low
India,Bihar,"Calendar Year (Jan - Dec), 2025","Sheikhopur Sarai, Town Panchayat",16.38,3.78,1.51,252.0,18.0,,5.827759053971533,Anomaly,595,Low
India,Bihar,"Calendar Year (Jan - Dec), 2025","Chewara, Town Panchayat",11.77,2.71,1.09,181.0,,,5.774815621738128,Anomaly,596,Low
India,Rajasthan,"Calendar Year (Jan - Dec), 2025","Sikar, Municipality",534.59,141.8,136.53,6771.0,6747.0,6403.0,5.73290748144052,Anomaly,597,Low
India,Gujarat,"Calendar Year (Jan - Dec), 2025","Jafrabad, Municipality",1.85,0.61,0.58,39.0,39.0,30.0,5.722302369466092,Anomaly,598,Low
India,Gujarat,"Calendar Year (Jan - Dec), 2025","Navsari, Municipal Corporation",607.97,140.56,138.03,6216.0,6107.0,6104.0,5.670299586959288,Anomaly,599,Low
India,Chhattisgarh,"Calendar Year (Jan - Dec), 2025","Korba, Municipal Corporation",363.12,128.89,110.55,8391.0,7702.0,7004.0,5.640720629285454,Anomaly,600,Low
India,Bihar,"Calendar Year (Jan - Dec), 2025","Rupauli, Town Panchayat",49.53,11.43,4.57,762.0,42.0,,5.587407844476331,Anomaly,601,Low
India,Gujarat,"Calendar Year (Jan - Dec), 2025",Sankheda Development Authority,2.3,0.7,0.7,29.0,29.0,29.0,5.515118785385539,Anomaly,602,Low
India,Uttar Pradesh,"Calendar Year (Jan - Dec), 2025","Cantonment Board, Babina",3.54,0.59,0.59,27.0,27.0,27.0,5.4054525581846065,Anomaly,603,Low
India,Haryana,"Calendar Year (Jan - Dec), 2025","Loharu, Municipality",13.19,5.73,3.1,382.0,26.0,21.0,5.398931321651162,Anomaly,604,Low
India,Uttar Pradesh,"Calendar Year (Jan - Dec), 2025",Maruadih Railway Settlement (Its),4.76,0.59,0.59,26.0,26.0,26.0,5.326568349477498,Anomaly,605,Low
India,Uttar Pradesh,"Calendar Year (Jan - Dec), 2025","Cantonment Board, Jhansi",2.9,0.58,0.58,29.0,29.0,29.0,5.299373555940917,Anomaly,606,Low
India,Karnataka,"Calendar Year (Jan - Dec), 2025","Davanagere, Municipal Corporation",549.96,147.29,112.9,7607.0,6833.0,6236.0,5.2676722505924545,Anomaly,607,Low
India,Karnataka,"Calendar Year (Jan - Dec), 2025","Holehonnuru, Town Panchayat",2.39,0.73,0.29,49.0,45.0,24.0,5.254088476787501,Anomaly,608,Low
India,Karnataka,"Calendar Year (Jan - Dec), 2025","Cantonment Board, Belgaum",2.9,0.64,0.64,28.0,28.0,28.0,5.181938104841322,Anomaly,609,Low
India,Maharashtra,"Calendar Year (Jan - Dec), 2025","Amgaon, Municipality",31.77,7.1,0.66,456.0,171.0,40.0,5.168622094671775,Anomaly,610,Low
India,Uttar Pradesh,"Calendar Year (Jan - Dec), 2025","Rabupura, Town Panchayat",951.3,94.07,92.92,4362.0,4282.0,4270.0,5.1240765985645,Anomaly,611,Low
India,Assam,"Calendar Year (Jan - Dec), 2025","Dhubri, Municipality",236.82,118.4,100.09,7877.0,7862.0,6562.0,5.12390993435929,Anomaly,612,Low
India,Gujarat,"Calendar Year (Jan - Dec), 2025",Chhatral (Ina),521.95,139.88,142.15,6197.0,6076.0,6028.0,4.993856279302236,Anomaly,613,Low
India,Manipur,"Calendar Year (Jan - Dec), 2025","Ningthoukhong, Municipality",52.37,29.58,17.58,1971.0,1332.0,211.0,4.9661536672352895,Anomaly,614,Low
India,Haryana,"Calendar Year (Jan - Dec), 2025","Charkhi Dadri, Municipality",95.26,31.21,12.26,2052.0,369.0,232.0,4.858685038761337,Anomaly,615,Low
India,Chhattisgarh,"Calendar Year (Jan - Dec), 2025","Bhilai Charoda, Municipal Corporation",303.59,119.02,113.53,7578.0,7335.0,6979.0,4.853673203783103,Anomaly,616,Low
India,Rajasthan,"Calendar Year (Jan - Dec), 2025","Lawan, Municipality",12.35,2.85,1.14,190.0,,,4.798223745706764,Anomaly,617,Low
India,Karnataka,"Calendar Year (Jan - Dec), 2025","Tumakuru, Municipal Corporation",458.73,168.74,131.04,6940.0,6083.0,5644.0,4.794469500533353,Anomaly,618,Low
India,West Bengal,"Calendar Year (Jan - Dec), 2025","Bongaon, Municipality",306.17,111.91,107.53,7390.0,7390.0,7235.0,4.76066865645322,Anomaly,619,Low
India,Maharashtra,"Calendar Year (Jan - Dec), 2025","Sangli-Miraj Kupwad, Municipal Corporation",720.86,125.45,121.77,5595.0,5372.0,5257.0,4.72342975621666,Anomaly,620,Low
India,Andhra Pradesh,"Calendar Year (Jan - Dec), 2025","Rayachoti, Municipality",439.44,118.27,98.56,7790.0,7287.0,2340.0,4.680768779316452,Anomaly,621,Low
India,West Bengal,"Calendar Year (Jan - Dec), 2025","Madhyamgram, Municipality",450.07,119.73,114.11,7375.0,7375.0,6631.0,4.65224070783205,Anomaly,622,Low
India,Karnataka,"Calendar Year (Jan - Dec), 2025","Belluru, Town Panchayat",2.8,0.73,0.15,48.0,41.0,29.0,4.617200318859773,Anomaly,623,Low
India,Arunachal Pradesh,"Calendar Year (Jan - Dec), 2025","Boleng, Town Panchayat",5.31,1.78,0.84,84.0,14.0,14.0,4.574857254281994,Anomaly,624,Low
India,Jharkhand,"Calendar Year (Jan - Dec), 2025","Hazaribag, Municipal Corporation",402.4,129.75,113.37,8299.0,7953.0,5499.0,4.535651250927572,Anomaly,625,Low
India,Bihar,"Calendar Year (Jan - Dec), 2025","Balrampur, Town Panchayat",7.02,1.62,0.65,108.0,44.0,,4.42899426010581,Anomaly,626,Low
India,Assam,"Calendar Year (Jan - Dec), 2025","Bokajan, Town Panchayat",1.49,0.67,0.67,44.0,44.0,44.0,4.408198524247268,Anomaly,627,Low
India,Andhra Pradesh,"Calendar Year (Jan - Dec), 2025","Yemmiganur, Municipality",449.92,132.55,84.99,8759.0,6764.0,6645.0,4.370715780376031,Anomaly,628,Low
India,Kerala,"Calendar Year (Jan - Dec), 2025",Kollam Municipal Corporation,390.18,129.14,111.79,7833.0,7584.0,6089.0,4.346659505865887,Anomaly,629,Low
India,Gujarat,"Calendar Year (Jan - Dec), 2025",Jhagadiya-Sultanpur Development Authority,2.88,0.67,0.67,29.0,29.0,29.0,4.343616922878141,Anomaly,630,Low
India,Madhya Pradesh,"Calendar Year (Jan - Dec), 2025","Sehore, Municipality",371.67,121.7,113.41,7527.0,7025.0,6783.0,4.326191560420796,Anomaly,631,Low
India,Karnataka,"Calendar Year (Jan - Dec), 2025","Anekal, Municipality",879.01,95.42,92.83,4346.0,4322.0,4238.0,4.279723590530807,Anomaly,632,Low
India,Andhra Pradesh,"Calendar Year (Jan - Dec), 2025","Palacole, Municipality",443.49,112.02,103.32,7419.0,7359.0,6758.0,4.242148327809161,Anomaly,633,Low
India,Telangana,"Calendar Year (Jan - Dec), 2025","Makthal, Municipality",3.82,0.79,0.55,38.0,22.0,22.0,4.238996767055539,Anomaly,634,Low
India,Karnataka,"Calendar Year (Jan - Dec), 2025","Anavatti, Town Panchayat",2.44,0.75,0.3,50.0,47.0,26.0,4.235130926098691,Anomaly,635,Low
India,Bihar,"Calendar Year (Jan - Dec), 2025","Phulparas, Town Panchayat",75.27,17.37,6.95,1158.0,83.0,,4.232555490137202,Anomaly,636,Low
India,Tamil Nadu,"Calendar Year (Jan - Dec), 2025","Ponneri, Municipality",258.78,117.36,99.77,7682.0,7663.0,6343.0,4.224765865521988,Anomaly,637,Low
India,Karnataka,"Calendar Year (Jan - Dec), 2025","Hatti Gold Mines, Town Panchayat",2.75,0.66,0.66,30.0,30.0,30.0,4.187429836928004,Anomaly,638,Low
India,West Bengal,"Calendar Year (Jan - Dec), 2025","Rajarhat Gopalpur, Municipality",856.84,93.36,93.36,4071.0,4071.0,4071.0,4.161898436637955,Anomaly,639,Low
India,West Bengal,"Calendar Year (Jan - Dec), 2025","Jalpaiguri, Municipality",421.84,135.13,90.4,8612.0,8303.0,4650.0,4.11559549792446,Anomaly,640,Low
India,West Bengal,"Calendar Year (Jan - Dec), 2025","Bolpur, Municipality",375.27,123.55,104.48,7934.0,7934.0,5875.0,4.085930236960053,Anomaly,641,Low
India,Sikkim,"Calendar Year (Jan - Dec), 2025","Gyalshing, Town Panchayat",3.34,1.07,0.66,65.0,65.0,13.0,4.08543683946624,Anomaly,642,Low
India,Jammu And Kashmir,"Calendar Year (Jan - Dec), 2025","Chenani, Municipality",1.98,0.64,0.5,42.0,42.0,35.0,4.082785948695687,Anomaly,643,Low
India,West Bengal,"Calendar Year (Jan - Dec), 2025","Raiganj, Municipality",335.73,121.89,106.07,8066.0,8066.0,5569.0,4.00700479202618,Anomaly,644,Low
India,Bihar,"Calendar Year (Jan - Dec), 2025","Bihta, Municipality",61.93,13.77,6.43,890.0,226.0,74.0,3.969856736546717,Anomaly,645,Low
India,West Bengal,"Calendar Year (Jan - Dec), 2025","Basirhat, Municipality",338.24,123.82,100.79,8220.0,8220.0,3210.0,3.9437952126699543,Anomaly,646,Low
India,Andhra Pradesh,"Calendar Year (Jan - Dec), 2025","Guntakal, Municipality",424.73,130.8,97.48,8681.0,7998.0,3994.0,3.9295062244336805,Anomaly,647,Low
India,Madhya Pradesh,"Calendar Year (Jan - Dec), 2025","Guna, Municipality",478.73,112.77,117.73,6902.0,6683.0,6436.0,3.9210399316372104,Anomaly,648,Low
India,Tamil Nadu,"Calendar Year (Jan - Dec), 2025","Vellore, Municipal Corporation",411.64,115.02,114.02,6992.0,6964.0,6635.0,3.903434727078718,Anomaly,649,Low
India,Rajasthan,"Calendar Year (Jan - Dec), 2025","Baswa, Town Panchayat",6.6,1.65,0.66,110.0,23.0,12.0,3.8890477697165693,Anomaly,650,Low
India,Karnataka,"Calendar Year (Jan - Dec), 2025","Mangaluru, Municipal Corporation",706.48,117.99,111.73,5843.0,5298.0,5148.0,3.8164218569084483,Anomaly,651,Low
India,Bihar,"Calendar Year (Jan - Dec), 2025","Barauni, Municipality",41.43,9.2,4.19,595.0,152.0,38.0,3.8120050738824034,Anomaly,652,Low
India,Rajasthan,"Calendar Year (Jan - Dec), 2025",Ajmer Development Authority,13.0,3.0,1.2,200.0,,,3.772690302280921,Anomaly,653,Low
India,Andhra Pradesh,"Calendar Year (Jan - Dec), 2025","Narasaraopeta, Municipality",452.83,135.81,66.33,8757.0,8106.0,4227.0,3.7132167104430778,Anomaly,654,Low
India,Telangana,"Calendar Year (Jan - Dec), 2025","Medchal, Municipality",847.42,97.98,91.26,4445.0,3885.0,3885.0,3.702293155291102,Anomaly,655,Low
India,Bihar,"Calendar Year (Jan - Dec), 2025","Habibpur, Town Panchayat",48.88,11.28,4.51,752.0,48.0,,3.527468418241199,Anomaly,656,Low
India,Gujarat,"Calendar Year (Jan - Dec), 2025",Gandhinagar Development Authroity,713.16,98.0,70.24,6150.0,6074.0,6074.0,3.505612829630195,Anomaly,657,Low
India,Telangana,"Calendar Year (Jan - Dec), 2025","Jammikunta, Municipality",116.27,32.61,5.58,2154.0,540.0,340.0,3.4839204840612865,Anomaly,658,Low
India,Telangana,"Calendar Year (Jan - Dec), 2025","Shamshabad, Municipality",16.91,4.28,0.62,270.0,26.0,26.0,3.3888827602275455,Anomaly,659,Low
India,Telangana,"Calendar Year (Jan - Dec), 2025","Dubbaka, Municipality",3.93,0.69,0.69,28.0,28.0,28.0,3.3236837646742288,Anomaly,660,Low
India,Telangana,"Calendar Year (Jan - Dec), 2025","Mahabubnagar, Municipality",659.38,135.22,81.38,7845.0,5173.0,5070.0,3.306573146738401,Anomaly,661,Low
India,Madhya Pradesh,"Calendar Year (Jan - Dec), 2025","Garhakota, Municipality",273.66,104.4,102.44,6954.0,6954.0,6691.0,3.306452560437549,Anomaly,662,Low
India,Karnataka,"Calendar Year (Jan - Dec), 2025","Gadag-Betigeri, Municipality",486.68,126.13,92.62,8062.0,7640.0,4012.0,3.2687989479971407,Anomaly,663,Low
India,Telangana,"Calendar Year (Jan - Dec), 2025","Bhootpur, Municipality",17.95,5.1,0.66,326.0,30.0,30.0,3.265404374862328,Anomaly,664,Low
India,Karnataka,"Calendar Year (Jan - Dec), 2025","Byndoor, Town Panchayat",2.44,0.75,0.29,50.0,49.0,31.0,3.1814603502313616,Anomaly,665,Low
India,Jammu And Kashmir,"Calendar Year (Jan - Dec), 2025","Thatri, Municipality",2.06,0.68,0.49,45.0,45.0,35.0,3.178443334455551,Anomaly,666,Low
India,Tamil Nadu,"Calendar Year (Jan - Dec), 2025","Kalinjur, Municipal Corporation",4.08,0.64,0.64,29.0,29.0,29.0,3.148366988728469,Anomaly,667,Low
India,Bihar,"Calendar Year (Jan - Dec), 2025","Kishanganj, Municipality",408.57,122.45,80.88,8152.0,8079.0,3408.0,3.082506341715259,Anomaly,668,Low
India,Odisha,"Calendar Year (Jan - Dec), 2025",Bhubaneswar Development Authority (Bda),512.21,107.93,65.71,8162.0,7302.0,5728.0,3.074973306825882,Anomaly,669,Low
India,Madhya Pradesh,"Calendar Year (Jan - Dec), 2025","Chhatarpur, Municipality",312.27,107.41,130.77,6833.0,6588.0,5884.0,3.0474983205932062,Anomaly,670,Low
India,Uttar Pradesh,"Calendar Year (Jan - Dec), 2025","Akbarpur, Municipality",252.5,104.75,101.8,6938.0,6666.0,6556.0,3.0299833921550885,Anomaly,671,Low
India,Telangana,"Calendar Year (Jan - Dec), 2025","Banswada, Municipality",117.99,23.55,2.9,1569.0,1038.0,1009.0,2.8603948618488744,Anomaly,672,Low
India,West Bengal,"Calendar Year (Jan - Dec), 2025","Dhupguri, Municipality",326.45,120.27,80.82,8000.0,7790.0,2880.0,2.844900482846242,Anomaly,673,Low
India,Chhattisgarh,"Calendar Year (Jan - Dec), 2025","Kusmi, Town Panchayat",6.12,2.37,0.95,158.0,34.0,,2.7776930655542174,Anomaly,674,Low
India,Uttar Pradesh,"Calendar Year (Jan - Dec), 2025","Bulandshahr, Municipality",371.43,114.39,106.34,7247.0,6440.0,6311.0,2.7741100865634394,Anomaly,675,Low
India,Assam,"Calendar Year (Jan - Dec), 2025","Lumding, Municipality",1.57,0.75,0.63,49.0,49.0,48.0,2.773025684256311,Anomaly,676,Low
India,Bihar,"Calendar Year (Jan - Dec), 2025","Giriak, Town Panchayat",21.77,5.03,2.01,335.0,25.0,,2.7566452237821295,Anomaly,677,Low
India,Tamil Nadu,"Calendar Year (Jan - Dec), 2025","Swamimalai, Town Panchayat",1.8,0.67,0.77,42.0,42.0,42.0,2.733969908667632,Anomaly,678,Low
India,Uttar Pradesh,"Calendar Year (Jan - Dec), 2025","Hapur, Municipality",360.63,122.11,105.71,7766.0,6560.0,5804.0,2.7191214904124195,Anomaly,679,Low
India,Madhya Pradesh,"Calendar Year (Jan - Dec), 2025","Dola, Town Panchayat",3.38,1.06,0.17,71.0,27.0,26.0,2.69264778899867,Anomaly,680,Low
India,Uttar Pradesh,"Calendar Year (Jan - Dec), 2025","Rae Bareli, Municipality",358.23,150.04,114.57,6733.0,5757.0,5505.0,2.6767881967767266,Anomaly,681,Low
India,Kerala,"Calendar Year (Jan - Dec), 2025",Kozhikode Municipal Corporation,362.3,114.58,113.31,6682.0,6671.0,6017.0,2.664794280032197,Anomaly,682,Low
India,Delhi,"Calendar Year (Jan - Dec), 2025","North Delhi Municipal Corporation, Municipal Corporation",742.41,89.56,89.56,3829.0,3829.0,3829.0,2.600841126970181,Anomaly,683,Low
India,Bihar,"Calendar Year (Jan - Dec), 2025","Samastipur, Municipal Corporation",143.1,33.02,16.87,2121.0,628.0,319.0,2.576450613292309,Anomaly,684,Low
India,Maharashtra,"Calendar Year (Jan - Dec), 2025","Medha, Town Panchayat",2.88,0.65,0.5,43.0,32.0,30.0,2.5700066698403248,Anomaly,685,Low
India,Uttar Pradesh,"Calendar Year (Jan - Dec), 2025","Rampur, Municipality",327.69,116.74,102.1,7358.0,6529.0,6133.0,2.5288366038761296,Anomaly,686,Low
India,Uttar Pradesh,"Calendar Year (Jan - Dec), 2025","Sonbhadra, Municipality",125.17,31.54,13.42,2100.0,363.0,363.0,2.522519245035653,Anomaly,687,Low
India,Rajasthan,"Calendar Year (Jan - Dec), 2025","Bhiwadi, Municipality",646.72,105.96,109.38,4587.0,4573.0,4547.0,2.509730257617491,Anomaly,688,Low
India,Manipur,"Calendar Year (Jan - Dec), 2025","Kakching Khunou, Municipality",45.57,27.12,15.14,1807.0,1738.0,272.0,2.3867753078014857,Anomaly,689,Low
India,Uttarakhand,"Calendar Year (Jan - Dec), 2025","Piran Kaliyar, Town Panchayat",44.17,19.26,9.76,1284.0,1219.0,156.0,2.2897724274628217,Anomaly,690,Low
India,Rajasthan,"Calendar Year (Jan - Dec), 2025","Fhagi, Town Panchayat",26.52,6.12,2.45,408.0,29.0,,2.2678664461388394,Anomaly,691,Low
India,Rajasthan,"Calendar Year (Jan - Dec), 2025","Bikaner, Municipal Corporation",481.13,115.86,122.8,6264.0,6167.0,4796.0,2.254432405556429,Anomaly,692,Low
India,Haryana,"Calendar Year (Jan - Dec), 2025","Rohtak, Municipal Corporation",531.36,155.6,76.7,7142.0,3430.0,3089.0,2.247607391401232,Anomaly,693,Low
India,Andhra Pradesh,"Calendar Year (Jan - Dec), 2025","Madanapalle, Municipality",308.93,115.3,100.93,7635.0,7426.0,4664.0,2.161400799005037,Anomaly,694,Low
India,Tamil Nadu,"Calendar Year (Jan - Dec), 2025",Kannivadi (T),1.59,0.85,0.65,57.0,55.0,41.0,2.1166591275687097,Anomaly,695,Low
India,Rajasthan,"Calendar Year (Jan - Dec), 2025","Wazeerpur, Town Panchayat",4.93,1.35,0.53,90.0,43.0,13.0,2.0798269884994056,Anomaly,696,Low
India,Maharashtra,"Calendar Year (Jan - Dec), 2025","Deola, Town Panchayat",5.52,1.07,0.52,57.0,20.0,20.0,2.071997604538467,Anomaly,697,Low
India,West Bengal,"Calendar Year (Jan - Dec), 2025","Medinipur, Municipality",385.26,110.47,108.43,6740.0,6653.0,5615.0,2.038022433977403,Anomaly,698,Low
India,Madhya Pradesh,"Calendar Year (Jan - Dec), 2025","Pithampur, Municipality",316.2,108.64,120.59,6338.0,6245.0,5700.0,2.0085787030345728,Anomaly,699,Low
India,Odisha,"Calendar Year (Jan - Dec), 2025","Cuttack, Municipal Corporation",529.33,112.02,82.32,7259.0,6107.0,5581.0,1.9674184985771603,Anomaly,700,Low
India,Karnataka,"Calendar Year (Jan - Dec), 2025","Shiruru, Town Panchayat",2.39,0.74,0.3,49.0,49.0,41.0,1.9395691728732345,Anomaly,701,Low
India,Gujarat,"Calendar Year (Jan - Dec), 2025","Surendranagar Dudhrej, MunicipalCorporation",446.31,132.02,117.56,5616.0,5196.0,5173.0,1.9377888751695878,Anomaly,702,Low
India,Andhra Pradesh,"Calendar Year (Jan - Dec), 2025","Bheemunipatnam, Municipality",236.18,95.17,38.24,6113.0,4530.0,1202.0,1.8984409775061408,Anomaly,703,Low
India,Bihar,"Calendar Year (Jan - Dec), 2025","Alauli, Town Panchayat",39.91,9.21,3.68,614.0,43.0,,1.8638939597797162,Anomaly,704,Low
India,West Bengal,"Calendar Year (Jan - Dec), 2025","Barddhaman, Municipality",561.71,109.26,106.59,5921.0,5914.0,4602.0,1.831521935202261,Anomaly,705,Low
India,Bihar,"Calendar Year (Jan - Dec), 2025","Siwan, Municipality",315.53,76.48,40.98,5048.0,1998.0,962.0,1.7822926625719901,Anomaly,706,Low
India,Bihar,"Calendar Year (Jan - Dec), 2025","Benipur, Municipality",423.52,116.73,88.37,7779.0,7064.0,3603.0,1.7663964456278904,Anomaly,707,Low
India,West Bengal,"Calendar Year (Jan - Dec), 2025","Haldia, Municipality",334.34,115.22,91.93,7555.0,7379.0,4737.0,1.7592654767098566,Anomaly,708,Low
India,Tamil Nadu,"Calendar Year (Jan - Dec), 2025","Sholinganallur, Municipal Corporation",624.76,51.93,51.93,2306.0,2306.0,2306.0,1.708221332968435,Anomaly,709,Low
India,Gujarat,"Calendar Year (Jan - Dec), 2025","Valsad, Municipality",545.29,110.76,109.69,5004.0,4945.0,4917.0,1.6709538794073637,Anomaly,710,Low
India,Telangana,"Calendar Year (Jan - Dec), 2025","Adilabad, Municipality",379.32,96.18,20.8,6064.0,2258.0,1628.0,1.6258145248666551,Anomaly,711,Low
India,Maharashtra,"Calendar Year (Jan - Dec), 2025","Purna, Municipality",211.72,48.31,22.07,3194.0,1837.0,530.0,1.6245530345412362,Anomaly,712,Low
India,Telangana,"Calendar Year (Jan - Dec), 2025","Korutla, Municipality",65.12,17.91,4.34,1168.0,353.0,123.0,1.6157327630545524,Anomaly,713,Low
India,Uttarakhand,"Calendar Year (Jan - Dec), 2025","Dehradun, Municipal Corporation",641.3,97.41,96.21,4489.0,4489.0,4453.0,1.5935977838511803,Anomaly,714,Low
India,Karnataka,"Calendar Year (Jan - Dec), 2025","Babaleshwar, Town Panchayat",2.44,0.75,0.3,50.0,50.0,42.0,1.5360471855096307,Anomaly,715,Low
India,Uttar Pradesh,"Calendar Year (Jan - Dec), 2025","Maharajganj, Municipality",299.57,110.71,93.33,7367.0,6037.0,5871.0,1.4229246328699787,Anomaly,716,Low
India,West Bengal,"Calendar Year (Jan - Dec), 2025","Rajpur Sonarpur, Municipality",615.77,97.34,96.93,4942.0,4942.0,4717.0,1.4200986547513708,Anomaly,717,Low
India,Bihar,"Calendar Year (Jan - Dec), 2025","Barharia, Town Panchayat",19.24,4.44,1.78,296.0,27.0,,1.3751350851333086,Anomaly,718,Low
India,Bihar,"Calendar Year (Jan - Dec), 2025","Bihariganj, Town Panchayat",48.49,11.19,4.48,746.0,56.0,,1.3733382435050885,Anomaly,719,Low
India,Odisha,"Calendar Year (Jan - Dec), 2025","Raurkela, Municipal Corporation",485.74,48.22,16.71,3174.0,1497.0,1393.0,1.3672078730564863,Anomaly,720,Low
India,Rajasthan,"Calendar Year (Jan - Dec), 2025","Jayal, Town Panchayat",6.1,1.53,0.63,102.0,25.0,15.0,1.2229843951124053,Anomaly,721,Low
India,Uttar Pradesh,"Calendar Year (Jan - Dec), 2025",Tanda (Ambedkar Nagar),235.34,98.56,93.27,6567.0,6082.0,5892.0,1.2032649103592803,Anomaly,722,Low
India,Himachal Pradesh,"Calendar Year (Jan - Dec), 2025","Nerwa, Town Panchayat",2.3,0.85,0.47,51.0,39.0,35.0,1.152457658666492,Anomaly,723,Low
India,West Bengal,"Calendar Year (Jan - Dec), 2025","Chandannagar, Municipal Corporation",319.95,104.54,93.74,6631.0,6631.0,5614.0,1.1161714306719546,Anomaly,724,Low
India,Uttar Pradesh,"Calendar Year (Jan - Dec), 2025","Aurangabad, Town Panchayat",470.17,102.76,101.98,5604.0,5584.0,5481.0,1.105459783873755,Anomaly,725,Low
India,Rajasthan,"Calendar Year (Jan - Dec), 2025","Ganganagar, Municipality",430.98,118.29,106.63,5936.0,5572.0,5164.0,1.081037204436484,Anomaly,726,Low
India,Madhya Pradesh,"Calendar Year (Jan - Dec), 2025","Tikamgarh, Municipality",337.02,104.15,89.76,6829.0,6773.0,5475.0,1.0432533200068406,Anomaly,727,Low
India,Uttar Pradesh,"Calendar Year (Jan - Dec), 2025","Gaisari, Town Panchayat",15.02,3.46,1.39,231.0,,,1.0229992700150774,Anomaly,728,Low
India,Andhra Pradesh,"Calendar Year (Jan - Dec), 2025","Markapur, Municipality",345.2,107.73,86.28,7136.0,7061.0,3135.0,0.8929501193323404,Anomaly,729,Low
India,Jharkhand,"Calendar Year (Jan - Dec), 2025","Medininagar, Municipal Corporation",274.88,108.64,90.03,7219.0,7167.0,3955.0,0.8870906202906212,Anomaly,730,Low
India,Rajasthan,"Calendar Year (Jan - Dec), 2025","Bissau, Town Panchayat",1.47,0.91,0.78,61.0,61.0,59.0,0.7628830197838283,Anomaly,731,Low
India,West Bengal,"Calendar Year (Jan - Dec), 2025","Bidhannagar, Municipal Corporation",296.33,108.19,106.88,6573.0,6573.0,4437.0,0.7266058551168157,Anomaly,732,Low
India,Gujarat,"Calendar Year (Jan - Dec), 2025","Patan, Municipality",462.95,112.4,108.65,5118.0,4899.0,4842.0,0.7236863107374347,Anomaly,733,Low
India,Punjab,"Calendar Year (Jan - Dec), 2025",Mandikalan Panchayat,2.52,1.22,0.89,86.0,44.0,19.0,0.6789082409290472,Anomaly,734,Low
India,Uttar Pradesh,"Calendar Year (Jan - Dec), 2025","Khalilabad, Municipality",244.78,95.53,90.95,6323.0,5958.0,5787.0,0.598733446973938,Anomaly,735,Low
India,Uttar Pradesh,"Calendar Year (Jan - Dec), 2025","Pilibhit, Municipality",245.54,95.52,92.11,6211.0,5900.0,5819.0,0.5913554653958499,Anomaly,736,Low
India,Bihar,"Calendar Year (Jan - Dec), 2025","Parbatta, Town Panchayat",56.68,13.08,5.23,872.0,73.0,,0.5813789904930218,Anomaly,737,Low
India,Bihar,"Calendar Year (Jan - Dec), 2025","Kako, Town Panchayat",15.4,3.56,1.42,237.0,,,0.5796530150888088,Anomaly,738,Low
India,Himachal Pradesh,"Calendar Year (Jan - Dec), 2025","Parwanoo, Municipality",3.65,0.78,0.78,32.0,32.0,32.0,0.5778072934193688,Anomaly,739,Low
India,Assam,"Calendar Year (Jan - Dec), 2025","Namrup, Town Panchayat",1.56,0.9,0.85,60.0,60.0,50.0,0.47044950997860724,Anomaly,740,Low
India,Bihar,"Calendar Year (Jan - Dec), 2025","Kurhani, Town Panchayat",28.08,6.48,2.59,432.0,35.0,,0.46751008370438285,Anomaly,741,Low
India,Uttar Pradesh,"Calendar Year (Jan - Dec), 2025","Modinagar, Municipality",364.09,116.31,91.27,7595.0,5339.0,5058.0,0.4668155102942251,Anomaly,742,Low
India,Manipur,"Calendar Year (Jan - Dec), 2025","Nambol, Municipality",88.28,52.09,28.22,3461.0,2938.0,678.0,0.4469016225035034,Anomaly,743,Low
India,Bihar,"Calendar Year (Jan - Dec), 2025","Jale, Town Panchayat",168.16,38.8,15.52,2587.0,496.0,,0.43723598044380196,Anomaly,744,Low
India,Goa,"Calendar Year (Jan - Dec), 2025","Curchorem-Cacora, Municipality",5.74,0.74,0.77,31.0,31.0,31.0,0.42716438047614247,Anomaly,745,Low
India,Himachal Pradesh,"Calendar Year (Jan - Dec), 2025","Naina Devi, Municipality",2.11,0.8,0.57,50.0,44.0,44.0,0.3788493311439538,Anomaly,746,Low
India,Telangana,"Calendar Year (Jan - Dec), 2025","Turkayamjal, Municipality",61.9,14.73,3.39,892.0,136.0,136.0,0.3635082463488857,Anomaly,747,Low
India,Maharashtra,"Calendar Year (Jan - Dec), 2025","Talegaon Dabhade, Municipality",596.25,89.32,85.69,3933.0,3921.0,3914.0,0.35301622992193415,Anomaly,748,Low
India,Haryana,"Calendar Year (Jan - Dec), 2025","Sirsa, Municipality",109.94,27.31,39.46,1605.0,530.0,525.0,0.34025729889634704,Anomaly,749,Low
India,Maharashtra,"Calendar Year (Jan - Dec), 2025","Hingoli, Municipality",515.45,118.33,73.37,7328.0,5201.0,3633.0,0.3387939402182951,Anomaly,750,Low
India,Uttar Pradesh,"Calendar Year (Jan - Dec), 2025","Basti, Municipality",247.83,93.42,90.36,6066.0,5943.0,5731.0,0.3292254939202621,Anomaly,751,Low
India,Karnataka,"Calendar Year (Jan - Dec), 2025","Mudigere, Town Panchayat",2.86,0.7,0.64,40.0,40.0,37.0,0.2404984467985969,Anomaly,752,Low
India,Tamil Nadu,"Calendar Year (Jan - Dec), 2025","Velankanni, Town Panchayat",1.94,0.8,0.65,52.0,52.0,47.0,0.22293309007358175,Anomaly,753,Low
India,Uttar Pradesh,"Calendar Year (Jan - Dec), 2025","Farrukhabad-Cum-Fatehgarh, Municipality",250.08,98.98,90.02,6557.0,5724.0,5560.0,0.22060658391080779,Anomaly,754,Low
India,Jammu And Kashmir,"Calendar Year (Jan - Dec), 2025","Lakhanpur, Municipality",2.33,0.74,0.58,48.0,48.0,41.0,0.21709099559706146,Anomaly,755,Low
India,Andhra Pradesh,"Calendar Year (Jan - Dec), 2025","Macherla, Municipality",261.53,92.93,74.92,6147.0,5960.0,1971.0,0.21601146609566513,Anomaly,756,Low
India,West Bengal,"Calendar Year (Jan - Dec), 2025","Krishnanagar, Municipality",268.91,91.61,88.33,5935.0,5935.0,5862.0,0.2077916488919982,Anomaly,757,Low
India,Chhattisgarh,"Calendar Year (Jan - Dec), 2025","Ambikapur, Municipal Corporation",232.44,95.62,99.12,6183.0,6036.0,4969.0,0.16447699552514905,Anomaly,758,Low
India,Andaman And Nicobar Islands,"Calendar Year (Jan - Dec), 2025","Port Blair, Municipality",95.83,5.84,2.93,376.0,376.0,151.0,0.133885844356314,Anomaly,759,Low
India,Uttarakhand,"Calendar Year (Jan - Dec), 2025",Mussorie-Dehradun Development Authority,173.88,10.56,5.23,704.0,704.0,544.0,0.12394593081711491,Anomaly,760,Low
India,Uttar Pradesh,"Calendar Year (Jan - Dec), 2025","Amroha, Municipality",382.56,116.06,90.09,7624.0,4875.0,4779.0,0.12024094911828342,Anomaly,761,Low
India,Gujarat,"Calendar Year (Jan - Dec), 2025","Bhuj, Municipality",432.73,110.84,107.0,4639.0,4506.0,4486.0,0.07410485051906335,Anomaly,762,Low
India,Karnataka,"Calendar Year (Jan - Dec), 2025","Chitradurga, Municipality",443.77,125.26,93.05,6188.0,5223.0,4118.0,0.053355474592194696,Anomaly,763,Low
India,Madhya Pradesh,"Calendar Year (Jan - Dec), 2025","Bandri, Town Panchayat",229.03,89.23,86.25,5949.0,5949.0,5595.0,0.05205272155865259,Anomaly,764,Low
India,Uttarakhand,"Calendar Year (Jan - Dec), 2025","Hardwar, Municipal Corporation",502.16,99.25,102.67,5043.0,5042.0,3867.0,0.019236670085263086,Anomaly,765,Low
India,Bihar,"Calendar Year (Jan - Dec), 2025","Sikandra, Town Panchayat",8.13,1.88,0.75,125.0,75.0,,0.0004371598361103679,Anomaly,766,Low
India,Uttar Pradesh,"Calendar Year (Jan - Dec), 2025","Gaura Barhaj, Municipality",232.07,92.1,87.27,6136.0,5755.0,5587.0,-0.00021890463074214495,Normal,767,Low
India,Tamil Nadu,"Calendar Year (Jan - Dec), 2025","Kaniyur, Town Panchayat",2.56,0.71,0.7,42.0,42.0,40.0,-0.00021905756852902414,Normal,768,Low
India,West Bengal,"Calendar Year (Jan - Dec), 2025","Halisahar, Municipality",249.11,89.74,91.24,5898.0,5898.0,5566.0,-0.009861626542999602,Normal,769,Low
India,Bihar,"Calendar Year (Jan - Dec), 2025","Kursela, Town Panchayat",14.88,3.44,1.37,229.0,31.0,,-0.021433614203488105,Normal,770,Low
India,Jammu And Kashmir,"Calendar Year (Jan - Dec), 2025","Cantonment Board, Jammu",2.68,0.76,0.55,46.0,46.0,37.0,-0.10837720306699339,Normal,771,Low
India,Tamil Nadu,"Calendar Year (Jan - Dec), 2025","Asaripallam, Town Panchayat",4.94,0.67,0.67,34.0,34.0,34.0,-0.11605101241173088,Normal,772,Low
India,Gujarat,"Calendar Year (Jan - Dec), 2025",Rajkot Development,410.67,90.24,81.9,6016.0,5695.0,5618.0,-0.12169793892758207,Normal,773,Low
India,Maharashtra,"Calendar Year (Jan - Dec), 2025","Baramati, Municipality",512.9,105.1,95.11,4815.0,4401.0,4135.0,-0.16054035472501482,Normal,774,Low
India,Telangana,"Calendar Year (Jan - Dec), 2025","Nizamabad, Municipal Corporation",493.35,103.12,53.21,6109.0,3722.0,2040.0,-0.16160922407209455,Normal,775,Low
India,Karnataka,"Calendar Year (Jan - Dec), 2025","Hootagalli, Municipality",5.12,1.57,,105.0,105.0,89.0,-0.19154249588052608,Normal,776,Low
India,Haryana,"Calendar Year (Jan - Dec), 2025","Palwal, Municipality",204.12,57.9,21.05,3704.0,1250.0,720.0,-0.20679496437395528,Normal,777,Low
India,Maharashtra,"Calendar Year (Jan - Dec), 2025","Gondiya, Municipality",377.51,64.57,33.69,4010.0,2966.0,1074.0,-0.2151049489906427,Normal,778,Low
India,Uttar Pradesh,"Calendar Year (Jan - Dec), 2025","Muzaffarnagar, Municipality",302.86,102.0,92.11,6319.0,5508.0,5382.0,-0.27702533267557783,Normal,779,Low
India,West Bengal,"Calendar Year (Jan - Dec), 2025","Old Malda, Municipality",288.41,96.8,82.69,6188.0,6187.0,5354.0,-0.2915524407017074,Normal,780,Low
India,Tamil Nadu,"Calendar Year (Jan - Dec), 2025","Nagercoil, Municipal Corporation",200.4,82.22,95.91,5402.0,5350.0,5248.0,-0.32171462330728673,Normal,781,Low
India,Bihar,"Calendar Year (Jan - Dec), 2025","Singhwara, Town Panchayat",72.02,16.62,6.65,1108.0,111.0,,-0.3358928567105295,Normal,782,Low
India,Jharkhand,"Calendar Year (Jan - Dec), 2025","Gumla, Municipality",235.29,93.93,86.35,6245.0,6082.0,4933.0,-0.4468818190829893,Normal,783,Low
India,Assam,"Calendar Year (Jan - Dec), 2025","Silapathar, Town Panchayat",40.15,22.3,15.92,1487.0,1478.0,277.0,-0.464986393091408,Normal,784,Low
India,West Bengal,"Calendar Year (Jan - Dec), 2025","Baduria, Municipality",232.99,87.09,88.83,5800.0,5792.0,5243.0,-0.546352501784213,Normal,785,Low
India,Arunachal Pradesh,"Calendar Year (Jan - Dec), 2025","Mariyang, Town Panchayat",2.69,0.67,0.6,45.0,45.0,45.0,-0.5513897735776823,Normal,786,Low
India,Bihar,"Calendar Year (Jan - Dec), 2025","Shahpur Patori, Municipality",145.73,33.63,13.45,2242.0,401.0,,-0.5591318667806604,Normal,787,Low
India,Tamil Nadu,"Calendar Year (Jan - Dec), 2025","Naravarikuppam, Town Panchayat",2.32,0.75,0.65,48.0,48.0,46.0,-0.6123883059973423,Normal,788,Low
India,Uttar Pradesh,"Calendar Year (Jan - Dec), 2025","Pt Deen Dayal Nagar, Municipality",222.37,89.72,85.35,5918.0,5508.0,5326.0,-0.6425117206920845,Normal,789,Low
India,Tamil Nadu,"Calendar Year (Jan - Dec), 2025","Thirunagar, Municipal Corporation",4.32,0.75,0.75,34.0,34.0,34.0,-0.6702750674540994,Normal,790,Low
India,Bihar,"Calendar Year (Jan - Dec), 2025","Barun, Town Panchayat",39.91,9.21,3.69,614.0,53.0,,-0.7360363300403492,Normal,791,Low
India,Bihar,"Calendar Year (Jan - Dec), 2025","Parsa Bazar, Town Panchayat",188.97,52.48,28.87,3499.0,2644.0,704.0,-0.7424122796728625,Normal,792,Low
India,Madhya Pradesh,"Calendar Year (Jan - Dec), 2025","Mandideep, Municipality",285.92,98.57,88.87,6030.0,5574.0,5172.0,-0.7696936716866958,Normal,793,Low
India,Andhra Pradesh,"Calendar Year (Jan - Dec), 2025","Vinukonda, Municipality",338.55,100.73,86.44,6599.0,6178.0,3406.0,-0.7916577447547297,Normal,794,Low
India,Andhra Pradesh,"Calendar Year (Jan - Dec), 2025","Piduguralla, Municipality",411.9,113.3,61.24,7534.0,5384.0,3683.0,-0.8146153314401658,Normal,795,Low
India,Odisha,"Calendar Year (Jan - Dec), 2025","Berhampur, Municipal Corporation",290.76,112.12,110.31,4734.0,4398.0,4294.0,-0.8427696111659202,Normal,796,Low
India,Tamil Nadu,"Calendar Year (Jan - Dec), 2025","Tambaram, Municipal Corporation",489.47,47.44,47.44,2202.0,2202.0,2195.0,-0.9080667356251411,Normal,797,Low
India,Madhya Pradesh,"Calendar Year (Jan - Dec), 2025","Ashoknagar, Municipality",231.15,86.63,82.86,5725.0,5514.0,5349.0,-0.9393691905135029,Normal,798,Low
India,West Bengal,"Calendar Year (Jan - Dec), 2025","Kandi, Municipality",257.86,94.27,83.94,6253.0,5935.0,4834.0,-0.944600286782304,Normal,799,Low
India,Haryana,"Calendar Year (Jan - Dec), 2025","Yamunanagar, Municipal Corporation",283.24,121.94,82.2,4983.0,3161.0,2027.0,-0.949581069812325,Normal,800,Low
India,Bihar,"Calendar Year (Jan - Dec), 2025","Asarganj, Town Panchayat",10.46,2.42,0.97,161.0,46.0,,-0.9844161111830658,Normal,801,Low
India,West Bengal,"Calendar Year (Jan - Dec), 2025","Maheshtala, Municipality",330.8,97.44,91.49,6130.0,6130.0,3944.0,-0.9872759129269753,Normal,802,Low
India,Maharashtra,"Calendar Year (Jan - Dec), 2025","Kasai Dodamarg, Town Panchayat",4.07,0.95,0.47,57.0,30.0,28.0,-1.01908432371647,Normal,803,Low
India,Maharashtra,"Calendar Year (Jan - Dec), 2025","Hingana, Town Panchayat",451.08,83.6,72.23,5455.0,5173.0,2346.0,-1.0265641545742596,Normal,804,Low
India,Gujarat,"Calendar Year (Jan - Dec), 2025","Deesa, Municipality",388.87,100.82,102.42,4256.0,4185.0,4140.0,-1.033046928387364,Normal,805,Low
India,Gujarat,"Calendar Year (Jan - Dec), 2025","Kadi, Municipality",389.86,102.14,100.22,4369.0,4304.0,4252.0,-1.0569510664425934,Normal,806,Low
India,Punjab,"Calendar Year (Jan - Dec), 2025","Gharuan, Town Panchayat",16.96,3.92,1.57,261.0,,,-1.1251084475082394,Normal,807,Low
India,Bihar,"Calendar Year (Jan - Dec), 2025","Dinara, Town Panchayat",13.26,3.06,1.22,204.0,37.0,,-1.1530504007569675,Normal,808,Low
India,Manipur,"Calendar Year (Jan - Dec), 2025","Kumbi, Municipality",33.73,20.06,15.72,1337.0,1284.0,261.0,-1.1547964165268354,Normal,809,Low
India,Uttar Pradesh,"Calendar Year (Jan - Dec), 2025","Sitapur, Municipality",255.75,94.92,84.54,6198.0,5246.0,5133.0,-1.1661673796132845,Normal,810,Low
India,Tamil Nadu,"Calendar Year (Jan - Dec), 2025","Elathur, Town Panchayat",41.66,8.05,6.66,536.0,536.0,71.0,-1.215151988037121,Normal,811,Low
India,Bihar,"Calendar Year (Jan - Dec), 2025","Biraul, Town Panchayat",57.33,13.23,5.29,882.0,86.0,,-1.2209388583153782,Normal,812,Low
India,Uttar Pradesh,"Calendar Year (Jan - Dec), 2025","Lakhimpur, Municipality",225.15,90.72,81.3,6008.0,5250.0,5142.0,-1.2310027729192825,Normal,813,Low
India,Tamil Nadu,"Calendar Year (Jan - Dec), 2025","R.S.Mangalam, Town Panchayat",1.99,0.84,0.78,55.0,55.0,52.0,-1.2817151749143818,Normal,814,Low
India,Tamil Nadu,"Calendar Year (Jan - Dec), 2025","Ambattur, Municipality",411.35,42.79,42.79,1849.0,1849.0,1849.0,-1.3090057146980598,Normal,815,Low
India,West Bengal,"Calendar Year (Jan - Dec), 2025","Champdani, Municipality",250.16,91.5,82.26,6079.0,6072.0,4434.0,-1.3214936673687134,Normal,816,Low
India,Chhattisgarh,"Calendar Year (Jan - Dec), 2025","Raigarh, Municipal Corporation",320.95,93.46,89.85,5359.0,5252.0,4996.0,-1.3541849419284517,Normal,817,Low
India,West Bengal,"Calendar Year (Jan - Dec), 2025","Sainthia, Municipality",240.32,86.83,83.38,5745.0,5741.0,4840.0,-1.381103813632592,Normal,818,Low
India,Madhya Pradesh,"Calendar Year (Jan - Dec), 2025","Sheopur, Municipality",236.83,87.92,82.45,5722.0,5673.0,4895.0,-1.3850988047790338,Normal,819,Low
India,Himachal Pradesh,"Calendar Year (Jan - Dec), 2025","Rawalsar, Town Panchayat",2.87,0.76,0.63,47.0,41.0,41.0,-1.4103881839863561,Normal,820,Low
India,Telangana,"Calendar Year (Jan - Dec), 2025","Pebbair, Municipality",4.56,0.82,0.82,34.0,34.0,34.0,-1.4425092506188548,Normal,821,Low
India,Bihar,"Calendar Year (Jan - Dec), 2025","Narpatganj, Town Panchayat",37.63,8.69,3.47,579.0,53.0,,-1.448121108399846,Normal,822,Low
India,Bihar,"Calendar Year (Jan - Dec), 2025","Amour, Town Panchayat",53.5,12.34,4.94,823.0,80.0,,-1.4652827021176336,Normal,823,Low
India,Madhya Pradesh,"Calendar Year (Jan - Dec), 2025","Dhar, Municipality",327.83,95.37,100.63,4870.0,4680.0,4576.0,-1.473609666726361,Normal,824,Low
India,Maharashtra,"Calendar Year (Jan - Dec), 2025","Akluj, Municipality",7.43,1.68,0.4,112.0,53.0,18.0,-1.4848956234799289,Normal,825,Low
India,Uttar Pradesh,"Calendar Year (Jan - Dec), 2025","Chunar, Municipality",192.47,80.04,77.95,5329.0,5259.0,5034.0,-1.487212411969324,Normal,826,Low
India,Madhya Pradesh,"Calendar Year (Jan - Dec), 2025","Malthon, Town Panchayat",218.41,85.09,77.61,5673.0,5672.0,4873.0,-1.5092625321718742,Normal,827,Low
India,Uttarakhand,"Calendar Year (Jan - Dec), 2025","Virbhadra Idpl, Municipality",2.9,0.75,0.75,42.0,42.0,42.0,-1.5212067232166078,Normal,828,Low
India,Andhra Pradesh,"Calendar Year (Jan - Dec), 2025","Badvel, Municipality",212.69,90.34,84.13,6017.0,5872.0,3168.0,-1.5384439853088452,Normal,829,Low
India,Maharashtra,"Calendar Year (Jan - Dec), 2025","Rajapur, Municipality",3.76,0.87,0.87,42.0,31.0,31.0,-1.5857532607378175,Normal,830,Low
India,Madhya Pradesh,"Calendar Year (Jan - Dec), 2025","Singrauli, Municipal Corporation",285.43,85.66,97.8,5681.0,5335.0,4464.0,-1.59110138482896,Normal,831,Low
India,Rajasthan,"Calendar Year (Jan - Dec), 2025","Dhariawad, Town Panchayat",8.38,2.42,0.99,161.0,56.0,14.0,-1.6230444815437295,Normal,832,Low
India,Bihar,"Calendar Year (Jan - Dec), 2025","Yogapatti, Town Panchayat",27.1,6.26,2.5,417.0,41.0,,-1.6315414769060226,Normal,833,Low
India,Maharashtra,"Calendar Year (Jan - Dec), 2025","Dhule, Municipal Corporation",463.37,87.94,86.59,4222.0,4002.0,3849.0,-1.6391520739429666,Normal,834,Low
India,Madhya Pradesh,"Calendar Year (Jan - Dec), 2025","Shivpuri, Municipality",363.99,91.18,81.53,5703.0,5210.0,4869.0,-1.6594228784022107,Normal,835,Low
India,Chhattisgarh,"Calendar Year (Jan - Dec), 2025","Dhamtari, Municipal Corporation",223.81,90.1,81.19,5804.0,5467.0,4679.0,-1.6595464760585514,Normal,836,Low
India,Rajasthan,"Calendar Year (Jan - Dec), 2025","Suket, Town Panchayat",17.55,4.05,1.62,270.0,,,-1.661400953937914,Normal,837,Low
India,Gujarat,"Calendar Year (Jan - Dec), 2025","Kadodara, Municipality",344.14,100.65,98.73,4084.0,3964.0,3962.0,-1.6858480237496565,Normal,838,Low
India,Telangana,"Calendar Year (Jan - Dec), 2025","Bodhan, Municipality",148.31,39.01,8.74,2538.0,825.0,645.0,-1.7156045695120383,Normal,839,Low
India,Rajasthan,"Calendar Year (Jan - Dec), 2025","Marwar Junction, Town Panchayat",6.26,1.64,0.65,109.0,35.0,17.0,-1.7367170497388997,Normal,840,Low
India,Andhra Pradesh,"Calendar Year (Jan - Dec), 2025","Tuni, Municipality",126.29,51.6,82.59,3406.0,3267.0,1393.0,-1.7525414744762315,Normal,841,Low
India,Haryana,"Calendar Year (Jan - Dec), 2025","Ambala, Municipal Corporation",314.24,106.42,72.3,4820.0,3043.0,1895.0,-1.777812720376744,Normal,842,Low
India,West Bengal,"Calendar Year (Jan - Dec), 2025","Kurseong, Municipality",87.99,27.01,14.0,1796.0,1334.0,313.0,-1.778578649166775,Normal,843,Low
India,Assam,"Calendar Year (Jan - Dec), 2025","Gauripur, Town Panchayat",145.71,74.4,70.69,4955.0,4955.0,4425.0,-1.8244970690263926,Normal,844,Low
India,Bihar,"Calendar Year (Jan - Dec), 2025","Motipur, Municipality",199.62,53.18,32.73,3540.0,2787.0,814.0,-1.8670184189696784,Normal,845,Low
India,Jharkhand,"Calendar Year (Jan - Dec), 2025","Godda, Municipality",262.28,96.65,79.51,6402.0,5719.0,3864.0,-1.8676718022871341,Normal,846,Low
India,West Bengal,"Calendar Year (Jan - Dec), 2025","Kaliaganj, Municipality",227.83,84.75,72.46,5634.0,5634.0,4870.0,-1.8790304609271402,Normal,847,Low
India,Maharashtra,"Calendar Year (Jan - Dec), 2025","Sironcha Ry., Town Panchayat",21.07,4.94,1.21,329.0,88.0,27.0,-1.907331437798348,Normal,848,Low
India,Tamil Nadu,"Calendar Year (Jan - Dec), 2025","Hosur, Municipal Corporation",441.49,86.35,84.91,4375.0,4375.0,3992.0,-1.9180996467758291,Normal,849,Low
India,West Bengal,"Calendar Year (Jan - Dec), 2025","Rampurhat, Municipality",252.36,84.53,81.46,5424.0,5422.0,4865.0,-1.924531676438903,Normal,850,Low
India,West Bengal,"Calendar Year (Jan - Dec), 2025","Nabadwip, Municipality",219.27,79.32,78.74,5241.0,5241.0,4974.0,-1.9630631820690496,Normal,851,Low
India,Haryana,"Calendar Year (Jan - Dec), 2025","Rewari, Municipality",320.27,63.09,28.42,3626.0,1309.0,1292.0,-1.9995293268776777,Normal,852,Low
India,Uttar Pradesh,"Calendar Year (Jan - Dec), 2025","Bahraich, Municipality",254.32,91.14,78.12,6007.0,5156.0,4831.0,-2.0051100094381695,Normal,853,Low
India,Bihar,"Calendar Year (Jan - Dec), 2025","Hayaghat, Town Panchayat",26.59,6.13,2.45,409.0,42.0,,-2.026910981827484,Normal,854,Low
India,Andhra Pradesh,"Calendar Year (Jan - Dec), 2025","Ponnuru, Municipality",333.96,94.94,65.6,6233.0,6095.0,3477.0,-2.034495487938841,Normal,855,Low
India,Delhi,"Calendar Year (Jan - Dec), 2025","East Delhi Municipal Corporation, Municipal Corporation",400.94,46.84,46.84,2001.0,2001.0,2001.0,-2.034693172083962,Normal,856,Low
India,Bihar,"Calendar Year (Jan - Dec), 2025","Hajipur, Municipality",379.81,98.01,78.13,6277.0,4785.0,2968.0,-2.0421837543515835,Normal,857,Low
India,West Bengal,"Calendar Year (Jan - Dec), 2025","Bhatpara, Municipality",263.63,94.23,77.18,5917.0,5916.0,3191.0,-2.07734776836503,Normal,858,Low
India,Bihar,"Calendar Year (Jan - Dec), 2025","Madhubani, Municipal Corporation",275.55,76.57,50.25,5026.0,4370.0,1502.0,-2.1023764958087554,Normal,859,Low
India,Madhya Pradesh,"Calendar Year (Jan - Dec), 2025","Mhowgaon, Town Panchayat",317.0,95.18,94.98,4211.0,4211.0,4199.0,-2.1214520090074416,Normal,860,Low
India,Uttarakhand,"Calendar Year (Jan - Dec), 2025","Cantonment Board, Clement",4.72,0.84,0.84,35.0,35.0,35.0,-2.1293974809381098,Normal,861,Low
India,West Bengal,"Calendar Year (Jan - Dec), 2025","Panihati, Municipality",333.14,90.84,81.57,5477.0,5477.0,4348.0,-2.1320136161631353,Normal,862,Low
India,Bihar,"Calendar Year (Jan - Dec), 2025","Manihari, Town Panchayat",182.04,50.84,33.49,3389.0,3251.0,858.0,-2.136163765726792,Normal,863,Low
India,Uttar Pradesh,"Calendar Year (Jan - Dec), 2025","Heeraganj Bazar, Town Panchayat",96.24,24.91,6.51,1661.0,373.0,363.0,-2.178623602451978,Normal,864,Low
India,West Bengal,"Calendar Year (Jan - Dec), 2025","Puruliya, Municipality",274.25,90.82,78.05,5814.0,5814.0,4078.0,-2.195690262561243,Normal,865,Low
India,Gujarat,"Calendar Year (Jan - Dec), 2025","Modasa, Municipality",350.96,94.63,91.24,4388.0,4241.0,4174.0,-2.2066104263999478,Normal,866,Low
India,Andhra Pradesh,"Calendar Year (Jan - Dec), 2025","Nuzvid, Municipality",341.96,87.14,82.96,5770.0,5499.0,3974.0,-2.229912589048695,Normal,867,Low
India,Bihar,"Calendar Year (Jan - Dec), 2025","Simri Bakhtiyarpur, Town Panchayat",364.79,96.07,68.05,6403.0,5456.0,3874.0,-2.235811735168454,Normal,868,Low
India,Tripura,"Calendar Year (Jan - Dec), 2025","Kailasahar, Municipality",132.0,69.77,64.79,4593.0,4479.0,4400.0,-2.245169263622472,Normal,869,Low
India,Rajasthan,"Calendar Year (Jan - Dec), 2025","Mahwa, Town Panchayat",4.23,1.17,0.83,72.0,53.0,19.0,-2.24943272295576,Normal,870,Low
India,Andhra Pradesh,"Calendar Year (Jan - Dec), 2025","Kadiri, Municipality",289.12,78.09,64.81,5140.0,4770.0,1825.0,-2.269963730607458,Normal,871,Low
India,Karnataka,"Calendar Year (Jan - Dec), 2025","Narasimharajapura, Town Panchayat",3.59,0.79,0.78,41.0,40.0,37.0,-2.27330343378145,Normal,872,Low
India,Telangana,"Calendar Year (Jan - Dec), 2025","Yellandu, Municipality",70.95,21.29,2.88,1419.0,,,-2.274986787162561,Normal,873,Low
India,Arunachal Pradesh,"Calendar Year (Jan - Dec), 2025","Likabali, Town Panchayat",17.68,6.12,,272.0,62.0,,-2.2780865349039914,Normal,874,Low
India,Maharashtra,"Calendar Year (Jan - Dec), 2025","Pandharpur, Municipality",136.97,23.81,22.29,1350.0,1309.0,412.0,-2.2852287235493804,Normal,875,Low
India,Tripura,"Calendar Year (Jan - Dec), 2025","Mohanpur, Municipality",159.87,80.36,67.3,5207.0,4920.0,4378.0,-2.3645340151340974,Normal,876,Low
India,West Bengal,"Calendar Year (Jan - Dec), 2025","Santipur, Municipality",216.81,80.57,82.28,5359.0,5359.0,4256.0,-2.3922533523862057,Normal,877,Low
India,Tripura,"Calendar Year (Jan - Dec), 2025","Khowai, Municipality",129.59,76.51,61.17,4722.0,4676.0,4008.0,-2.410206913392244,Normal,878,Low
India,Uttar Pradesh,"Calendar Year (Jan - Dec), 2025","Bisalpur, Municipality",184.48,75.48,73.51,5019.0,4803.0,4800.0,-2.4189605460055645,Normal,879,Low
India,Gujarat,"Calendar Year (Jan - Dec), 2025","Gondal, Municipality",345.32,92.3,90.85,3848.0,3788.0,3744.0,-2.4211956866927835,Normal,880,Low
India,Uttar Pradesh,"Calendar Year (Jan - Dec), 2025","Bhinga, Municipality",204.9,79.04,75.25,5268.0,4996.0,4773.0,-2.4218989977147203,Normal,881,Low
India,West Bengal,"Calendar Year (Jan - Dec), 2025","Murshidabad, Municipality",251.96,91.02,70.67,6027.0,5886.0,3303.0,-2.438733085705394,Normal,882,Low
India,Telangana,"Calendar Year (Jan - Dec), 2025","Narsampet, Municipality",108.25,32.48,5.76,2165.0,,,-2.467879139815068,Normal,883,Low
India,Rajasthan,"Calendar Year (Jan - Dec), 2025","Kaithoon, Town Panchayat",101.09,18.07,8.17,1200.0,737.0,232.0,-2.472566990827545,Normal,884,Low
India,Telangana,"Calendar Year (Jan - Dec), 2025","Kodangal, Municipality",26.07,6.42,1.92,425.0,425.0,53.0,-2.4773007047688225,Normal,885,Low
India,West Bengal,"Calendar Year (Jan - Dec), 2025","North Dum Dum, Municipality",265.9,78.68,81.18,4912.0,4912.0,4897.0,-2.481982579869225,Normal,886,Low
India,Telangana,"Calendar Year (Jan - Dec), 2025","Karimnagar, Municipal Corporation",490.67,90.7,64.06,4724.0,3193.0,3193.0,-2.4880320478646922,Normal,887,Low
India,Bihar,"Calendar Year (Jan - Dec), 2025","Dobhi, Town Panchayat",42.31,9.77,3.91,651.0,66.0,,-2.5429556469410954,Normal,888,Low
India,Maharashtra,"Calendar Year (Jan - Dec), 2025","Mouda, Town Panchayat",320.38,85.14,87.17,5668.0,5219.0,3706.0,-2.54568714560196,Normal,889,Low
India,West Bengal,"Calendar Year (Jan - Dec), 2025","Jiaganj Azimganj, Municipality",240.33,88.62,69.23,5890.0,5890.0,3691.0,-2.556829002582731,Normal,890,Low
India,Telangana,"Calendar Year (Jan - Dec), 2025","Palwancha, Municipality",95.31,23.07,14.99,1460.0,537.0,281.0,-2.5658348389886214,Normal,891,Low
India,Gujarat,"Calendar Year (Jan - Dec), 2025","Nadiad, Municipal Corporation",406.28,83.31,80.97,3950.0,3900.0,3872.0,-2.578483373918857,Normal,892,Low
India,West Bengal,"Calendar Year (Jan - Dec), 2025","Dubrajpur, Municipality",208.7,77.1,83.45,5129.0,5107.0,4237.0,-2.616445426852522,Normal,893,Low
India,Jharkhand,"Calendar Year (Jan - Dec), 2025","Nagar Uttari, Town Panchayat",224.26,88.44,73.92,5895.0,5517.0,3757.0,-2.6345389586119268,Normal,894,Low
India,Assam,"Calendar Year (Jan - Dec), 2025","Tinsukia, Municipality",154.4,75.04,66.23,4930.0,4841.0,4294.0,-2.6482533540681175,Normal,895,Low
India,West Bengal,"Calendar Year (Jan - Dec), 2025",Gangasagar-Bakkhali Developement Authority,4.49,0.82,0.82,37.0,37.0,37.0,-2.650048395768465,Normal,896,Low
India,Uttar Pradesh,"Calendar Year (Jan - Dec), 2025","Siswa Bazar, Municipality",264.38,91.44,75.85,6096.0,4642.0,4597.0,-2.6526439622824114,Normal,897,Low
India,Gujarat,"Calendar Year (Jan - Dec), 2025","Godhra, Municipality",409.14,81.61,79.55,3714.0,3649.0,3589.0,-2.6824923811597614,Normal,898,Low
India,Bihar,"Calendar Year (Jan - Dec), 2025","Jhanjharpur, Municipality",208.79,54.07,38.47,3599.0,3084.0,956.0,-2.6839112584287363,Normal,899,Low
India,Madhya Pradesh,"Calendar Year (Jan - Dec), 2025","Raisen, Municipality",263.34,88.13,85.51,5271.0,4774.0,4405.0,-2.6882743427786977,Normal,900,Low
India,Tamil Nadu,"Calendar Year (Jan - Dec), 2025","Dindigul, Municipal Corporation",263.45,82.77,85.42,4916.0,4764.0,4539.0,-2.7167578687016203,Normal,901,Low
India,Chhattisgarh,"Calendar Year (Jan - Dec), 2025","Khongapani, Town Panchayat",2.02,0.92,0.85,60.0,60.0,60.0,-2.7178097341239322,Normal,902,Low
India,Telangana,"Calendar Year (Jan - Dec), 2025","Nalgonda, Municipality",448.15,90.53,52.68,4822.0,2576.0,2568.0,-2.769588779659159,Normal,903,Low
India,Telangana,"Calendar Year (Jan - Dec), 2025","Sangareddy, Municipality",368.99,46.08,49.31,2043.0,2038.0,2038.0,-2.788246923179372,Normal,904,Low
India,Bihar,"Calendar Year (Jan - Dec), 2025","Singhia, Town Panchayat",65.39,15.09,6.04,1006.0,119.0,,-2.789736954245484,Normal,905,Low
India,Nagaland,"Calendar Year (Jan - Dec), 2025","Dimapur, Municipality",72.63,49.88,42.03,3319.0,3319.0,3118.0,-2.7960583916315613,Normal,906,Low
India,Assam,"Calendar Year (Jan - Dec), 2025","Kajalgaon, Town Panchayat",25.94,13.54,31.14,902.0,902.0,769.0,-2.7980355296087396,Normal,907,Low
India,Bihar,"Calendar Year (Jan - Dec), 2025","Bodh Gaya, Municipality",323.72,83.14,45.56,5484.0,3182.0,1651.0,-2.8162489990522204,Normal,908,Low
India,Telangana,"Calendar Year (Jan - Dec), 2025","Nizampet, Municipal Corporation",237.2,25.98,24.77,1112.0,1031.0,1031.0,-2.8172682654468986,Normal,909,Low
India,Himachal Pradesh,"Calendar Year (Jan - Dec), 2025","Bhota, Town Panchayat",3.34,0.87,0.62,49.0,40.0,39.0,-2.8191689365395973,Normal,910,Low
India,Jharkhand,"Calendar Year (Jan - Dec), 2025","Madhupur, Municipality",259.21,93.37,69.57,6221.0,5205.0,4024.0,-2.8409724049856777,Normal,911,Low
India,Andhra Pradesh,"Calendar Year (Jan - Dec), 2025","Peddapuram, Municipality",306.39,85.7,61.77,5665.0,5507.0,4493.0,-2.8488293446364423,Normal,912,Low
India,Mizoram,"Calendar Year (Jan - Dec), 2025","Saiha, Town Panchayat",81.71,56.91,44.41,3791.0,3790.0,2999.0,-2.895470428653141,Normal,913,Low
India,Telangana,"Calendar Year (Jan - Dec), 2025","Madhira, Municipality",64.73,14.43,6.72,860.0,174.0,154.0,-2.9032935119391254,Normal,914,Low
India,Uttarakhand,"Calendar Year (Jan - Dec), 2025","Jonk, Town Panchayat",4.13,0.87,0.83,40.0,36.0,36.0,-2.932903710357891,Normal,915,Low
India,Madhya Pradesh,"Calendar Year (Jan - Dec), 2025",Bargawan,15.97,4.47,1.79,298.0,,,-2.93986335320119,Normal,916,Low
India,Madhya Pradesh,"Calendar Year (Jan - Dec), 2025","Narsimhapur, Municipality",237.55,79.93,74.27,5142.0,5014.0,4619.0,-2.943439796026098,Normal,917,Low
India,Chandigarh,"Calendar Year (Jan - Dec), 2025","Chandigarh, Municipal Corporation",263.02,28.78,28.78,1256.0,1256.0,1256.0,-2.9550558647601406,Normal,918,Low
India,Maharashtra,"Calendar Year (Jan - Dec), 2025","Bid, Municipality",403.56,91.03,74.9,5238.0,4316.0,3750.0,-2.9635349927246466,Normal,919,Low
India,Tamil Nadu,"Calendar Year (Jan - Dec), 2025","Kannamangalam, Town Panchayat",3.18,0.8,0.93,46.0,46.0,38.0,-3.018097107632798,Normal,920,Low
India,Haryana,"Calendar Year (Jan - Dec), 2025","Siwani, Municipality",33.11,14.77,9.01,974.0,149.0,135.0,-3.026494206647101,Normal,921,Low
India,Karnataka,"Calendar Year (Jan - Dec), 2025","Sankeshwar, Municipality",112.66,26.95,7.39,1740.0,479.0,442.0,-3.0683764668241906,Normal,922,Low
India,Gujarat,"Calendar Year (Jan - Dec), 2025",Bharuch-Ankleshwar Development Authority,376.74,73.07,73.07,3000.0,3000.0,3000.0,-3.074687958271568,Normal,923,Low
India,Maharashtra,"Calendar Year (Jan - Dec), 2025","Barshi, Municipality",347.19,87.57,61.01,5629.0,5400.0,2940.0,-3.0789928027397195,Normal,924,Low
India,Rajasthan,"Calendar Year (Jan - Dec), 2025","Chittaurgarh, Municipality",354.25,88.63,85.58,4354.0,4177.0,3237.0,-3.080695171280297,Normal,925,Low
India,Uttar Pradesh,"Calendar Year (Jan - Dec), 2025","Shahabad, Town Panchayat",179.45,70.66,69.41,4709.0,4708.0,4538.0,-3.0870389396057476,Normal,926,Low
India,Uttar Pradesh,"Calendar Year (Jan - Dec), 2025","Ahraura, Municipality",163.33,70.98,66.7,4732.0,4596.0,4407.0,-3.1228852988403446,Normal,927,Low
India,Jharkhand,"Calendar Year (Jan - Dec), 2025","Lohardaga, Municipality",199.77,77.7,72.31,5157.0,4836.0,4405.0,-3.1249123464396575,Normal,928,Low
India,Madhya Pradesh,"Calendar Year (Jan - Dec), 2025","Pipariya, Municipality",216.81,76.04,72.38,4994.0,4974.0,4493.0,-3.155386149604567,Normal,929,Low
India,Jharkhand,"Calendar Year (Jan - Dec), 2025","Bishrampur, Municipality",246.83,90.48,69.61,6028.0,5059.0,3954.0,-3.157113058756636,Normal,930,Low
India,Bihar,"Calendar Year (Jan - Dec), 2025","Hasanpura, Town Panchayat",17.09,3.95,1.58,263.0,42.0,,-3.1646558068563877,Normal,931,Low
India,West Bengal,"Calendar Year (Jan - Dec), 2025","Contai, Municipality",241.85,85.68,71.53,5643.0,5469.0,3325.0,-3.1831067707669263,Normal,932,Low
India,Bihar,"Calendar Year (Jan - Dec), 2025","Deo, Town Panchayat",10.53,2.43,0.97,162.0,69.0,,-3.1879214334232415,Normal,933,Low
India,Tamil Nadu,"Calendar Year (Jan - Dec), 2025","Chengalpattu, Municipality",384.26,79.53,72.38,4550.0,4549.0,4065.0,-3.2105761916528763,Normal,934,Low
India,Andhra Pradesh,"Calendar Year (Jan - Dec), 2025","Narasapur, Municipality",82.38,35.67,48.0,2358.0,2240.0,870.0,-3.213744345692305,Normal,935,Low
India,Mizoram,"Calendar Year (Jan - Dec), 2025","Champhai, Town Panchayat",98.59,65.5,51.6,4256.0,4133.0,2849.0,-3.2180936701601013,Normal,936,Low
India,Haryana,"Calendar Year (Jan - Dec), 2025","Narnaul, Municipality",55.16,21.7,12.72,1397.0,711.0,217.0,-3.2209147967604395,Normal,937,Low
India,Assam,"Calendar Year (Jan - Dec), 2025","Phuloni Centre Town Committee, Town Panchayat",136.31,47.18,18.92,2097.0,,,-3.2223735319991533,Normal,938,Low
India,Tamil Nadu,"Calendar Year (Jan - Dec), 2025","Thiruporur, Town Panchayat",313.39,81.45,70.74,4981.0,4981.0,4438.0,-3.2403686371916365,Normal,939,Low
India,Tamil Nadu,"Calendar Year (Jan - Dec), 2025","Surampatti, Municipal Corporation",4.84,0.87,0.87,37.0,37.0,37.0,-3.2483923174369806,Normal,940,Low
India,Andhra Pradesh,"Calendar Year (Jan - Dec), 2025","Tanuku, Municipality",208.29,69.25,93.14,4516.0,4405.0,2557.0,-3.2570683986002678,Normal,941,Low
India,Andhra Pradesh,"Calendar Year (Jan - Dec), 2025","Rajampet, Municipality",124.49,51.27,55.27,3399.0,3349.0,1208.0,-3.3146788790638197,Normal,942,Low
India,Himachal Pradesh,"Calendar Year (Jan - Dec), 2025","Chaupal, Town Panchayat",2.95,0.83,0.72,54.0,51.0,42.0,-3.3269616093163563,Normal,943,Low
India,Tamil Nadu,"Calendar Year (Jan - Dec), 2025","Porur, Municipality",124.49,9.75,9.75,427.0,427.0,427.0,-3.3297457544520626,Normal,944,Low
India,Telangana,"Calendar Year (Jan - Dec), 2025","Jagtial, Municipality",339.9,85.55,52.69,5633.0,4644.0,4644.0,-3.331283450841795,Normal,945,Low
India,Uttar Pradesh,"Calendar Year (Jan - Dec), 2025","Khurja, Municipality",219.38,79.98,73.01,5296.0,4776.0,4344.0,-3.3379064023655474,Normal,946,Low
India,Andhra Pradesh,"Calendar Year (Jan - Dec), 2025","Darsi, Town Panchayat",70.38,28.17,8.3,1876.0,726.0,317.0,-3.351967041258547,Normal,947,Low
India,Kerala,"Calendar Year (Jan - Dec), 2025","Alappuzha, Municipality",239.61,80.9,80.0,4936.0,4791.0,4131.0,-3.3607440694236743,Normal,948,Low
India,Madhya Pradesh,"Calendar Year (Jan - Dec), 2025","Nagda, Municipality",205.53,74.7,70.25,4855.0,4722.0,4516.0,-3.3792859436987897,Normal,949,Low
India,Telangana,"Calendar Year (Jan - Dec), 2025","Gundlapochampally, Municipality",7.68,1.51,0.64,83.0,25.0,25.0,-3.4096564252282064,Normal,950,Low
India,Bihar,"Calendar Year (Jan - Dec), 2025","Muraul, Town Panchayat",13.07,3.02,1.21,201.0,50.0,,-3.422938150937455,Normal,951,Low
India,Odisha,"Calendar Year (Jan - Dec), 2025","Dhenkanal, Municipality",175.52,81.24,57.02,5363.0,4761.0,4220.0,-3.4327063170385372,Normal,952,Low
India,Bihar,"Calendar Year (Jan - Dec), 2025","Mashrakh, Town Panchayat",32.3,7.46,2.98,497.0,55.0,,-3.4353947561247082,Normal,953,Low
India,Maharashtra,"Calendar Year (Jan - Dec), 2025","Jalna, Municipal Corporation",354.37,71.94,77.75,3190.0,3176.0,2907.0,-3.4411354012034394,Normal,954,Low
India,Bihar,"Calendar Year (Jan - Dec), 2025","Motihari, Municipal Corporation",192.44,45.66,26.9,2866.0,1036.0,829.0,-3.4849178684318076,Normal,955,Low
India,Uttar Pradesh,"Calendar Year (Jan - Dec), 2025","Cantonment Board, Lucknow",362.47,44.43,44.43,2069.0,2069.0,2069.0,-3.4856235905613744,Normal,956,Low
India,Haryana,"Calendar Year (Jan - Dec), 2025","Karnal, Municipal Corporation",372.3,93.03,72.0,4997.0,3140.0,2997.0,-3.494661677913143,Normal,957,Low
India,Nagaland,"Calendar Year (Jan - Dec), 2025","Kohima, Municipality",132.81,64.28,54.65,4283.0,4283.0,4171.0,-3.5056096309468785,Normal,958,Low
India,Arunachal Pradesh,"Calendar Year (Jan - Dec), 2025","Sangram, Town Panchayat",11.63,4.03,,179.0,114.0,,-3.534969640335305,Normal,959,Low
India,Assam,"Calendar Year (Jan - Dec), 2025","Kokrajhar, Municipality",128.88,64.57,60.25,4304.0,4293.0,3777.0,-3.561453989533277,Normal,960,Low
India,Uttar Pradesh,"Calendar Year (Jan - Dec), 2025","Jahangirabad, Municipality",172.33,68.53,66.73,4566.0,4481.0,4344.0,-3.592043957975875,Normal,961,Low
India,Mizoram,"Calendar Year (Jan - Dec), 2025","Lunglei, Town Panchayat",97.37,59.19,52.08,3850.0,3850.0,3123.0,-3.626759976088181,Normal,962,Low
India,West Bengal,"Calendar Year (Jan - Dec), 2025","Pujali, Municipality",197.11,73.13,72.21,4867.0,4816.0,4058.0,-3.63192257507734,Normal,963,Low
India,Bihar,"Calendar Year (Jan - Dec), 2025","Itarhi, Town Panchayat",26.65,6.15,2.46,410.0,49.0,,-3.6502017907606046,Normal,964,Low
India,Rajasthan,"Calendar Year (Jan - Dec), 2025","Jawal, Town Panchayat",7.46,1.91,0.28,127.0,37.0,28.0,-3.6517132535413452,Normal,965,Low
India,Uttarakhand,"Calendar Year (Jan - Dec), 2025","Kashipur, Municipal Corporation",347.12,83.83,65.87,5045.0,4895.0,2923.0,-3.6921245822392166,Normal,966,Low
India,Jammu And Kashmir,"Calendar Year (Jan - Dec), 2025","Jammu, Municipal Corporation",391.9,93.24,50.92,5402.0,4434.0,3417.0,-3.700077536967342,Normal,967,Low
India,Jharkhand,"Calendar Year (Jan - Dec), 2025","Jhumri Tilaiya, Municipality",199.39,76.84,68.19,5100.0,4819.0,4042.0,-3.744068061740961,Normal,968,Low
India,Bihar,"Calendar Year (Jan - Dec), 2025","Nokha, Municipality",160.3,39.79,23.58,2652.0,1080.0,653.0,-3.7535896105760003,Normal,969,Low
India,Punjab,"Calendar Year (Jan - Dec), 2025","Bathinda, Municipal Corporation",349.55,86.03,76.67,5095.0,3970.0,3533.0,-3.7624386004022767,Normal,970,Low
India,Uttar Pradesh,"Calendar Year (Jan - Dec), 2025","Sambhal, Municipality",196.97,72.94,68.23,4842.0,4478.0,4375.0,-3.783095288906111,Normal,971,Low
India,Bihar,"Calendar Year (Jan - Dec), 2025","Kusheswar Asthan East, Town Panchayat",42.84,9.88,3.95,659.0,75.0,,-3.7971563617502966,Normal,972,Low
India,Maharashtra,"Calendar Year (Jan - Dec), 2025","Hiwarkhed, Town Panchayat",18.07,4.17,,278.0,,,-3.8108903833050363,Normal,973,Low
India,Haryana,"Calendar Year (Jan - Dec), 2025","Mahendragarh, Municipality",44.16,13.76,4.37,898.0,296.0,107.0,-3.817988540739634,Normal,974,Low
India,Maharashtra,"Calendar Year (Jan - Dec), 2025","Khopoli, Municipality",342.08,58.03,56.64,2397.0,2304.0,2304.0,-3.826540169522559,Normal,975,Low
India,West Bengal,"Calendar Year (Jan - Dec), 2025","Chandrakona, Municipality",186.94,70.58,67.11,4677.0,4674.0,4175.0,-3.8280635291505405,Normal,976,Low
India,Maharashtra,"Calendar Year (Jan - Dec), 2025","Devgad-Jamsande, Town Panchayat",25.78,4.47,2.31,276.0,276.0,36.0,-3.856172230378263,Normal,977,Low
India,West Bengal,"Calendar Year (Jan - Dec), 2025","Dalkhola, Municipality",210.84,78.46,52.47,5226.0,5202.0,2334.0,-3.858671116712287,Normal,978,Low
India,Maharashtra,"Calendar Year (Jan - Dec), 2025","Vairag, Town Panchayat",9.06,2.05,0.5,137.0,71.0,21.0,-3.86393615898686,Normal,979,Low
India,Tamil Nadu,"Calendar Year (Jan - Dec), 2025",Keeranur (D),51.6,8.2,4.03,544.0,544.0,101.0,-3.8831197683192613,Normal,980,Low
India,Punjab,"Calendar Year (Jan - Dec), 2025","Dera Bassi, Municipality",372.32,71.62,71.47,3426.0,3254.0,2982.0,-3.8856896397208516,Normal,981,Low
India,Uttar Pradesh,"Calendar Year (Jan - Dec), 2025","Bharwari, Municipality",220.14,81.7,70.36,5446.0,4255.0,4177.0,-3.8971547402024953,Normal,982,Low
India,Uttar Pradesh,"Calendar Year (Jan - Dec), 2025","Ramnagar, Municipality",143.28,61.91,61.86,4096.0,4096.0,4085.0,-3.8976856513699545,Normal,983,Low
India,West Bengal,"Calendar Year (Jan - Dec), 2025","Mal, Municipality",253.12,93.42,51.74,6219.0,4756.0,3066.0,-3.9021441526109015,Normal,984,Low
India,Assam,"Calendar Year (Jan - Dec), 2025","Dhemaji, Town Panchayat",122.52,67.51,43.15,4499.0,4484.0,3486.0,-3.925464387787599,Normal,985,Low
India,Gujarat,"Calendar Year (Jan - Dec), 2025","Porbandar, Municipal Corporation",304.53,79.32,77.53,3323.0,3211.0,3202.0,-3.932610605533,Normal,986,Low
India,Bihar,"Calendar Year (Jan - Dec), 2025","Bangaon, Town Panchayat",85.73,19.79,7.91,1319.0,205.0,,-3.9328683238826443,Normal,987,Low
India,Jharkhand,"Calendar Year (Jan - Dec), 2025","Cantonment Board, Ramgarh",234.13,84.12,68.46,5563.0,4766.0,3725.0,-3.94502687806596,Normal,988,Low
India,Goa,"Calendar Year (Jan - Dec), 2025","Margao, Municipality",164.18,18.13,18.13,756.0,756.0,756.0,-3.949554276918434,Normal,989,Low
India,Tamil Nadu,"Calendar Year (Jan - Dec), 2025","Pallavaram, Municipal Corporation",192.48,19.67,19.5,921.0,921.0,897.0,-3.9566296913980636,Normal,990,Low
India,Gujarat,"Calendar Year (Jan - Dec), 2025","Wadhwan, Municipality",292.74,79.5,80.18,3672.0,3668.0,3541.0,-3.9644275660914445,Normal,991,Low
India,Andhra Pradesh,"Calendar Year (Jan - Dec), 2025","Vuyyuru, Town Panchayat",301.7,83.96,67.99,5487.0,4848.0,3372.0,-3.973693946342621,Normal,992,Low
India,Rajasthan,"Calendar Year (Jan - Dec), 2025","Mandawa, Town Panchayat",2.83,1.06,0.84,61.0,58.0,35.0,-3.999924070495865,Normal,993,Low
India,Madhya Pradesh,"Calendar Year (Jan - Dec), 2025","Makronia Buzurg, Municipality",209.25,73.48,69.39,4745.0,4520.0,4220.0,-4.013780346202623,Normal,994,Low
India,Manipur,"Calendar Year (Jan - Dec), 2025","Samurou, Municipality",54.22,32.26,17.94,2150.0,1831.0,565.0,-4.048951067360804,Normal,995,Low
India,Gujarat,"Calendar Year (Jan - Dec), 2025","Botad, Municipality",269.1,85.61,77.95,4370.0,3919.0,3867.0,-4.062512014957804,Normal,996,Low
India,Uttarakhand,"Calendar Year (Jan - Dec), 2025","Rudrapur, Municipal Corporation",319.34,66.24,52.42,3895.0,3879.0,1751.0,-4.064834801370409,Normal,997,Low
India,West Bengal,"Calendar Year (Jan - Dec), 2025","Hugli-Chinsurah, Municipality",340.91,70.37,73.18,3447.0,3447.0,3421.0,-4.066420227311596,Normal,998,Low
India,Tamil Nadu,"Calendar Year (Jan - Dec), 2025","Nattarasankottai, Town Panchayat",2.06,1.03,0.99,67.0,66.0,61.0,-4.081985047393516,Normal,999,Low
India,Rajasthan,"Calendar Year (Jan - Dec), 2025","Sapotra, Town Panchayat",80.51,21.68,8.67,1445.0,485.0,261.0,-4.09874345435145,Normal,1000,Low
India,Bihar,"Calendar Year (Jan - Dec), 2025","Sasaram, Municipal Corporation",165.83,39.65,22.75,2590.0,1077.0,679.0,-4.111048820655526,Normal,1001,Low
India,Uttar Pradesh,"Calendar Year (Jan - Dec), 2025","Baghnagar Urf Bakhira, Town Panchayat",171.66,68.92,64.5,4595.0,4291.0,4133.0,-4.125197050975146,Normal,1002,Low
India,Gujarat,"Calendar Year (Jan - Dec), 2025","Bardoli, Municipality",321.27,73.31,72.3,3161.0,3108.0,3108.0,-4.131229422995602,Normal,1003,Low
India,Uttar Pradesh,"Calendar Year (Jan - Dec), 2025","Kaptanganj Basti, Town Panchayat",43.36,10.0,1.87,667.0,,,-4.135876571884012,Normal,1004,Low
India,Andhra Pradesh,"Calendar Year (Jan - Dec), 2025","Naidupeta, Municipality",254.72,63.8,56.91,4216.0,3980.0,1660.0,-4.151758645927771,Normal,1005,Low
India,Assam,"Calendar Year (Jan - Dec), 2025","Guwahati, Municipal Corporation",373.53,58.87,58.49,2806.0,2759.0,2570.0,-4.152541774112763,Normal,1006,Low
India,Telangana,"Calendar Year (Jan - Dec), 2025","Bhainsa, Municipality",142.34,39.25,14.04,2595.0,838.0,678.0,-4.169135791406234,Normal,1007,Low
India,Jammu And Kashmir,"Calendar Year (Jan - Dec), 2025",Srinagar Municipal Corporation,213.03,58.24,91.03,3792.0,3769.0,2931.0,-4.186583454628703,Normal,1008,Low
India,Uttar Pradesh,"Calendar Year (Jan - Dec), 2025","Khamaria, Town Panchayat",166.07,65.3,63.58,4353.0,4215.0,4146.0,-4.188438148517662,Normal,1009,Low
India,Andhra Pradesh,"Calendar Year (Jan - Dec), 2025","Venkatagiri, Municipality",291.87,78.87,68.15,5218.0,4770.0,2880.0,-4.191724375730814,Normal,1010,Low
India,Uttar Pradesh,"Calendar Year (Jan - Dec), 2025","Mehdawal, Town Panchayat",200.79,73.69,67.35,4908.0,4275.0,4196.0,-4.209794828401073,Normal,1011,Low
India,Maharashtra,"Calendar Year (Jan - Dec), 2025","Alandi, Municipality",270.36,39.98,39.27,1646.0,1617.0,1607.0,-4.210755094604963,Normal,1012,Low
India,Himachal Pradesh,"Calendar Year (Jan - Dec), 2025","Shimla, Municipal Corporation",137.72,22.53,25.71,798.0,797.0,795.0,-4.227942421330852,Normal,1013,Low
India,Telangana,"Calendar Year (Jan - Dec), 2025","Badangpet, Municipal Corporation",300.83,40.63,33.96,2002.0,1532.0,1348.0,-4.230308045490119,Normal,1014,Low
India,Madhya Pradesh,"Calendar Year (Jan - Dec), 2025","Rehli, Municipality",183.89,66.47,64.66,4418.0,4418.0,4159.0,-4.241755344225908,Normal,1015,Low
India,Maharashtra,"Calendar Year (Jan - Dec), 2025","Cantonment Board, Pune",226.62,30.76,30.76,1274.0,1274.0,1274.0,-4.245804288070644,Normal,1016,Low
India,Uttar Pradesh,"Calendar Year (Jan - Dec), 2025",Ghaziabad Development Authority,415.51,52.44,32.24,3496.0,3496.0,3304.0,-4.248840440624122,Normal,1017,Low
India,Uttarakhand,"Calendar Year (Jan - Dec), 2025","Sultanpur, Town Panchayat",2.89,1.03,0.63,59.0,50.0,44.0,-4.249563334168499,Normal,1018,Low
India,Uttar Pradesh,"Calendar Year (Jan - Dec), 2025","Deoria, Municipality",190.14,69.83,66.72,4554.0,4304.0,4158.0,-4.268832561105,Normal,1019,Low
India,Goa,"Calendar Year (Jan - Dec), 2025","Mormugao, Municipality",156.58,17.35,17.38,731.0,731.0,731.0,-4.271375472067064,Normal,1020,Low
India,Telangana,"Calendar Year (Jan - Dec), 2025","Mandamarri, Municipality",104.22,28.33,5.26,1884.0,854.0,854.0,-4.290124498503133,Normal,1021,Low
India,Uttar Pradesh,"Calendar Year (Jan - Dec), 2025","Sangrampur, Town Panchayat",159.26,62.74,61.92,4180.0,4142.0,4085.0,-4.305450123054925,Normal,1022,Low
India,Madhya Pradesh,"Calendar Year (Jan - Dec), 2025","Pandhurna, Municipality",174.4,65.77,64.02,4348.0,4278.0,4113.0,-4.313810606494997,Normal,1023,Low
India,Maharashtra,"Calendar Year (Jan - Dec), 2025","Yavatmal, Municipality",386.31,77.81,62.3,3973.0,3543.0,2934.0,-4.368774553674484,Normal,1024,Low
India,Manipur,"Calendar Year (Jan - Dec), 2025","Thoubal, Municipality",153.87,79.5,40.32,4927.0,4116.0,1930.0,-4.38247092855886,Normal,1025,Low
India,Uttar Pradesh,"Calendar Year (Jan - Dec), 2025","Jais, Municipality",180.2,74.22,65.01,4948.0,4158.0,3921.0,-4.399253307086099,Normal,1026,Low
India,Bihar,"Calendar Year (Jan - Dec), 2025","Araria, Municipality",213.39,61.88,51.88,4110.0,4005.0,1562.0,-4.407225652969032,Normal,1027,Low
India,Madhya Pradesh,"Calendar Year (Jan - Dec), 2025","Barodiya Kalan, Town Panchayat",165.63,64.53,61.45,4302.0,4302.0,3994.0,-4.422585106001179,Normal,1028,Low
India,Goa,"Calendar Year (Jan - Dec), 2025","Mapusa, Municipality",127.13,12.27,12.28,518.0,518.0,518.0,-4.423394832595193,Normal,1029,Low
India,Assam,"Calendar Year (Jan - Dec), 2025","Langhin, Town Panchayat",98.88,51.52,50.35,3435.0,3426.0,3266.0,-4.429779800423489,Normal,1030,Low
India,Bihar,"Calendar Year (Jan - Dec), 2025","Muzaffarpur, Municipal Corporation",315.38,76.14,74.45,4347.0,4022.0,3407.0,-4.466341557638486,Normal,1031,Low
India,Telangana,"Calendar Year (Jan - Dec), 2025","Huzurabad, Municipality",109.55,29.65,8.33,1948.0,554.0,554.0,-4.494398574044112,Normal,1032,Low
India,Rajasthan,"Calendar Year (Jan - Dec), 2025","Kaman, Town Panchayat",2.79,0.92,0.66,59.0,59.0,55.0,-4.516828523496486,Normal,1033,Low
India,West Bengal,"Calendar Year (Jan - Dec), 2025","Raghunathpur, Municipality",137.2,50.01,32.24,3319.0,3201.0,1032.0,-4.530777530464036,Normal,1034,Low
India,Bihar,"Calendar Year (Jan - Dec), 2025","Basantpur, Town Panchayat",12.16,2.8,1.12,187.0,67.0,,-4.542293703776238,Normal,1035,Low
India,Madhya Pradesh,"Calendar Year (Jan - Dec), 2025","Gadarwara, Municipality",181.35,66.51,63.56,4360.0,4277.0,4025.0,-4.555391363089257,Normal,1036,Low
India,Bihar,"Calendar Year (Jan - Dec), 2025","Benipatti, Town Panchayat",35.23,8.13,3.25,542.0,66.0,,-4.556384488445474,Normal,1037,Low
India,Manipur,"Calendar Year (Jan - Dec), 2025","Mayang Imphal, Municipality",84.43,47.77,26.61,3182.0,2962.0,1083.0,-4.556922576182103,Normal,1038,Low
India,West Bengal,"Calendar Year (Jan - Dec), 2025","Serampore, Municipality",294.72,74.38,70.61,4323.0,4323.0,3645.0,-4.559675741086437,Normal,1039,Low
India,Manipur,"Calendar Year (Jan - Dec), 2025","Moirang, Municipality",42.72,25.2,24.29,1676.0,1663.0,625.0,-4.562394859786366,Normal,1040,Low
India,Bihar,"Calendar Year (Jan - Dec), 2025","Bahadurganj, Town Panchayat",277.36,79.62,53.78,5307.0,5003.0,3001.0,-4.569522569306514,Normal,1041,Low
India,Uttar Pradesh,"Calendar Year (Jan - Dec), 2025","Mahoba, Municipality",163.02,65.67,62.18,4353.0,4224.0,3837.0,-4.570758040264423,Normal,1042,Low
India,Jharkhand,"Calendar Year (Jan - Dec), 2025","Simdega, Municipality",170.79,68.69,63.82,4579.0,4406.0,3622.0,-4.59586214128916,Normal,1043,Low
India,Telangana,"Calendar Year (Jan - Dec), 2025","Gadwal, Municipality",137.47,35.08,10.29,2257.0,721.0,721.0,-4.598667411274846,Normal,1044,Low
India,Bihar,"Calendar Year (Jan - Dec), 2025","Arwal, Municipality",247.5,66.13,51.8,4395.0,4327.0,1837.0,-4.610929097433086,Normal,1045,Low
India,Maharashtra,"Calendar Year (Jan - Dec), 2025","Devrukh, Town Panchayat",4.5,0.93,0.83,44.0,43.0,37.0,-4.616084540037036,Normal,1046,Low
India,Uttar Pradesh,"Calendar Year (Jan - Dec), 2025","Bijnor, Municipality",209.58,76.15,67.34,4898.0,4220.0,3858.0,-4.629369875849591,Normal,1047,Low
India,Kerala,"Calendar Year (Jan - Dec), 2025",Thrissur Municipal Corporation,305.32,73.86,70.95,4085.0,3888.0,3652.0,-4.648343690149659,Normal,1048,Low
India,Tamil Nadu,"Calendar Year (Jan - Dec), 2025","Pallikaranai, Municipal Corporation",116.22,10.21,10.21,447.0,447.0,447.0,-4.652421437743328,Normal,1049,Low
India,Bihar,"Calendar Year (Jan - Dec), 2025","Katihar, Municipal Corporation",229.84,79.5,71.35,4225.0,3769.0,2258.0,-4.6715345183051795,Normal,1050,Low
India,West Bengal,"Calendar Year (Jan - Dec), 2025","Kharagpur, Municipality",273.23,75.63,61.6,4668.0,4610.0,3905.0,-4.677123516387269,Normal,1051,Low
India,Rajasthan,"Calendar Year (Jan - Dec), 2025","Lakheri, Town Panchayat",113.05,18.97,9.37,1263.0,402.0,359.0,-4.6791353395508395,Normal,1052,Low
India,Andhra Pradesh,"Calendar Year (Jan - Dec), 2025","Narsipatnam, Municipality",236.1,71.77,72.66,4746.0,4470.0,3436.0,-4.68354655303915,Normal,1053,Low
India,Bihar,"Calendar Year (Jan - Dec), 2025","Mahnar Bazar, Municipality",269.78,76.21,55.57,5079.0,5025.0,3448.0,-4.684631678335791,Normal,1054,Low
India,Telangana,"Calendar Year (Jan - Dec), 2025","Narayanpet, Municipality",32.93,7.6,2.53,470.0,468.0,76.0,-4.694928954145098,Normal,1055,Low
India,Bihar,"Calendar Year (Jan - Dec), 2025","Korha, Town Panchayat",21.45,4.95,1.98,330.0,,,-4.704326580072859,Normal,1056,Low
India,West Bengal,"Calendar Year (Jan - Dec), 2025",Uttarpara Kotrung,333.25,66.36,66.26,3414.0,3414.0,3310.0,-4.705187593943151,Normal,1057,Low
India,Uttar Pradesh,"Calendar Year (Jan - Dec), 2025","Dhaurehra, Town Panchayat",142.45,62.04,58.88,4135.0,3821.0,3774.0,-4.724346134843131,Normal,1058,Low
India,Uttar Pradesh,"Calendar Year (Jan - Dec), 2025","Mahmudabad, Municipality",173.32,69.39,63.23,4625.0,3957.0,3921.0,-4.72586779896352,Normal,1059,Low
India,West Bengal,"Calendar Year (Jan - Dec), 2025","Bishnupur, Municipality",197.59,70.09,63.69,4591.0,4443.0,3845.0,-4.726807713012931,Normal,1060,Low
India,Assam,"Calendar Year (Jan - Dec), 2025","Dibrugarh, Municipality",160.75,73.23,54.18,4796.0,4622.0,2717.0,-4.738612844855254,Normal,1061,Low
India,West Bengal,"Calendar Year (Jan - Dec), 2025","Nalhati, Municipality",197.09,72.67,61.12,4824.0,4819.0,2850.0,-4.756100294081762,Normal,1062,Low
India,Tripura,"Calendar Year (Jan - Dec), 2025","Dharmanagar, Municipality",138.01,66.09,55.88,4232.0,3901.0,3617.0,-4.761335298236531,Normal,1063,Low
India,Gujarat,"Calendar Year (Jan - Dec), 2025","Himatnagar, Municipality",308.49,64.64,63.59,2825.0,2765.0,2757.0,-4.7614616869078645,Normal,1064,Low
India,West Bengal,"Calendar Year (Jan - Dec), 2025","Beldanga, Municipality",160.93,60.45,62.11,4020.0,4020.0,3854.0,-4.769739747985284,Normal,1065,Low
India,Madhya Pradesh,"Calendar Year (Jan - Dec), 2025","Balaghat, Municipality",244.97,71.54,67.18,4569.0,4450.0,3802.0,-4.78014349253732,Normal,1066,Low
India,Andhra Pradesh,"Calendar Year (Jan - Dec), 2025","Rayadurg, Municipality",241.59,81.7,51.38,5444.0,4795.0,2954.0,-4.787357313159077,Normal,1067,Low
India,Uttar Pradesh,"Calendar Year (Jan - Dec), 2025","Unnao, Municipality",230.88,79.12,67.45,5120.0,3872.0,3842.0,-4.7897673131327565,Normal,1068,Low
India,Tamil Nadu,"Calendar Year (Jan - Dec), 2025","Avadi, Municipal Corporation",306.71,73.67,65.74,4284.0,4253.0,3593.0,-4.79839226827977,Normal,1069,Low
India,Andhra Pradesh,"Calendar Year (Jan - Dec), 2025","Bobbili, Municipality",279.01,75.58,60.16,4907.0,4749.0,2849.0,-4.81097873855083,Normal,1070,Low
India,Telangana,"Calendar Year (Jan - Dec), 2025","Amberpet, Municipality",120.42,22.97,13.58,1264.0,446.0,446.0,-4.83602160505751,Normal,1071,Low
India,Rajasthan,"Calendar Year (Jan - Dec), 2025","Hindaun, Municipality",126.49,42.05,25.41,2774.0,2524.0,800.0,-4.841960004650105,Normal,1072,Low
India,Tamil Nadu,"Calendar Year (Jan - Dec), 2025","Poonamallee, Municipality",359.15,61.97,59.48,3341.0,3332.0,3119.0,-4.849997892025158,Normal,1073,Low
India,Maharashtra,"Calendar Year (Jan - Dec), 2025","Pen, Municipality",246.56,40.03,40.1,1644.0,1644.0,1643.0,-4.856725535715157,Normal,1074,Low
India,Assam,"Calendar Year (Jan - Dec), 2025","Bokolia, Town Panchayat",114.33,59.59,50.19,3973.0,3959.0,2940.0,-4.858716951562201,Normal,1075,Low
India,Madhya Pradesh,"Calendar Year (Jan - Dec), 2025","Badkuhi, Town Panchayat",5.27,0.72,0.69,48.0,48.0,46.0,-4.880292593737067,Normal,1076,Low
India,Maharashtra,"Calendar Year (Jan - Dec), 2025",Ashti (Wardha),80.12,17.74,10.73,1177.0,803.0,249.0,-4.915288702530859,Normal,1077,Low
India,Bihar,"Calendar Year (Jan - Dec), 2025","Begusarai, Municipal Corporation",303.74,75.23,51.4,4830.0,3423.0,2016.0,-4.919762419043877,Normal,1078,Low
India,Uttar Pradesh,"Calendar Year (Jan - Dec), 2025","Nawabganj, Municipality",163.61,64.41,62.03,4097.0,3941.0,3799.0,-4.923320737600932,Normal,1079,Low
India,Haryana,"Calendar Year (Jan - Dec), 2025","Hisar, Municipal Corporation",281.12,89.55,67.32,4511.0,3389.0,3154.0,-4.930391879555145,Normal,1080,Low
India,Andhra Pradesh,"Calendar Year (Jan - Dec), 2025","Jaggaiahpet, Municipality",309.13,69.87,35.75,4554.0,4367.0,3789.0,-4.955967862559987,Normal,1081,Low
India,West Bengal,"Calendar Year (Jan - Dec), 2025","South Dum Dum, Municipality",338.76,60.24,60.27,3059.0,3024.0,2612.0,-4.977420642070911,Normal,1082,Low
India,Nagaland,"Calendar Year (Jan - Dec), 2025","Wokha, Town Panchayat",108.19,53.66,43.06,3577.0,3577.0,3447.0,-4.978225535883837,Normal,1083,Low
India,Uttar Pradesh,"Calendar Year (Jan - Dec), 2025","Mauranipur, Municipality",166.06,62.54,60.34,4146.0,3933.0,3895.0,-4.982271396551539,Normal,1084,Low
India,Karnataka,"Calendar Year (Jan - Dec), 2025","Mudalgi, Municipality",110.92,26.9,13.1,1789.0,515.0,485.0,-5.004305866313075,Normal,1085,Low
India,Manipur,"Calendar Year (Jan - Dec), 2025","Thongkhong Laxmi, Municipality",66.7,39.7,25.1,2647.0,2592.0,1012.0,-5.00976932937516,Normal,1086,Low
India,Madhya Pradesh,"Calendar Year (Jan - Dec), 2025","Sarangpur, Municipality",168.81,63.97,58.83,4229.0,4218.0,3749.0,-5.011609894707078,Normal,1087,Low
India,Bihar,"Calendar Year (Jan - Dec), 2025","Khizarsarai, Town Panchayat",30.23,6.97,2.79,465.0,61.0,,-5.030706858147596,Normal,1088,Low
India,Bihar,"Calendar Year (Jan - Dec), 2025","Murliganj, Town Panchayat",201.23,56.96,43.47,3795.0,3637.0,1412.0,-5.0631676087461415,Normal,1089,Low
India,Bihar,"Calendar Year (Jan - Dec), 2025","Sangrampur, Town Panchayat",21.19,4.89,1.96,326.0,52.0,,-5.068002431869502,Normal,1090,Low
India,Andhra Pradesh,"Calendar Year (Jan - Dec), 2025","Kovvur, Municipality",154.94,58.97,67.27,3897.0,3721.0,2076.0,-5.070896053682475,Normal,1091,Low
India,Bihar,"Calendar Year (Jan - Dec), 2025","Dalsinghsarai, Municipality",89.17,21.58,11.81,1424.0,480.0,317.0,-5.074921740751961,Normal,1092,Low
India,Uttarakhand,"Calendar Year (Jan - Dec), 2025","Roorkee, Municipal Corporation",332.44,66.58,62.82,3668.0,3666.0,2653.0,-5.076148505169897,Normal,1093,Low
India,Jharkhand,"Calendar Year (Jan - Dec), 2025","Adityapur, Municipal Corporation",317.99,70.69,55.23,4454.0,3075.0,2044.0,-5.076514210124458,Normal,1094,Low
India,Madhya Pradesh,"Calendar Year (Jan - Dec), 2025","Morena, Municipal Corporation",305.55,69.78,63.37,4281.0,3998.0,3679.0,-5.086110381830565,Normal,1095,Low
India,Arunachal Pradesh,"Calendar Year (Jan - Dec), 2025","Itanagar, Municipal Corporation",156.44,73.59,56.11,2513.0,2107.0,1741.0,-5.086170346371944,Normal,1096,Low
India,Haryana,"Calendar Year (Jan - Dec), 2025","Sonipat, Municipal Corporation",337.98,63.06,52.43,3235.0,2265.0,2181.0,-5.087127728093151,Normal,1097,Low
India,Madhya Pradesh,"Calendar Year (Jan - Dec), 2025","Narmadapuram, Municipality",275.17,70.95,72.52,3788.0,3567.0,3264.0,-5.090124663779761,Normal,1098,Low
India,West Bengal,"Calendar Year (Jan - Dec), 2025","Arambag, Municipality",162.66,58.36,62.72,3838.0,3838.0,3709.0,-5.105939552878738,Normal,1099,Low
India,Bihar,"Calendar Year (Jan - Dec), 2025","Daudnagar, Municipality",107.83,26.11,12.11,1732.0,624.0,418.0,-5.110456907227842,Normal,1100,Low
India,Uttar Pradesh,"Calendar Year (Jan - Dec), 2025","Kaptanganj, Town Panchayat",111.04,51.32,50.4,3421.0,3373.0,3335.0,-5.142803957632907,Normal,1101,Low
India,Bihar,"Calendar Year (Jan - Dec), 2025","Jamui, Municipality",231.99,70.05,63.84,4643.0,4604.0,3154.0,-5.152360290145566,Normal,1102,Low
India,Andhra Pradesh,"Calendar Year (Jan - Dec), 2025","Amadalavalasa, Municipality",219.76,81.45,53.77,5399.0,4343.0,3139.0,-5.17272102152242,Normal,1103,Low
India,West Bengal,"Calendar Year (Jan - Dec), 2025","Gobardanga, Municipality",195.51,71.78,53.68,4768.0,4673.0,3395.0,-5.176289524876438,Normal,1104,Low
India,Madhya Pradesh,"Calendar Year (Jan - Dec), 2025","Basoda, Municipality",184.13,66.02,62.47,4188.0,4080.0,3716.0,-5.184998560196618,Normal,1105,Low
India,Telangana,"Calendar Year (Jan - Dec), 2025","Nirmal, Municipality",280.78,74.04,23.71,4833.0,2633.0,2633.0,-5.185744306154504,Normal,1106,Low
India,Bihar,"Calendar Year (Jan - Dec), 2025","Ramnagar, Town Panchayat",210.4,50.81,31.41,3382.0,1887.0,1032.0,-5.204628617525884,Normal,1107,Low
India,Bihar,"Calendar Year (Jan - Dec), 2025","Dhaka, Municipality",253.67,70.19,60.71,4678.0,4642.0,3267.0,-5.2081547701343425,Normal,1108,Low
India,Gujarat,"Calendar Year (Jan - Dec), 2025",Bopal-Ghuma Municipality,164.87,21.51,21.31,916.0,916.0,900.0,-5.210763971881647,Normal,1109,Low
India,Tripura,"Calendar Year (Jan - Dec), 2025","Melaghar, Municipality",92.09,48.78,44.94,3216.0,3137.0,2910.0,-5.221350139644244,Normal,1110,Low
India,West Bengal,"Calendar Year (Jan - Dec), 2025","Chakdaha, Municipality",182.62,64.11,62.16,4149.0,4143.0,2170.0,-5.237184725344321,Normal,1111,Low
India,Uttar Pradesh,"Calendar Year (Jan - Dec), 2025","Mainpuri, Municipality",167.46,65.57,62.01,4318.0,3774.0,3669.0,-5.244077758014441,Normal,1112,Low
India,West Bengal,"Calendar Year (Jan - Dec), 2025","Rishra, Municipality",189.18,64.51,60.74,4161.0,4161.0,3739.0,-5.261522651838618,Normal,1113,Low
India,Haryana,"Calendar Year (Jan - Dec), 2025","Panchkula, Municipal Corporation",182.96,24.62,24.13,1072.0,1042.0,1042.0,-5.265035896514007,Normal,1114,Low
India,Tripura,"Calendar Year (Jan - Dec), 2025","Ambassa, Municipality",82.78,43.7,42.54,2875.0,2827.0,2774.0,-5.2793906799900014,Normal,1115,Low
India,Karnataka,"Calendar Year (Jan - Dec), 2025","Bhadravati, Municipality",310.45,58.78,32.73,3789.0,2151.0,1555.0,-5.299821800212271,Normal,1116,Low
India,Rajasthan,"Calendar Year (Jan - Dec), 2025","Keshoraipatan, Town Panchayat",123.08,19.54,9.84,1298.0,791.0,382.0,-5.3005282664107085,Normal,1117,Low
India,Kerala,"Calendar Year (Jan - Dec), 2025","Palakkad, Municipality",236.71,71.16,66.92,4058.0,3957.0,3565.0,-5.3043582261121855,Normal,1118,Low
India,Uttarakhand,"Calendar Year (Jan - Dec), 2025","Sitarganj, Municipality",231.59,63.57,55.26,3244.0,3181.0,1642.0,-5.310723217565965,Normal,1119,Low
India,Maharashtra,"Calendar Year (Jan - Dec), 2025","Sinnar, Municipality",264.25,58.26,57.92,2440.0,2409.0,2395.0,-5.315885429692173,Normal,1120,Low
India,Madhya Pradesh,"Calendar Year (Jan - Dec), 2025","Malajkhand, Municipality",166.91,63.21,58.43,4212.0,3997.0,3662.0,-5.317784788655331,Normal,1121,Low
India,West Bengal,"Calendar Year (Jan - Dec), 2025","Ranaghat, Municipality",170.89,60.05,58.91,3913.0,3913.0,3780.0,-5.322352565653375,Normal,1122,Low
India,Maharashtra,"Calendar Year (Jan - Dec), 2025","Chandrapur, Municipal Corporation",323.3,54.55,52.27,2709.0,2700.0,2307.0,-5.344174390930732,Normal,1123,Low
India,Uttar Pradesh,"Calendar Year (Jan - Dec), 2025","Belhara, Town Panchayat",113.18,50.46,50.07,3363.0,3359.0,3292.0,-5.354870786189508,Normal,1124,Low
India,Jharkhand,"Calendar Year (Jan - Dec), 2025","Jamtara, Town Panchayat",185.75,70.32,58.86,4661.0,4269.0,3370.0,-5.356253334360076,Normal,1125,Low
India,Rajasthan,"Calendar Year (Jan - Dec), 2025","Uchchain, Town Panchayat",7.7,3.0,1.2,200.0,185.0,,-5.357679231543386,Normal,1126,Low
India,Andhra Pradesh,"Calendar Year (Jan - Dec), 2025","Salur, Municipality",236.66,71.96,34.17,4782.0,4568.0,2435.0,-5.361467856305751,Normal,1127,Low
India,Goa,"Calendar Year (Jan - Dec), 2025","Panaji, Municipal Corporation",110.57,10.65,10.65,454.0,454.0,454.0,-5.3667765201821,Normal,1128,Low
India,Uttar Pradesh,"Calendar Year (Jan - Dec), 2025","Laharpur, Municipality",114.75,52.89,51.0,3526.0,3325.0,3308.0,-5.368153357728147,Normal,1129,Low
India,Assam,"Calendar Year (Jan - Dec), 2025","Chapar, Municipality",68.59,37.56,36.86,2504.0,2504.0,2421.0,-5.370978043852801,Normal,1130,Low
India,Madhya Pradesh,"Calendar Year (Jan - Dec), 2025","Sendhwa, Municipality",173.62,63.37,60.94,4043.0,3846.0,3703.0,-5.371682347104866,Normal,1131,Low
India,Andhra Pradesh,"Calendar Year (Jan - Dec), 2025","Nandigama, Municipality",109.68,37.96,59.38,2470.0,2362.0,1438.0,-5.372244049371659,Normal,1132,Low
India,Telangana,"Calendar Year (Jan - Dec), 2025","Mancherial, Municipality",179.54,40.27,16.14,2493.0,1018.0,860.0,-5.372645296352118,Normal,1133,Low
India,Madhya Pradesh,"Calendar Year (Jan - Dec), 2025","Betul, Municipality",221.2,66.46,64.99,3948.0,3818.0,3763.0,-5.3758813946062105,Normal,1134,Low
India,Uttar Pradesh,"Calendar Year (Jan - Dec), 2025","Etawah, Municipality",227.6,72.26,67.73,4361.0,3811.0,3537.0,-5.3794230269195396,Normal,1135,Low
India,Madhya Pradesh,"Calendar Year (Jan - Dec), 2025","Mandsaur, Municipality",245.99,67.86,67.64,3889.0,3690.0,3593.0,-5.384880723345418,Normal,1136,Low
India,Uttar Pradesh,"Calendar Year (Jan - Dec), 2025","Bakshi Ka Talab, Town Panchayat",156.42,61.52,58.68,3949.0,3724.0,3631.0,-5.396510875730769,Normal,1137,Low
India,Bihar,"Calendar Year (Jan - Dec), 2025","Sursand, Town Panchayat",141.23,31.77,17.45,2118.0,1879.0,648.0,-5.399073602903968,Normal,1138,Low
India,Odisha,"Calendar Year (Jan - Dec), 2025","Pattamundai, Municipality",126.84,60.18,49.33,4032.0,3669.0,3362.0,-5.399855390928849,Normal,1139,Low
India,West Bengal,"Calendar Year (Jan - Dec), 2025","Alipurduar, Municipality",201.9,70.01,44.25,4570.0,3916.0,1832.0,-5.414599637021524,Normal,1140,Low
India,Maharashtra,"Calendar Year (Jan - Dec), 2025","Mahur, Town Panchayat",81.09,19.47,11.72,1284.0,906.0,290.0,-5.422953956199308,Normal,1141,Low
India,Maharashtra,"Calendar Year (Jan - Dec), 2025","Gangakhed, Municipality",122.15,30.13,8.36,1959.0,1054.0,619.0,-5.425833592411152,Normal,1142,Low
India,Bihar,"Calendar Year (Jan - Dec), 2025","Cantonment Board, Danapur",153.49,18.67,18.67,827.0,827.0,827.0,-5.433074454936502,Normal,1143,Low
India,Gujarat,"Calendar Year (Jan - Dec), 2025","Halol, Municipality",280.26,62.23,60.62,2800.0,2700.0,2687.0,-5.43580615258378,Normal,1144,Low
India,Uttar Pradesh,"Calendar Year (Jan - Dec), 2025","Eka, Town Panchayat",122.07,53.23,51.73,3548.0,3457.0,3368.0,-5.437380716621931,Normal,1145,Low
India,Tripura,"Calendar Year (Jan - Dec), 2025","Kamalpur, Town Panchayat",80.45,43.53,41.08,2885.0,2856.0,2579.0,-5.448778375339145,Normal,1146,Low
India,Uttar Pradesh,"Calendar Year (Jan - Dec), 2025","Chitrakoot Dham, Municipality",149.07,61.34,55.53,4081.0,3727.0,3574.0,-5.465209621655276,Normal,1147,Low
India,Bihar,"Calendar Year (Jan - Dec), 2025","Pirpainti, Town Panchayat",22.23,5.13,2.05,342.0,55.0,,-5.4656516740689085,Normal,1148,Low
India,Mizoram,"Calendar Year (Jan - Dec), 2025","Serchhip, Town Panchayat",66.74,41.08,27.94,2701.0,2614.0,1207.0,-5.472846097798424,Normal,1149,Low
India,Jharkhand,"Calendar Year (Jan - Dec), 2025","Khunti, Town Panchayat",187.8,70.8,57.39,4702.0,4346.0,3059.0,-5.481445058635984,Normal,1150,Low
India,Odisha,"Calendar Year (Jan - Dec), 2025","Basudebpur, Municipality",138.57,62.45,51.87,4176.0,3711.0,3439.0,-5.48174161985952,Normal,1151,Low
India,Maharashtra,"Calendar Year (Jan - Dec), 2025","Basmath, Municipality",179.63,43.64,26.55,2842.0,2637.0,967.0,-5.509725155039405,Normal,1152,Low
India,Punjab,"Calendar Year (Jan - Dec), 2025","Begowal, Town Panchayat",4.73,1.32,0.75,87.0,30.0,30.0,-5.532753221050882,Normal,1153,Low
India,West Bengal,"Calendar Year (Jan - Dec), 2025","Darjiling, Municipality",230.58,50.65,35.04,2888.0,2779.0,1212.0,-5.538486052481346,Normal,1154,Low
India,Assam,"Calendar Year (Jan - Dec), 2025","Diphu, Town Panchayat",113.69,57.09,44.24,3806.0,3806.0,2829.0,-5.551930944963885,Normal,1155,Low
India,Telangana,"Calendar Year (Jan - Dec), 2025","Siddipet, Municipality",329.08,59.65,51.36,3424.0,3424.0,3388.0,-5.561647992974372,Normal,1156,Low
India,Assam,"Calendar Year (Jan - Dec), 2025","Deithor Town Committee, Town Panchayat",17.16,5.94,2.38,264.0,,,-5.562261886745091,Normal,1157,Low
India,Maharashtra,"Calendar Year (Jan - Dec), 2025","Ratnagiri, Municipality",235.12,42.43,41.59,1775.0,1769.0,1704.0,-5.580869288054885,Normal,1158,Low
India,Uttarakhand,"Calendar Year (Jan - Dec), 2025","Jaspur, Municipality",117.62,31.77,25.49,2086.0,2064.0,686.0,-5.582977412120897,Normal,1159,Low
India,Tamil Nadu,"Calendar Year (Jan - Dec), 2025","Cuddalore, Municipal Corporation",210.74,55.9,69.72,3500.0,3485.0,3324.0,-5.587390110944796,Normal,1160,Low
India,Uttar Pradesh,"Calendar Year (Jan - Dec), 2025","Barwar, Town Panchayat",103.4,47.14,46.85,3143.0,3132.0,3094.0,-5.588734848024274,Normal,1161,Low
India,Maharashtra,"Calendar Year (Jan - Dec), 2025","Manwath, Municipality",153.58,34.97,35.08,2267.0,1956.0,839.0,-5.590356501639292,Normal,1162,Low
India,West Bengal,"Calendar Year (Jan - Dec), 2025","Dum Dum, Municipality",223.84,34.27,35.34,1546.0,1546.0,1520.0,-5.595181803807009,Normal,1163,Low
India,Bihar,"Calendar Year (Jan - Dec), 2025","Mehsi, Town Panchayat",240.09,69.56,45.8,4636.0,4636.0,2521.0,-5.601320253489973,Normal,1164,Low
India,Uttar Pradesh,"Calendar Year (Jan - Dec), 2025","Badlapur, Town Panchayat",159.53,62.74,57.24,4153.0,3693.0,3560.0,-5.622971142988092,Normal,1165,Low
India,Tamil Nadu,"Calendar Year (Jan - Dec), 2025","Kanadukathan, Town Panchayat",2.25,1.07,1.14,70.0,70.0,66.0,-5.634432618963615,Normal,1166,Low
India,Assam,"Calendar Year (Jan - Dec), 2025","Dokmoka, Town Panchayat",68.82,36.73,36.58,2449.0,2449.0,2345.0,-5.635196246017642,Normal,1167,Low
India,Telangana,"Calendar Year (Jan - Dec), 2025","Kodad, Municipality",241.26,34.66,33.33,1610.0,1602.0,1602.0,-5.6376778144976925,Normal,1168,Low
India,Maharashtra,"Calendar Year (Jan - Dec), 2025","Malegaon, Municipal Corporation",319.9,64.11,51.13,3187.0,2956.0,2188.0,-5.640666696354458,Normal,1169,Low
India,Andhra Pradesh,"Calendar Year (Jan - Dec), 2025","Jammalamadugu, Town Panchayat",242.64,73.85,49.73,4907.0,4491.0,2984.0,-5.654931163272522,Normal,1170,Low
India,Karnataka,"Calendar Year (Jan - Dec), 2025","Nipani, Municipality",225.61,51.48,43.5,3292.0,2837.0,1325.0,-5.658951542393652,Normal,1171,Low
India,Andhra Pradesh,"Calendar Year (Jan - Dec), 2025","Nidadavole, Municipality",216.47,68.61,50.53,4532.0,4412.0,2336.0,-5.660627074355318,Normal,1172,Low
India,Madhya Pradesh,"Calendar Year (Jan - Dec), 2025","Shahdol, Municipality",175.16,62.68,58.04,4045.0,3991.0,3496.0,-5.666339494399551,Normal,1173,Low
India,Telangana,"Calendar Year (Jan - Dec), 2025","Kothagudem, Municipality",115.76,30.48,10.1,2001.0,894.0,546.0,-5.669943792597564,Normal,1174,Low
India,Assam,"Calendar Year (Jan - Dec), 2025","Nalbari, Municipality",78.13,44.03,38.71,2932.0,2930.0,2244.0,-5.669948687205249,Normal,1175,Low
India,Bihar,"Calendar Year (Jan - Dec), 2025","Chakia, Municipality",219.71,62.04,34.23,4130.0,4040.0,1761.0,-5.67873828171048,Normal,1176,Low
India,Maharashtra,"Calendar Year (Jan - Dec), 2025","Mantha, Town Panchayat",137.05,29.46,19.7,1964.0,1264.0,570.0,-5.6890451384086305,Normal,1177,Low
India,Andhra Pradesh,"Calendar Year (Jan - Dec), 2025","Kalyandurg, Municipality",168.74,69.95,46.03,4632.0,4388.0,2892.0,-5.690708139213882,Normal,1178,Low
India,Assam,"Calendar Year (Jan - Dec), 2025","Bilasipara, Municipality",95.2,47.63,44.32,3172.0,3172.0,2737.0,-5.696010279912741,Normal,1179,Low
India,Karnataka,"Calendar Year (Jan - Dec), 2025","Tiptur, Municipality",101.38,25.25,11.37,1645.0,508.0,443.0,-5.69942941683729,Normal,1180,Low
India,Karnataka,"Calendar Year (Jan - Dec), 2025","Bidar, Municipality",241.65,69.18,56.52,4322.0,4018.0,3718.0,-5.714661287471813,Normal,1181,Low
India,Maharashtra,"Calendar Year (Jan - Dec), 2025","Parshivani, Town Panchayat",235.95,58.89,56.35,3922.0,3489.0,1835.0,-5.728643982937456,Normal,1182,Low
India,Tamil Nadu,"Calendar Year (Jan - Dec), 2025","Nellikuppam, Municipality",20.89,9.66,22.04,633.0,633.0,552.0,-5.738722676149109,Normal,1183,Low
India,Tamil Nadu,"Calendar Year (Jan - Dec), 2025","Maduranthakam, Municipality",114.59,54.28,46.13,3583.0,3583.0,2998.0,-5.747142819271232,Normal,1184,Low
India,Bihar,"Calendar Year (Jan - Dec), 2025","Harnaut, Town Panchayat",17.03,3.93,1.57,262.0,58.0,,-5.756504169815798,Normal,1185,Low
India,Uttar Pradesh,"Calendar Year (Jan - Dec), 2025","Manjhanpur, Municipality",158.44,63.42,54.58,4225.0,3642.0,3558.0,-5.7593216723674345,Normal,1186,Low
India,Gujarat,"Calendar Year (Jan - Dec), 2025","Sanand, Municipality",243.27,51.3,50.97,2167.0,2149.0,2146.0,-5.768448964625577,Normal,1187,Low
India,West Bengal,"Calendar Year (Jan - Dec), 2025","Egra, Municipality",170.74,63.2,56.63,4195.0,4195.0,3067.0,-5.768592640757618,Normal,1188,Low
India,Bihar,"Calendar Year (Jan - Dec), 2025","Akbarnagar, Town Panchayat",27.5,6.34,2.54,423.0,62.0,,-5.77460261841378,Normal,1189,Low
India,Bihar,"Calendar Year (Jan - Dec), 2025","Sitamarhi, Municipal Corporation",255.79,65.04,46.7,4256.0,2650.0,1688.0,-5.780120007519486,Normal,1190,Low
India,Mizoram,"Calendar Year (Jan - Dec), 2025","Kolasib, Town Panchayat",64.39,40.27,32.65,2625.0,2531.0,1891.0,-5.784704992700597,Normal,1191,Low
India,Uttar Pradesh,"Calendar Year (Jan - Dec), 2025","Ashrafpur Kichhauchha, Town Panchayat",106.65,47.76,47.3,3184.0,3173.0,3033.0,-5.785108239496708,Normal,1192,Low
India,Himachal Pradesh,"Calendar Year (Jan - Dec), 2025","Chirgaon, Town Panchayat",3.51,0.95,0.71,63.0,62.0,44.0,-5.806415453591114,Normal,1193,Low
India,Andhra Pradesh,"Calendar Year (Jan - Dec), 2025","Palasa Kasibugga, Municipality",190.88,73.72,36.69,4872.0,4179.0,2412.0,-5.812477935590948,Normal,1194,Low
India,Rajasthan,"Calendar Year (Jan - Dec), 2025","Hanumangarh, Municipality",258.05,68.37,60.87,3652.0,3638.0,3331.0,-5.823169839270861,Normal,1195,Low
India,Gujarat,"Calendar Year (Jan - Dec), 2025","Bavla, Municipality",281.67,69.17,60.25,3419.0,3144.0,3024.0,-5.825073680216519,Normal,1196,Low
India,Bihar,"Calendar Year (Jan - Dec), 2025","Darbhanga, Municipal Corporation",258.14,82.42,58.83,4208.0,3437.0,3067.0,-5.8307427935516785,Normal,1197,Low
India,Mizoram,"Calendar Year (Jan - Dec), 2025","Vairengte, Town Panchayat",25.17,18.8,16.17,1253.0,1253.0,930.0,-5.8329194063938985,Normal,1198,Low
India,Chhattisgarh,"Calendar Year (Jan - Dec), 2025","Dongargarh, Municipality",101.03,47.96,44.79,3178.0,3156.0,2892.0,-5.860045294322504,Normal,1199,Low
India,Madhya Pradesh,"Calendar Year (Jan - Dec), 2025","Begamganj, Municipality",191.91,65.44,53.35,4343.0,3914.0,3703.0,-5.864592364055454,Normal,1200,Low
India,Andhra Pradesh,"Calendar Year (Jan - Dec), 2025","Bapatla, Municipality",248.62,65.59,54.92,4249.0,4137.0,2373.0,-5.874575842914453,Normal,1201,Low
India,Bihar,"Calendar Year (Jan - Dec), 2025","Bhawanipur, Town Panchayat",22.55,5.21,2.08,347.0,58.0,,-5.898816528523241,Normal,1202,Low
India,Uttar Pradesh,"Calendar Year (Jan - Dec), 2025","Suriyawan, Town Panchayat",127.24,50.7,50.18,3379.0,3338.0,3323.0,-5.914703237335743,Normal,1203,Low
India,Assam,"Calendar Year (Jan - Dec), 2025","Howli, Town Panchayat",81.52,40.83,39.11,2721.0,2721.0,2580.0,-5.915060334011002,Normal,1204,Low
India,Karnataka,"Calendar Year (Jan - Dec), 2025","Hosakote, Municipality",200.83,26.96,21.37,1464.0,995.0,956.0,-5.915321122444027,Normal,1205,Low
India,Gujarat,"Calendar Year (Jan - Dec), 2025","Amreli, Municipality",242.18,59.4,58.14,2607.0,2541.0,2530.0,-5.926994784415399,Normal,1206,Low
India,Bihar,"Calendar Year (Jan - Dec), 2025","Ghoshi, Town Panchayat",74.56,17.2,6.88,1147.0,201.0,,-5.9400568011126325,Normal,1207,Low
India,Tamil Nadu,"Calendar Year (Jan - Dec), 2025","Perungalathur, Town Panchayat",149.68,16.72,16.32,819.0,819.0,817.0,-5.94108450125043,Normal,1208,Low
India,Telangana,"Calendar Year (Jan - Dec), 2025","Medak, Municipality",313.33,54.59,33.04,3055.0,1968.0,1746.0,-5.950583676275016,Normal,1209,Low
India,Uttar Pradesh,"Calendar Year (Jan - Dec), 2025",Gorakhpur Development Authority,247.42,45.54,17.16,3036.0,1500.0,1500.0,-5.952311809399816,Normal,1210,Low
India,Uttar Pradesh,"Calendar Year (Jan - Dec), 2025","Chauk, Town Panchayat",171.48,62.27,55.31,4151.0,3639.0,3584.0,-5.95922267406695,Normal,1211,Low
India,Andhra Pradesh,"Calendar Year (Jan - Dec), 2025","Dhone, Municipality",174.58,67.17,54.41,4450.0,4090.0,2810.0,-5.960255191114243,Normal,1212,Low
India,Karnataka,"Calendar Year (Jan - Dec), 2025","Chikmagalur, Municipality",256.39,53.1,47.56,3294.0,2620.0,1542.0,-5.963475252653723,Normal,1213,Low
India,Assam,"Calendar Year (Jan - Dec), 2025","Barpeta, Municipality",88.32,44.09,40.71,2937.0,2930.0,2631.0,-5.971315062652252,Normal,1214,Low
India,Telangana,"Calendar Year (Jan - Dec), 2025","Bollaram, Municipality",8.69,1.05,1.05,42.0,42.0,42.0,-5.97687140135821,Normal,1215,Low
India,Madhya Pradesh,"Calendar Year (Jan - Dec), 2025","Maihar, Municipality",157.52,56.3,54.99,3677.0,3665.0,3416.0,-5.987605860498888,Normal,1216,Low
India,Odisha,"Calendar Year (Jan - Dec), 2025","Athmallik, Town Panchayat",57.2,31.7,29.92,2113.0,2083.0,2040.0,-5.994260824147432,Normal,1217,Low
India,West Bengal,"Calendar Year (Jan - Dec), 2025","Tamluk, Municipality",169.87,56.78,59.74,3665.0,3662.0,3304.0,-5.996425612790063,Normal,1218,Low
India,Tamil Nadu,"Calendar Year (Jan - Dec), 2025","Kundrathur, Municipality",197.39,26.55,26.06,1288.0,1288.0,1207.0,-6.00670098069611,Normal,1219,Low
India,Bihar,"Calendar Year (Jan - Dec), 2025","Tarapur, Town Panchayat",22.88,5.28,2.11,352.0,59.0,,-6.0142857239456475,Normal,1220,Low
India,Mizoram,"Calendar Year (Jan - Dec), 2025","Lawngtlai, Town Panchayat",53.34,34.09,27.92,2227.0,2157.0,1439.0,-6.0278574718781215,Normal,1221,Low
India,Bihar,"Calendar Year (Jan - Dec), 2025","Janakpur Road, Municipality",295.54,70.05,41.21,4669.0,3243.0,2177.0,-6.0284131610002305,Normal,1222,Low
India,Uttar Pradesh,"Calendar Year (Jan - Dec), 2025","Kheri, Town Panchayat",94.61,43.54,43.16,2872.0,2840.0,2831.0,-6.028853083737715,Normal,1223,Low
India,Uttar Pradesh,"Calendar Year (Jan - Dec), 2025","Dibai, Municipality",135.43,53.53,51.75,3567.0,3463.0,3272.0,-6.036168357046336,Normal,1224,Low
India,Tripura,"Calendar Year (Jan - Dec), 2025","Belonia, Municipality",108.81,51.88,45.84,3336.0,3130.0,3008.0,-6.036758703104624,Normal,1225,Low
India,West Bengal,"Calendar Year (Jan - Dec), 2025","Haringhata, Town Panchayat",146.79,53.87,51.01,3572.0,3572.0,3453.0,-6.039595954667163,Normal,1226,Low
India,Tamil Nadu,"Calendar Year (Jan - Dec), 2025","Vellottamparappu, Town Panchayat",2.48,1.06,0.97,69.0,69.0,63.0,-6.04044352265845,Normal,1227,Low
India,West Bengal,"Calendar Year (Jan - Dec), 2025","Gangarampur, Municipality",176.07,64.66,51.07,4282.0,4272.0,2848.0,-6.044221308607803,Normal,1228,Low
India,West Bengal,"Calendar Year (Jan - Dec), 2025","English?Bazar, Municipality",223.27,65.84,57.57,4089.0,4089.0,3230.0,-6.044633313998986,Normal,1229,Low
India,Maharashtra,"Calendar Year (Jan - Dec), 2025","Shahapur, Town Panchayat",217.0,40.47,38.42,1726.0,1589.0,1589.0,-6.046465895396693,Normal,1230,Low
India,Uttar Pradesh,"Calendar Year (Jan - Dec), 2025","Lal Gopalganj Nindaura, Town Panchayat",98.17,43.82,43.61,2920.0,2920.0,2887.0,-6.048156064488182,Normal,1231,Low
India,Madhya Pradesh,"Calendar Year (Jan - Dec), 2025","Itarsi, Municipality",226.01,65.69,60.87,3949.0,3810.0,3260.0,-6.062730195091092,Normal,1232,Low
India,Tamil Nadu,"Calendar Year (Jan - Dec), 2025","Pammal, Municipality",108.1,10.99,10.97,481.0,481.0,479.0,-6.06454014845815,Normal,1233,Low
India,Andhra Pradesh,"Calendar Year (Jan - Dec), 2025","Punganur, Municipality",160.16,59.43,49.5,3952.0,3837.0,3481.0,-6.067943833980564,Normal,1234,Low
India,Haryana,"Calendar Year (Jan - Dec), 2025","Jhajjar, Municipality",102.05,27.31,9.78,1727.0,569.0,498.0,-6.076340541251966,Normal,1235,Low
India,Uttarakhand,"Calendar Year (Jan - Dec), 2025","Haldwani-Cum-Kathgodam, Municipal Corporation",286.09,62.86,54.96,3045.0,2849.0,2626.0,-6.078381395202314,Normal,1236,Low
India,Uttarakhand,"Calendar Year (Jan - Dec), 2025","Kela Khera, Town Panchayat",33.56,25.37,20.39,615.0,615.0,615.0,-6.078742311680287,Normal,1237,Low
India,Madhya Pradesh,"Calendar Year (Jan - Dec), 2025","Rahatgarh, Town Panchayat",139.07,53.08,51.61,3525.0,3525.0,3272.0,-6.08584853157322,Normal,1238,Low
India,West Bengal,"Calendar Year (Jan - Dec), 2025","Bankura, Municipality",226.95,62.16,57.56,3767.0,3764.0,3495.0,-6.091050115387361,Normal,1239,Low
India,Uttar Pradesh,"Calendar Year (Jan - Dec), 2025","Hariharpur, Town Panchayat",124.78,49.22,48.83,3280.0,3280.0,3224.0,-6.099587791501335,Normal,1240,Low
India,Andhra Pradesh,"Calendar Year (Jan - Dec), 2025","Repalle, Municipality",224.48,60.85,56.88,3991.0,3910.0,2238.0,-6.1026471796554915,Normal,1241,Low
India,Manipur,"Calendar Year (Jan - Dec), 2025",Lilong (Thoubal),65.79,36.6,24.53,2361.0,2135.0,902.0,-6.10483828418279,Normal,1242,Low
India,Uttar Pradesh,"Calendar Year (Jan - Dec), 2025","Chandpur, Municipality",212.46,75.01,55.08,4994.0,3415.0,3161.0,-6.114455315798693,Normal,1243,Low
India,Madhya Pradesh,"Calendar Year (Jan - Dec), 2025","New Ramnagar, Town Panchayat",135.65,52.85,50.99,3523.0,3521.0,3202.0,-6.118625764923763,Normal,1244,Low
India,Bihar,"Calendar Year (Jan - Dec), 2025","Baisi, Town Panchayat",47.32,10.92,4.37,728.0,106.0,,-6.122593735548435,Normal,1245,Low
India,Madhya Pradesh,"Calendar Year (Jan - Dec), 2025","Rau, Town Panchayat",238.86,60.72,59.42,2876.0,2844.0,2787.0,-6.1550773013071876,Normal,1246,Low
India,Maharashtra,"Calendar Year (Jan - Dec), 2025","Kamptee, Municipality",287.47,59.03,50.13,3870.0,3370.0,2079.0,-6.18015074127851,Normal,1247,Low
India,Ladakh,"Calendar Year (Jan - Dec), 2025","Leh Ladakh, Municipality",29.63,18.47,13.91,530.0,234.0,217.0,-6.1910264849155965,Normal,1248,Low
India,Uttar Pradesh,"Calendar Year (Jan - Dec), 2025","Sahjanwan, Town Panchayat",131.33,51.89,50.22,3450.0,3285.0,3249.0,-6.205376362461038,Normal,1249,Low
India,West Bengal,"Calendar Year (Jan - Dec), 2025","Birnagar, Municipality",134.56,49.49,50.57,3290.0,3290.0,3268.0,-6.218461340040108,Normal,1250,Low
India,Bihar,"Calendar Year (Jan - Dec), 2025","Chausa, Town Panchayat",13.91,3.21,1.28,214.0,75.0,,-6.2289500947609895,Normal,1251,Low
India,Gujarat,"Calendar Year (Jan - Dec), 2025",Ambaji Development Authority,4.3,1.06,1.06,43.0,43.0,43.0,-6.229551964184338,Normal,1252,Low
India,Assam,"Calendar Year (Jan - Dec), 2025","Sonai, Municipality",51.98,29.54,27.95,1969.0,1969.0,1735.0,-6.230184628678842,Normal,1253,Low
India,Bihar,"Calendar Year (Jan - Dec), 2025","Madhepura, Municipality",212.31,58.62,39.74,3887.0,3627.0,1680.0,-6.231324246695806,Normal,1254,Low
India,Uttar Pradesh,"Calendar Year (Jan - Dec), 2025","Rudauli, Municipality",176.18,65.67,56.25,4379.0,3439.0,3325.0,-6.2341835367273575,Normal,1255,Low
India,Chhattisgarh,"Calendar Year (Jan - Dec), 2025","Birgaon, Municipal Corporation",148.33,61.54,51.31,4046.0,3485.0,3254.0,-6.236630142557431,Normal,1256,Low
India,Bihar,"Calendar Year (Jan - Dec), 2025","Kanti, Municipality",201.45,60.29,47.12,3982.0,3663.0,1820.0,-6.24095888650902,Normal,1257,Low
India,Tripura,"Calendar Year (Jan - Dec), 2025","Kumarghat, Municipality",93.25,53.59,44.78,2861.0,2739.0,2123.0,-6.250872877795757,Normal,1258,Low
India,Tamil Nadu,"Calendar Year (Jan - Dec), 2025","Thanjavur, Municipal Corporation",160.14,49.19,62.34,3080.0,3080.0,2905.0,-6.259178736679019,Normal,1259,Low
India,Madhya Pradesh,"Calendar Year (Jan - Dec), 2025","Panna, Municipality",147.09,56.29,50.46,3724.0,3715.0,3151.0,-6.276070102216522,Normal,1260,Low
India,Maharashtra,"Calendar Year (Jan - Dec), 2025","Ambejogai, Municipality",107.65,22.23,12.38,1404.0,1286.0,455.0,-6.281959615534845,Normal,1261,Low
India,Rajasthan,"Calendar Year (Jan - Dec), 2025",Kota Development Authority,239.3,54.87,25.58,3664.0,3620.0,3241.0,-6.28459879073597,Normal,1262,Low
India,Odisha,"Calendar Year (Jan - Dec), 2025","Sunabeda, Municipality",132.19,63.45,37.86,4219.0,3761.0,2576.0,-6.293307426123022,Normal,1263,Low
India,Tamil Nadu,"Calendar Year (Jan - Dec), 2025","Kumbakonam, Municipal Corporation",110.13,46.63,48.71,3036.0,3033.0,2773.0,-6.30983704899694,Normal,1264,Low
India,Assam,"Calendar Year (Jan - Dec), 2025","Hailakandi, Municipality",79.2,39.43,36.48,2623.0,2623.0,2418.0,-6.321711682245848,Normal,1265,Low
India,Maharashtra,"Calendar Year (Jan - Dec), 2025","Shrivardhan, Municipality",4.74,1.0,0.77,54.0,41.0,41.0,-6.327604028200767,Normal,1266,Low
India,Maharashtra,"Calendar Year (Jan - Dec), 2025","Mahad, Municipality",180.03,37.48,37.5,1516.0,1513.0,1490.0,-6.341033177533632,Normal,1267,Low
India,Karnataka,"Calendar Year (Jan - Dec), 2025","Hiriyur, Municipality",270.94,60.56,33.17,3951.0,3438.0,1902.0,-6.358083352600829,Normal,1268,Low
India,Tripura,"Calendar Year (Jan - Dec), 2025","Ranirbazar, Municipal Corporation",58.72,32.34,29.27,2152.0,2134.0,1944.0,-6.361693262774452,Normal,1269,Low
India,Tamil Nadu,"Calendar Year (Jan - Dec), 2025","Namakkal, Municipality",225.64,57.11,54.71,3533.0,3533.0,3471.0,-6.364781645914775,Normal,1270,Low
India,Chhattisgarh,"Calendar Year (Jan - Dec), 2025",Raipur Development,231.01,61.63,38.67,4109.0,4109.0,3450.0,-6.382979064117592,Normal,1271,Low
India,Uttar Pradesh,"Calendar Year (Jan - Dec), 2025","Gola Bazar, Town Panchayat",158.52,57.94,53.25,3862.0,3401.0,3352.0,-6.39290353881637,Normal,1272,Low
India,Andhra Pradesh,"Calendar Year (Jan - Dec), 2025","Jangareddygudem, Municipality",208.33,62.27,56.94,4041.0,3789.0,2401.0,-6.404489214653154,Normal,1273,Low
India,Uttar Pradesh,"Calendar Year (Jan - Dec), 2025","Pilkhana, Town Panchayat",28.93,18.04,17.93,1203.0,1202.0,1182.0,-6.416398485259265,Normal,1274,Low
India,Uttar Pradesh,"Calendar Year (Jan - Dec), 2025","Suchitaganj, Town Panchayat",104.13,28.22,12.64,1881.0,571.0,567.0,-6.427991097321865,Normal,1275,Low
India,Uttar Pradesh,"Calendar Year (Jan - Dec), 2025","Bangarmau, Municipality",105.6,46.18,44.35,3078.0,2911.0,2887.0,-6.432398016787488,Normal,1276,Low
India,Bihar,"Calendar Year (Jan - Dec), 2025","Bihat, Municipality",223.07,58.76,35.89,3916.0,2109.0,1468.0,-6.433901353675594,Normal,1277,Low
India,Punjab,"Calendar Year (Jan - Dec), 2025","Nagrota Jaimal, Town Panchayat",11.65,3.39,1.04,226.0,130.0,26.0,-6.452606836841426,Normal,1278,Low
India,Odisha,"Calendar Year (Jan - Dec), 2025","Hindol, Town Panchayat",95.16,47.05,37.17,3135.0,3019.0,2677.0,-6.455555374269238,Normal,1279,Low
India,Uttar Pradesh,"Calendar Year (Jan - Dec), 2025","Mubarakpur, Municipality",121.26,50.88,47.96,3391.0,3101.0,3028.0,-6.467945222249796,Normal,1280,Low
India,Uttar Pradesh,"Calendar Year (Jan - Dec), 2025","Gopiganj, Municipality",127.57,49.5,48.12,3298.0,3171.0,3139.0,-6.468888310443617,Normal,1281,Low
India,Jharkhand,"Calendar Year (Jan - Dec), 2025","Basukinath, Town Panchayat",145.52,58.64,49.99,3909.0,3748.0,2621.0,-6.471126683279067,Normal,1282,Low
India,Manipur,"Calendar Year (Jan - Dec), 2025","Sikhong Sekmai, Municipality",38.03,22.63,12.52,1509.0,1453.0,520.0,-6.4859370836276184,Normal,1283,Low
India,Maharashtra,"Calendar Year (Jan - Dec), 2025","Parbhani, Municipal Corporation",299.94,65.14,40.04,3935.0,3163.0,2186.0,-6.4976643467501844,Normal,1284,Low
India,Manipur,"Calendar Year (Jan - Dec), 2025","Wangoi, Municipality",23.26,13.39,14.9,879.0,851.0,299.0,-6.498020901716075,Normal,1285,Low
India,Uttar Pradesh,"Calendar Year (Jan - Dec), 2025","Maghar, Town Panchayat",111.2,45.41,44.66,3025.0,3002.0,2936.0,-6.499323591166217,Normal,1286,Low
India,Uttarakhand,"Calendar Year (Jan - Dec), 2025","Thalisain, Town Panchayat",3.02,1.03,0.74,69.0,69.0,57.0,-6.502039520122594,Normal,1287,Low
India,Tripura,"Calendar Year (Jan - Dec), 2025","Santir Bazar, Municipality",72.05,37.57,33.27,2462.0,2357.0,2301.0,-6.503462379619407,Normal,1288,Low
India,Maharashtra,"Calendar Year (Jan - Dec), 2025","Khalapur, Town Panchayat",142.66,21.12,18.58,987.0,987.0,684.0,-6.508438242824525,Normal,1289,Low
India,Madhya Pradesh,"Calendar Year (Jan - Dec), 2025","Barwani, Municipality",201.13,61.86,58.54,3444.0,3191.0,3182.0,-6.527509875835051,Normal,1290,Low
India,Tamil Nadu,"Calendar Year (Jan - Dec), 2025","Sriperumbudur, Town Panchayat",259.59,57.88,54.37,3313.0,3312.0,2999.0,-6.528799133721236,Normal,1291,Low
India,Uttar Pradesh,"Calendar Year (Jan - Dec), 2025","Kabrai, Town Panchayat",123.66,49.94,47.43,3329.0,3164.0,3025.0,-6.543115229740295,Normal,1292,Low
India,Assam,"Calendar Year (Jan - Dec), 2025","Mariani, Town Panchayat",11.71,4.23,1.85,204.0,50.0,24.0,-6.549531628580098,Normal,1293,Low
India,Maharashtra,"Calendar Year (Jan - Dec), 2025","Alibag, Municipality",118.39,16.22,16.31,671.0,671.0,671.0,-6.549623098395671,Normal,1294,Low
India,Andhra Pradesh,"Calendar Year (Jan - Dec), 2025","Kuppam, Municipality",76.46,27.63,18.32,1842.0,1088.0,472.0,-6.550498186009008,Normal,1295,Low
India,Uttarakhand,"Calendar Year (Jan - Dec), 2025","Dharchula, Municipality",3.3,1.13,0.7,72.0,48.0,46.0,-6.5564106421584825,Normal,1296,Low
India,Andhra Pradesh,"Calendar Year (Jan - Dec), 2025","Pithapuram, Municipality",169.63,54.48,17.54,3565.0,1481.0,1463.0,-6.556520620623473,Normal,1297,Low
India,Andhra Pradesh,"Calendar Year (Jan - Dec), 2025","Samalkot, Municipality",200.59,70.3,39.85,4651.0,3846.0,3096.0,-6.561150523954495,Normal,1298,Low
India,Andhra Pradesh,"Calendar Year (Jan - Dec), 2025","Pamidi, Town Panchayat",143.84,35.55,31.97,2367.0,2367.0,961.0,-6.5613978863439115,Normal,1299,Low
India,Uttar Pradesh,"Calendar Year (Jan - Dec), 2025","Bahsuma, Town Panchayat",34.04,8.14,2.44,530.0,88.0,85.0,-6.5645482389778635,Normal,1300,Low
India,Uttar Pradesh,"Calendar Year (Jan - Dec), 2025","Robertsganj, Town Panchayat",110.44,45.28,44.3,2993.0,2947.0,2914.0,-6.572937963018546,Normal,1301,Low
India,Tamil Nadu,"Calendar Year (Jan - Dec), 2025","Theni Allinagaram, Municipality",260.19,54.96,45.25,3509.0,3509.0,3439.0,-6.5747742683311685,Normal,1302,Low
India,Tripura,"Calendar Year (Jan - Dec), 2025","Teliamura, Municipality",74.13,37.78,35.31,2458.0,2352.0,2254.0,-6.589055458481255,Normal,1303,Low
India,Tamil Nadu,"Calendar Year (Jan - Dec), 2025","Perambalur, Municipality",84.4,21.75,40.29,1358.0,1358.0,1278.0,-6.595158525259649,Normal,1304,Low
India,Uttar Pradesh,"Calendar Year (Jan - Dec), 2025","Etmadpur, Municipality",130.22,50.25,49.39,3169.0,3072.0,3070.0,-6.595219460885744,Normal,1305,Low
India,Rajasthan,"Calendar Year (Jan - Dec), 2025","Chhapar, Town Panchayat",3.65,1.13,0.56,75.0,52.0,46.0,-6.600801184894237,Normal,1306,Low
India,Karnataka,"Calendar Year (Jan - Dec), 2025","Saundatti-Yellamma, Municipality",121.75,30.9,16.27,2034.0,861.0,605.0,-6.601623712498451,Normal,1307,Low
India,Madhya Pradesh,"Calendar Year (Jan - Dec), 2025","Berasia, Municipality",168.52,56.58,53.45,3558.0,3437.0,3245.0,-6.601811227440692,Normal,1308,Low
India,Uttarakhand,"Calendar Year (Jan - Dec), 2025","Manglaur, Municipality",109.45,38.92,32.04,2586.0,2586.0,1039.0,-6.603807464219983,Normal,1309,Low
India,Jharkhand,"Calendar Year (Jan - Dec), 2025","Garhwa, Municipality",163.41,60.1,50.58,3998.0,3801.0,2843.0,-6.605956235844644,Normal,1310,Low
India,Maharashtra,"Calendar Year (Jan - Dec), 2025","Devani, Town Panchayat",60.7,13.48,2.96,895.0,683.0,367.0,-6.607259552556343,Normal,1311,Low
India,Rajasthan,"Calendar Year (Jan - Dec), 2025","Pali, Municipality",261.23,63.13,52.25,3453.0,3304.0,2365.0,-6.6147040676638085,Normal,1312,Low
India,West Bengal,"Calendar Year (Jan - Dec), 2025","Budge Budge, Municipality",98.82,34.95,30.25,2286.0,2286.0,909.0,-6.642518452034494,Normal,1313,Low
India,Jharkhand,"Calendar Year (Jan - Dec), 2025","Majhion, Town Panchayat",144.37,56.73,49.91,3782.0,3523.0,2901.0,-6.645591743981527,Normal,1314,Low
India,Haryana,"Calendar Year (Jan - Dec), 2025","Bhiwani, Municipality",191.36,66.17,41.03,4211.0,2203.0,1699.0,-6.647869732232493,Normal,1315,Low
India,Uttarakhand,"Calendar Year (Jan - Dec), 2025","Imlikhera Dharampur, Town Panchayat",7.98,3.48,1.4,232.0,208.0,,-6.651676768367281,Normal,1316,Low
India,Kerala,"Calendar Year (Jan - Dec), 2025",Kannur Municipal Corporation,173.16,58.42,55.36,3176.0,3174.0,3081.0,-6.652092422351075,Normal,1317,Low
India,Mizoram,"Calendar Year (Jan - Dec), 2025","Khawzawl, Town Panchayat",35.02,23.46,19.33,1527.0,1478.0,936.0,-6.656234290275449,Normal,1318,Low
India,Uttar Pradesh,"Calendar Year (Jan - Dec), 2025","Atarra, Municipality",117.7,47.18,45.69,3148.0,3029.0,2957.0,-6.657190875775427,Normal,1319,Low
India,Uttar Pradesh,"Calendar Year (Jan - Dec), 2025","Ballia, Municipality",142.63,52.98,51.72,3457.0,3212.0,3078.0,-6.668665547906528,Normal,1320,Low
India,Maharashtra,"Calendar Year (Jan - Dec), 2025","Jafrabad, Town Panchayat",207.04,45.9,26.27,3046.0,1945.0,1122.0,-6.674822555748847,Normal,1321,Low
India,Tripura,"Calendar Year (Jan - Dec), 2025","Amarpur, Town Panchayat",68.08,42.53,35.02,2027.0,1902.0,1418.0,-6.685438801814939,Normal,1322,Low
India,Assam,"Calendar Year (Jan - Dec), 2025","Marigaon, Municipality",67.22,33.17,32.13,2205.0,2205.0,2093.0,-6.691269379900859,Normal,1323,Low
India,Uttar Pradesh,"Calendar Year (Jan - Dec), 2025","Kakori, Town Panchayat",115.05,49.56,46.12,3282.0,2905.0,2895.0,-6.703235639011268,Normal,1324,Low
India,Maharashtra,"Calendar Year (Jan - Dec), 2025","Osmanabad, Municipality",191.99,36.65,29.14,2148.0,2020.0,1027.0,-6.705148966776335,Normal,1325,Low
India,Karnataka,"Calendar Year (Jan - Dec), 2025","Raybag, Town Panchayat",104.84,28.66,12.25,1888.0,710.0,537.0,-6.710412258144743,Normal,1326,Low
India,Bihar,"Calendar Year (Jan - Dec), 2025","Brahmpur, Town Panchayat",16.12,3.72,1.49,248.0,69.0,,-6.711597917903873,Normal,1327,Low
India,Uttar Pradesh,"Calendar Year (Jan - Dec), 2025","Hamirpur, Municipality",128.56,49.06,47.05,3263.0,3103.0,3077.0,-6.712367444138465,Normal,1328,Low
India,Bihar,"Calendar Year (Jan - Dec), 2025","Sheohar, Town Panchayat",201.27,59.79,51.01,3981.0,3901.0,3019.0,-6.713530605362621,Normal,1329,Low
India,Tamil Nadu,"Calendar Year (Jan - Dec), 2025","Attayampatti, Town Panchayat",2.72,1.08,1.02,63.0,63.0,60.0,-6.713732449610802,Normal,1330,Low
India,Uttar Pradesh,"Calendar Year (Jan - Dec), 2025","Karnawal, Town Panchayat",17.68,4.29,0.92,271.0,46.0,45.0,-6.743185213372726,Normal,1331,Low
India,Chhattisgarh,"Calendar Year (Jan - Dec), 2025","Gandai, Town Panchayat",76.84,36.93,33.46,2459.0,2438.0,2348.0,-6.743604825696593,Normal,1332,Low
India,West Bengal,"Calendar Year (Jan - Dec), 2025","Baranagar, Municipality",214.7,38.11,36.44,1768.0,1768.0,1729.0,-6.749367285378241,Normal,1333,Low
India,Madhya Pradesh,"Calendar Year (Jan - Dec), 2025","Aron, Town Panchayat",122.9,46.86,45.96,3107.0,3101.0,2948.0,-6.750274387628735,Normal,1334,Low
India,Karnataka,"Calendar Year (Jan - Dec), 2025","Udupi, Municipality",274.34,54.95,46.12,2860.0,2354.0,2202.0,-6.752128157180948,Normal,1335,Low
India,Andhra Pradesh,"Calendar Year (Jan - Dec), 2025",Atmakur (Nandyal),151.21,59.18,39.28,3916.0,3646.0,1939.0,-6.7573856266412236,Normal,1336,Low
India,Tripura,"Calendar Year (Jan - Dec), 2025","Sonamura, Town Panchayat",63.1,32.6,30.87,2133.0,2054.0,2002.0,-6.760359144747383,Normal,1337,Low
India,Andhra Pradesh,"Calendar Year (Jan - Dec), 2025",Amalapuram Development Authority,112.76,49.24,44.43,3283.0,3283.0,2183.0,-6.761666660609137,Normal,1338,Low
India,Uttar Pradesh,"Calendar Year (Jan - Dec), 2025","Shikarpur, Municipality",111.17,43.98,43.5,2930.0,2915.0,2854.0,-6.764904531101536,Normal,1339,Low
India,Tamil Nadu,"Calendar Year (Jan - Dec), 2025","Puduvayal, Town Panchayat",2.46,1.12,1.12,71.0,71.0,69.0,-6.770988072894966,Normal,1340,Low
India,Chhattisgarh,"Calendar Year (Jan - Dec), 2025","Kumhari, Municipality",111.17,46.92,43.94,3028.0,2926.0,2825.0,-6.773526214007006,Normal,1341,Low
India,Jammu And Kashmir,"Calendar Year (Jan - Dec), 2025","Kunzer, Municipality",3.33,0.87,1.63,58.0,58.0,51.0,-6.776926848395647,Normal,1342,Low
India,Maharashtra,"Calendar Year (Jan - Dec), 2025","Mandangad, Town Panchayat",5.37,1.05,1.05,43.0,43.0,43.0,-6.7826535432030255,Normal,1343,Low
India,Rajasthan,"Calendar Year (Jan - Dec), 2025","Lachhmangarh, Town Panchayat",3.77,0.96,0.86,55.0,53.0,49.0,-6.790082809545822,Normal,1344,Low
India,Karnataka,"Calendar Year (Jan - Dec), 2025","Hassan, Municipality",267.58,53.62,42.12,2922.0,2168.0,1836.0,-6.7969506005408675,Normal,1345,Low
India,West Bengal,"Calendar Year (Jan - Dec), 2025","Katwa, Municipality",144.79,48.32,50.73,3131.0,3131.0,3052.0,-6.79912220254738,Normal,1346,Low
India,Bihar,"Calendar Year (Jan - Dec), 2025","Sabour, Town Panchayat",15.28,3.52,1.41,235.0,74.0,,-6.809221621814004,Normal,1347,Low
India,Karnataka,"Calendar Year (Jan - Dec), 2025","Aland, Municipality",117.29,30.7,25.33,2027.0,810.0,752.0,-6.8140643231988065,Normal,1348,Low
India,Andhra Pradesh,"Calendar Year (Jan - Dec), 2025","Tadepalle, Municipality",145.1,17.96,17.81,926.0,908.0,837.0,-6.81839543484557,Normal,1349,Low
India,Maharashtra,"Calendar Year (Jan - Dec), 2025","Chiplun, Municipality",158.26,30.98,30.92,1288.0,1288.0,1287.0,-6.819656837994387,Normal,1350,Low
India,Tamil Nadu,"Calendar Year (Jan - Dec), 2025","Pallipalayam, Municipality",73.92,11.89,7.13,759.0,759.0,235.0,-6.8255923688592475,Normal,1351,Low
India,Madhya Pradesh,"Calendar Year (Jan - Dec), 2025","Sironj, Municipality",152.6,55.47,48.67,3582.0,3526.0,3001.0,-6.829316143895085,Normal,1352,Low
India,Karnataka,"Calendar Year (Jan - Dec), 2025","Haveri, Municipality",247.1,63.52,45.8,4035.0,3833.0,2876.0,-6.833954631004474,Normal,1353,Low
India,Rajasthan,"Calendar Year (Jan - Dec), 2025","Dudu, Municipality",27.22,10.37,3.65,691.0,587.0,118.0,-6.840687374338472,Normal,1354,Low
India,Himachal Pradesh,"Calendar Year (Jan - Dec), 2025","Arki, Town Panchayat",3.69,0.93,0.91,55.0,55.0,51.0,-6.844983189858226,Normal,1355,Low
India,Uttar Pradesh,"Calendar Year (Jan - Dec), 2025","Bankati, Town Panchayat",150.0,54.81,50.3,3653.0,3177.0,3151.0,-6.847654928255508,Normal,1356,Low
India,Bihar,"Calendar Year (Jan - Dec), 2025","Manjhi, Town Panchayat",43.61,10.07,4.03,671.0,104.0,,-6.847685926871009,Normal,1357,Low
India,Madhya Pradesh,"Calendar Year (Jan - Dec), 2025","Baraily, Town Panchayat",140.74,51.18,48.48,3339.0,3314.0,2983.0,-6.847752337576253,Normal,1358,Low
India,Tamil Nadu,"Calendar Year (Jan - Dec), 2025","Arakonam, Municipality",105.56,47.61,40.42,3114.0,3112.0,2549.0,-6.854906197428534,Normal,1359,Low
India,Uttar Pradesh,"Calendar Year (Jan - Dec), 2025","Padrauna, Municipality",224.15,70.51,48.66,4683.0,2756.0,2701.0,-6.8564883583932215,Normal,1360,Low
India,Andhra Pradesh,"Calendar Year (Jan - Dec), 2025","Nagari, Municipality",158.37,62.46,47.37,4153.0,3509.0,2870.0,-6.857620673113274,Normal,1361,Low
India,West Bengal,"Calendar Year (Jan - Dec), 2025","Ramjibanpur, Municipality",138.31,51.63,50.29,3440.0,3437.0,2406.0,-6.872153136324869,Normal,1362,Low
India,Bihar,"Calendar Year (Jan - Dec), 2025","Bounsi, Town Panchayat",38.8,8.96,3.58,597.0,92.0,,-6.874358843188247,Normal,1363,Low
India,Karnataka,"Calendar Year (Jan - Dec), 2025","Sringeri, Town Panchayat",6.72,1.02,0.99,45.0,45.0,42.0,-6.874865082053702,Normal,1364,Low
India,Karnataka,"Calendar Year (Jan - Dec), 2025","Mandya, Municipality",178.87,68.37,50.07,2804.0,2743.0,2447.0,-6.8810683490443125,Normal,1365,Low
India,Bihar,"Calendar Year (Jan - Dec), 2025","Lalganj, Municipality",215.59,60.45,48.45,4018.0,3807.0,2410.0,-6.885316721439608,Normal,1366,Low
India,Uttar Pradesh,"Calendar Year (Jan - Dec), 2025","Dudhi, Town Panchayat",116.04,44.74,44.0,2982.0,2904.0,2890.0,-6.894470192434142,Normal,1367,Low
India,Uttar Pradesh,"Calendar Year (Jan - Dec), 2025",Amethi (Lucknow),85.72,37.29,37.12,2468.0,2467.0,2440.0,-6.899627491015622,Normal,1368,Low
India,Bihar,"Calendar Year (Jan - Dec), 2025","Bakhri, Municipality",238.3,66.59,44.45,4438.0,3460.0,2388.0,-6.91794312950185,Normal,1369,Low
India,Uttar Pradesh,"Calendar Year (Jan - Dec), 2025","Mahroni, Town Panchayat",82.86,37.19,36.03,2479.0,2454.0,2379.0,-6.921858486217502,Normal,1370,Low
India,Andhra Pradesh,"Calendar Year (Jan - Dec), 2025","Mydukur, Municipality",163.08,59.43,47.97,3951.0,3466.0,2124.0,-6.932695600703823,Normal,1371,Low
India,Rajasthan,"Calendar Year (Jan - Dec), 2025","Gangapur City, Municipality",174.53,47.29,28.22,3094.0,1516.0,1117.0,-6.948563077536107,Normal,1372,Low
India,Uttar Pradesh,"Calendar Year (Jan - Dec), 2025","Kannauj, Municipality",172.41,65.14,53.5,3926.0,2977.0,2929.0,-6.955366372712149,Normal,1373,Low
India,Andhra Pradesh,"Calendar Year (Jan - Dec), 2025","Parvathipuram, Municipality",199.43,63.9,42.01,4210.0,3841.0,2412.0,-6.956951286125445,Normal,1374,Low
India,West Bengal,"Calendar Year (Jan - Dec), 2025","Kshirpai, Municipality",150.6,54.78,46.47,3637.0,3637.0,2775.0,-6.965375057947483,Normal,1375,Low
India,Maharashtra,"Calendar Year (Jan - Dec), 2025","Karjat, Town Panchayat",163.46,31.59,32.05,1382.0,1355.0,1329.0,-6.975805215889864,Normal,1376,Low
India,Uttarakhand,"Calendar Year (Jan - Dec), 2025","Padli Gujjar, Town Panchayat",12.52,5.46,2.57,364.0,364.0,49.0,-6.991203854611797,Normal,1377,Low
India,Maharashtra,"Calendar Year (Jan - Dec), 2025","Wani, Municipality",74.12,14.39,25.57,737.0,697.0,670.0,-6.9913600681736625,Normal,1378,Low
India,Rajasthan,"Calendar Year (Jan - Dec), 2025","Pilani, Town Panchayat",5.21,0.88,0.86,50.0,50.0,48.0,-6.995338919519156,Normal,1379,Low
India,Uttar Pradesh,"Calendar Year (Jan - Dec), 2025","Jalaun, Municipality",229.47,70.39,43.23,4681.0,2662.0,2617.0,-6.9994707991417044,Normal,1380,Low
India,Uttar Pradesh,"Calendar Year (Jan - Dec), 2025","Gabhana, Town Panchayat",69.9,18.1,9.44,1207.0,315.0,307.0,-6.999664613566324,Normal,1381,Low
India,Uttar Pradesh,"Calendar Year (Jan - Dec), 2025","Siddharthnagar, Municipality",162.29,58.21,49.66,3858.0,3256.0,3107.0,-7.004253844282687,Normal,1382,Low
India,Andhra Pradesh,"Calendar Year (Jan - Dec), 2025","Kandukur, Municipality",230.08,68.26,29.99,4510.0,3058.0,2462.0,-7.016928625144885,Normal,1383,Low
India,Maharashtra,"Calendar Year (Jan - Dec), 2025","Georai, Municipality",134.75,33.88,17.94,2140.0,1648.0,733.0,-7.017071944874601,Normal,1384,Low
India,Andhra Pradesh,"Calendar Year (Jan - Dec), 2025","Gollaprolu, Town Panchayat",94.31,41.34,32.29,2743.0,2484.0,1181.0,-7.01870405604916,Normal,1385,Low
India,Assam,"Calendar Year (Jan - Dec), 2025","Dhing, Municipality",51.47,29.1,24.68,1940.0,1936.0,1426.0,-7.023628915572317,Normal,1386,Low
India,Uttar Pradesh,"Calendar Year (Jan - Dec), 2025","Amila, Town Panchayat",93.95,25.41,12.35,1693.0,517.0,517.0,-7.028140150078457,Normal,1387,Low
India,Andhra Pradesh,"Calendar Year (Jan - Dec), 2025","Palamaneru, Municipality",121.19,51.66,40.59,3429.0,3314.0,1939.0,-7.029971827678935,Normal,1388,Low
India,Uttar Pradesh,"Calendar Year (Jan - Dec), 2025","Nagram, Town Panchayat",74.86,33.56,33.39,2237.0,2236.0,2209.0,-7.033645655003056,Normal,1389,Low
India,Chhattisgarh,"Calendar Year (Jan - Dec), 2025","Takhatpur, Municipality",116.11,51.14,41.37,3321.0,3298.0,2217.0,-7.033742320184899,Normal,1390,Low
India,Rajasthan,"Calendar Year (Jan - Dec), 2025","Kherli, Town Panchayat",3.91,1.06,0.98,58.0,56.0,40.0,-7.03617310919924,Normal,1391,Low
India,Chhattisgarh,"Calendar Year (Jan - Dec), 2025","Ratanpur, Municipality",98.65,46.32,37.4,3052.0,2976.0,2384.0,-7.043445423619801,Normal,1392,Low
India,Maharashtra,"Calendar Year (Jan - Dec), 2025","Bhusawal, Municipality",207.3,40.88,37.85,1889.0,1735.0,1710.0,-7.045705693291666,Normal,1393,Low
India,Nagaland,"Calendar Year (Jan - Dec), 2025","Mokokchung, Municipality",52.76,28.22,22.36,1881.0,1881.0,1805.0,-7.046314463190356,Normal,1394,Low
India,Maharashtra,"Calendar Year (Jan - Dec), 2025","Gangapur, Municipality",232.47,59.63,41.59,3259.0,2915.0,1785.0,-7.051631647388376,Normal,1395,Low
India,Bihar,"Calendar Year (Jan - Dec), 2025","Banmankhi Bazar, Municipality",206.58,58.88,45.35,3918.0,3576.0,2106.0,-7.056840340304234,Normal,1396,Low
India,Karnataka,"Calendar Year (Jan - Dec), 2025","Shikarpur, Municipality",89.46,22.67,7.48,1481.0,481.0,467.0,-7.064180305109176,Normal,1397,Low
India,Uttar Pradesh,"Calendar Year (Jan - Dec), 2025","Shergarh, Town Panchayat",104.75,41.21,40.74,2744.0,2724.0,2694.0,-7.066232976932611,Normal,1398,Low
India,Rajasthan,"Calendar Year (Jan - Dec), 2025","Balesar Satta, Town Panchayat",12.82,4.41,3.8,294.0,294.0,39.0,-7.068789141878199,Normal,1399,Low
India,Uttar Pradesh,"Calendar Year (Jan - Dec), 2025","Samthar, Municipality",105.95,41.79,41.14,2786.0,2734.0,2710.0,-7.0715711158650265,Normal,1400,Low
India,Odisha,"Calendar Year (Jan - Dec), 2025","Bhadrak, Municipality",163.87,61.08,46.68,4013.0,3268.0,3105.0,-7.071630328913557,Normal,1401,Low
India,Gujarat,"Calendar Year (Jan - Dec), 2025","Umbergaon, Municipality",189.83,50.36,48.58,2259.0,2161.0,2148.0,-7.074410086878288,Normal,1402,Low
India,Bihar,"Calendar Year (Jan - Dec), 2025","Karakat, Town Panchayat",29.58,6.82,2.73,455.0,75.0,,-7.078551321245243,Normal,1403,Low
India,Bihar,"Calendar Year (Jan - Dec), 2025","Kudra, Town Panchayat",14.82,3.42,1.37,228.0,81.0,,-7.079901579394402,Normal,1404,Low
India,Uttar Pradesh,"Calendar Year (Jan - Dec), 2025","Kairana, Municipality",178.24,63.18,49.77,4212.0,3143.0,3036.0,-7.080530657887834,Normal,1405,Low
India,Uttar Pradesh,"Calendar Year (Jan - Dec), 2025","Singahi Bhiraura, Town Panchayat",126.43,47.44,45.27,3162.0,2966.0,2921.0,-7.084856020725738,Normal,1406,Low
India,Uttar Pradesh,"Calendar Year (Jan - Dec), 2025","Bilgram, Municipality",62.88,29.58,29.43,1972.0,1972.0,1950.0,-7.086652350553322,Normal,1407,Low
India,Andhra Pradesh,"Calendar Year (Jan - Dec), 2025","Ramachandrapuram, Municipality",222.45,58.32,46.11,3825.0,3748.0,2944.0,-7.091241839777638,Normal,1408,Low
India,Uttar Pradesh,"Calendar Year (Jan - Dec), 2025","Raniganj, Town Panchayat",120.81,49.46,44.05,3297.0,2981.0,2816.0,-7.0961309072939684,Normal,1409,Low
India,Bihar,"Calendar Year (Jan - Dec), 2025","Katoria, Town Panchayat",25.93,5.99,2.39,399.0,,,-7.096908212289065,Normal,1410,Low
India,Maharashtra,"Calendar Year (Jan - Dec), 2025","Chalisgaon, Municipality",214.97,38.66,34.1,1968.0,1811.0,1424.0,-7.108749568433609,Normal,1411,Low
India,Gujarat,"Calendar Year (Jan - Dec), 2025","Radhanpur, Municipality",190.74,61.19,51.33,3673.0,3275.0,3050.0,-7.1089260442470845,Normal,1412,Low
India,Bihar,"Calendar Year (Jan - Dec), 2025","Nabinagar, Town Panchayat",131.52,36.61,22.93,2440.0,2309.0,920.0,-7.114287069988109,Normal,1413,Low
India,Madhya Pradesh,"Calendar Year (Jan - Dec), 2025","Kurawar, Town Panchayat",104.81,40.58,40.14,2701.0,2701.0,2693.0,-7.120268865397975,Normal,1414,Low
India,Nagaland,"Calendar Year (Jan - Dec), 2025","Chumukedima, Town Panchayat",47.66,27.75,26.98,1316.0,1316.0,898.0,-7.1238652204889945,Normal,1415,Low
India,Maharashtra,"Calendar Year (Jan - Dec), 2025","Mahagaon, Town Panchayat",57.74,13.34,5.1,881.0,840.0,247.0,-7.129460014199481,Normal,1416,Low
India,Karnataka,"Calendar Year (Jan - Dec), 2025","Kanakpura, Municipality",189.66,58.53,43.84,3852.0,3724.0,3054.0,-7.131664301225669,Normal,1417,Low
India,Odisha,"Calendar Year (Jan - Dec), 2025","Kotpad, Town Panchayat",108.52,52.15,36.11,3477.0,3054.0,2497.0,-7.145686114576392,Normal,1418,Low
India,Uttar Pradesh,"Calendar Year (Jan - Dec), 2025","Fatehpur Sikri, Municipality",89.39,38.41,37.41,2560.0,2452.0,2450.0,-7.149469875967611,Normal,1419,Low
India,Maharashtra,"Calendar Year (Jan - Dec), 2025","Uran, Municipality",112.52,17.17,17.17,703.0,703.0,703.0,-7.15161648860709,Normal,1420,Low
India,Andhra Pradesh,"Calendar Year (Jan - Dec), 2025","Allagadda, Municipality",202.95,53.74,45.32,3537.0,3454.0,3266.0,-7.1532577021853285,Normal,1421,Low
India,Bihar,"Calendar Year (Jan - Dec), 2025","Mokameh, Municipality",165.07,49.24,21.95,3278.0,3229.0,1616.0,-7.159112345029371,Normal,1422,Low
India,Andhra Pradesh,"Calendar Year (Jan - Dec), 2025","Puttaparthi, Municipality",155.75,52.34,37.44,3477.0,3307.0,1641.0,-7.169601583104338,Normal,1423,Low
India,Odisha,"Calendar Year (Jan - Dec), 2025","Jajapur, Municipality",143.28,67.03,45.23,3111.0,2828.0,2559.0,-7.169796403853127,Normal,1424,Low
India,Odisha,"Calendar Year (Jan - Dec), 2025","Baripada, Municipality",120.1,54.23,41.31,3588.0,3072.0,2618.0,-7.17019761058765,Normal,1425,Low
India,Himachal Pradesh,"Calendar Year (Jan - Dec), 2025","Rampur, Municipality",4.01,0.96,0.89,53.0,52.0,51.0,-7.174264322927968,Normal,1426,Low
India,Andhra Pradesh,"Calendar Year (Jan - Dec), 2025","Gooty, Municipality",139.13,52.04,34.53,3456.0,3229.0,1595.0,-7.175081883876942,Normal,1427,Low
India,Madhya Pradesh,"Calendar Year (Jan - Dec), 2025","Mandla, Municipality",153.47,50.12,49.59,3247.0,3153.0,2933.0,-7.1776422846514265,Normal,1428,Low
India,Jharkhand,"Calendar Year (Jan - Dec), 2025","Chitarpur, Municipal Corporation",174.16,63.43,44.2,4228.0,3495.0,2459.0,-7.179756980742241,Normal,1429,Low
India,West Bengal,"Calendar Year (Jan - Dec), 2025","Bansberia, Municipality",122.85,44.96,45.09,2985.0,2985.0,2712.0,-7.179871415722687,Normal,1430,Low
India,Jharkhand,"Calendar Year (Jan - Dec), 2025","Sahibganj, Municipality",135.09,51.93,45.95,3457.0,3346.0,2510.0,-7.185575122438934,Normal,1431,Low
India,Nagaland,"Calendar Year (Jan - Dec), 2025","Mon, Town Panchayat",40.8,22.95,17.92,1530.0,1530.0,1507.0,-7.188468687973682,Normal,1432,Low
India,Punjab,"Calendar Year (Jan - Dec), 2025","Patiala, Municipal Corporation",253.72,58.65,47.63,3138.0,2789.0,2505.0,-7.195463514760604,Normal,1433,Low
India,Rajasthan,"Calendar Year (Jan - Dec), 2025","Udaipurwati, Town Panchayat",6.09,1.8,1.07,114.0,92.0,23.0,-7.1959802307519,Normal,1434,Low
India,Madhya Pradesh,"Calendar Year (Jan - Dec), 2025","Waraseoni, Municipality",131.97,47.03,44.51,3072.0,2972.0,2961.0,-7.19906672253768,Normal,1435,Low
India,Madhya Pradesh,"Calendar Year (Jan - Dec), 2025","Shahpur Sagar, Town Panchayat",119.94,44.92,43.46,2995.0,2995.0,2713.0,-7.203546734844338,Normal,1436,Low
India,Andhra Pradesh,"Calendar Year (Jan - Dec), 2025","B Kothakota, Town Panchayat",40.89,18.87,6.91,1258.0,1168.0,380.0,-7.20754081829898,Normal,1437,Low
India,Bihar,"Calendar Year (Jan - Dec), 2025","Sarairanjan, Town Panchayat",85.22,19.66,7.87,1311.0,300.0,,-7.208379268879639,Normal,1438,Low
India,Tamil Nadu,"Calendar Year (Jan - Dec), 2025","Karur, Municipal Corporation",222.55,52.24,48.58,3155.0,3155.0,2981.0,-7.208423972245271,Normal,1439,Low
India,Uttar Pradesh,"Calendar Year (Jan - Dec), 2025","Kharela, Town Panchayat",112.14,44.34,42.23,2956.0,2855.0,2669.0,-7.216705604647473,Normal,1440,Low
India,Assam,"Calendar Year (Jan - Dec), 2025","Sapatgram, Town Panchayat",45.45,22.8,24.15,1520.0,1520.0,1464.0,-7.217407664178211,Normal,1441,Low
India,The Dadra And Nagar Haveli And Daman And Diu,"Calendar Year (Jan - Dec), 2025","Daman, Municipality",181.3,45.5,44.76,2033.0,2033.0,2026.0,-7.222156163185787,Normal,1442,Low
India,Karnataka,"Calendar Year (Jan - Dec), 2025","Hosapete, Municipality",225.52,60.45,45.13,3772.0,3356.0,3172.0,-7.230212423475109,Normal,1443,Low
India,Andhra Pradesh,"Calendar Year (Jan - Dec), 2025","Addanki, Municipality",194.41,66.53,34.02,4388.0,3228.0,2173.0,-7.23436980131487,Normal,1444,Low
India,Uttar Pradesh,"Calendar Year (Jan - Dec), 2025","Rudrapur, Town Panchayat",115.08,44.26,42.66,2935.0,2844.0,2716.0,-7.239868978800985,Normal,1445,Low
India,Madhya Pradesh,"Calendar Year (Jan - Dec), 2025","Surkhi, Town Panchayat",122.28,47.64,38.62,3176.0,3176.0,2825.0,-7.250439005601038,Normal,1446,Low
India,Uttar Pradesh,"Calendar Year (Jan - Dec), 2025","Ghazipur, Municipality",88.59,29.98,44.04,1929.0,1547.0,1404.0,-7.253837996759387,Normal,1447,Low
India,Uttar Pradesh,"Calendar Year (Jan - Dec), 2025","Bharatganj, Town Panchayat",91.09,39.1,37.6,2606.0,2460.0,2439.0,-7.25492858474496,Normal,1448,Low
India,Karnataka,"Calendar Year (Jan - Dec), 2025","Chiknayakanhalli, Municipality",62.67,15.76,8.29,1040.0,718.0,238.0,-7.256435966901279,Normal,1449,Low
India,Tamil Nadu,"Calendar Year (Jan - Dec), 2025","Alandur, Municipal Corporation",79.31,6.99,6.99,303.0,303.0,303.0,-7.258570546986107,Normal,1450,Low
India,Uttar Pradesh,"Calendar Year (Jan - Dec), 2025","Jalali, Town Panchayat",50.9,25.88,25.12,1723.0,1669.0,1642.0,-7.259481396145816,Normal,1451,Low
India,Uttar Pradesh,"Calendar Year (Jan - Dec), 2025","Sidhauli, Town Panchayat",55.79,26.73,26.58,1781.0,1781.0,1756.0,-7.262833439612791,Normal,1452,Low
India,Uttar Pradesh,"Calendar Year (Jan - Dec), 2025","Bhokarhedi, Town Panchayat",107.01,41.46,40.58,2764.0,2688.0,2655.0,-7.278938032611904,Normal,1453,Low
India,Uttar Pradesh,"Calendar Year (Jan - Dec), 2025","Paintepur, Town Panchayat",60.96,28.17,28.17,1878.0,1878.0,1878.0,-7.281491715479035,Normal,1454,Low
India,Tamil Nadu,"Calendar Year (Jan - Dec), 2025","Desur, Town Panchayat",2.8,1.35,0.81,89.0,89.0,56.0,-7.286224570265631,Normal,1455,Low
India,West Bengal,"Calendar Year (Jan - Dec), 2025","Islampur, Municipality",152.39,55.48,32.71,3667.0,3560.0,1936.0,-7.291024153547937,Normal,1456,Low
India,West Bengal,"Calendar Year (Jan - Dec), 2025","Dankuni, Municipality",165.47,53.33,49.15,3383.0,3383.0,2740.0,-7.293090058267353,Normal,1457,Low
India,Chhattisgarh,"Calendar Year (Jan - Dec), 2025","Ahiwara, Municipality",53.98,25.47,27.95,1689.0,1675.0,1583.0,-7.307060274771516,Normal,1458,Low
India,Gujarat,"Calendar Year (Jan - Dec), 2025","Jetpur Navagadh, Municipality",190.41,53.73,50.62,2605.0,2416.0,2396.0,-7.308133768612834,Normal,1459,Low
India,Odisha,"Calendar Year (Jan - Dec), 2025","Khariar, Town Panchayat",166.11,65.65,35.41,4375.0,3231.0,2330.0,-7.310274239578405,Normal,1460,Low
India,Uttar Pradesh,"Calendar Year (Jan - Dec), 2025","Majhauliraj, Town Panchayat",96.24,39.13,38.19,2608.0,2569.0,2468.0,-7.317612812566779,Normal,1461,Low
India,Uttar Pradesh,"Calendar Year (Jan - Dec), 2025","Tondi Fatehpur, Town Panchayat",102.26,39.98,39.29,2665.0,2611.0,2584.0,-7.3213014831941905,Normal,1462,Low
India,Madhya Pradesh,"Calendar Year (Jan - Dec), 2025","Bhind, Municipality",80.46,27.9,39.54,1764.0,1759.0,1337.0,-7.344308808660912,Normal,1463,Low
India,Mizoram,"Calendar Year (Jan - Dec), 2025","Hnahthial, Town Panchayat",25.47,17.57,13.14,1165.0,1165.0,898.0,-7.350880421208501,Normal,1464,Low
India,Bihar,"Calendar Year (Jan - Dec), 2025","Sahebganj, Municipality",172.41,46.44,26.95,3092.0,2504.0,1222.0,-7.3590422840729275,Normal,1465,Low
India,Karnataka,"Calendar Year (Jan - Dec), 2025","Kekkera, Town Panchayat",78.31,32.29,37.21,2152.0,2090.0,1952.0,-7.363676494694971,Normal,1466,Low
India,Madhya Pradesh,"Calendar Year (Jan - Dec), 2025","Dabra, Municipality",118.45,40.92,48.02,2670.0,2670.0,2228.0,-7.366802098148696,Normal,1467,Low
India,Assam,"Calendar Year (Jan - Dec), 2025","No.2 Goreswar, Town Panchayat",44.66,25.05,21.82,1670.0,1670.0,1044.0,-7.370135078092574,Normal,1468,Low
India,Telangana,"Calendar Year (Jan - Dec), 2025","Ibrahimpatnam, Municipality",93.83,17.19,11.75,940.0,385.0,385.0,-7.370151481494986,Normal,1469,Low
India,Assam,"Calendar Year (Jan - Dec), 2025","Haflong, Town Panchayat",123.32,49.48,29.19,2690.0,1472.0,1059.0,-7.374359498573654,Normal,1470,Low
India,Uttar Pradesh,"Calendar Year (Jan - Dec), 2025","Bairia, Town Panchayat",121.25,46.76,44.89,3114.0,2914.0,2577.0,-7.376205730892366,Normal,1471,Low
India,Maharashtra,"Calendar Year (Jan - Dec), 2025","Karad, Municipality",183.97,33.99,29.69,1589.0,1454.0,1328.0,-7.377380678376085,Normal,1472,Low
India,Assam,"Calendar Year (Jan - Dec), 2025","Nagaon, Municipality",108.76,50.12,40.33,3166.0,2848.0,2394.0,-7.379131908565057,Normal,1473,Low
India,Telangana,"Calendar Year (Jan - Dec), 2025","Badepalle, Municipality",176.16,41.13,18.34,2552.0,1983.0,1083.0,-7.384049100998766,Normal,1474,Low
India,Rajasthan,"Calendar Year (Jan - Dec), 2025","Kishangarh, Municipality",185.49,27.8,23.8,1528.0,1183.0,1159.0,-7.385175627625131,Normal,1475,Low
India,Bihar,"Calendar Year (Jan - Dec), 2025","Saraiya, Town Panchayat",33.41,7.71,3.08,514.0,85.0,,-7.38520587349916,Normal,1476,Low
India,Maharashtra,"Calendar Year (Jan - Dec), 2025","Cantonment Board, Aurangabad",156.2,32.11,32.11,1412.0,1412.0,1412.0,-7.39373582719162,Normal,1477,Low
India,Telangana,"Calendar Year (Jan - Dec), 2025","Armoor, Municipality",58.05,15.03,4.98,956.0,246.0,222.0,-7.394124800985253,Normal,1478,Low
India,Uttarakhand,"Calendar Year (Jan - Dec), 2025","Selaqui, Town Panchayat",3.12,1.03,1.63,63.0,63.0,50.0,-7.397759766449951,Normal,1479,Low
India,Tamil Nadu,"Calendar Year (Jan - Dec), 2025","Valasaravakkam, Municipality",15.63,1.26,1.26,56.0,56.0,56.0,-7.402114497866023,Normal,1480,Low
India,Maharashtra,"Calendar Year (Jan - Dec), 2025","Chikhaldara, Municipality",14.07,3.65,1.47,243.0,185.0,31.0,-7.409114333176717,Normal,1481,Low
India,Rajasthan,"Calendar Year (Jan - Dec), 2025","Pratapgarh, Municipality",70.99,23.27,28.71,938.0,893.0,812.0,-7.4113022513461715,Normal,1482,Low
India,Maharashtra,"Calendar Year (Jan - Dec), 2025","Daund, Municipality",157.74,32.61,36.08,1696.0,1671.0,1237.0,-7.4126132712909225,Normal,1483,Low
India,Uttar Pradesh,"Calendar Year (Jan - Dec), 2025","Baansi, Municipality",126.05,46.63,43.99,3096.0,2862.0,2782.0,-7.416314289840898,Normal,1484,Low
India,Telangana,"Calendar Year (Jan - Dec), 2025","Suryapet, Municipality",231.74,38.34,30.83,1995.0,1992.0,1992.0,-7.421863490490239,Normal,1485,Low
India,West Bengal,"Calendar Year (Jan - Dec), 2025","Cooper'S Camp, Town Panchayat",108.66,41.07,38.86,2738.0,2737.0,2643.0,-7.426544356325508,Normal,1486,Low
India,Uttar Pradesh,"Calendar Year (Jan - Dec), 2025","Bugrasi, Town Panchayat",97.81,38.91,38.65,2594.0,2547.0,2430.0,-7.426923184569944,Normal,1487,Low
India,Uttar Pradesh,"Calendar Year (Jan - Dec), 2025","Nichlaul, Town Panchayat",107.88,43.11,40.72,2874.0,2646.0,2614.0,-7.431073392620192,Normal,1488,Low
India,Andhra Pradesh,"Calendar Year (Jan - Dec), 2025","Ichchapuram, Municipality",110.11,48.03,30.19,3201.0,3042.0,1631.0,-7.433447944865748,Normal,1489,Low
India,Uttar Pradesh,"Calendar Year (Jan - Dec), 2025","Uska Bazar, Town Panchayat",106.24,40.85,39.74,2723.0,2621.0,2599.0,-7.446319208375883,Normal,1490,Low
India,Uttar Pradesh,"Calendar Year (Jan - Dec), 2025","Maholi, Town Panchayat",116.33,46.66,42.8,3109.0,2701.0,2668.0,-7.469705165884022,Normal,1491,Low
India,Bihar,"Calendar Year (Jan - Dec), 2025","Balia, Municipality",187.3,53.83,46.18,3582.0,3536.0,2390.0,-7.470810099585151,Normal,1492,Low
India,Maharashtra,"Calendar Year (Jan - Dec), 2025","Sonpeth, Municipality",154.54,35.78,26.4,2380.0,2234.0,1012.0,-7.474177961403029,Normal,1493,Low
India,Madhya Pradesh,"Calendar Year (Jan - Dec), 2025","Datia, Municipality",158.1,53.96,47.75,3412.0,3267.0,2611.0,-7.477019136814647,Normal,1494,Low
India,Uttar Pradesh,"Calendar Year (Jan - Dec), 2025","Bansgaon, Town Panchayat",96.41,37.9,36.4,2525.0,2517.0,2476.0,-7.4841493375230925,Normal,1495,Low
India,Bihar,"Calendar Year (Jan - Dec), 2025","Jagdishpur, Town Panchayat",173.91,50.92,36.6,3387.0,3213.0,1662.0,-7.488433239317544,Normal,1496,Low
India,Chhattisgarh,"Calendar Year (Jan - Dec), 2025","Bagbahara, Municipality",74.35,35.96,29.27,2393.0,2389.0,1970.0,-7.4886773434405995,Normal,1497,Low
India,Uttar Pradesh,"Calendar Year (Jan - Dec), 2025","Ghaghsarabazar, Town Panchayat",119.76,32.66,16.44,2177.0,794.0,774.0,-7.492276113162916,Normal,1498,Low
India,Uttar Pradesh,"Calendar Year (Jan - Dec), 2025","Kachhwa, Town Panchayat",85.5,35.67,35.09,2378.0,2318.0,2267.0,-7.492603898519349,Normal,1499,Low
India,Odisha,"Calendar Year (Jan - Dec), 2025","Champua, Town Panchayat",73.29,35.85,30.98,2390.0,2307.0,1871.0,-7.492619438687541,Normal,1500,Low
India,Maharashtra,"Calendar Year (Jan - Dec), 2025","Shirur, Municipality",171.29,31.05,31.08,1517.0,1517.0,1364.0,-7.495795043956207,Normal,1501,Low
India,Uttar Pradesh,"Calendar Year (Jan - Dec), 2025","Bikapur, Town Panchayat",93.52,39.63,37.38,2641.0,2464.0,2370.0,-7.5089814516300635,Normal,1502,Low
India,Uttar Pradesh,"Calendar Year (Jan - Dec), 2025","Shahabad, Municipality",195.57,62.09,45.38,4137.0,2294.0,2279.0,-7.509005326982958,Normal,1503,Low
India,Bihar,"Calendar Year (Jan - Dec), 2025","Gogri Jamalpur, Municipality",222.9,59.37,46.51,3955.0,2987.0,2244.0,-7.50999950101459,Normal,1504,Low
India,Karnataka,"Calendar Year (Jan - Dec), 2025","Sandur, Municipality",191.89,51.23,25.13,3372.0,2540.0,1433.0,-7.514238016932268,Normal,1505,Low
India,Tamil Nadu,"Calendar Year (Jan - Dec), 2025","Dharmapuri, Municipality",176.79,51.33,48.52,3314.0,3291.0,2684.0,-7.516641975768266,Normal,1506,Low
India,Tamil Nadu,"Calendar Year (Jan - Dec), 2025","Uthiramerur, Town Panchayat",72.75,34.18,29.72,2259.0,2255.0,2003.0,-7.51773084076757,Normal,1507,Low
India,West Bengal,"Calendar Year (Jan - Dec), 2025","Guskara, Municipality",104.2,37.6,40.25,2468.0,2468.0,2451.0,-7.522354216000906,Normal,1508,Low
India,Telangana,"Calendar Year (Jan - Dec), 2025","Kamareddy, Municipality",175.5,37.07,17.8,2181.0,1075.0,1075.0,-7.528036234399622,Normal,1509,Low
India,Telangana,"Calendar Year (Jan - Dec), 2025","Miryalguda, Municipality",214.2,44.24,26.83,2419.0,1426.0,1426.0,-7.528575133592426,Normal,1510,Low
India,Chhattisgarh,"Calendar Year (Jan - Dec), 2025","Bemetara, Municipality",131.57,51.99,43.84,3249.0,2835.0,2778.0,-7.530078524076771,Normal,1511,Low
India,Uttar Pradesh,"Calendar Year (Jan - Dec), 2025","Pihani, Municipality",59.07,27.85,27.19,1857.0,1788.0,1787.0,-7.530908016791159,Normal,1512,Low
India,Uttar Pradesh,"Calendar Year (Jan - Dec), 2025","Khadda, Town Panchayat",78.0,34.26,32.98,2284.0,2173.0,2147.0,-7.531953312527378,Normal,1513,Low
India,West Bengal,"Calendar Year (Jan - Dec), 2025","Kalna, Municipality",90.4,34.16,40.84,2256.0,2256.0,1655.0,-7.531997111642852,Normal,1514,Low
India,Chhattisgarh,"Calendar Year (Jan - Dec), 2025","Pandariya, Municipality",73.52,35.18,29.43,2334.0,2333.0,1950.0,-7.537946986141776,Normal,1515,Low
India,West Bengal,"Calendar Year (Jan - Dec), 2025","Khardah, Municipality",208.48,48.4,47.21,2612.0,2612.0,2322.0,-7.539617095162896,Normal,1516,Low
India,Uttar Pradesh,"Calendar Year (Jan - Dec), 2025","Sonauli, Town Panchayat",102.96,43.11,39.52,2874.0,2561.0,2496.0,-7.543693317225575,Normal,1517,Low
India,Chhattisgarh,"Calendar Year (Jan - Dec), 2025","Kondagaon, Municipality",76.09,35.65,29.94,2359.0,2321.0,2087.0,-7.54844696042062,Normal,1518,Low
India,Andhra Pradesh,"Calendar Year (Jan - Dec), 2025","Pedana, Municipality",100.45,42.45,40.41,2812.0,2686.0,1915.0,-7.5490828142537225,Normal,1519,Low
India,Uttar Pradesh,"Calendar Year (Jan - Dec), 2025","Sandila, Municipality",102.84,42.19,39.51,2808.0,2530.0,2510.0,-7.5506669583893995,Normal,1520,Low
India,Uttar Pradesh,"Calendar Year (Jan - Dec), 2025","Puranpur, Municipality",107.22,42.34,40.14,2819.0,2580.0,2574.0,-7.555288313462768,Normal,1521,Low
India,Uttar Pradesh,"Calendar Year (Jan - Dec), 2025","Pipiganj, Town Panchayat",92.38,36.38,35.81,2425.0,2395.0,2381.0,-7.566699271809625,Normal,1522,Low
India,Maharashtra,"Calendar Year (Jan - Dec), 2025","Tala, Town Panchayat",4.96,0.97,1.13,51.0,51.0,43.0,-7.586812175748662,Normal,1523,Low
India,Madhya Pradesh,"Calendar Year (Jan - Dec), 2025",Kolar Municipality,118.3,19.89,19.89,851.0,851.0,851.0,-7.5889576079072185,Normal,1524,Low
India,Punjab,"Calendar Year (Jan - Dec), 2025","Bhadaur, Municipality",42.29,16.41,10.45,1108.0,1052.0,301.0,-7.59063152802014,Normal,1525,Low
India,Mizoram,"Calendar Year (Jan - Dec), 2025","Saitual, Town Panchayat",28.32,19.06,14.95,1244.0,1198.0,744.0,-7.597941642621095,Normal,1526,Low
India,Tamil Nadu,"Calendar Year (Jan - Dec), 2025","Vikramasingapuram, Municipality",61.52,28.81,27.89,1906.0,1855.0,1792.0,-7.598206864181975,Normal,1527,Low
India,Chhattisgarh,"Calendar Year (Jan - Dec), 2025","Jagdalpur, Municipal Corporation",125.25,45.82,45.03,2907.0,2835.0,2464.0,-7.599289350269714,Normal,1528,Low
India,Bihar,"Calendar Year (Jan - Dec), 2025","Mahua, Municipality",171.13,50.43,37.07,3348.0,2845.0,1533.0,-7.6022984078732065,Normal,1529,Low
India,West Bengal,"Calendar Year (Jan - Dec), 2025","Kalyani, Municipality",198.4,51.39,46.57,2842.0,2842.0,2722.0,-7.603659010179115,Normal,1530,Low
India,West Bengal,"Calendar Year (Jan - Dec), 2025","Sonamukhi, Municipality",96.09,35.55,38.71,2350.0,2320.0,2300.0,-7.606606949367006,Normal,1531,Low
India,Uttar Pradesh,"Calendar Year (Jan - Dec), 2025","Naraura, Town Panchayat",100.45,39.09,37.7,2606.0,2557.0,2440.0,-7.609292997019395,Normal,1532,Low
India,West Bengal,"Calendar Year (Jan - Dec), 2025","Berhampore, Municipality",204.57,49.42,45.67,2807.0,2807.0,2737.0,-7.610036668379905,Normal,1533,Low
India,Kerala,"Calendar Year (Jan - Dec), 2025","Thrikkakara, Municipality",172.31,26.37,24.45,1367.0,1343.0,1274.0,-7.610753731626005,Normal,1534,Low
India,Maharashtra,"Calendar Year (Jan - Dec), 2025","Pachora, Municipality",196.79,39.56,33.07,2157.0,2071.0,1339.0,-7.615954976898422,Normal,1535,Low
India,Andhra Pradesh,"Calendar Year (Jan - Dec), 2025","Sattenapalle, Municipality",175.04,57.28,36.57,3729.0,3487.0,2128.0,-7.617892202120402,Normal,1536,Low
India,Tripura,"Calendar Year (Jan - Dec), 2025","Udaipur, Municipality",144.58,50.06,45.42,3057.0,2890.0,2786.0,-7.6181032774266555,Normal,1537,Low
India,Uttar Pradesh,"Calendar Year (Jan - Dec), 2025","Hargaon, Town Panchayat",77.57,34.39,32.83,2293.0,2134.0,2113.0,-7.621843018595143,Normal,1538,Low
India,Uttar Pradesh,"Calendar Year (Jan - Dec), 2025","Babarpur Ajitmal, Town Panchayat",103.03,42.35,39.44,2821.0,2543.0,2454.0,-7.622673305738374,Normal,1539,Low
India,Haryana,"Calendar Year (Jan - Dec), 2025","Pinjore, Municipal Corporation",143.38,27.44,19.29,1366.0,823.0,823.0,-7.623676691203343,Normal,1540,Low
India,Uttar Pradesh,"Calendar Year (Jan - Dec), 2025","Tambaur Cum Ahmadabad, Town Panchayat",74.15,32.98,31.74,2199.0,2063.0,2059.0,-7.627941738591176,Normal,1541,Low
India,Uttar Pradesh,"Calendar Year (Jan - Dec), 2025","Sahatwar, Town Panchayat",92.74,39.11,36.81,2607.0,2466.0,2275.0,-7.628416504042946,Normal,1542,Low
India,Maharashtra,"Calendar Year (Jan - Dec), 2025","Ausa, Municipality",121.0,26.31,11.07,1698.0,1241.0,648.0,-7.630743378065574,Normal,1543,Low
India,Uttar Pradesh,"Calendar Year (Jan - Dec), 2025","Zaidpur, Town Panchayat",102.43,41.9,39.12,2793.0,2499.0,2480.0,-7.631153560590633,Normal,1544,Low
India,Odisha,"Calendar Year (Jan - Dec), 2025","Jeypur, Municipality",139.69,61.12,35.98,4013.0,2938.0,2455.0,-7.633221771587557,Normal,1545,Low
India,Telangana,"Calendar Year (Jan - Dec), 2025","Dhammaiguda, Municipality",8.43,1.58,0.8,85.0,33.0,33.0,-7.6461426249626925,Normal,1546,Low
India,Haryana,"Calendar Year (Jan - Dec), 2025","Bhuna, Municipality",37.86,17.14,10.85,1141.0,1112.0,338.0,-7.649001685235135,Normal,1547,Low
India,Andhra Pradesh,"Calendar Year (Jan - Dec), 2025",Atmakur (Nellore),182.0,54.59,44.69,3622.0,3370.0,2269.0,-7.6607095706087875,Normal,1548,Low
India,Maharashtra,"Calendar Year (Jan - Dec), 2025","Parli, Municipality",204.25,51.4,29.15,3410.0,2581.0,1519.0,-7.661930932485063,Normal,1549,Low
India,Uttar Pradesh,"Calendar Year (Jan - Dec), 2025","Karhal, Town Panchayat",67.86,29.85,29.42,1990.0,1946.0,1928.0,-7.6635906011619,Normal,1550,Low
India,Chhattisgarh,"Calendar Year (Jan - Dec), 2025","Baloda, Town Panchayat",73.2,34.27,29.84,2270.0,2161.0,2023.0,-7.668538983623762,Normal,1551,Low
India,Uttar Pradesh,"Calendar Year (Jan - Dec), 2025","Dariyabad, Town Panchayat",71.78,31.78,30.69,2117.0,2055.0,1975.0,-7.668953369959297,Normal,1552,Low
India,Haryana,"Calendar Year (Jan - Dec), 2025","Bawani Khera, Municipality",28.35,11.87,7.15,782.0,194.0,116.0,-7.686490046619838,Normal,1553,Low
India,Nagaland,"Calendar Year (Jan - Dec), 2025","Medziphema, Town Panchayat",30.93,21.37,19.94,803.0,799.0,752.0,-7.690921089146059,Normal,1554,Low
India,West Bengal,"Calendar Year (Jan - Dec), 2025","Ghatal, Municipality",116.47,45.05,39.13,2993.0,2993.0,2383.0,-7.695310581699687,Normal,1555,Low
India,Rajasthan,"Calendar Year (Jan - Dec), 2025","Sawar, Municipality",5.14,1.77,0.87,118.0,116.0,30.0,-7.696942332861624,Normal,1556,Low
India,Gujarat,"Calendar Year (Jan - Dec), 2025","Khambhalia, Municipality",134.79,38.78,38.05,1646.0,1612.0,1590.0,-7.699060089705654,Normal,1557,Low
India,Bihar,"Calendar Year (Jan - Dec), 2025","Kasba, Town Panchayat",120.81,33.96,27.16,2260.0,2170.0,958.0,-7.699317727803532,Normal,1558,Low
India,Uttar Pradesh,"Calendar Year (Jan - Dec), 2025","Suar, Municipality",92.54,36.29,35.39,2418.0,2400.0,2309.0,-7.710736343103804,Normal,1559,Low
India,Gujarat,"Calendar Year (Jan - Dec), 2025","Kalavad, Municipality",140.61,44.72,42.29,2842.0,2840.0,2804.0,-7.715361546276938,Normal,1560,Low
India,Uttar Pradesh,"Calendar Year (Jan - Dec), 2025","Nakur, Municipality",81.01,32.91,32.52,2190.0,2173.0,2153.0,-7.719506627805913,Normal,1561,Low
India,Uttar Pradesh,"Calendar Year (Jan - Dec), 2025","Gauriganj, Municipality",123.74,49.02,43.14,3268.0,2671.0,2597.0,-7.725529685659637,Normal,1562,Low
India,Uttar Pradesh,"Calendar Year (Jan - Dec), 2025","Safipur, Town Panchayat",63.03,27.87,27.58,1857.0,1833.0,1827.0,-7.73152025027008,Normal,1563,Low
India,Assam,"Calendar Year (Jan - Dec), 2025","Lala, Town Panchayat",31.51,17.46,17.0,1165.0,1165.0,1128.0,-7.732654332910272,Normal,1564,Low
India,Uttarakhand,"Calendar Year (Jan - Dec), 2025","Kotdwara, Municipal Corporation",153.87,44.18,29.33,2615.0,2442.0,1198.0,-7.732838084313812,Normal,1565,Low
India,Punjab,"Calendar Year (Jan - Dec), 2025","Talwandi Bhai, Municipality",27.86,7.25,3.18,480.0,112.0,60.0,-7.736812959991255,Normal,1566,Low
India,Uttar Pradesh,"Calendar Year (Jan - Dec), 2025","Domariyaganj, Town Panchayat",100.31,38.52,37.24,2567.0,2468.0,2429.0,-7.738162747744752,Normal,1567,Low
India,Maharashtra,"Calendar Year (Jan - Dec), 2025","Peint, Town Panchayat",4.21,0.97,1.44,56.0,56.0,43.0,-7.741746303919797,Normal,1568,Low
India,Chhattisgarh,"Calendar Year (Jan - Dec), 2025","Khairagarh, Municipality",71.22,31.95,30.36,2088.0,2021.0,1941.0,-7.75048187258875,Normal,1569,Low
India,Madhya Pradesh,"Calendar Year (Jan - Dec), 2025","Chachaura-Binaganj, Town Panchayat",99.58,38.55,37.97,2554.0,2553.0,2253.0,-7.752984987552907,Normal,1570,Low
India,Haryana,"Calendar Year (Jan - Dec), 2025","Bahadurgarh, Municipality",171.94,27.95,22.77,1486.0,1201.0,1069.0,-7.754512206838285,Normal,1571,Low
India,Uttar Pradesh,"Calendar Year (Jan - Dec), 2025","Paliya Kalan, Municipality",148.26,52.13,45.86,3474.0,2801.0,2760.0,-7.75901264967672,Normal,1572,Low
India,Gujarat,"Calendar Year (Jan - Dec), 2025","Mahuva, Municipality",152.26,38.97,37.54,1718.0,1678.0,1635.0,-7.763065570631966,Normal,1573,Low
India,Bihar,"Calendar Year (Jan - Dec), 2025","Mansi, Town Panchayat",26.65,6.15,2.46,410.0,77.0,,-7.772970917609996,Normal,1574,Low
India,Tamil Nadu,"Calendar Year (Jan - Dec), 2025","Udhagamandalam, Municipality",62.24,27.74,27.33,1832.0,1831.0,1775.0,-7.773143619648579,Normal,1575,Low
India,Uttar Pradesh,"Calendar Year (Jan - Dec), 2025","Khairabad, Municipality",93.88,39.32,36.41,2618.0,2347.0,2335.0,-7.77763669154848,Normal,1576,Low
India,Karnataka,"Calendar Year (Jan - Dec), 2025","Shahabad, Municipality",139.4,37.02,20.43,2456.0,1398.0,865.0,-7.781356990932011,Normal,1577,Low
India,Uttar Pradesh,"Calendar Year (Jan - Dec), 2025","Sisauli, Town Panchayat",76.17,31.53,31.06,2102.0,2086.0,2048.0,-7.782802229949937,Normal,1578,Low
India,Uttar Pradesh,"Calendar Year (Jan - Dec), 2025","Oel Dhakwa, Town Panchayat",56.83,25.55,25.42,1703.0,1695.0,1692.0,-7.792341492059563,Normal,1579,Low
India,Uttar Pradesh,"Calendar Year (Jan - Dec), 2025","Akbarpur, Town Panchayat",136.26,50.56,45.07,3351.0,2688.0,2651.0,-7.793155279100688,Normal,1580,Low
India,Maharashtra,"Calendar Year (Jan - Dec), 2025","Pathri, Municipality",186.18,43.64,47.14,2874.0,2860.0,2072.0,-7.793670464166155,Normal,1581,Low
India,Maharashtra,"Calendar Year (Jan - Dec), 2025","Amalner, Municipality",207.95,44.91,41.73,2370.0,2227.0,2153.0,-7.798526148062365,Normal,1582,Low
India,Andhra Pradesh,"Calendar Year (Jan - Dec), 2025","Tiruvuru, Town Panchayat",202.09,49.02,46.78,3252.0,3108.0,2408.0,-7.800007644614141,Normal,1583,Low
India,Uttar Pradesh,"Calendar Year (Jan - Dec), 2025","Maa Kamakhya, Town Panchayat",68.34,18.17,8.04,1211.0,328.0,325.0,-7.8030581468842115,Normal,1584,Low
India,Bihar,"Calendar Year (Jan - Dec), 2025","Warisaliganj, Town Panchayat",188.34,54.6,33.31,3634.0,3371.0,2039.0,-7.805780871144066,Normal,1585,Low
India,Uttar Pradesh,"Calendar Year (Jan - Dec), 2025","Baghpat, Municipality",116.23,44.07,40.72,2902.0,2669.0,2527.0,-7.80796752424925,Normal,1586,Low
India,Gujarat,"Calendar Year (Jan - Dec), 2025","Dohad, Municipality",143.63,35.96,35.2,1572.0,1533.0,1520.0,-7.809737435842294,Normal,1587,Low
India,Uttar Pradesh,"Calendar Year (Jan - Dec), 2025","Beniganj, Town Panchayat",52.45,24.05,23.99,1603.0,1603.0,1592.0,-7.819438059214917,Normal,1588,Low
India,Maharashtra,"Calendar Year (Jan - Dec), 2025","Korpana, Town Panchayat",102.18,19.58,11.68,1297.0,1227.0,506.0,-7.819588751603703,Normal,1589,Low
India,Bihar,"Calendar Year (Jan - Dec), 2025","Dighwara, Town Panchayat",161.98,46.92,23.47,3126.0,2896.0,1508.0,-7.8220749545714625,Normal,1590,Low
India,Jharkhand,"Calendar Year (Jan - Dec), 2025","Dumka, Municipality",126.38,48.16,40.77,3207.0,3035.0,2255.0,-7.823817836253625,Normal,1591,Low
India,Andhra Pradesh,"Calendar Year (Jan - Dec), 2025","Gudur, Town Panchayat",95.06,35.34,11.65,2353.0,958.0,831.0,-7.826638650917857,Normal,1592,Low
India,Telangana,"Calendar Year (Jan - Dec), 2025","Tellapur, Municipality",7.35,1.12,1.12,45.0,45.0,45.0,-7.830814797680432,Normal,1593,Low
India,Uttar Pradesh,"Calendar Year (Jan - Dec), 2025","Faridnagar, Town Panchayat",85.28,34.12,33.33,2274.0,2274.0,2141.0,-7.833293931597154,Normal,1594,Low
India,Assam,"Calendar Year (Jan - Dec), 2025","Lakhipur, Town Panchayat",38.43,20.74,18.85,1383.0,1383.0,1218.0,-7.847576924454472,Normal,1595,Low
India,Bihar,"Calendar Year (Jan - Dec), 2025","Pakri Dayal, Town Panchayat",181.46,50.45,36.8,3362.0,3362.0,1971.0,-7.852086166379706,Normal,1596,Low
India,Odisha,"Calendar Year (Jan - Dec), 2025","Binika, Town Panchayat",57.96,28.76,25.09,1916.0,1835.0,1629.0,-7.860235756818099,Normal,1597,Low
India,Uttar Pradesh,"Calendar Year (Jan - Dec), 2025","Madhuban, Town Panchayat",72.86,31.32,30.3,2089.0,2002.0,1975.0,-7.861189744018532,Normal,1598,Low
India,Maharashtra,"Calendar Year (Jan - Dec), 2025","Roha Ashtami, Municipality",119.4,22.84,22.69,977.0,962.0,959.0,-7.861801686005663,Normal,1599,Low
India,Uttar Pradesh,"Calendar Year (Jan - Dec), 2025","Milak, Municipality",128.7,47.0,42.49,3129.0,2715.0,2636.0,-7.866933637225543,Normal,1600,Low
India,Madhya Pradesh,"Calendar Year (Jan - Dec), 2025","Prithvipur, Town Panchayat",116.1,44.05,38.2,2926.0,2850.0,2452.0,-7.869045253404408,Normal,1601,Low
India,Punjab,"Calendar Year (Jan - Dec), 2025","Jalalabad, Municipality",38.8,9.72,2.97,629.0,138.0,112.0,-7.8698637186196265,Normal,1602,Low
India,Uttar Pradesh,"Calendar Year (Jan - Dec), 2025","Khair, Municipality",111.0,42.25,39.5,2808.0,2535.0,2504.0,-7.870749186222611,Normal,1603,Low
India,West Bengal,"Calendar Year (Jan - Dec), 2025","Balurghat, Municipality",162.12,53.67,36.56,3415.0,3390.0,2128.0,-7.872685252400004,Normal,1604,Low
India,Tripura,"Calendar Year (Jan - Dec), 2025","Sabroom, Town Panchayat",54.68,31.37,25.8,1627.0,1550.0,1445.0,-7.873553506523763,Normal,1605,Low
India,West Bengal,"Calendar Year (Jan - Dec), 2025","Dainhat, Municipality",106.72,41.06,38.43,2730.0,2730.0,2178.0,-7.875907301406585,Normal,1606,Low
India,Bihar,"Calendar Year (Jan - Dec), 2025","Bhagalpur, Municipal Corporation",214.34,45.5,41.36,2586.0,2279.0,1869.0,-7.876772104858219,Normal,1607,Low
India,Madhya Pradesh,"Calendar Year (Jan - Dec), 2025","Patharia, Town Panchayat",122.42,45.43,37.05,3028.0,2897.0,2635.0,-7.88026477884199,Normal,1608,Low
India,Chhattisgarh,"Calendar Year (Jan - Dec), 2025","Patan, Town Panchayat",175.54,48.69,44.31,2661.0,2649.0,2619.0,-7.88078753495995,Normal,1609,Low
India,Arunachal Pradesh,"Calendar Year (Jan - Dec), 2025","Bomdila, Town Panchayat",23.28,16.61,16.59,442.0,439.0,439.0,-7.882511197724114,Normal,1610,Low
India,Bihar,"Calendar Year (Jan - Dec), 2025","Sheikhpura, Municipality",105.1,26.18,17.15,1726.0,1145.0,574.0,-7.885836866010209,Normal,1611,Low
India,Bihar,"Calendar Year (Jan - Dec), 2025","Bagaha, Municipality",160.94,39.59,29.56,2629.0,2218.0,1151.0,-7.88611180157983,Normal,1612,Low
India,Jharkhand,"Calendar Year (Jan - Dec), 2025","Latehar, Town Panchayat",93.57,38.62,35.57,2573.0,2528.0,2071.0,-7.888796690167112,Normal,1613,Low
India,West Bengal,"Calendar Year (Jan - Dec), 2025","Panskura, Municipality",106.88,39.86,36.23,2630.0,2613.0,2461.0,-7.894945153068136,Normal,1614,Low
India,Maharashtra,"Calendar Year (Jan - Dec), 2025","Indapur, Municipality",103.21,18.52,14.2,1038.0,952.0,470.0,-7.901653262315051,Normal,1615,Low
India,Madhya Pradesh,"Calendar Year (Jan - Dec), 2025","Shajapur, Municipality",138.9,44.61,43.62,2626.0,2605.0,2553.0,-7.902820194367564,Normal,1616,Low
India,Punjab,"Calendar Year (Jan - Dec), 2025","Gurdaspur, Municipality",84.27,22.24,8.1,1426.0,732.0,425.0,-7.9028703418881605,Normal,1617,Low
India,Uttarakhand,"Calendar Year (Jan - Dec), 2025","Cantonment Board, Dehradun",107.29,15.5,15.5,694.0,694.0,694.0,-7.903902890165853,Normal,1618,Low
India,Rajasthan,"Calendar Year (Jan - Dec), 2025","Bamanwas, Town Panchayat",6.18,2.01,0.79,134.0,64.0,26.0,-7.905167745083247,Normal,1619,Low
India,Uttar Pradesh,"Calendar Year (Jan - Dec), 2025","Itwa, Town Panchayat",103.57,40.2,37.06,2680.0,2557.0,2366.0,-7.909339681409904,Normal,1620,Low
India,Rajasthan,"Calendar Year (Jan - Dec), 2025","Thanagazi, Town Panchayat",14.57,3.51,1.4,234.0,57.0,30.0,-7.911257395728569,Normal,1621,Low
India,Madhya Pradesh,"Calendar Year (Jan - Dec), 2025","Pachore, Town Panchayat",107.74,40.96,36.82,2707.0,2692.0,2381.0,-7.911411919009424,Normal,1622,Low
India,Bihar,"Calendar Year (Jan - Dec), 2025","Mirganj, Municipality",162.96,41.59,25.02,2768.0,1761.0,1081.0,-7.913418574049217,Normal,1623,Low
India,Andhra Pradesh,"Calendar Year (Jan - Dec), 2025","Sulluru, Municipality",212.89,49.71,45.39,3253.0,2943.0,2522.0,-7.914961724347393,Normal,1624,Low
India,Uttar Pradesh,"Calendar Year (Jan - Dec), 2025","Lar, Town Panchayat",91.69,35.84,34.63,2387.0,2329.0,2224.0,-7.928235664994816,Normal,1625,Low
India,Uttar Pradesh,"Calendar Year (Jan - Dec), 2025",Pali (Hardoi),45.97,21.88,21.82,1443.0,1441.0,1435.0,-7.931336287064653,Normal,1626,Low
India,Uttar Pradesh,"Calendar Year (Jan - Dec), 2025","Kora Jahanabad, Town Panchayat",73.66,32.25,30.46,2150.0,2004.0,1971.0,-7.932819165592548,Normal,1627,Low
India,Haryana,"Calendar Year (Jan - Dec), 2025","Panipat, Municipal Corporation",207.97,50.12,42.17,2738.0,2481.0,1931.0,-7.933796113574829,Normal,1628,Low
India,Tamil Nadu,"Calendar Year (Jan - Dec), 2025","Maduravoyal, Municipality",68.13,5.61,5.61,246.0,246.0,246.0,-7.935193621679559,Normal,1629,Low
India,Maharashtra,"Calendar Year (Jan - Dec), 2025","Bhandara, Municipality",139.59,28.73,29.03,1649.0,1495.0,963.0,-7.938384412024618,Normal,1630,Low
India,Karnataka,"Calendar Year (Jan - Dec), 2025","Someshwar, Town Panchayat",3.54,1.17,0.6,77.0,77.0,64.0,-7.939762275695557,Normal,1631,Low
India,West Bengal,"Calendar Year (Jan - Dec), 2025","Dinhata, Municipality",131.39,47.4,39.13,3119.0,3119.0,2154.0,-7.942016580263498,Normal,1632,Low
India,Madhya Pradesh,"Calendar Year (Jan - Dec), 2025","Dharampuri, Town Panchayat",107.13,39.55,37.78,2587.0,2587.0,2337.0,-7.9429761895066235,Normal,1633,Low
India,Gujarat,"Calendar Year (Jan - Dec), 2025","Halvad, Municipality",153.68,39.7,39.47,1875.0,1875.0,1840.0,-7.949413853741532,Normal,1634,Low
India,Assam,"Calendar Year (Jan - Dec), 2025","Titabor Town, Town Panchayat",52.73,26.29,23.43,1751.0,1748.0,1408.0,-7.9502670674158935,Normal,1635,Low
India,Kerala,"Calendar Year (Jan - Dec), 2025","Nedumangad, Municipality",139.41,49.17,43.85,3157.0,2928.0,2361.0,-7.951348709386082,Normal,1636,Low
India,Madhya Pradesh,"Calendar Year (Jan - Dec), 2025","Susner, Town Panchayat",91.95,34.34,33.86,2278.0,2278.0,2252.0,-7.955283531475402,Normal,1637,Low
India,Uttar Pradesh,"Calendar Year (Jan - Dec), 2025","Garhmukhteshwar, Municipality",91.68,35.72,34.5,2376.0,2323.0,2213.0,-7.956092787086675,Normal,1638,Low
India,Jharkhand,"Calendar Year (Jan - Dec), 2025","Chakulia, Town Panchayat",98.58,39.89,35.63,2658.0,2584.0,2168.0,-7.972261584993703,Normal,1639,Low
India,Madhya Pradesh,"Calendar Year (Jan - Dec), 2025","Depalpur, Town Panchayat",135.94,40.93,40.77,1917.0,1907.0,1897.0,-7.9729841733211515,Normal,1640,Low
India,Haryana,"Calendar Year (Jan - Dec), 2025","Thanesar, Municipality",187.27,36.48,31.59,1868.0,1593.0,1475.0,-7.975391305378707,Normal,1641,Low
India,Uttar Pradesh,"Calendar Year (Jan - Dec), 2025","Katra, Town Panchayat",78.09,31.74,30.81,2116.0,2099.0,2019.0,-7.9764325993560306,Normal,1642,Low
India,Gujarat,"Calendar Year (Jan - Dec), 2025","Dholka, Municipality",151.49,38.45,36.84,1756.0,1657.0,1645.0,-7.987277911281637,Normal,1643,Low
India,West Bengal,"Calendar Year (Jan - Dec), 2025","Jhargram, Municipality",146.25,45.38,43.72,2855.0,2855.0,2494.0,-7.988363828806996,Normal,1644,Low
India,Kerala,"Calendar Year (Jan - Dec), 2025",Malappuram Municipal Corporation,116.8,42.99,39.34,2640.0,2626.0,2417.0,-7.988591924129764,Normal,1645,Low
India,Assam,"Calendar Year (Jan - Dec), 2025","Basugaon, Town Panchayat",26.49,15.42,14.77,1027.0,1026.0,986.0,-7.997337197148795,Normal,1646,Low
India,Uttar Pradesh,"Calendar Year (Jan - Dec), 2025","Baberu, Town Panchayat",71.58,29.48,29.04,1965.0,1950.0,1915.0,-8.00307415001879,Normal,1647,Low
India,Odisha,"Calendar Year (Jan - Dec), 2025","Sundargarh, Municipality",99.77,44.08,35.33,2888.0,2586.0,2110.0,-8.003328260400963,Normal,1648,Low
India,Gujarat,"Calendar Year (Jan - Dec), 2025","Valia - Jhagadia, Municipality",5.28,1.12,1.12,46.0,46.0,46.0,-8.016837709720392,Normal,1649,Low
India,Madhya Pradesh,"Calendar Year (Jan - Dec), 2025","Seoni-Malwa, Municipality",109.42,39.77,37.94,2606.0,2595.0,2326.0,-8.01698846372608,Normal,1650,Low
India,Uttar Pradesh,"Calendar Year (Jan - Dec), 2025",Jalalabad (Shamli),57.52,25.08,24.97,1669.0,1668.0,1652.0,-8.037189397536906,Normal,1651,Low
India,Karnataka,"Calendar Year (Jan - Dec), 2025","Ron, Municipality",25.2,8.02,19.87,521.0,486.0,428.0,-8.040744201426946,Normal,1652,Low
India,Uttar Pradesh,"Calendar Year (Jan - Dec), 2025","Nyoria Husainpur, Town Panchayat",59.77,25.57,25.54,1705.0,1704.0,1701.0,-8.042258756611886,Normal,1653,Low
India,Uttar Pradesh,"Calendar Year (Jan - Dec), 2025","Khetasarai, Town Panchayat",63.33,28.13,26.96,1874.0,1838.0,1709.0,-8.04984178065348,Normal,1654,Low
India,Andhra Pradesh,"Calendar Year (Jan - Dec), 2025","Mangalagiri, Municipal Corporation",226.41,40.06,28.47,2442.0,2374.0,2351.0,-8.059042692340597,Normal,1655,Low
India,Madhya Pradesh,"Calendar Year (Jan - Dec), 2025","Tendukheda- Narsimhapur, Town Panchayat",96.53,37.12,34.29,2450.0,2443.0,2221.0,-8.070572354929993,Normal,1656,Low
India,Madhya Pradesh,"Calendar Year (Jan - Dec), 2025","Kolaras, Town Panchayat",110.05,41.28,36.99,2735.0,2599.0,2402.0,-8.071752246841868,Normal,1657,Low
India,Maharashtra,"Calendar Year (Jan - Dec), 2025","Nandurbar, Municipality",175.76,32.79,27.8,1636.0,1484.0,1370.0,-8.077469607254272,Normal,1658,Low
India,West Bengal,"Calendar Year (Jan - Dec), 2025","Diamond Harbour, Municipality",115.75,38.97,41.4,2515.0,2515.0,2116.0,-8.077926132834591,Normal,1659,Low
India,Manipur,"Calendar Year (Jan - Dec), 2025",Lilong (Imphal West),57.9,32.14,17.57,2074.0,1864.0,1086.0,-8.078112929453198,Normal,1660,Low
India,Uttar Pradesh,"Calendar Year (Jan - Dec), 2025","Manikpur, Town Panchayat",79.47,33.08,31.57,2205.0,2049.0,2026.0,-8.091889281983981,Normal,1661,Low
India,Uttar Pradesh,"Calendar Year (Jan - Dec), 2025","Gola Gokaran Nath, Municipality",140.52,52.14,42.05,3472.0,2615.0,2583.0,-8.097597978921613,Normal,1662,Low
India,Kerala,"Calendar Year (Jan - Dec), 2025","Manjeri, Municipality",110.69,40.78,37.76,2617.0,2600.0,2285.0,-8.106399255256463,Normal,1663,Low
India,Maharashtra,"Calendar Year (Jan - Dec), 2025","Phaltan, Municipality",147.56,28.04,24.65,1364.0,1309.0,1047.0,-8.107023807739893,Normal,1664,Low
India,Punjab,"Calendar Year (Jan - Dec), 2025","Barnala, Municipality",98.91,26.77,11.27,1713.0,801.0,560.0,-8.108276655617033,Normal,1665,Low
India,Uttar Pradesh,"Calendar Year (Jan - Dec), 2025","Pipraich, Town Panchayat",74.4,29.35,29.25,1956.0,1954.0,1941.0,-8.113534565660757,Normal,1666,Low
India,West Bengal,"Calendar Year (Jan - Dec), 2025","Gayespur, Municipality",100.83,37.13,35.59,2469.0,2469.0,2217.0,-8.113691492074622,Normal,1667,Low
India,Tripura,"Calendar Year (Jan - Dec), 2025","Bishalgarh, Municipality",95.51,42.55,33.94,2656.0,2336.0,2240.0,-8.121180472300523,Normal,1668,Low
India,Uttar Pradesh,"Calendar Year (Jan - Dec), 2025","Karikan Dhata, Town Panchayat",66.66,29.49,26.77,1966.0,1901.0,1815.0,-8.121870894074391,Normal,1669,Low
India,Uttar Pradesh,"Calendar Year (Jan - Dec), 2025","Kachhauna Patseni, Town Panchayat",44.37,20.85,20.77,1389.0,1388.0,1378.0,-8.122304017398449,Normal,1670,Low
India,Odisha,"Calendar Year (Jan - Dec), 2025","Karanjia, Town Panchayat",54.99,26.91,24.01,1791.0,1702.0,1508.0,-8.12261291287814,Normal,1671,Low
India,Madhya Pradesh,"Calendar Year (Jan - Dec), 2025","Jaora, Municipality",111.06,38.88,37.9,2468.0,2418.0,2357.0,-8.13844892133801,Normal,1672,Low
India,Tamil Nadu,"Calendar Year (Jan - Dec), 2025","Chithode, Town Panchayat",209.44,38.6,30.95,2557.0,2557.0,2554.0,-8.141838068417826,Normal,1673,Low
India,Uttar Pradesh,"Calendar Year (Jan - Dec), 2025","Sumerpur, Town Panchayat",105.58,39.57,36.96,2636.0,2397.0,2367.0,-8.144016684385974,Normal,1674,Low
India,Rajasthan,"Calendar Year (Jan - Dec), 2025","Sawai Madhopur, Municipality",149.98,51.68,29.08,3378.0,3007.0,1790.0,-8.153272393370514,Normal,1675,Low
India,West Bengal,"Calendar Year (Jan - Dec), 2025","Barrackpore, Municipality",175.54,41.69,41.58,2374.0,2374.0,2286.0,-8.157201931505199,Normal,1676,Low
India,Karnataka,"Calendar Year (Jan - Dec), 2025","Kolar, Municipality",83.13,37.99,31.17,1510.0,1470.0,1395.0,-8.16036792751737,Normal,1677,Low
India,Tamil Nadu,"Calendar Year (Jan - Dec), 2025","Chennasamudram, Town Panchayat",3.09,1.09,1.01,69.0,69.0,64.0,-8.160614811018945,Normal,1678,Low
India,Uttar Pradesh,"Calendar Year (Jan - Dec), 2025","Nautanwa, Municipality",89.95,36.3,33.69,2417.0,2228.0,2148.0,-8.161320563111985,Normal,1679,Low
India,Uttar Pradesh,"Calendar Year (Jan - Dec), 2025","Mirhechi, Town Panchayat",95.07,25.81,15.76,1721.0,620.0,613.0,-8.170234858396782,Normal,1680,Low
India,Rajasthan,"Calendar Year (Jan - Dec), 2025","Sanchore, Town Panchayat",85.95,26.99,19.71,1776.0,1452.0,642.0,-8.170404258094663,Normal,1681,Low
India,Uttarakhand,"Calendar Year (Jan - Dec), 2025","Gadarpur, Municipality",87.89,22.06,18.23,1436.0,1407.0,580.0,-8.172044644935227,Normal,1682,Low
India,Uttarakhand,"Calendar Year (Jan - Dec), 2025","Gaja, Town Panchayat",118.76,18.59,17.75,875.0,862.0,836.0,-8.174988566560387,Normal,1683,Low
India,Bihar,"Calendar Year (Jan - Dec), 2025","Baruraaj, Town Panchayat",53.17,12.27,4.91,818.0,156.0,,-8.178689018442867,Normal,1684,Low
India,Uttar Pradesh,"Calendar Year (Jan - Dec), 2025",Pali (Lalitpur),62.53,27.53,26.44,1811.0,1782.0,1666.0,-8.18229962554318,Normal,1685,Low
India,West Bengal,"Calendar Year (Jan - Dec), 2025","Baidyabati, Municipality",143.5,47.14,36.73,3010.0,3010.0,2600.0,-8.183095400952368,Normal,1686,Low
India,Uttar Pradesh,"Calendar Year (Jan - Dec), 2025","Malihabad, Town Panchayat",67.82,27.79,27.75,1797.0,1797.0,1792.0,-8.19369197886897,Normal,1687,Low
India,Manipur,"Calendar Year (Jan - Dec), 2025","Kwakta, Municipality",34.1,18.85,12.26,1260.0,907.0,368.0,-8.198442312114537,Normal,1688,Low
India,Haryana,"Calendar Year (Jan - Dec), 2025","Gohana, Municipality",90.93,26.86,10.99,1712.0,898.0,539.0,-8.200808729441803,Normal,1689,Low
India,Goa,"Calendar Year (Jan - Dec), 2025","Ponda, Municipality",82.06,9.25,9.25,391.0,391.0,391.0,-8.20375359454016,Normal,1690,Low
India,Madhya Pradesh,"Calendar Year (Jan - Dec), 2025","Sawer, Town Panchayat",145.22,36.78,36.09,1742.0,1668.0,1661.0,-8.205139705527131,Normal,1691,Low
India,Bihar,"Calendar Year (Jan - Dec), 2025","Aurangabad, Municipality",168.61,36.39,34.32,1845.0,1680.0,1563.0,-8.20855473890964,Normal,1692,Low
India,Madhya Pradesh,"Calendar Year (Jan - Dec), 2025","Shujalpur, Municipality",107.9,37.51,36.49,2383.0,2379.0,2304.0,-8.211397102699777,Normal,1693,Low
India,Uttar Pradesh,"Calendar Year (Jan - Dec), 2025","Ranipur, Town Panchayat",54.04,23.95,23.92,1596.0,1552.0,1547.0,-8.21569044459227,Normal,1694,Low
India,Uttar Pradesh,"Calendar Year (Jan - Dec), 2025","Gursahaiganj, Municipality",69.18,29.33,28.23,1955.0,1868.0,1810.0,-8.215943291777137,Normal,1695,Low
India,Uttar Pradesh,"Calendar Year (Jan - Dec), 2025","Chitbara Gaon, Town Panchayat",67.59,28.77,27.74,1918.0,1843.0,1780.0,-8.218085649485545,Normal,1696,Low
India,Telangana,"Calendar Year (Jan - Dec), 2025","Ameenpur, Municipality",91.24,11.87,10.34,519.0,417.0,417.0,-8.218884048386315,Normal,1697,Low
India,Madhya Pradesh,"Calendar Year (Jan - Dec), 2025","Ashta, Municipality",142.99,48.67,42.88,2996.0,2710.0,2390.0,-8.22063304245296,Normal,1698,Low
India,Uttar Pradesh,"Calendar Year (Jan - Dec), 2025","Manikpur Sarhat, Town Panchayat",57.01,25.2,24.5,1680.0,1650.0,1589.0,-8.223437754154702,Normal,1699,Low
India,Bihar,"Calendar Year (Jan - Dec), 2025","Marhaura, Town Panchayat",103.37,26.93,17.26,1794.0,1114.0,605.0,-8.223631652991003,Normal,1700,Low
India,Madhya Pradesh,"Calendar Year (Jan - Dec), 2025","Biaora, Municipality",126.02,43.67,39.45,2771.0,2681.0,2388.0,-8.227350295703218,Normal,1701,Low
India,Uttar Pradesh,"Calendar Year (Jan - Dec), 2025","Thana Bhawan, Town Panchayat",75.86,30.37,29.47,2024.0,1967.0,1940.0,-8.227739844501968,Normal,1702,Low
India,Gujarat,"Calendar Year (Jan - Dec), 2025","Veraval, Municipality",162.84,41.85,39.78,2110.0,1900.0,1795.0,-8.229352159563291,Normal,1703,Low
India,Uttarakhand,"Calendar Year (Jan - Dec), 2025","Shaktigarh, Town Panchayat",27.55,19.07,17.12,552.0,533.0,502.0,-8.230624648879484,Normal,1704,Low
India,Andhra Pradesh,"Calendar Year (Jan - Dec), 2025","Amalapuram, Municipality",205.65,57.39,31.52,3731.0,2747.0,2147.0,-8.230669480157417,Normal,1705,Low
India,Uttar Pradesh,"Calendar Year (Jan - Dec), 2025","Khudaganj, Town Panchayat",78.39,30.9,29.83,2060.0,2050.0,1952.0,-8.232068144715413,Normal,1706,Low
India,Uttar Pradesh,"Calendar Year (Jan - Dec), 2025","Mohammadi, Municipality",108.6,42.79,36.87,2852.0,2414.0,2378.0,-8.233522308253328,Normal,1707,Low
India,Uttar Pradesh,"Calendar Year (Jan - Dec), 2025","Narauli, Town Panchayat",69.33,28.04,27.63,1869.0,1839.0,1835.0,-8.237150736978265,Normal,1708,Low
India,Chhattisgarh,"Calendar Year (Jan - Dec), 2025","Sarangarh, Municipality",58.56,26.76,23.66,1768.0,1751.0,1637.0,-8.239353414412676,Normal,1709,Low
India,Odisha,"Calendar Year (Jan - Dec), 2025","Balangir, Municipality",90.74,39.52,32.73,2614.0,2332.0,2053.0,-8.24395062111023,Normal,1710,Low
India,Madhya Pradesh,"Calendar Year (Jan - Dec), 2025","Agar, Municipality",125.36,43.47,40.07,2744.0,2553.0,2416.0,-8.248917037811509,Normal,1711,Low
India,Tamil Nadu,"Calendar Year (Jan - Dec), 2025","Madambakkam, Town Panchayat",82.55,8.46,8.35,388.0,388.0,377.0,-8.254698294575803,Normal,1712,Low
India,Uttar Pradesh,"Calendar Year (Jan - Dec), 2025","Bansdih, Town Panchayat",100.53,39.22,35.94,2614.0,2304.0,2256.0,-8.255941809102751,Normal,1713,Low
India,Andhra Pradesh,"Calendar Year (Jan - Dec), 2025","Rajam, Municipality",93.37,31.94,36.94,2086.0,2036.0,1475.0,-8.257357696497934,Normal,1714,Low
India,Bihar,"Calendar Year (Jan - Dec), 2025","Arrah, Municipal Corporation",173.86,36.41,34.24,1900.0,1876.0,1629.0,-8.264798192500905,Normal,1715,Low
India,Uttar Pradesh,"Calendar Year (Jan - Dec), 2025","Siana, Municipality",140.38,48.72,42.3,3247.0,2588.0,2497.0,-8.266956741908302,Normal,1716,Low
India,Andhra Pradesh,"Calendar Year (Jan - Dec), 2025","Ysr Tadigadapa, Municipality",28.6,6.6,2.68,440.0,,,-8.267137687971115,Normal,1717,Low
India,Uttar Pradesh,"Calendar Year (Jan - Dec), 2025","Shishgarh, Town Panchayat",81.21,33.33,29.71,2222.0,2122.0,2039.0,-8.270033537368192,Normal,1718,Low
India,Rajasthan,"Calendar Year (Jan - Dec), 2025","Balotra, Municipality",196.69,50.7,34.86,3283.0,3146.0,2491.0,-8.272632059899479,Normal,1719,Low
India,Uttar Pradesh,"Calendar Year (Jan - Dec), 2025","Nigohi, Town Panchayat",83.38,32.37,31.01,2158.0,2099.0,2034.0,-8.273660150811565,Normal,1720,Low
India,Jharkhand,"Calendar Year (Jan - Dec), 2025","Pakur, Municipality",128.67,47.75,38.89,3170.0,2778.0,2305.0,-8.276015280446757,Normal,1721,Low
India,Uttar Pradesh,"Calendar Year (Jan - Dec), 2025","Kandhla, Municipality",105.56,40.12,36.4,2676.0,2376.0,2313.0,-8.27973673566072,Normal,1722,Low
India,Madhya Pradesh,"Calendar Year (Jan - Dec), 2025","Bilehra, Town Panchayat",101.2,39.13,31.07,2609.0,2559.0,2290.0,-8.288545097395513,Normal,1723,Low
India,Manipur,"Calendar Year (Jan - Dec), 2025","Wangjing Lamding, Municipality",70.49,35.93,15.39,2210.0,1842.0,1799.0,-8.289876347684185,Normal,1724,Low
India,Uttar Pradesh,"Calendar Year (Jan - Dec), 2025","Reoti, Town Panchayat",106.92,42.15,37.22,2810.0,2374.0,2266.0,-8.301639241844384,Normal,1725,Low
India,West Bengal,"Calendar Year (Jan - Dec), 2025","Mirik, Town Panchayat",105.14,37.42,24.34,2491.0,2439.0,1193.0,-8.304449822134416,Normal,1726,Low
India,Assam,"Calendar Year (Jan - Dec), 2025","Mangaldoi, Municipality",44.68,23.11,19.83,1533.0,1528.0,990.0,-8.305272584679301,Normal,1727,Low
India,West Bengal,"Calendar Year (Jan - Dec), 2025","Bhadreswar, Municipality",119.34,38.32,39.2,2450.0,2450.0,2222.0,-8.305443469907061,Normal,1728,Low
India,Karnataka,"Calendar Year (Jan - Dec), 2025","Hole Narsipur, Municipality",123.8,35.24,23.33,2318.0,1093.0,920.0,-8.306680302772918,Normal,1729,Low
India,Gujarat,"Calendar Year (Jan - Dec), 2025","Chaklasi, Municipality",106.78,38.32,35.17,2516.0,2454.0,2294.0,-8.308547750879825,Normal,1730,Low
India,Maharashtra,"Calendar Year (Jan - Dec), 2025","Cantonment Board, Deolali",95.91,14.61,14.61,623.0,623.0,623.0,-8.309666747796484,Normal,1731,Low
India,Uttar Pradesh,"Calendar Year (Jan - Dec), 2025","Maurawan, Town Panchayat",48.89,21.83,22.28,1455.0,1444.0,1407.0,-8.309969642024157,Normal,1732,Low
India,Chhattisgarh,"Calendar Year (Jan - Dec), 2025","Pandatarai, Town Panchayat",47.62,22.86,20.0,1521.0,1521.0,1424.0,-8.310672385063242,Normal,1733,Low
India,Maharashtra,"Calendar Year (Jan - Dec), 2025","Malkapur-Satara, Town Panchayat",119.95,21.53,20.87,988.0,973.0,965.0,-8.314681867832917,Normal,1734,Low
India,Madhya Pradesh,"Calendar Year (Jan - Dec), 2025","Gotegaon, Municipality",124.8,44.08,38.89,2907.0,2547.0,2478.0,-8.316582985258492,Normal,1735,Low
India,Karnataka,"Calendar Year (Jan - Dec), 2025","Yadgir, Municipality",148.32,45.76,35.17,2891.0,2867.0,2684.0,-8.319693704891108,Normal,1736,Low
India,Manipur,"Calendar Year (Jan - Dec), 2025","Yairipok, Municipality",36.73,20.92,12.08,1394.0,1314.0,606.0,-8.321146986804536,Normal,1737,Low
India,Maharashtra,"Calendar Year (Jan - Dec), 2025","Palam, Town Panchayat",85.98,20.06,12.7,1330.0,1077.0,450.0,-8.321273389926091,Normal,1738,Low
India,Uttar Pradesh,"Calendar Year (Jan - Dec), 2025","Muradnagar, Municipality",137.17,48.21,41.68,3188.0,2518.0,2470.0,-8.32521800595623,Normal,1739,Low
India,Andhra Pradesh,"Calendar Year (Jan - Dec), 2025","Puttur, Municipality",156.88,51.99,41.68,3441.0,2750.0,2127.0,-8.325940314903505,Normal,1740,Low
India,Chhattisgarh,"Calendar Year (Jan - Dec), 2025","Sakti, Municipality",28.64,12.21,20.25,797.0,769.0,683.0,-8.326853363071848,Normal,1741,Low
India,Karnataka,"Calendar Year (Jan - Dec), 2025","Sagar, Municipality",68.02,18.18,27.98,1049.0,1048.0,902.0,-8.32815968446954,Normal,1742,Low
India,Rajasthan,"Calendar Year (Jan - Dec), 2025","Dhaulpur, Municipality",81.21,37.32,22.5,2437.0,2425.0,1646.0,-8.330685351341799,Normal,1743,Low
India,Jharkhand,"Calendar Year (Jan - Dec), 2025","Chatra, Municipality",105.27,39.81,35.08,2651.0,2321.0,1453.0,-8.331857364166126,Normal,1744,Low
India,Bihar,"Calendar Year (Jan - Dec), 2025","Wazirganj, Town Panchayat",29.12,6.72,2.69,448.0,,,-8.339174337942154,Normal,1745,Low
India,Gujarat,"Calendar Year (Jan - Dec), 2025","Visnagar, Municipality",167.28,40.57,36.83,2022.0,1838.0,1780.0,-8.344216605778058,Normal,1746,Low
India,Chhattisgarh,"Calendar Year (Jan - Dec), 2025","Kharsia, Municipality",51.24,23.7,22.18,1558.0,1533.0,1467.0,-8.347990012768491,Normal,1747,Low
India,Madhya Pradesh,"Calendar Year (Jan - Dec), 2025","Sidhi, Municipality",138.3,45.32,41.01,2893.0,2621.0,2445.0,-8.34953903289744,Normal,1748,Low
India,Chhattisgarh,"Calendar Year (Jan - Dec), 2025","Tilda Newra, Municipality",76.93,33.46,29.22,2142.0,2097.0,1800.0,-8.351282434115149,Normal,1749,Low
India,Uttar Pradesh,"Calendar Year (Jan - Dec), 2025","Kalinagar, Town Panchayat",66.61,27.49,26.84,1833.0,1771.0,1756.0,-8.3521653825577,Normal,1750,Low
India,Chhattisgarh,"Calendar Year (Jan - Dec), 2025","Simga, Town Panchayat",38.43,17.68,21.21,1169.0,1122.0,1081.0,-8.358299104050047,Normal,1751,Low
India,Maharashtra,"Calendar Year (Jan - Dec), 2025","Patur, Municipality",25.24,5.95,1.62,385.0,72.0,65.0,-8.367551662605308,Normal,1752,Low
India,Madhya Pradesh,"Calendar Year (Jan - Dec), 2025","Chandia, Town Panchayat",90.42,34.27,32.22,2283.0,2283.0,1998.0,-8.368588541990903,Normal,1753,Low
India,Rajasthan,"Calendar Year (Jan - Dec), 2025","Rawatsar, Town Panchayat",85.34,22.58,13.31,1467.0,554.0,482.0,-8.371922825137972,Normal,1754,Low
India,Chhattisgarh,"Calendar Year (Jan - Dec), 2025","Gobra Nawapara, Municipality",58.16,26.69,26.95,1762.0,1547.0,1461.0,-8.372471264187482,Normal,1755,Low
India,Uttar Pradesh,"Calendar Year (Jan - Dec), 2025","Kathera, Town Panchayat",59.66,24.9,24.66,1660.0,1641.0,1631.0,-8.373833310513021,Normal,1756,Low
India,Puducherry,"Calendar Year (Jan - Dec), 2025","Karaikal, Municipality",153.64,39.85,34.73,2549.0,2535.0,1473.0,-8.377562351424274,Normal,1757,Low
India,Assam,"Calendar Year (Jan - Dec), 2025","Dergaon, Municipality",56.69,27.95,19.62,1856.0,1856.0,1082.0,-8.377691996978967,Normal,1758,Low
India,Gujarat,"Calendar Year (Jan - Dec), 2025","Viramgam, Municipality",111.83,36.22,35.43,1671.0,1644.0,1619.0,-8.382345666905337,Normal,1759,Low
India,Uttar Pradesh,"Calendar Year (Jan - Dec), 2025","Nai Bazar, Town Panchayat",85.22,32.4,31.38,2160.0,2050.0,2042.0,-8.382800569942617,Normal,1760,Low
India,Odisha,"Calendar Year (Jan - Dec), 2025","Puri, Municipality",103.41,42.38,37.27,2778.0,2290.0,2053.0,-8.383036077544944,Normal,1761,Low
India,Rajasthan,"Calendar Year (Jan - Dec), 2025","Khajuwala, Town Panchayat",5.04,1.35,0.77,90.0,38.0,38.0,-8.388950832594446,Normal,1762,Low
India,Jharkhand,"Calendar Year (Jan - Dec), 2025","Hussainabad, Town Panchayat",115.69,44.51,36.21,2964.0,2639.0,1859.0,-8.391023585008611,Normal,1763,Low
India,Uttar Pradesh,"Calendar Year (Jan - Dec), 2025","Harra, Town Panchayat",85.29,23.05,8.7,1537.0,543.0,520.0,-8.394145821790858,Normal,1764,Low
India,Uttar Pradesh,"Calendar Year (Jan - Dec), 2025","Pakbara, Town Panchayat",73.99,29.12,28.13,1939.0,1936.0,1836.0,-8.40233713521559,Normal,1765,Low
India,Uttarakhand,"Calendar Year (Jan - Dec), 2025","Mussoorie, Municipality",3.59,1.08,0.94,64.0,63.0,56.0,-8.406374010348316,Normal,1766,Low
India,Chhattisgarh,"Calendar Year (Jan - Dec), 2025","Abhanpur, Municipality",51.83,21.21,26.16,1372.0,1330.0,1143.0,-8.407021897563766,Normal,1767,Low
India,Uttar Pradesh,"Calendar Year (Jan - Dec), 2025","Gyanpur, Town Panchayat",71.02,27.56,27.41,1828.0,1828.0,1805.0,-8.411453998415993,Normal,1768,Low
India,Jharkhand,"Calendar Year (Jan - Dec), 2025","Chakradharpur, Municipality",104.51,39.03,35.35,2572.0,2418.0,2169.0,-8.413797207119899,Normal,1769,Low
India,Rajasthan,"Calendar Year (Jan - Dec), 2025","Beawar, Municipality",157.22,41.06,35.61,2359.0,2061.0,1388.0,-8.415297043146609,Normal,1770,Low
India,Uttar Pradesh,"Calendar Year (Jan - Dec), 2025","Khatauli, Municipality",118.61,43.06,38.33,2845.0,2461.0,2333.0,-8.4197602634747,Normal,1771,Low
India,Andhra Pradesh,"Calendar Year (Jan - Dec), 2025","Dachepalli, Town Panchayat",56.52,24.98,11.69,1665.0,1553.0,683.0,-8.422855221950613,Normal,1772,Low
India,West Bengal,"Calendar Year (Jan - Dec), 2025","Tufanganj, Municipality",96.17,36.04,33.71,2395.0,2359.0,1992.0,-8.423298688157502,Normal,1773,Low
India,Madhya Pradesh,"Calendar Year (Jan - Dec), 2025","Hatta, Municipality",94.3,35.06,33.19,2320.0,2230.0,2095.0,-8.426932949512093,Normal,1774,Low
India,Gujarat,"Calendar Year (Jan - Dec), 2025","Chotila, Municipality",106.43,34.43,33.77,1554.0,1530.0,1484.0,-8.427084698610429,Normal,1775,Low
India,Uttar Pradesh,"Calendar Year (Jan - Dec), 2025","Bisanda Buzurg, Town Panchayat",66.66,26.33,26.22,1755.0,1755.0,1733.0,-8.427472672932197,Normal,1776,Low
India,Uttar Pradesh,"Calendar Year (Jan - Dec), 2025","Samdhan, Town Panchayat",52.09,23.02,22.48,1535.0,1505.0,1477.0,-8.427582276256828,Normal,1777,Low
India,Madhya Pradesh,"Calendar Year (Jan - Dec), 2025","Deori, Municipality",103.48,36.19,33.52,2366.0,2366.0,2225.0,-8.42880523721044,Normal,1778,Low
India,Karnataka,"Calendar Year (Jan - Dec), 2025","Dandeli, Municipality",181.11,46.42,23.97,3069.0,2857.0,2315.0,-8.429379245971063,Normal,1779,Low
India,Telangana,"Calendar Year (Jan - Dec), 2025","Ramagundam, Municipal Corporation",117.81,31.34,13.99,2059.0,887.0,808.0,-8.431362889867614,Normal,1780,Low
India,Tamil Nadu,"Calendar Year (Jan - Dec), 2025","Periyanaickenpalayam, Town Panchayat",195.11,34.89,29.42,2196.0,2196.0,2194.0,-8.433334934658944,Normal,1781,Low
India,West Bengal,"Calendar Year (Jan - Dec), 2025","Kamarhati, Municipality",191.1,44.36,37.83,2532.0,2523.0,2137.0,-8.433525695397066,Normal,1782,Low
India,Uttar Pradesh,"Calendar Year (Jan - Dec), 2025","Shikohabad, Municipality",70.33,29.44,28.62,1937.0,1852.0,1693.0,-8.433802491234758,Normal,1783,Low
India,Kerala,"Calendar Year (Jan - Dec), 2025","Thanur, Municipality",101.98,38.11,34.13,2528.0,2488.0,2032.0,-8.43500156936318,Normal,1784,Low
India,Uttar Pradesh,"Calendar Year (Jan - Dec), 2025","Shamsabad, Town Panchayat",106.55,41.2,36.63,2746.0,2281.0,2242.0,-8.441386799678412,Normal,1785,Low
India,Odisha,"Calendar Year (Jan - Dec), 2025","Athagad, Town Panchayat",80.92,36.79,26.33,2453.0,2224.0,1934.0,-8.442108189936164,Normal,1786,Low
India,Bihar,"Calendar Year (Jan - Dec), 2025","Supaul, Municipality",150.93,39.31,31.97,2598.0,2381.0,1339.0,-8.44631237011464,Normal,1787,Low
India,Andhra Pradesh,"Calendar Year (Jan - Dec), 2025","Giddaluru, Town Panchayat",202.78,50.25,33.56,3224.0,2955.0,2341.0,-8.446910312990894,Normal,1788,Low
India,Bihar,"Calendar Year (Jan - Dec), 2025","Kataiya, Town Panchayat",158.49,42.33,22.61,2821.0,2206.0,1273.0,-8.448484504648889,Normal,1789,Low
India,Madhya Pradesh,"Calendar Year (Jan - Dec), 2025","Mungaoli, Town Panchayat",95.24,34.9,33.94,2287.0,2185.0,2074.0,-8.450312050033347,Normal,1790,Low
India,Uttar Pradesh,"Calendar Year (Jan - Dec), 2025","Sirsaganj, Municipality",56.54,25.14,24.31,1676.0,1630.0,1466.0,-8.451257006176888,Normal,1791,Low
India,Madhya Pradesh,"Calendar Year (Jan - Dec), 2025","Shahpur Burhanpur, Town Panchayat",76.83,29.51,28.84,1961.0,1923.0,1888.0,-8.451968574454611,Normal,1792,Low
India,Kerala,"Calendar Year (Jan - Dec), 2025","Mananthavady, Municipality",115.44,42.7,38.81,2697.0,2434.0,1847.0,-8.453264880938264,Normal,1793,Low
India,Uttar Pradesh,"Calendar Year (Jan - Dec), 2025","Gangaghat, Municipality",77.36,32.31,29.37,2150.0,1936.0,1929.0,-8.453639760507713,Normal,1794,Low
India,Maharashtra,"Calendar Year (Jan - Dec), 2025","Niphad, Town Panchayat",107.68,22.18,21.05,954.0,897.0,850.0,-8.456544691479564,Normal,1795,Low
India,Uttar Pradesh,"Calendar Year (Jan - Dec), 2025","Rath, Municipality",175.19,53.47,37.25,3561.0,2041.0,1993.0,-8.46029604909171,Normal,1796,Low
India,Maharashtra,"Calendar Year (Jan - Dec), 2025","Wardha, Municipality",121.96,23.72,23.61,1116.0,1092.0,1086.0,-8.460608541406089,Normal,1797,Low
India,Uttarakhand,"Calendar Year (Jan - Dec), 2025","Dwarahat, Town Panchayat",3.39,1.18,0.8,72.0,62.0,59.0,-8.466245545625384,Normal,1798,Low
India,Madhya Pradesh,"Calendar Year (Jan - Dec), 2025","Neemuch, Municipality",172.05,39.72,39.25,2339.0,2197.0,2168.0,-8.46974902150771,Normal,1799,Low
India,Chhattisgarh,"Calendar Year (Jan - Dec), 2025","Dharamjaigarh, Town Panchayat",59.65,27.66,24.1,1835.0,1724.0,1571.0,-8.470341601832672,Normal,1800,Low
India,Tamil Nadu,"Calendar Year (Jan - Dec), 2025","Gummidipoondi, Town Panchayat",65.84,29.47,25.33,1921.0,1921.0,1578.0,-8.47166431389752,Normal,1801,Low
India,Odisha,"Calendar Year (Jan - Dec), 2025","Baleshwar, Municipality",156.64,53.37,40.41,3332.0,2592.0,2384.0,-8.47440731011676,Normal,1802,Low
India,Uttar Pradesh,"Calendar Year (Jan - Dec), 2025","Anupshahr, Municipality",79.98,30.84,29.79,2054.0,1971.0,1926.0,-8.47567306229746,Normal,1803,Low
India,Maharashtra,"Calendar Year (Jan - Dec), 2025","Ichalkaranji, Municipal Corporation",146.89,31.5,30.22,1555.0,1531.0,1514.0,-8.475687881722479,Normal,1804,Low
India,Uttar Pradesh,"Calendar Year (Jan - Dec), 2025","Kampil, Town Panchayat",50.93,23.28,22.16,1552.0,1491.0,1433.0,-8.478044371487101,Normal,1805,Low
India,Odisha,"Calendar Year (Jan - Dec), 2025","Talcher, Municipality",87.44,38.79,28.79,2580.0,2290.0,1974.0,-8.481652602202473,Normal,1806,Low
India,Maharashtra,"Calendar Year (Jan - Dec), 2025","Rajgurunagar, Municipality",98.47,18.61,18.49,782.0,764.0,757.0,-8.484101329145005,Normal,1807,Low
India,Odisha,"Calendar Year (Jan - Dec), 2025","Bhawanipatna, Municipality",68.51,30.6,27.15,2019.0,1881.0,1652.0,-8.49081592546753,Normal,1808,Low
India,Uttarakhand,"Calendar Year (Jan - Dec), 2025","Tilwara, Town Panchayat",3.13,1.08,1.02,71.0,71.0,70.0,-8.493073214511412,Normal,1809,Low
India,Madhya Pradesh,"Calendar Year (Jan - Dec), 2025","Anjad, Town Panchayat",110.85,40.66,35.71,2675.0,2409.0,2282.0,-8.49776140735895,Normal,1810,Low
India,Rajasthan,"Calendar Year (Jan - Dec), 2025","Bharatpur, Municipal Corporation",142.36,33.3,37.7,1933.0,1801.0,1689.0,-8.501683945740695,Normal,1811,Low
India,Uttar Pradesh,"Calendar Year (Jan - Dec), 2025","Auras, Town Panchayat",45.7,20.36,20.33,1357.0,1357.0,1355.0,-8.503316076984902,Normal,1812,Low
India,Uttar Pradesh,"Calendar Year (Jan - Dec), 2025","Baraut, Municipality",124.73,44.39,38.48,2919.0,2486.0,2341.0,-8.509232663760827,Normal,1813,Low
India,Tamil Nadu,"Calendar Year (Jan - Dec), 2025","Sathyamangalam, Municipality",191.28,41.2,36.81,2636.0,2636.0,2140.0,-8.509533962691421,Normal,1814,Low
India,Gujarat,"Calendar Year (Jan - Dec), 2025","Vyara, Municipality",125.71,23.67,23.0,1135.0,1100.0,1091.0,-8.51113079403126,Normal,1815,Low
India,Tamil Nadu,"Calendar Year (Jan - Dec), 2025","Kanam, Town Panchayat",2.88,1.16,1.11,76.0,73.0,71.0,-8.516272150503141,Normal,1816,Low
India,Uttar Pradesh,"Calendar Year (Jan - Dec), 2025","Mau Aima, Town Panchayat",52.89,22.98,22.57,1529.0,1486.0,1485.0,-8.521245733071964,Normal,1817,Low
India,Tamil Nadu,"Calendar Year (Jan - Dec), 2025","Villupuram, Municipality",114.97,30.97,36.34,1784.0,1784.0,1720.0,-8.523366157647445,Normal,1818,Low
India,Bihar,"Calendar Year (Jan - Dec), 2025","Sherghati, Municipality",109.88,30.6,22.24,2025.0,1520.0,799.0,-8.524887475487958,Normal,1819,Low
India,Uttar Pradesh,"Calendar Year (Jan - Dec), 2025","Shamli, Municipality",88.24,34.54,32.31,2240.0,2042.0,2009.0,-8.52998448886649,Normal,1820,Low
India,Madhya Pradesh,"Calendar Year (Jan - Dec), 2025","Chand, Town Panchayat",80.46,29.82,29.05,1987.0,1987.0,1903.0,-8.531721008327679,Normal,1821,Low
India,Tamil Nadu,"Calendar Year (Jan - Dec), 2025","Jolarpet, Municipality",39.58,19.2,18.58,1271.0,1271.0,1193.0,-8.532779978242331,Normal,1822,Low
India,Madhya Pradesh,"Calendar Year (Jan - Dec), 2025","Seoni, Municipality",133.23,39.52,40.68,2462.0,2241.0,2203.0,-8.534019614565864,Normal,1823,Low
India,Bihar,"Calendar Year (Jan - Dec), 2025","Bakhtiyarpur, Municipality",157.62,44.12,31.88,2932.0,2758.0,1620.0,-8.534332175038855,Normal,1824,Low
India,Uttar Pradesh,"Calendar Year (Jan - Dec), 2025","Chandauli, Town Panchayat",109.5,38.48,36.04,2470.0,2299.0,2212.0,-8.540136394329807,Normal,1825,Low
India,Bihar,"Calendar Year (Jan - Dec), 2025","Nawada, Municipality",78.65,18.81,10.58,1196.0,436.0,381.0,-8.543023128466018,Normal,1826,Low
India,Uttar Pradesh,"Calendar Year (Jan - Dec), 2025","Purwa, Town Panchayat",66.48,27.98,26.63,1865.0,1720.0,1713.0,-8.544016861878276,Normal,1827,Low
India,Rajasthan,"Calendar Year (Jan - Dec), 2025","Barmer, Municipality",135.13,47.66,39.83,2567.0,2312.0,1925.0,-8.546169023867435,Normal,1828,Low
India,Maharashtra,"Calendar Year (Jan - Dec), 2025","Kundalwadi, Municipality",92.55,20.44,8.0,1358.0,748.0,482.0,-8.54820095573973,Normal,1829,Low
India,Uttar Pradesh,"Calendar Year (Jan - Dec), 2025","Purquazi, Town Panchayat",63.89,26.19,25.53,1745.0,1729.0,1617.0,-8.548788897513248,Normal,1830,Low
India,Karnataka,"Calendar Year (Jan - Dec), 2025","Challakere, Municipality",177.83,45.4,35.71,2931.0,2918.0,2041.0,-8.549467941400167,Normal,1831,Low
India,Tamil Nadu,"Calendar Year (Jan - Dec), 2025","Tenkasi, Municipality",67.56,27.72,26.4,1783.0,1757.0,1707.0,-8.551074454665127,Normal,1832,Low
India,Andhra Pradesh,"Calendar Year (Jan - Dec), 2025","Yerraguntla, Town Panchayat",174.43,46.22,34.84,3071.0,2957.0,2480.0,-8.55116795768862,Normal,1833,Low
India,Uttar Pradesh,"Calendar Year (Jan - Dec), 2025","Bharthana, Municipality",61.93,26.27,26.21,1745.0,1657.0,1533.0,-8.552017385063266,Normal,1834,Low
India,Karnataka,"Calendar Year (Jan - Dec), 2025","Almel, Town Panchayat",89.67,36.59,30.17,2435.0,2206.0,2078.0,-8.554512315905072,Normal,1835,Low
India,Odisha,"Calendar Year (Jan - Dec), 2025","Banapur, Town Panchayat",197.51,36.43,29.35,2107.0,1960.0,1777.0,-8.55620709535765,Normal,1836,Low
India,Rajasthan,"Calendar Year (Jan - Dec), 2025","Sirohi, Municipality",140.28,20.76,16.37,1187.0,1144.0,911.0,-8.560563583620649,Normal,1837,Low
India,Uttar Pradesh,"Calendar Year (Jan - Dec), 2025","Handia, Town Panchayat",67.18,28.35,26.71,1886.0,1776.0,1680.0,-8.56075444973385,Normal,1838,Low
India,Jharkhand,"Calendar Year (Jan - Dec), 2025","Bokaro, Municipal Corporation",8.22,1.06,1.06,50.0,50.0,50.0,-8.562288447650701,Normal,1839,Low
India,Maharashtra,"Calendar Year (Jan - Dec), 2025","Paithan, Municipality",130.57,29.39,20.55,1808.0,1645.0,866.0,-8.56514004984723,Normal,1840,Low
India,Madhya Pradesh,"Calendar Year (Jan - Dec), 2025","Makdon, Town Panchayat",75.84,28.36,27.73,1889.0,1889.0,1844.0,-8.568338564607018,Normal,1841,Low
India,Gujarat,"Calendar Year (Jan - Dec), 2025","Chhaya, Municipality",99.84,30.04,29.88,1314.0,1314.0,1304.0,-8.573875532072009,Normal,1842,Low
India,Madhya Pradesh,"Calendar Year (Jan - Dec), 2025","Chichli, Town Panchayat",83.76,31.8,30.29,2113.0,2091.0,1857.0,-8.57680399126906,Normal,1843,Low
India,Bihar,"Calendar Year (Jan - Dec), 2025","Birpur, Town Panchayat",73.67,19.59,15.03,1300.0,1213.0,480.0,-8.577121917528473,Normal,1844,Low
India,West Bengal,"Calendar Year (Jan - Dec), 2025","Jhalda, Municipality",115.6,42.44,25.55,2824.0,2824.0,1900.0,-8.584964157913532,Normal,1845,Low
India,Uttar Pradesh,"Calendar Year (Jan - Dec), 2025","Ghosia Bazar, Town Panchayat",87.68,33.41,31.46,2227.0,2036.0,2016.0,-8.584969782689598,Normal,1846,Low
India,Uttar Pradesh,"Calendar Year (Jan - Dec), 2025","Charthawal, Town Panchayat",60.02,24.16,24.06,1610.0,1608.0,1589.0,-8.585064048000334,Normal,1847,Low
India,Uttar Pradesh,"Calendar Year (Jan - Dec), 2025","Khanpur, Town Panchayat",66.78,26.38,25.79,1757.0,1752.0,1685.0,-8.58636834224177,Normal,1848,Low
India,Uttar Pradesh,"Calendar Year (Jan - Dec), 2025","Budhana, Town Panchayat",65.9,26.64,25.93,1775.0,1724.0,1675.0,-8.588137593377894,Normal,1849,Low
India,Uttar Pradesh,"Calendar Year (Jan - Dec), 2025","Azamgarh, Municipality",110.47,39.81,36.46,2547.0,2266.0,2207.0,-8.588401037566598,Normal,1850,Low
India,Odisha,"Calendar Year (Jan - Dec), 2025","Baliguda, Town Panchayat",53.91,26.6,21.22,1772.0,1662.0,1391.0,-8.589298057659505,Normal,1851,Low
India,Nagaland,"Calendar Year (Jan - Dec), 2025","Tuensang, Town Panchayat",36.53,18.9,16.46,1260.0,1260.0,1130.0,-8.590605021734177,Normal,1852,Low
India,Karnataka,"Calendar Year (Jan - Dec), 2025","Sindgi, Municipality",137.6,49.49,33.08,3210.0,2808.0,2338.0,-8.593784461924884,Normal,1853,Low
India,Uttar Pradesh,"Calendar Year (Jan - Dec), 2025","Atrauli, Municipality",112.22,44.12,37.52,2935.0,2223.0,2102.0,-8.59417790071268,Normal,1854,Low
India,Karnataka,"Calendar Year (Jan - Dec), 2025","Krishnarajanagara, Municipality",135.42,31.13,13.76,2023.0,1543.0,947.0,-8.596012247477063,Normal,1855,Low
India,Tamil Nadu,"Calendar Year (Jan - Dec), 2025","Edappadi, Municipality",79.57,29.37,28.59,1949.0,1949.0,1876.0,-8.596438638810127,Normal,1856,Low
India,Assam,"Calendar Year (Jan - Dec), 2025","Samelangso Town Committee, Town Panchayat",92.89,32.15,12.95,1429.0,,,-8.60158333250348,Normal,1857,Low
India,Odisha,"Calendar Year (Jan - Dec), 2025","Ranapurgada, Town Panchayat",41.83,20.8,19.34,1387.0,1307.0,1216.0,-8.60245910601924,Normal,1858,Low
India,Odisha,"Calendar Year (Jan - Dec), 2025","Dhamanagar, Town Panchayat",115.53,46.82,34.02,3116.0,2456.0,2188.0,-8.60550516708554,Normal,1859,Low
India,Uttar Pradesh,"Calendar Year (Jan - Dec), 2025","Pukhrayan, Municipality",96.33,37.37,34.46,2489.0,2082.0,2066.0,-8.611153743841612,Normal,1860,Low
India,Gujarat,"Calendar Year (Jan - Dec), 2025","Vijalpor, Municipality",116.08,30.53,30.45,1413.0,1413.0,1408.0,-8.612786602163794,Normal,1861,Low
India,Chhattisgarh,"Calendar Year (Jan - Dec), 2025","Lormi, Municipality",63.75,29.81,25.67,1983.0,1779.0,1459.0,-8.617373127715439,Normal,1862,Low
India,Tamil Nadu,"Calendar Year (Jan - Dec), 2025","Nallampatti, Town Panchayat",2.71,1.26,1.22,82.0,82.0,74.0,-8.618217240723709,Normal,1863,Low
India,Uttar Pradesh,"Calendar Year (Jan - Dec), 2025","Barkhera, Town Panchayat",54.03,22.97,22.59,1531.0,1490.0,1489.0,-8.621155181696395,Normal,1864,Low
India,Nagaland,"Calendar Year (Jan - Dec), 2025","Tseminyu, Town Panchayat",31.91,19.0,18.97,698.0,698.0,698.0,-8.630234947235863,Normal,1865,Low
India,Assam,"Calendar Year (Jan - Dec), 2025","Kharupatia, Town Panchayat",41.46,20.46,18.85,1363.0,1357.0,1136.0,-8.635231941129916,Normal,1866,Low
India,Tamil Nadu,"Calendar Year (Jan - Dec), 2025","Ambasamudram, Municipality",122.09,35.88,35.09,2364.0,2364.0,2269.0,-8.638924693284878,Normal,1867,Low
India,Uttar Pradesh,"Calendar Year (Jan - Dec), 2025","Chakia, Town Panchayat",57.44,24.51,23.53,1633.0,1552.0,1550.0,-8.642382593658567,Normal,1868,Low
India,Assam,"Calendar Year (Jan - Dec), 2025","Golokganj, Town Panchayat",32.8,16.62,16.74,1108.0,1108.0,1025.0,-8.644732511179086,Normal,1869,Low
India,Gujarat,"Calendar Year (Jan - Dec), 2025","Thangadh, Municipality",100.62,39.59,33.68,1978.0,1948.0,1856.0,-8.645784364056112,Normal,1870,Low
India,Uttar Pradesh,"Calendar Year (Jan - Dec), 2025","Cantonment Board, Ayodhya",5.16,1.04,1.04,51.0,51.0,51.0,-8.651675982776794,Normal,1871,Low
India,Tamil Nadu,"Calendar Year (Jan - Dec), 2025","Panruti, Municipality",133.49,29.81,35.19,1936.0,1936.0,1880.0,-8.652971835805488,Normal,1872,Low
India,Madhya Pradesh,"Calendar Year (Jan - Dec), 2025","Barela, Town Panchayat",78.81,29.01,28.6,1905.0,1905.0,1824.0,-8.658759814685936,Normal,1873,Low
India,Madhya Pradesh,"Calendar Year (Jan - Dec), 2025","Satwas, Town Panchayat",81.85,31.54,28.97,2077.0,2077.0,1815.0,-8.661462533935662,Normal,1874,Low
India,Haryana,"Calendar Year (Jan - Dec), 2025","Dharuhera, Municipality",125.63,17.86,16.83,1010.0,922.0,909.0,-8.664251725182112,Normal,1875,Low
India,Andhra Pradesh,"Calendar Year (Jan - Dec), 2025","Palakonda, Town Panchayat",91.47,38.32,22.44,2534.0,2428.0,1516.0,-8.665906432434781,Normal,1876,Low
India,Uttar Pradesh,"Calendar Year (Jan - Dec), 2025",Phulpur (Prayagraj),53.56,22.6,22.23,1487.0,1487.0,1457.0,-8.666835427628087,Normal,1877,Low
India,Uttar Pradesh,"Calendar Year (Jan - Dec), 2025","Bilaspur, Municipality",119.05,41.97,37.12,2786.0,2327.0,2272.0,-8.674190630430871,Normal,1878,Low
India,Maharashtra,"Calendar Year (Jan - Dec), 2025","Jintur, Municipality",165.95,41.4,27.05,2704.0,2387.0,1412.0,-8.680721197224045,Normal,1879,Low
India,Bihar,"Calendar Year (Jan - Dec), 2025","Sonepur, Town Panchayat",135.87,41.08,36.76,2726.0,2656.0,1843.0,-8.681925908948983,Normal,1880,Low
India,Uttar Pradesh,"Calendar Year (Jan - Dec), 2025","Anandnagar, Town Panchayat",111.8,40.98,35.11,2729.0,2337.0,2235.0,-8.683015010202553,Normal,1881,Low
India,Uttar Pradesh,"Calendar Year (Jan - Dec), 2025",Rasulabaad (Kanpur Dehat),87.67,34.27,32.35,2285.0,1962.0,1935.0,-8.685114904224804,Normal,1882,Low
India,Maharashtra,"Calendar Year (Jan - Dec), 2025","Vaijapur, Municipality",154.56,40.8,32.4,1989.0,1756.0,1469.0,-8.686740645047678,Normal,1883,Low
India,Uttar Pradesh,"Calendar Year (Jan - Dec), 2025","Biswan, Municipality",121.99,44.65,38.0,2976.0,2243.0,2231.0,-8.688998129826416,Normal,1884,Low
India,Maharashtra,"Calendar Year (Jan - Dec), 2025","Manjlegaon, Municipality",98.29,20.08,21.45,1298.0,1009.0,639.0,-8.693276084879301,Normal,1885,Low
India,Uttar Pradesh,"Calendar Year (Jan - Dec), 2025","Mataundh, Town Panchayat",60.61,23.99,23.87,1599.0,1598.0,1575.0,-8.695208141438172,Normal,1886,Low
India,Madhya Pradesh,"Calendar Year (Jan - Dec), 2025","Khacharod, Municipality",101.18,35.97,33.95,2342.0,2163.0,2083.0,-8.696967384050424,Normal,1887,Low
India,Uttar Pradesh,"Calendar Year (Jan - Dec), 2025","Harduaganj, Town Panchayat",37.28,19.74,18.15,1311.0,1155.0,1132.0,-8.706388197336082,Normal,1888,Low
India,West Bengal,"Calendar Year (Jan - Dec), 2025","Naihati, Municipality",118.32,38.51,36.11,2470.0,2469.0,1861.0,-8.707217143233038,Normal,1889,Low
India,West Bengal,"Calendar Year (Jan - Dec), 2025","Baruipur, Municipality",147.98,41.14,34.54,2474.0,2343.0,1513.0,-8.707549526225193,Normal,1890,Low
India,Uttar Pradesh,"Calendar Year (Jan - Dec), 2025","Karari, Town Panchayat",41.29,18.85,18.74,1256.0,1256.0,1231.0,-8.710222151403059,Normal,1891,Low
India,Assam,"Calendar Year (Jan - Dec), 2025","Lakhipur, Municipality",36.52,18.54,16.88,1235.0,1235.0,1087.0,-8.712688884839395,Normal,1892,Low
India,Bihar,"Calendar Year (Jan - Dec), 2025","Bairgania, Municipality",173.08,45.6,34.01,3037.0,2448.0,1666.0,-8.718450884854235,Normal,1893,Low
India,West Bengal,"Calendar Year (Jan - Dec), 2025","Buniadpur, Municipality",100.3,36.59,29.28,2424.0,2424.0,1484.0,-8.72647350103557,Normal,1894,Low
India,Maharashtra,"Calendar Year (Jan - Dec), 2025","Nagbhid, Municipality",76.58,17.35,5.74,1154.0,539.0,391.0,-8.727484270457921,Normal,1895,Low
India,Maharashtra,"Calendar Year (Jan - Dec), 2025","Loha, Municipality",91.02,21.42,16.48,1404.0,1393.0,610.0,-8.728885217092284,Normal,1896,Low
India,Haryana,"Calendar Year (Jan - Dec), 2025","Kaithal, Municipality",173.72,46.88,35.2,2650.0,1848.0,1701.0,-8.728928663522936,Normal,1897,Low
India,Gujarat,"Calendar Year (Jan - Dec), 2025","Jasdan, Municipality",132.35,36.5,31.71,1721.0,1426.0,1418.0,-8.732969516499452,Normal,1898,Low
India,Uttar Pradesh,"Calendar Year (Jan - Dec), 2025","Powayan, Municipality",82.46,31.3,29.43,2084.0,1974.0,1870.0,-8.736583709177182,Normal,1899,Low
India,Uttar Pradesh,"Calendar Year (Jan - Dec), 2025","Churk Ghurma, Town Panchayat",86.16,32.7,30.71,2180.0,1974.0,1941.0,-8.737201942536615,Normal,1900,Low
India,Uttar Pradesh,"Calendar Year (Jan - Dec), 2025","Hathras, Municipality",138.2,44.42,39.48,2771.0,2341.0,2241.0,-8.738730980931052,Normal,1901,Low
India,Madhya Pradesh,"Calendar Year (Jan - Dec), 2025","Rampur Baghelan, Town Panchayat",90.83,32.63,29.52,2173.0,2173.0,1975.0,-8.740063031533055,Normal,1902,Low
India,Maharashtra,"Calendar Year (Jan - Dec), 2025","Washim, Municipality",122.19,25.16,24.75,1343.0,1064.0,960.0,-8.743833695365026,Normal,1903,Low
India,Uttar Pradesh,"Calendar Year (Jan - Dec), 2025","Unn, Town Panchayat",53.06,22.13,21.85,1475.0,1472.0,1434.0,-8.743996124246223,Normal,1904,Low
India,Assam,"Calendar Year (Jan - Dec), 2025","Dhakuakhana, Town Panchayat",35.46,18.06,17.75,1205.0,1205.0,879.0,-8.745884498432986,Normal,1905,Low
India,Odisha,"Calendar Year (Jan - Dec), 2025","Rairangpur, Municipality",61.93,28.83,24.16,1922.0,1692.0,1549.0,-8.74678539790915,Normal,1906,Low
India,Arunachal Pradesh,"Calendar Year (Jan - Dec), 2025","Naharlagun, Town Panchayat",172.26,51.42,29.06,3082.0,2712.0,2393.0,-8.747936843283298,Normal,1907,Low
India,Chhattisgarh,"Calendar Year (Jan - Dec), 2025","Kota, Town Panchayat",148.67,43.5,38.41,2590.0,2490.0,2081.0,-8.74798992784497,Normal,1908,Low
India,Karnataka,"Calendar Year (Jan - Dec), 2025","Yellapur, Town Panchayat",84.49,24.75,8.99,1639.0,1557.0,943.0,-8.747992457192652,Normal,1909,Low
India,Andhra Pradesh,"Calendar Year (Jan - Dec), 2025","Yelamanchili, Municipality",136.22,45.1,38.02,2966.0,2557.0,2012.0,-8.748874856969621,Normal,1910,Low
India,Arunachal Pradesh,"Calendar Year (Jan - Dec), 2025","Miao, Town Panchayat",4.34,1.21,0.72,70.0,55.0,48.0,-8.74901616474989,Normal,1911,Low
India,Haryana,"Calendar Year (Jan - Dec), 2025","Sohna, Municipality",137.13,30.73,27.03,1599.0,1193.0,1143.0,-8.750853014192955,Normal,1912,Low
India,Tamil Nadu,"Calendar Year (Jan - Dec), 2025",Chennai Metropolitan Development Authority,158.44,47.33,35.61,3129.0,2804.0,2293.0,-8.752925916427046,Normal,1913,Low
India,Madhya Pradesh,"Calendar Year (Jan - Dec), 2025","Talen, Town Panchayat",67.21,25.79,25.24,1717.0,1717.0,1657.0,-8.754478206270676,Normal,1914,Low
India,Telangana,"Calendar Year (Jan - Dec), 2025","Sircilla, Municipality",190.78,47.57,22.58,3045.0,2087.0,2087.0,-8.756159007823214,Normal,1915,Low
India,West Bengal,"Calendar Year (Jan - Dec), 2025","Mathabhanga, Municipality",101.09,37.31,23.61,2474.0,2423.0,1349.0,-8.757041727655178,Normal,1916,Low
India,Uttar Pradesh,"Calendar Year (Jan - Dec), 2025",Sikanderpur (Ballia),64.2,26.5,25.33,1766.0,1647.0,1619.0,-8.757054608099509,Normal,1917,Low
India,West Bengal,"Calendar Year (Jan - Dec), 2025","Taherpur, Town Panchayat",105.68,39.15,28.64,2604.0,2604.0,1931.0,-8.76249798565965,Normal,1918,Low
India,Jharkhand,"Calendar Year (Jan - Dec), 2025","Mihijam, Municipality",151.53,50.03,36.27,3329.0,2479.0,1933.0,-8.764734527527764,Normal,1919,Low
India,Tamil Nadu,"Calendar Year (Jan - Dec), 2025","Vedaranyam, Municipality",142.84,20.63,20.32,1370.0,1370.0,1309.0,-8.770607929142045,Normal,1920,Low
India,Uttar Pradesh,"Calendar Year (Jan - Dec), 2025","Aghwanpur, Town Panchayat",95.6,35.01,32.28,2329.0,2089.0,2051.0,-8.771543006652848,Normal,1921,Low
India,Uttar Pradesh,"Calendar Year (Jan - Dec), 2025","Banda, Town Panchayat",96.41,35.63,32.54,2375.0,2141.0,2022.0,-8.7718291437792,Normal,1922,Low
India,Bihar,"Calendar Year (Jan - Dec), 2025","Areraj, Town Panchayat",149.54,41.65,28.63,2773.0,2490.0,1456.0,-8.772767766965103,Normal,1923,Low
India,Uttar Pradesh,"Calendar Year (Jan - Dec), 2025","Rudhauli Bazar, Town Panchayat",100.99,37.44,33.81,2496.0,2124.0,2096.0,-8.774638736355314,Normal,1924,Low
India,Uttar Pradesh,"Calendar Year (Jan - Dec), 2025","Barhalganj, Town Panchayat",130.79,44.85,37.89,2986.0,2324.0,2281.0,-8.782015064380857,Normal,1925,Low
India,Mizoram,"Calendar Year (Jan - Dec), 2025","Tlabung, Town Panchayat",14.78,11.09,9.54,739.0,739.0,462.0,-8.783405439827675,Normal,1926,Low
India,Madhya Pradesh,"Calendar Year (Jan - Dec), 2025","Mauganj, Town Panchayat",83.7,31.73,30.07,2110.0,2071.0,1623.0,-8.787299374233669,Normal,1927,Low
India,Uttar Pradesh,"Calendar Year (Jan - Dec), 2025","Mahmoodpur Mafi, Town Panchayat",64.79,25.58,24.25,1705.0,1688.0,1637.0,-8.78856988908774,Normal,1928,Low
India,Uttar Pradesh,"Calendar Year (Jan - Dec), 2025","Soron, Municipality",68.05,28.52,26.53,1901.0,1694.0,1671.0,-8.790055494571448,Normal,1929,Low
India,Uttar Pradesh,"Calendar Year (Jan - Dec), 2025","Jahanabad, Town Panchayat",47.59,20.23,20.22,1348.0,1348.0,1346.0,-8.795795330982685,Normal,1930,Low
India,Odisha,"Calendar Year (Jan - Dec), 2025","Jagatsinghapur, Municipality",65.07,28.66,24.28,1900.0,1724.0,1659.0,-8.795797069896992,Normal,1931,Low
India,Punjab,"Calendar Year (Jan - Dec), 2025","Sangat, Municipality",3.56,1.32,0.82,92.0,66.0,47.0,-8.803589010027451,Normal,1932,Low
India,West Bengal,"Calendar Year (Jan - Dec), 2025","Mekliganj, Municipality",66.34,24.57,17.34,1637.0,1600.0,711.0,-8.810473702882064,Normal,1933,Low
India,Meghalaya,"Calendar Year (Jan - Dec), 2025","Williamnagar, Municipality",3.29,1.27,0.9,85.0,85.0,57.0,-8.818712876954976,Normal,1934,Low
India,Arunachal Pradesh,"Calendar Year (Jan - Dec), 2025","Kanubari, Town Panchayat",16.77,5.8,,258.0,174.0,,-8.819431809356274,Normal,1935,Low
India,Karnataka,"Calendar Year (Jan - Dec), 2025","Channapatna, Municipality",167.44,42.72,30.06,2811.0,2386.0,1524.0,-8.820873887634662,Normal,1936,Low
India,Uttar Pradesh,"Calendar Year (Jan - Dec), 2025","Barua Sagar, Municipality",64.72,25.27,24.91,1683.0,1641.0,1600.0,-8.827394890870096,Normal,1937,Low
India,Uttar Pradesh,"Calendar Year (Jan - Dec), 2025","Siddhaur, Town Panchayat",42.84,19.08,18.94,1272.0,1262.0,1254.0,-8.828340198046703,Normal,1938,Low
India,Karnataka,"Calendar Year (Jan - Dec), 2025","Talikota, Municipality",134.97,29.7,19.55,1958.0,1643.0,918.0,-8.830169841973941,Normal,1939,Low
India,Maharashtra,"Calendar Year (Jan - Dec), 2025","Sailu, Municipality",164.23,39.13,25.65,2443.0,2170.0,1336.0,-8.835234219058009,Normal,1940,Low
India,Uttar Pradesh,"Calendar Year (Jan - Dec), 2025","Tikait Nagar, Town Panchayat",47.65,21.02,20.43,1401.0,1377.0,1305.0,-8.835551087384147,Normal,1941,Low
India,Chhattisgarh,"Calendar Year (Jan - Dec), 2025","Bodla, Town Panchayat",38.51,18.55,18.17,1240.0,1239.0,1059.0,-8.837030528773369,Normal,1942,Low
India,Tamil Nadu,"Calendar Year (Jan - Dec), 2025","Periyakulam, Municipality",47.47,19.11,22.51,1213.0,1213.0,1177.0,-8.839256313876092,Normal,1943,Low
India,Uttar Pradesh,"Calendar Year (Jan - Dec), 2025","Jiyanpur, Town Panchayat",41.24,18.62,18.51,1239.0,1236.0,1215.0,-8.840619841357409,Normal,1944,Low
India,Uttar Pradesh,"Calendar Year (Jan - Dec), 2025","Gohand, Town Panchayat",58.45,23.04,22.9,1536.0,1536.0,1508.0,-8.845008276951319,Normal,1945,Low
India,Odisha,"Calendar Year (Jan - Dec), 2025","Kendujhar, Municipality",95.46,41.87,31.0,2752.0,2082.0,1755.0,-8.850196721942154,Normal,1946,Low
India,Odisha,"Calendar Year (Jan - Dec), 2025","Dharamgarh, Town Panchayat",48.85,23.93,19.65,1594.0,1532.0,1133.0,-8.857721894033432,Normal,1947,Low
India,Karnataka,"Calendar Year (Jan - Dec), 2025","Mundgod, Town Panchayat",105.34,26.33,10.48,1745.0,1688.0,1215.0,-8.861002937238823,Normal,1948,Low
India,Assam,"Calendar Year (Jan - Dec), 2025","Dhekiajuli, Municipality",41.07,21.13,16.88,1403.0,1403.0,972.0,-8.868145841228625,Normal,1949,Low
India,Odisha,"Calendar Year (Jan - Dec), 2025","Nuapara, Town Panchayat",65.32,27.91,24.22,1860.0,1722.0,1630.0,-8.869530794650018,Normal,1950,Low
India,Chhattisgarh,"Calendar Year (Jan - Dec), 2025","Sitapur, Town Panchayat",50.23,23.53,20.6,1561.0,1541.0,1106.0,-8.869712255797253,Normal,1951,Low
India,Haryana,"Calendar Year (Jan - Dec), 2025","Ambala Sadar, Town Panchayat",6.19,1.1,1.1,49.0,49.0,49.0,-8.870968357936192,Normal,1952,Low
India,Bihar,"Calendar Year (Jan - Dec), 2025","Lakhisarai, Municipality",154.51,40.38,28.59,2591.0,1750.0,1269.0,-8.873535321429756,Normal,1953,Low
India,Uttar Pradesh,"Calendar Year (Jan - Dec), 2025","Tikri, Town Panchayat",61.44,24.23,23.68,1615.0,1588.0,1548.0,-8.878376884764009,Normal,1954,Low
India,Assam,"Calendar Year (Jan - Dec), 2025","Lanka, Municipality",58.8,28.28,22.93,1809.0,1658.0,1320.0,-8.880571801171016,Normal,1955,Low
India,Odisha,"Calendar Year (Jan - Dec), 2025","Anandapur, Municipality",90.37,42.94,26.28,2856.0,1926.0,1613.0,-8.88070967898841,Normal,1956,Low
India,Madhya Pradesh,"Calendar Year (Jan - Dec), 2025","Pawai, Town Panchayat",74.24,28.23,27.34,1877.0,1877.0,1572.0,-8.881023558192567,Normal,1957,Low
India,Chhattisgarh,"Calendar Year (Jan - Dec), 2025","Surajpur, Municipality",50.9,23.41,20.51,1540.0,1540.0,1255.0,-8.88127954343338,Normal,1958,Low
India,Uttar Pradesh,"Calendar Year (Jan - Dec), 2025","Mohammadabad, Municipality",135.64,47.9,36.6,3193.0,2271.0,2161.0,-8.88374007449147,Normal,1959,Low
India,Kerala,"Calendar Year (Jan - Dec), 2025","Neyyattinkara, Municipality",125.27,43.75,37.09,2793.0,2324.0,2038.0,-8.88409816113517,Normal,1960,Low
India,Rajasthan,"Calendar Year (Jan - Dec), 2025","Nimbahera, Town Panchayat",93.39,28.51,31.48,1594.0,1569.0,1229.0,-8.885130772902698,Normal,1961,Low
India,Karnataka,"Calendar Year (Jan - Dec), 2025","Ramanagara, Municipality",176.05,50.81,34.34,3345.0,2345.0,2018.0,-8.887561494121599,Normal,1962,Low
India,Madhya Pradesh,"Calendar Year (Jan - Dec), 2025","Birsinghpur, Town Panchayat",64.01,24.83,24.13,1653.0,1651.0,1567.0,-8.889927415999068,Normal,1963,Low
India,Uttar Pradesh,"Calendar Year (Jan - Dec), 2025","Shahpur, Town Panchayat",81.45,30.15,28.61,1994.0,1874.0,1835.0,-8.894423819178428,Normal,1964,Low
India,Punjab,"Calendar Year (Jan - Dec), 2025","Batala, Municipal Corporation",71.47,26.82,19.42,1839.0,1517.0,747.0,-8.896627607425387,Normal,1965,Low
India,Uttar Pradesh,"Calendar Year (Jan - Dec), 2025","Fatehpur, Town Panchayat",87.23,34.19,30.48,2274.0,1952.0,1904.0,-8.89691078047673,Normal,1966,Low
India,Bihar,"Calendar Year (Jan - Dec), 2025","Suryagadha, Municipality",36.72,8.48,3.39,565.0,111.0,,-8.897205407929164,Normal,1967,Low
India,Chhattisgarh,"Calendar Year (Jan - Dec), 2025","Balod, Municipality",78.91,29.4,28.42,1836.0,1784.0,1749.0,-8.901685945204065,Normal,1968,Low
India,Madhya Pradesh,"Calendar Year (Jan - Dec), 2025","Kumbhraj, Town Panchayat",76.68,29.14,27.36,1936.0,1906.0,1678.0,-8.90197810034266,Normal,1969,Low
India,Madhya Pradesh,"Calendar Year (Jan - Dec), 2025","Gunaur, Town Panchayat",83.58,32.56,27.22,2171.0,2171.0,1568.0,-8.903122887246525,Normal,1970,Low
India,Uttar Pradesh,"Calendar Year (Jan - Dec), 2025","Gangoh, Municipality",70.71,27.71,26.41,1836.0,1714.0,1682.0,-8.90624838986804,Normal,1971,Low
India,West Bengal,"Calendar Year (Jan - Dec), 2025","Jaynagar Mazilpur, Municipality",89.4,32.7,29.52,2166.0,2166.0,1524.0,-8.909504090221958,Normal,1972,Low
India,Uttar Pradesh,"Calendar Year (Jan - Dec), 2025","Auraiya, Municipality",88.18,33.16,31.17,2163.0,1916.0,1870.0,-8.910154899208976,Normal,1973,Low
India,Andhra Pradesh,"Calendar Year (Jan - Dec), 2025","Nandikotkuru, Municipality",116.47,45.25,30.2,2998.0,2245.0,1592.0,-8.911527833504806,Normal,1974,Low
India,Tamil Nadu,"Calendar Year (Jan - Dec), 2025","Dhali, Town Panchayat",2.66,1.43,1.32,93.0,71.0,61.0,-8.912348376284626,Normal,1975,Low
India,Bihar,"Calendar Year (Jan - Dec), 2025","Jandaha, Town Panchayat",49.53,11.43,4.57,762.0,156.0,,-8.919475380149208,Normal,1976,Low
India,Jharkhand,"Calendar Year (Jan - Dec), 2025","Rajmahal, Town Panchayat",84.49,33.33,28.91,2223.0,2082.0,1691.0,-8.923269122545435,Normal,1977,Low
India,Uttar Pradesh,"Calendar Year (Jan - Dec), 2025","Gonda, Municipality",113.89,34.59,31.6,2195.0,2186.0,2171.0,-8.923295973629024,Normal,1978,Low
India,Uttar Pradesh,"Calendar Year (Jan - Dec), 2025","Aonla, Municipality",92.79,34.19,31.28,2279.0,1997.0,1971.0,-8.92838598667987,Normal,1979,Low
India,Madhya Pradesh,"Calendar Year (Jan - Dec), 2025","Unchahara, Town Panchayat",59.83,23.18,23.02,1544.0,1534.0,1519.0,-8.929105011537956,Normal,1980,Low
India,Maharashtra,"Calendar Year (Jan - Dec), 2025","Shrirampur, Municipality",145.05,29.19,28.07,1610.0,1502.0,1451.0,-8.934723299160794,Normal,1981,Low
India,Karnataka,"Calendar Year (Jan - Dec), 2025","Ranibennur, Municipality",171.58,39.81,26.34,2446.0,2371.0,2337.0,-8.935715538518593,Normal,1982,Low
India,Madhya Pradesh,"Calendar Year (Jan - Dec), 2025","Umaria, Municipality",69.85,26.1,26.93,1711.0,1653.0,1565.0,-8.937258277619947,Normal,1983,Low
India,Odisha,"Calendar Year (Jan - Dec), 2025","Sonapur, Municipality",57.97,26.6,21.57,1760.0,1636.0,1466.0,-8.938678611674561,Normal,1984,Low
India,Uttar Pradesh,"Calendar Year (Jan - Dec), 2025","Gauri Bazar, Town Panchayat",63.4,25.17,24.16,1676.0,1622.0,1556.0,-8.939341945466936,Normal,1985,Low
India,Bihar,"Calendar Year (Jan - Dec), 2025","Kesaria, Town Panchayat",152.92,42.4,30.98,2826.0,2632.0,1711.0,-8.94438808703842,Normal,1986,Low
India,Uttar Pradesh,"Calendar Year (Jan - Dec), 2025","Ramkola, Town Panchayat",159.89,50.07,33.29,3338.0,1976.0,1964.0,-8.94539963630973,Normal,1987,Low
India,West Bengal,"Calendar Year (Jan - Dec), 2025","Kalimpong, Municipality",125.95,41.56,36.49,2766.0,2376.0,1928.0,-8.947534956174934,Normal,1988,Low
India,Uttar Pradesh,"Calendar Year (Jan - Dec), 2025","Pahasu, Town Panchayat",89.37,33.51,30.65,2234.0,1979.0,1891.0,-8.952173503219115,Normal,1989,Low
India,Nagaland,"Calendar Year (Jan - Dec), 2025","Kiphire, Town Panchayat",34.64,17.43,13.8,1162.0,1162.0,1161.0,-8.95479997582811,Normal,1990,Low
India,Gujarat,"Calendar Year (Jan - Dec), 2025","Pardi, Municipality",134.94,36.48,34.26,1945.0,1824.0,1791.0,-8.957257142066624,Normal,1991,Low
India,Uttar Pradesh,"Calendar Year (Jan - Dec), 2025","Azmatgarh, Town Panchayat",55.15,23.32,22.34,1548.0,1457.0,1435.0,-8.963709429216635,Normal,1992,Low
India,Uttar Pradesh,"Calendar Year (Jan - Dec), 2025","Ganj Muradabad, Town Panchayat",44.3,19.39,19.16,1289.0,1264.0,1264.0,-8.965547093612827,Normal,1993,Low
India,Karnataka,"Calendar Year (Jan - Dec), 2025","Bhalki, Municipality",120.35,44.01,17.66,2892.0,1965.0,1608.0,-8.968836261471836,Normal,1994,Low
India,Uttar Pradesh,"Calendar Year (Jan - Dec), 2025","Kapilavastu, Town Panchayat",102.31,36.82,32.96,2455.0,2102.0,2029.0,-8.969482216084941,Normal,1995,Low
India,Assam,"Calendar Year (Jan - Dec), 2025","North Lakhimpur, Municipality",89.15,37.95,26.31,2305.0,1824.0,1178.0,-8.971635712679586,Normal,1996,Low
India,Uttar Pradesh,"Calendar Year (Jan - Dec), 2025","Balrampur, Municipality",96.82,35.83,32.36,2378.0,2122.0,1816.0,-8.97180725917866,Normal,1997,Low
India,Uttar Pradesh,"Calendar Year (Jan - Dec), 2025","Aliganj, Municipality",57.24,22.85,22.39,1523.0,1494.0,1468.0,-8.97651155369897,Normal,1998,Low
India,Bihar,"Calendar Year (Jan - Dec), 2025","Dhamdaha, Town Panchayat",43.81,10.11,4.04,674.0,135.0,,-8.978523073799181,Normal,1999,Low
India,Uttar Pradesh,"Calendar Year (Jan - Dec), 2025","Nadigaon, Town Panchayat",48.53,20.82,19.87,1388.0,1387.0,1314.0,-8.978797183842687,Normal,2000,Low
India,Uttar Pradesh,"Calendar Year (Jan - Dec), 2025",Tanda (Rampur),105.78,37.92,32.54,2527.0,2157.0,2108.0,-8.98527459337555,Normal,2001,Low
India,Nagaland,"Calendar Year (Jan - Dec), 2025","Zunheboto, Town Panchayat",50.86,22.81,18.35,1520.0,1520.0,1388.0,-8.990743597537517,Normal,2002,Low
India,Telangana,"Calendar Year (Jan - Dec), 2025","Shadnagar, Municipality",187.09,44.13,22.24,2771.0,1989.0,1965.0,-8.992998246468858,Normal,2003,Low
India,Bihar,"Calendar Year (Jan - Dec), 2025","Gopalpur, Town Panchayat",17.03,3.93,1.58,262.0,103.0,,-8.994156209936875,Normal,2004,Low
India,Madhya Pradesh,"Calendar Year (Jan - Dec), 2025","Rajpur, Town Panchayat",84.27,31.43,28.77,2054.0,1956.0,1780.0,-9.000090680109736,Normal,2005,Low
India,Uttar Pradesh,"Calendar Year (Jan - Dec), 2025","Doghat, Town Panchayat",63.5,25.06,24.0,1670.0,1618.0,1538.0,-9.000409982916267,Normal,2006,Low
India,Uttar Pradesh,"Calendar Year (Jan - Dec), 2025","Bhabnan Bazar, Town Panchayat",61.73,23.84,25.4,1589.0,1498.0,1405.0,-9.000474376550926,Normal,2007,Low
India,West Bengal,"Calendar Year (Jan - Dec), 2025","Taki, Municipality",80.52,29.37,27.5,1949.0,1937.0,1273.0,-9.003145309001866,Normal,2008,Low
India,Assam,"Calendar Year (Jan - Dec), 2025","Raha, Town Panchayat",39.71,19.85,17.47,1320.0,1310.0,938.0,-9.004708841078696,Normal,2009,Low
India,Kerala,"Calendar Year (Jan - Dec), 2025","Ottappalam, Municipality",110.37,37.42,33.42,2224.0,2169.0,1901.0,-9.006318362254547,Normal,2010,Low
India,Telangana,"Calendar Year (Jan - Dec), 2025","Jangaon, Municipality",107.45,25.81,10.87,1593.0,975.0,675.0,-9.006522686605138,Normal,2011,Low
India,Rajasthan,"Calendar Year (Jan - Dec), 2025","Bari, Town Panchayat",44.74,18.09,8.56,1205.0,1205.0,455.0,-9.011104658748309,Normal,2012,Low
India,Chhattisgarh,"Calendar Year (Jan - Dec), 2025","Lakhanpur, Town Panchayat",44.03,20.95,18.53,1395.0,1365.0,1151.0,-9.017559004885925,Normal,2013,Low
India,Uttar Pradesh,"Calendar Year (Jan - Dec), 2025","Banki, Town Panchayat",108.82,36.29,32.02,2298.0,2160.0,2094.0,-9.01909562294884,Normal,2014,Low
India,Tamil Nadu,"Calendar Year (Jan - Dec), 2025","Uthukkottai, Town Panchayat",46.21,21.9,18.42,1446.0,1445.0,1177.0,-9.019626501143591,Normal,2015,Low
India,Rajasthan,"Calendar Year (Jan - Dec), 2025","Deshnoke, Town Panchayat",77.42,31.49,16.1,2098.0,2065.0,1348.0,-9.022971384404286,Normal,2016,Low
India,Madhya Pradesh,"Calendar Year (Jan - Dec), 2025","Piprai, Town Panchayat",73.65,28.17,26.7,1878.0,1789.0,1625.0,-9.028966388782692,Normal,2017,Low
India,Uttar Pradesh,"Calendar Year (Jan - Dec), 2025","Bilari, Municipality",120.06,41.54,35.65,2762.0,2136.0,2107.0,-9.033031578711132,Normal,2018,Low
India,West Bengal,"Calendar Year (Jan - Dec), 2025","Konnagar, Municipality",127.8,33.93,32.59,1986.0,1986.0,1981.0,-9.034589589640916,Normal,2019,Low
India,Madhya Pradesh,"Calendar Year (Jan - Dec), 2025",Dhamnod (Dhar),125.89,35.76,34.41,2096.0,2022.0,1938.0,-9.037368968889893,Normal,2020,Low
India,Madhya Pradesh,"Calendar Year (Jan - Dec), 2025","Sausar, Municipality",74.98,27.95,26.58,1824.0,1751.0,1697.0,-9.04034919432587,Normal,2021,Low
India,Uttar Pradesh,"Calendar Year (Jan - Dec), 2025","Nanpara, Municipality",134.79,45.82,34.73,3054.0,2319.0,2214.0,-9.042280118902113,Normal,2022,Low
India,Odisha,"Calendar Year (Jan - Dec), 2025","Polasara, Town Panchayat",49.14,22.68,19.98,1510.0,1395.0,1318.0,-9.04729044161013,Normal,2023,Low
India,Jharkhand,"Calendar Year (Jan - Dec), 2025","Mahagama, Town Panchayat",114.43,37.73,21.47,2515.0,1694.0,1053.0,-9.05161153526808,Normal,2024,Low
India,Madhya Pradesh,"Calendar Year (Jan - Dec), 2025","Soyatkalan, Town Panchayat",67.0,25.0,24.24,1660.0,1641.0,1594.0,-9.052996433011401,Normal,2025,Low
India,Maharashtra,"Calendar Year (Jan - Dec), 2025","Bhor, Municipality",95.44,25.14,28.36,1406.0,1399.0,1076.0,-9.05367026136048,Normal,2026,Low
India,Madhya Pradesh,"Calendar Year (Jan - Dec), 2025","Majhauli, Town Panchayat",73.14,28.47,25.2,1898.0,1898.0,1552.0,-9.054436671805377,Normal,2027,Low
India,Bihar,"Calendar Year (Jan - Dec), 2025","Pauakhali, Town Panchayat",87.56,20.2,8.08,1347.0,440.0,,-9.056274906622775,Normal,2028,Low
India,Punjab,"Calendar Year (Jan - Dec), 2025","Abohar, Municipal Corporation",83.88,22.04,13.1,1324.0,744.0,463.0,-9.057502435811386,Normal,2029,Low
India,Tamil Nadu,"Calendar Year (Jan - Dec), 2025","Thiruvannamalai, Municipality",100.54,31.75,30.51,1992.0,1992.0,1921.0,-9.06137680926713,Normal,2030,Low
India,Uttar Pradesh,"Calendar Year (Jan - Dec), 2025","Shohratgarh, Town Panchayat",85.6,31.66,29.13,2110.0,1881.0,1848.0,-9.06361895365751,Normal,2031,Low
India,Tripura,"Calendar Year (Jan - Dec), 2025","Jirania, Town Panchayat",76.42,33.49,26.11,2091.0,1857.0,1686.0,-9.065857231415464,Normal,2032,Low
India,Madhya Pradesh,"Calendar Year (Jan - Dec), 2025","Nasrullaganj, Town Panchayat",90.09,31.03,29.3,2006.0,1944.0,1848.0,-9.067160853048733,Normal,2033,Low
India,Madhya Pradesh,"Calendar Year (Jan - Dec), 2025","Ghuwara, Town Panchayat",64.73,24.63,23.85,1641.0,1628.0,1532.0,-9.067168891512893,Normal,2034,Low
India,Gujarat,"Calendar Year (Jan - Dec), 2025","Chhatral, Municipality",72.43,25.12,25.12,1077.0,1077.0,1077.0,-9.070739451921156,Normal,2035,Low
India,Uttar Pradesh,"Calendar Year (Jan - Dec), 2025","Belhar Kala, Town Panchayat",84.12,32.49,29.13,2166.0,1901.0,1776.0,-9.070815204528174,Normal,2036,Low
India,Odisha,"Calendar Year (Jan - Dec), 2025","Nabarangapur, Municipality",74.36,35.08,21.72,2319.0,1871.0,1681.0,-9.073937227380213,Normal,2037,Low
India,Chhattisgarh,"Calendar Year (Jan - Dec), 2025","Kawardha, Municipality",79.57,30.17,29.57,1871.0,1695.0,1603.0,-9.080058928542769,Normal,2038,Low
India,Chhattisgarh,"Calendar Year (Jan - Dec), 2025","Mungeli, Municipality",73.77,29.01,29.32,1842.0,1578.0,1355.0,-9.083862252272297,Normal,2039,Low
India,Uttar Pradesh,"Calendar Year (Jan - Dec), 2025","Mohan, Town Panchayat",88.1,33.98,29.92,2265.0,1875.0,1875.0,-9.090343584221216,Normal,2040,Low
India,Maharashtra,"Calendar Year (Jan - Dec), 2025","Anjangaon, Municipality",141.71,32.1,22.06,2072.0,1553.0,1021.0,-9.09822494227302,Normal,2041,Low
India,Jharkhand,"Calendar Year (Jan - Dec), 2025","Barharwa, Town Panchayat",79.18,31.54,25.56,2101.0,1991.0,1329.0,-9.099440146118809,Normal,2042,Low
India,Madhya Pradesh,"Calendar Year (Jan - Dec), 2025","Maheshwar, Town Panchayat",86.45,31.54,28.51,2046.0,2004.0,1704.0,-9.104893446110282,Normal,2043,Low
India,Maharashtra,"Calendar Year (Jan - Dec), 2025","Morshi, Municipality",96.05,30.88,14.13,2006.0,1271.0,766.0,-9.104985545718307,Normal,2044,Low
India,Uttar Pradesh,"Calendar Year (Jan - Dec), 2025","Sikandrabad, Municipality",114.86,39.57,34.64,2607.0,2142.0,2000.0,-9.105207628442543,Normal,2045,Low
India,West Bengal,"Calendar Year (Jan - Dec), 2025","Haldibari, Municipality",83.97,32.44,25.74,2156.0,2129.0,1486.0,-9.105465430057393,Normal,2046,Low
India,Odisha,"Calendar Year (Jan - Dec), 2025","Baudhgarh, Town Panchayat",40.33,19.31,16.63,1276.0,1247.0,1189.0,-9.107530109505205,Normal,2047,Low
India,Andhra Pradesh,"Calendar Year (Jan - Dec), 2025","Nellimarla, Town Panchayat",85.54,24.94,29.3,1653.0,1564.0,1123.0,-9.11202359565101,Normal,2048,Low
India,Uttar Pradesh,"Calendar Year (Jan - Dec), 2025","Jhalu, Town Panchayat",55.51,22.56,22.06,1504.0,1436.0,1402.0,-9.113722833335316,Normal,2049,Low
India,Chhattisgarh,"Calendar Year (Jan - Dec), 2025","Koora, Town Panchayat",45.35,21.33,19.73,1421.0,1268.0,1226.0,-9.114839113753419,Normal,2050,Low
India,Uttar Pradesh,"Calendar Year (Jan - Dec), 2025","Pinahat, Town Panchayat",57.0,23.84,22.54,1589.0,1454.0,1442.0,-9.115576528605345,Normal,2051,Low
India,Uttar Pradesh,"Calendar Year (Jan - Dec), 2025","Chaumuhan, Town Panchayat",52.41,20.75,20.66,1382.0,1381.0,1372.0,-9.117164777656114,Normal,2052,Low
India,Andhra Pradesh,"Calendar Year (Jan - Dec), 2025","Alluru, Town Panchayat",45.47,17.27,6.91,1151.0,1012.0,384.0,-9.119974682519114,Normal,2053,Low
India,Assam,"Calendar Year (Jan - Dec), 2025","Gohpur, Town Panchayat",31.43,16.7,14.66,1113.0,1113.0,903.0,-9.129208833374207,Normal,2054,Low
India,West Bengal,"Calendar Year (Jan - Dec), 2025","Kharar, Municipality",128.79,35.17,33.12,2147.0,2147.0,1935.0,-9.129595876079804,Normal,2055,Low
India,Uttarakhand,"Calendar Year (Jan - Dec), 2025","Chamiyala, Town Panchayat",5.46,1.2,0.93,61.0,55.0,42.0,-9.130439088106982,Normal,2056,Low
India,Odisha,"Calendar Year (Jan - Dec), 2025","Koraput, Municipality",83.9,36.11,17.54,2391.0,2004.0,1400.0,-9.130646043755803,Normal,2057,Low
India,Gujarat,"Calendar Year (Jan - Dec), 2025","Dhrangadhra, Municipality",147.82,40.35,34.38,2251.0,2000.0,1771.0,-9.131777073112858,Normal,2058,Low
India,Madhya Pradesh,"Calendar Year (Jan - Dec), 2025","Loharda, Town Panchayat",59.52,23.18,22.46,1545.0,1545.0,1429.0,-9.134071817480844,Normal,2059,Low
India,Uttar Pradesh,"Calendar Year (Jan - Dec), 2025","Chhibramau, Municipality",69.53,28.41,25.47,1895.0,1656.0,1624.0,-9.138090415436523,Normal,2060,Low
India,Tamil Nadu,"Calendar Year (Jan - Dec), 2025","Nambiyur, Town Panchayat",61.91,12.37,11.34,764.0,764.0,295.0,-9.139384359607277,Normal,2061,Low
India,Madhya Pradesh,"Calendar Year (Jan - Dec), 2025","Kurwai, Town Panchayat",81.41,30.45,26.93,2020.0,1945.0,1688.0,-9.149672796490961,Normal,2062,Low
India,Uttar Pradesh,"Calendar Year (Jan - Dec), 2025","Charkhari, Municipality",81.93,30.61,28.23,2040.0,1823.0,1754.0,-9.150878846808666,Normal,2063,Low
India,Odisha,"Calendar Year (Jan - Dec), 2025","Bargarh, Municipality",109.38,38.62,31.29,2449.0,2174.0,2070.0,-9.152819520005778,Normal,2064,Low
India,Karnataka,"Calendar Year (Jan - Dec), 2025","Bagalkot, Municipality",152.3,40.17,29.41,2379.0,2065.0,1436.0,-9.153352886821096,Normal,2065,Low
India,Chhattisgarh,"Calendar Year (Jan - Dec), 2025","Maro, Town Panchayat",39.32,18.83,15.5,1255.0,1255.0,1169.0,-9.155804513787473,Normal,2066,Low
India,Tamil Nadu,"Calendar Year (Jan - Dec), 2025","Rudravathi, Town Panchayat",2.84,1.33,1.17,87.0,83.0,70.0,-9.16387569206978,Normal,2067,Low
India,Madhya Pradesh,"Calendar Year (Jan - Dec), 2025","Shahpura Dindori, Town Panchayat",66.01,24.52,23.51,1633.0,1630.0,1540.0,-9.167246040766486,Normal,2068,Low
India,Uttarakhand,"Calendar Year (Jan - Dec), 2025","Barkot, Municipality",19.83,12.52,13.47,339.0,339.0,238.0,-9.172439440759433,Normal,2069,Low
India,Andhra Pradesh,"Calendar Year (Jan - Dec), 2025","Gurajala, Town Panchayat",51.56,22.83,9.13,1522.0,1433.0,955.0,-9.175167534476941,Normal,2070,Low
India,Bihar,"Calendar Year (Jan - Dec), 2025","Ghoghardiha, Town Panchayat",117.54,31.03,25.11,2067.0,1953.0,1107.0,-9.184089569237244,Normal,2071,Low
India,Tamil Nadu,"Calendar Year (Jan - Dec), 2025","Sulur, Town Panchayat",94.7,20.09,20.04,900.0,900.0,896.0,-9.185651032956287,Normal,2072,Low
India,Uttar Pradesh,"Calendar Year (Jan - Dec), 2025","Chail, Town Panchayat",43.73,18.99,18.61,1266.0,1227.0,1223.0,-9.190185615492794,Normal,2073,Low
India,Madhya Pradesh,"Calendar Year (Jan - Dec), 2025","Sihora, Municipality",89.04,32.28,29.18,2108.0,1915.0,1811.0,-9.191193143271335,Normal,2074,Low
India,Gujarat,"Calendar Year (Jan - Dec), 2025",Pethapur Municipality,93.94,20.36,20.18,902.0,902.0,899.0,-9.191379822670285,Normal,2075,Low
India,Maharashtra,"Calendar Year (Jan - Dec), 2025","Hinganghat, Municipality",180.46,36.97,26.15,2359.0,2156.0,1912.0,-9.1921672949058,Normal,2076,Low
India,Uttar Pradesh,"Calendar Year (Jan - Dec), 2025","Etah, Municipality",80.51,30.57,28.05,1961.0,1768.0,1697.0,-9.196853186147223,Normal,2077,Low
India,Gujarat,"Calendar Year (Jan - Dec), 2025","Padra, Municipality",107.81,27.18,26.16,1306.0,1270.0,1231.0,-9.196907402552824,Normal,2078,Low
India,Madhya Pradesh,"Calendar Year (Jan - Dec), 2025","Budni, Town Panchayat",95.74,34.03,29.08,2140.0,2023.0,1902.0,-9.201194752371805,Normal,2079,Low
India,Bihar,"Calendar Year (Jan - Dec), 2025","Imamganj, Town Panchayat",45.63,10.53,4.21,702.0,146.0,,-9.202545837194407,Normal,2080,Low
India,Kerala,"Calendar Year (Jan - Dec), 2025","Perinthalmanna, Municipality",124.91,35.69,31.05,2158.0,2154.0,2049.0,-9.204693978437547,Normal,2081,Low
India,Uttar Pradesh,"Calendar Year (Jan - Dec), 2025","Deoranian, Town Panchayat",55.9,21.81,21.51,1454.0,1425.0,1402.0,-9.205862891622075,Normal,2082,Low
India,Uttar Pradesh,"Calendar Year (Jan - Dec), 2025",Saidpur (Gazipur),52.12,22.12,20.82,1466.0,1401.0,1320.0,-9.20670573066053,Normal,2083,Low
India,Odisha,"Calendar Year (Jan - Dec), 2025","Nilagiri, Town Panchayat",75.11,33.73,26.17,2245.0,1732.0,1483.0,-9.208572619849463,Normal,2084,Low
India,Uttar Pradesh,"Calendar Year (Jan - Dec), 2025","Jhinjhana, Town Panchayat",43.71,18.81,18.45,1254.0,1247.0,1200.0,-9.208992805790615,Normal,2085,Low
India,Karnataka,"Calendar Year (Jan - Dec), 2025","Chincholi, Municipality",168.86,44.32,27.22,2952.0,1914.0,1621.0,-9.209190427360909,Normal,2086,Low
India,Bihar,"Calendar Year (Jan - Dec), 2025","Mirganj, Town Panchayat",33.54,7.74,3.1,516.0,107.0,,-9.2099208761598,Normal,2087,Low
India,Madhya Pradesh,"Calendar Year (Jan - Dec), 2025",Katangi (Balaghat),74.21,27.26,25.55,1789.0,1717.0,1650.0,-9.211355936151904,Normal,2088,Low
India,Tamil Nadu,"Calendar Year (Jan - Dec), 2025","Pernampattu, Municipality",80.53,28.65,26.49,1903.0,1883.0,1658.0,-9.211530544808397,Normal,2089,Low
India,Chhattisgarh,"Calendar Year (Jan - Dec), 2025","Kotba, Town Panchayat",43.33,20.89,17.01,1393.0,1393.0,1018.0,-9.213889051029298,Normal,2090,Low
India,Odisha,"Calendar Year (Jan - Dec), 2025","Debagarh, Municipality",54.04,24.69,21.46,1635.0,1458.0,1292.0,-9.214029078834358,Normal,2091,Low
India,Madhya Pradesh,"Calendar Year (Jan - Dec), 2025","Gurh, Town Panchayat",68.67,25.21,24.16,1681.0,1670.0,1540.0,-9.216516977985407,Normal,2092,Low
India,Sikkim,"Calendar Year (Jan - Dec), 2025","Namchi, Municipality",5.04,1.16,1.43,60.0,60.0,40.0,-9.217370678495115,Normal,2093,Low
India,Tamil Nadu,"Calendar Year (Jan - Dec), 2025","Virudhachalam, Municipality",32.76,11.93,19.48,774.0,770.0,702.0,-9.217966296225143,Normal,2094,Low
India,Kerala,"Calendar Year (Jan - Dec), 2025","Kottayam, Municipality",118.66,34.97,32.66,2055.0,2030.0,1729.0,-9.221436997762623,Normal,2095,Low
India,Uttar Pradesh,"Calendar Year (Jan - Dec), 2025","Rampur Maniharan, Town Panchayat",81.9,30.4,27.17,2026.0,1821.0,1782.0,-9.222555129012449,Normal,2096,Low
India,Odisha,"Calendar Year (Jan - Dec), 2025","Asika, Town Panchayat",53.17,23.97,20.45,1587.0,1451.0,1349.0,-9.223258393241565,Normal,2097,Low
India,Madhya Pradesh,"Calendar Year (Jan - Dec), 2025","Harrai, Town Panchayat",62.46,24.26,23.15,1616.0,1615.0,1379.0,-9.225241179222792,Normal,2098,Low
India,Tamil Nadu,"Calendar Year (Jan - Dec), 2025","Jalakandapuram, Town Panchayat",3.34,1.15,1.05,71.0,71.0,66.0,-9.225243917323724,Normal,2099,Low
India,Uttar Pradesh,"Calendar Year (Jan - Dec), 2025","Koeripur, Town Panchayat",42.22,18.48,18.14,1232.0,1203.0,1185.0,-9.229486297531821,Normal,2100,Low
India,Tamil Nadu,"Calendar Year (Jan - Dec), 2025","Cantonment Board, St.Thomas Mount-Cum-Pallavaram",14.76,1.34,1.34,60.0,60.0,60.0,-9.233103637534725,Normal,2101,Low
India,Jharkhand,"Calendar Year (Jan - Dec), 2025","Satgawan Alias Hariharganj, Municipal Corporation",99.89,31.24,14.98,2081.0,1234.0,803.0,-9.235906280220092,Normal,2102,Low
India,Uttar Pradesh,"Calendar Year (Jan - Dec), 2025","Sultanpur, Municipality",127.0,39.41,34.57,2493.0,2072.0,2056.0,-9.23662096656318,Normal,2103,Low
India,Haryana,"Calendar Year (Jan - Dec), 2025","Barwala, Municipality",40.33,17.17,7.96,1135.0,485.0,247.0,-9.243135834488612,Normal,2104,Low
India,Gujarat,"Calendar Year (Jan - Dec), 2025","Kutiyana, Municipality",72.37,25.9,23.57,1723.0,1723.0,1656.0,-9.247353745967644,Normal,2105,Low
India,Tamil Nadu,"Calendar Year (Jan - Dec), 2025","Thirupathur, Municipality",51.15,22.18,20.38,1426.0,1415.0,1246.0,-9.247999279799444,Normal,2106,Low
India,Tamil Nadu,"Calendar Year (Jan - Dec), 2025","Maraimalainagar, Municipality",142.91,28.58,26.57,1735.0,1729.0,1692.0,-9.248681969326185,Normal,2107,Low
India,Madhya Pradesh,"Calendar Year (Jan - Dec), 2025","Saikheda, Town Panchayat",62.7,24.07,24.08,1603.0,1549.0,1358.0,-9.25329089183441,Normal,2108,Low
India,Madhya Pradesh,"Calendar Year (Jan - Dec), 2025","Panagar, Municipality",88.61,30.37,28.97,1906.0,1790.0,1752.0,-9.25737157021058,Normal,2109,Low
India,Uttar Pradesh,"Calendar Year (Jan - Dec), 2025","Mendu, Town Panchayat",46.03,19.37,19.04,1291.0,1276.0,1225.0,-9.263416602821792,Normal,2110,Low
India,Rajasthan,"Calendar Year (Jan - Dec), 2025","Nagaur, Municipality",123.63,32.99,30.89,1761.0,1621.0,1558.0,-9.263899810268924,Normal,2111,Low
India,Uttar Pradesh,"Calendar Year (Jan - Dec), 2025","Kunda, Town Panchayat",55.27,22.93,21.7,1528.0,1406.0,1383.0,-9.264441476253637,Normal,2112,Low
India,Chhattisgarh,"Calendar Year (Jan - Dec), 2025","Saraipali, Municipality",30.13,14.38,16.5,963.0,931.0,867.0,-9.26798347267993,Normal,2113,Low
India,Assam,"Calendar Year (Jan - Dec), 2025","Gossaigaon, Town Panchayat",31.95,16.63,15.08,1109.0,1106.0,848.0,-9.271834168764826,Normal,2114,Low
India,Uttar Pradesh,"Calendar Year (Jan - Dec), 2025","Ghughuli, Town Panchayat",62.92,24.76,23.95,1651.0,1506.0,1461.0,-9.27331683318448,Normal,2115,Low
India,Tamil Nadu,"Calendar Year (Jan - Dec), 2025","Ariyalur, Municipality",102.09,24.05,28.22,1561.0,1561.0,1524.0,-9.275120478975907,Normal,2116,Low
India,Gujarat,"Calendar Year (Jan - Dec), 2025","Patdi, Municipality",80.13,29.24,27.57,1638.0,1626.0,1520.0,-9.275878167217002,Normal,2117,Low
India,Madhya Pradesh,"Calendar Year (Jan - Dec), 2025","Palsud, Town Panchayat",65.74,25.11,23.18,1671.0,1670.0,1450.0,-9.279073257344578,Normal,2118,Low
India,Uttar Pradesh,"Calendar Year (Jan - Dec), 2025","Atasu, Town Panchayat",85.8,33.09,28.99,2206.0,1794.0,1756.0,-9.280116384812686,Normal,2119,Low
India,Kerala,"Calendar Year (Jan - Dec), 2025","Kunnamkulam, Municipality",83.3,29.22,28.28,1803.0,1750.0,1587.0,-9.28288930064548,Normal,2120,Low
India,Karnataka,"Calendar Year (Jan - Dec), 2025","Chamarajanagar, Municipality",92.93,30.24,28.3,1910.0,1902.0,1780.0,-9.28331265827768,Normal,2121,Low
India,West Bengal,"Calendar Year (Jan - Dec), 2025","New Barrackpore, Municipality",100.05,30.11,30.12,1867.0,1867.0,1697.0,-9.283974846470585,Normal,2122,Low
India,Maharashtra,"Calendar Year (Jan - Dec), 2025","Kopargaon, Municipality",111.68,22.85,20.32,1107.0,997.0,942.0,-9.284856050732117,Normal,2123,Low
India,Tamil Nadu,"Calendar Year (Jan - Dec), 2025","Harur, Town Panchayat",106.94,19.02,22.9,1240.0,1240.0,1218.0,-9.287374225888641,Normal,2124,Low
India,Jharkhand,"Calendar Year (Jan - Dec), 2025","Chaibasa, Municipality",78.56,29.45,26.27,1949.0,1818.0,1652.0,-9.288548895607335,Normal,2125,Low
India,Tamil Nadu,"Calendar Year (Jan - Dec), 2025","Tirumangalam, Municipality",140.86,31.14,28.26,1939.0,1939.0,1903.0,-9.28938031443198,Normal,2126,Low
India,Uttar Pradesh,"Calendar Year (Jan - Dec), 2025",Kanth (Shahjhanpur),57.87,22.66,21.46,1511.0,1468.0,1426.0,-9.292274112531288,Normal,2127,Low
India,Karnataka,"Calendar Year (Jan - Dec), 2025","Chitapur, Municipality",92.15,29.67,27.7,1974.0,1964.0,1779.0,-9.292883521695671,Normal,2128,Low
India,Madhya Pradesh,"Calendar Year (Jan - Dec), 2025","Mahidpur, Municipality",67.1,24.87,24.11,1590.0,1554.0,1512.0,-9.298122820793026,Normal,2129,Low
India,Uttar Pradesh,"Calendar Year (Jan - Dec), 2025","Phaphund, Town Panchayat",58.99,24.24,22.71,1616.0,1455.0,1419.0,-9.304316831015456,Normal,2130,Low
India,Uttarakhand,"Calendar Year (Jan - Dec), 2025","Tehri, Municipality",6.03,1.1,1.1,51.0,51.0,51.0,-9.307501446975436,Normal,2131,Low
India,Uttar Pradesh,"Calendar Year (Jan - Dec), 2025","Jansath, Town Panchayat",48.72,19.88,19.53,1325.0,1304.0,1273.0,-9.310261470208445,Normal,2132,Low
India,Karnataka,"Calendar Year (Jan - Dec), 2025","Terdal, Municipality",81.83,29.24,22.39,1945.0,1897.0,1855.0,-9.31079000809848,Normal,2133,Low
India,Uttar Pradesh,"Calendar Year (Jan - Dec), 2025","Muhammadabad, Town Panchayat",68.77,27.46,25.02,1826.0,1589.0,1558.0,-9.313356852158051,Normal,2134,Low
India,Chhattisgarh,"Calendar Year (Jan - Dec), 2025","Dongargaon, Town Panchayat",42.23,19.49,17.73,1287.0,1216.0,1177.0,-9.318580214705946,Normal,2135,Low
India,Uttar Pradesh,"Calendar Year (Jan - Dec), 2025","Banat, Town Panchayat",52.66,21.64,20.59,1443.0,1357.0,1348.0,-9.32569280405363,Normal,2136,Low
India,Rajasthan,"Calendar Year (Jan - Dec), 2025","Banswara, Municipality",109.99,25.27,24.8,1323.0,1211.0,1054.0,-9.32788526237863,Normal,2137,Low
India,Uttar Pradesh,"Calendar Year (Jan - Dec), 2025","Nanauta, Town Panchayat",56.92,22.05,21.4,1468.0,1423.0,1401.0,-9.328047596932038,Normal,2138,Low
India,Madhya Pradesh,"Calendar Year (Jan - Dec), 2025","Beohari, Town Panchayat",83.86,31.55,26.52,2086.0,1975.0,1545.0,-9.329749126675495,Normal,2139,Low
India,Uttar Pradesh,"Calendar Year (Jan - Dec), 2025","Titron, Town Panchayat",51.14,20.23,19.81,1349.0,1338.0,1318.0,-9.33197721078875,Normal,2140,Low
India,Uttar Pradesh,"Calendar Year (Jan - Dec), 2025","Kheragarh, Town Panchayat",107.15,38.71,32.38,2579.0,1913.0,1869.0,-9.333689834262316,Normal,2141,Low
India,Tamil Nadu,"Calendar Year (Jan - Dec), 2025","Jayankondam, Municipality",20.69,8.89,15.95,579.0,579.0,527.0,-9.335554025698286,Normal,2142,Low
India,Uttar Pradesh,"Calendar Year (Jan - Dec), 2025","Kachhla, Town Panchayat",59.74,23.34,22.36,1556.0,1452.0,1445.0,-9.337443764798081,Normal,2143,Low
India,Bihar,"Calendar Year (Jan - Dec), 2025","Sakra, Town Panchayat",35.42,8.18,3.27,545.0,114.0,,-9.33755950623214,Normal,2144,Low
India,Bihar,"Calendar Year (Jan - Dec), 2025","Jogabani, Municipality",82.48,20.7,13.65,1380.0,790.0,477.0,-9.338238777757624,Normal,2145,Low
India,Assam,"Calendar Year (Jan - Dec), 2025","Doboka, Town Panchayat",28.26,15.04,13.46,1002.0,1002.0,888.0,-9.339163172023689,Normal,2146,Low
India,Tamil Nadu,"Calendar Year (Jan - Dec), 2025","Unjalur, Town Panchayat",3.44,1.13,1.07,69.0,68.0,66.0,-9.340600890495296,Normal,2147,Low
India,Telangana,"Calendar Year (Jan - Dec), 2025","Metpalli, Municipality",41.97,11.32,8.69,722.0,357.0,157.0,-9.340780264103103,Normal,2148,Low
India,Karnataka,"Calendar Year (Jan - Dec), 2025","Dod Ballapur, Municipality",113.93,36.09,27.92,2311.0,2247.0,2039.0,-9.34130067601859,Normal,2149,Low
India,Gujarat,"Calendar Year (Jan - Dec), 2025","Jhalod, Municipality",117.72,37.65,31.32,2363.0,2116.0,2033.0,-9.343970274317371,Normal,2150,Low
India,Chhattisgarh,"Calendar Year (Jan - Dec), 2025","Rajim, Town Panchayat",42.56,18.84,18.49,1230.0,1188.0,1146.0,-9.344795351259165,Normal,2151,Low
India,Uttar Pradesh,"Calendar Year (Jan - Dec), 2025","Miranpur, Town Panchayat",69.55,26.11,24.24,1741.0,1616.0,1579.0,-9.34724603751954,Normal,2152,Low
India,Uttar Pradesh,"Calendar Year (Jan - Dec), 2025","Thakurdwara, Municipality",101.92,36.47,29.95,2422.0,2009.0,1951.0,-9.347382962673237,Normal,2153,Low
India,Uttar Pradesh,"Calendar Year (Jan - Dec), 2025","Mahul Khas, Town Panchayat",45.36,19.59,18.85,1306.0,1232.0,1225.0,-9.354264748246635,Normal,2154,Low
India,Madhya Pradesh,"Calendar Year (Jan - Dec), 2025","Shadora, Town Panchayat",74.72,29.06,23.86,1936.0,1888.0,1402.0,-9.356880114660385,Normal,2155,Low
India,Uttar Pradesh,"Calendar Year (Jan - Dec), 2025","Sarila, Town Panchayat",52.09,20.43,20.03,1362.0,1351.0,1321.0,-9.35771275643026,Normal,2156,Low
India,Uttar Pradesh,"Calendar Year (Jan - Dec), 2025","Sirauli, Town Panchayat",61.76,24.45,22.96,1630.0,1479.0,1468.0,-9.358796771938785,Normal,2157,Low
India,Bihar,"Calendar Year (Jan - Dec), 2025","Rosera, Municipality",94.42,25.63,21.39,1694.0,1452.0,803.0,-9.364732577772827,Normal,2158,Low
India,Maharashtra,"Calendar Year (Jan - Dec), 2025","Bhatukali, Town Panchayat",41.2,10.64,3.83,699.0,457.0,155.0,-9.365385332458288,Normal,2159,Low
India,Madhya Pradesh,"Calendar Year (Jan - Dec), 2025","Badnawar, Town Panchayat",88.51,30.33,28.58,1918.0,1795.0,1693.0,-9.367088194490236,Normal,2160,Low
India,Uttar Pradesh,"Calendar Year (Jan - Dec), 2025","Paniyara, Town Panchayat",101.28,35.56,30.18,2371.0,1957.0,1938.0,-9.367889004573328,Normal,2161,Low
India,Chhattisgarh,"Calendar Year (Jan - Dec), 2025","Lailunga, Town Panchayat",34.57,16.71,16.34,1114.0,1114.0,889.0,-9.370362838662459,Normal,2162,Low
India,Mizoram,"Calendar Year (Jan - Dec), 2025","Sairang, Town Panchayat",13.56,10.17,8.67,678.0,678.0,424.0,-9.371337015843721,Normal,2163,Low
India,Rajasthan,"Calendar Year (Jan - Dec), 2025","Tijara, Town Panchayat",85.31,25.25,25.07,1174.0,1174.0,1149.0,-9.372266730267427,Normal,2164,Low
India,Uttar Pradesh,"Calendar Year (Jan - Dec), 2025","Risiya Bazar, Town Panchayat",63.69,24.53,23.26,1635.0,1510.0,1483.0,-9.372336700283824,Normal,2165,Low
India,Chhattisgarh,"Calendar Year (Jan - Dec), 2025","Gunderdehi, Town Panchayat",40.11,18.38,16.87,1208.0,1168.0,1152.0,-9.375052329966024,Normal,2166,Low
India,Chhattisgarh,"Calendar Year (Jan - Dec), 2025","Kurud, Town Panchayat",42.57,18.84,17.67,1219.0,1207.0,1174.0,-9.380621662282351,Normal,2167,Low
India,Madhya Pradesh,"Calendar Year (Jan - Dec), 2025","Kasrawad, Town Panchayat",92.05,32.7,29.58,2142.0,1831.0,1773.0,-9.381504726576395,Normal,2168,Low
India,Uttar Pradesh,"Calendar Year (Jan - Dec), 2025","Khutar, Town Panchayat",79.67,29.2,26.73,1945.0,1737.0,1665.0,-9.383724567282343,Normal,2169,Low
India,Madhya Pradesh,"Calendar Year (Jan - Dec), 2025","Alot, Town Panchayat",84.21,29.42,27.09,1920.0,1808.0,1688.0,-9.386544656982721,Normal,2170,Low
India,Madhya Pradesh,"Calendar Year (Jan - Dec), 2025","Khargapur, Town Panchayat",68.2,26.04,23.29,1737.0,1736.0,1338.0,-9.386960926880874,Normal,2171,Low
India,Andhra Pradesh,"Calendar Year (Jan - Dec), 2025","Kanigiri, Municipality",155.2,42.53,28.09,2810.0,2425.0,1937.0,-9.388833517224384,Normal,2172,Low
India,Jharkhand,"Calendar Year (Jan - Dec), 2025","Mango, Municipal Corporation",81.92,20.53,26.42,1283.0,983.0,963.0,-9.388932910388121,Normal,2173,Low
India,Uttar Pradesh,"Calendar Year (Jan - Dec), 2025","Payagpur, Town Panchayat",66.48,25.08,23.74,1672.0,1560.0,1502.0,-9.392194238917398,Normal,2174,Low
India,Chhattisgarh,"Calendar Year (Jan - Dec), 2025","Malhar, Town Panchayat",35.33,16.79,15.71,1116.0,1116.0,1014.0,-9.392698999900745,Normal,2175,Low
India,Tamil Nadu,"Calendar Year (Jan - Dec), 2025","Attur, Municipality",47.26,19.69,19.37,1269.0,1269.0,1200.0,-9.395288023559601,Normal,2176,Low
India,Madhya Pradesh,"Calendar Year (Jan - Dec), 2025","Rehti, Town Panchayat",72.68,26.37,24.31,1749.0,1734.0,1505.0,-9.396177677392359,Normal,2177,Low
India,Odisha,"Calendar Year (Jan - Dec), 2025","Kabisurjyanagar, Town Panchayat",39.57,18.76,17.6,1249.0,1154.0,1068.0,-9.397739190061372,Normal,2178,Low
India,Madhya Pradesh,"Calendar Year (Jan - Dec), 2025","Ajaigarh, Town Panchayat",62.58,23.53,21.9,1567.0,1567.0,1431.0,-9.397869196819556,Normal,2179,Low
India,Kerala,"Calendar Year (Jan - Dec), 2025","Sulthan Bathery, Municipality",83.83,29.84,27.72,1867.0,1799.0,1399.0,-9.39884748406132,Normal,2180,Low
India,Punjab,"Calendar Year (Jan - Dec), 2025","Mehraj, Town Panchayat",11.36,2.86,0.9,191.0,41.0,38.0,-9.400775089326487,Normal,2181,Low
India,Madhya Pradesh,"Calendar Year (Jan - Dec), 2025","Badoda, Town Panchayat",71.9,27.31,23.85,1820.0,1797.0,1362.0,-9.402575819820413,Normal,2182,Low
India,Uttar Pradesh,"Calendar Year (Jan - Dec), 2025","Bhira, Town Panchayat",100.75,37.11,30.85,2474.0,1886.0,1815.0,-9.404688185885902,Normal,2183,Low
India,Uttar Pradesh,"Calendar Year (Jan - Dec), 2025","Nighasan, Town Panchayat",123.33,37.41,19.06,2494.0,1226.0,1192.0,-9.405547290304298,Normal,2184,Low
India,Chhattisgarh,"Calendar Year (Jan - Dec), 2025","Nagari, Town Panchayat",38.64,18.37,16.01,1224.0,1188.0,1094.0,-9.405572749144937,Normal,2185,Low
India,Punjab,"Calendar Year (Jan - Dec), 2025","Moga, Municipal Corporation",82.82,29.54,25.0,1897.0,1709.0,1069.0,-9.406185402178494,Normal,2186,Low
India,West Bengal,"Calendar Year (Jan - Dec), 2025","Bally, Municipality",79.29,12.93,12.93,536.0,536.0,536.0,-9.406449466577271,Normal,2187,Low
India,Uttar Pradesh,"Calendar Year (Jan - Dec), 2025","Itaunja, Town Panchayat",30.97,14.8,14.77,986.0,981.0,980.0,-9.407583424995607,Normal,2188,Low
India,Telangana,"Calendar Year (Jan - Dec), 2025","Achampet, Municipality",57.61,12.96,5.81,789.0,712.0,262.0,-9.411496579637799,Normal,2189,Low
India,Bihar,"Calendar Year (Jan - Dec), 2025","Belsand, Town Panchayat",115.7,32.16,21.39,2144.0,1658.0,995.0,-9.414803605853535,Normal,2190,Low
India,Karnataka,"Calendar Year (Jan - Dec), 2025","Sira, Municipality",117.62,33.68,22.57,2203.0,2150.0,1268.0,-9.416018544108624,Normal,2191,Low
India,Chhattisgarh,"Calendar Year (Jan - Dec), 2025","Arang, Municipality",75.71,28.99,22.56,1877.0,1794.0,1704.0,-9.418970670901615,Normal,2192,Low
India,Maharashtra,"Calendar Year (Jan - Dec), 2025","Achalpur, Municipality",159.97,37.62,22.66,2404.0,1633.0,1364.0,-9.421378840371347,Normal,2193,Low
India,Uttar Pradesh,"Calendar Year (Jan - Dec), 2025","Bisharatganj, Town Panchayat",40.6,17.56,17.26,1171.0,1157.0,1135.0,-9.421452017782713,Normal,2194,Low
India,Gujarat,"Calendar Year (Jan - Dec), 2025","Karamsad, Municipality",95.25,21.55,21.44,1013.0,1013.0,1013.0,-9.423415789095031,Normal,2195,Low
India,Karnataka,"Calendar Year (Jan - Dec), 2025","Nargund, Municipality",48.72,12.99,20.66,839.0,747.0,527.0,-9.426785356066489,Normal,2196,Low
India,Madhya Pradesh,"Calendar Year (Jan - Dec), 2025","Isagarh, Town Panchayat",58.15,22.1,22.66,1463.0,1430.0,1241.0,-9.43180445661909,Normal,2197,Low
India,Madhya Pradesh,"Calendar Year (Jan - Dec), 2025","Shahpura, Town Panchayat",71.14,25.19,25.02,1669.0,1648.0,1363.0,-9.432801764998487,Normal,2198,Low
India,Gujarat,"Calendar Year (Jan - Dec), 2025","Mansa, Municipality",117.85,31.52,29.0,1689.0,1629.0,1518.0,-9.433554670128444,Normal,2199,Low
India,Rajasthan,"Calendar Year (Jan - Dec), 2025","Sikaray, Municipality",32.95,7.61,3.04,507.0,,,-9.433661757306197,Normal,2200,Low
India,Madhya Pradesh,"Calendar Year (Jan - Dec), 2025","Bina- Etawa, Municipality",72.21,25.72,24.63,1638.0,1578.0,1554.0,-9.435567516406707,Normal,2201,Low
India,Uttar Pradesh,"Calendar Year (Jan - Dec), 2025","Mariahu, Town Panchayat",44.79,19.4,18.4,1291.0,1245.0,1178.0,-9.436596396744164,Normal,2202,Low
India,Tamil Nadu,"Calendar Year (Jan - Dec), 2025","Virudhunagar, Municipality",99.02,27.29,27.17,1449.0,1449.0,1444.0,-9.4390762910146,Normal,2203,Low
India,Tamil Nadu,"Calendar Year (Jan - Dec), 2025","Marakkanam, Town Panchayat",20.91,9.44,15.57,622.0,621.0,539.0,-9.439968322857965,Normal,2204,Low
India,Uttar Pradesh,"Calendar Year (Jan - Dec), 2025","Zamania, Municipality",81.81,31.86,26.51,2123.0,1773.0,1700.0,-9.44265004394208,Normal,2205,Low
India,Chhattisgarh,"Calendar Year (Jan - Dec), 2025","Bagicha, Town Panchayat",37.1,17.57,14.59,1167.0,1167.0,594.0,-9.443351886858409,Normal,2206,Low
India,Uttar Pradesh,"Calendar Year (Jan - Dec), 2025","Gajraula, Municipality",99.96,34.1,30.65,2238.0,1846.0,1828.0,-9.444189930714288,Normal,2207,Low
India,Maharashtra,"Calendar Year (Jan - Dec), 2025","Sangamner, Municipality",98.38,18.82,18.23,911.0,857.0,830.0,-9.444250735791286,Normal,2208,Low
India,Uttar Pradesh,"Calendar Year (Jan - Dec), 2025","Sarai Mir, Town Panchayat",41.41,18.21,17.63,1214.0,1168.0,1137.0,-9.445687921313436,Normal,2209,Low
India,Madhya Pradesh,"Calendar Year (Jan - Dec), 2025","Khategaon, Town Panchayat",83.62,29.2,26.91,1890.0,1739.0,1690.0,-9.449022438588145,Normal,2210,Low
India,Haryana,"Calendar Year (Jan - Dec), 2025","Rajound, Municipality",34.48,13.38,4.21,891.0,874.0,353.0,-9.451451423415278,Normal,2211,Low
India,Uttar Pradesh,"Calendar Year (Jan - Dec), 2025","Rura, Town Panchayat",39.59,17.49,16.96,1166.0,1147.0,1106.0,-9.454198146614942,Normal,2212,Low
India,West Bengal,"Calendar Year (Jan - Dec), 2025","Garulia, Municipality",86.25,28.48,26.62,1831.0,1831.0,1615.0,-9.456298607765632,Normal,2213,Low
India,Maharashtra,"Calendar Year (Jan - Dec), 2025","Chopda, Municipality",109.03,22.85,20.86,1121.0,1063.0,1036.0,-9.459347365380381,Normal,2214,Low
India,Uttar Pradesh,"Calendar Year (Jan - Dec), 2025","Kiratpur, Municipality",72.86,28.74,25.19,1914.0,1647.0,1556.0,-9.460091201315777,Normal,2215,Low
India,Uttar Pradesh,"Calendar Year (Jan - Dec), 2025","Marehra, Municipality",81.25,30.11,26.99,2006.0,1706.0,1677.0,-9.46283751744511,Normal,2216,Low
India,Uttar Pradesh,"Calendar Year (Jan - Dec), 2025","Ekdil, Town Panchayat",102.75,37.18,30.98,2479.0,1853.0,1792.0,-9.463894118711437,Normal,2217,Low
India,Maharashtra,"Calendar Year (Jan - Dec), 2025","Arni, Municipality",103.69,23.76,14.6,1542.0,1150.0,669.0,-9.464096836772967,Normal,2218,Low
India,Madhya Pradesh,"Calendar Year (Jan - Dec), 2025","Bada Malhera, Town Panchayat",62.18,23.93,21.7,1589.0,1573.0,1386.0,-9.470826682500615,Normal,2219,Low
India,West Bengal,"Calendar Year (Jan - Dec), 2025","North Barrackpore, Municipality",114.61,29.21,28.58,1738.0,1738.0,1644.0,-9.4726585886321,Normal,2220,Low
India,Madhya Pradesh,"Calendar Year (Jan - Dec), 2025","Sultanpur, Town Panchayat",62.74,23.56,22.2,1552.0,1550.0,1375.0,-9.473060424739856,Normal,2221,Low
India,Telangana,"Calendar Year (Jan - Dec), 2025","Nereducharla, Municipality",8.41,1.27,1.27,49.0,49.0,49.0,-9.475804107597867,Normal,2222,Low
India,Maharashtra,"Calendar Year (Jan - Dec), 2025","Chandurbazar, Municipality",36.65,8.43,3.9,548.0,389.0,109.0,-9.48045002349113,Normal,2223,Low
India,Uttar Pradesh,"Calendar Year (Jan - Dec), 2025","Kul Pahar, Town Panchayat",53.86,22.25,20.7,1483.0,1378.0,1300.0,-9.483683444635915,Normal,2224,Low
India,Madhya Pradesh,"Calendar Year (Jan - Dec), 2025","Sohagpur, Town Panchayat",65.47,24.46,22.28,1599.0,1599.0,1437.0,-9.484495101886637,Normal,2225,Low
India,Maharashtra,"Calendar Year (Jan - Dec), 2025","Digras, Municipality",108.25,25.06,26.6,1514.0,1462.0,1172.0,-9.492044530579335,Normal,2226,Low
India,Tamil Nadu,"Calendar Year (Jan - Dec), 2025","Puliankudi, Municipality",31.03,15.08,14.72,998.0,998.0,943.0,-9.495167360933067,Normal,2227,Low
India,Madhya Pradesh,"Calendar Year (Jan - Dec), 2025","Khirkiya, Town Panchayat",81.97,29.19,26.64,1827.0,1701.0,1622.0,-9.495357385451257,Normal,2228,Low
India,Uttar Pradesh,"Calendar Year (Jan - Dec), 2025","Dasna, Town Panchayat",105.96,26.66,26.56,1456.0,1454.0,1437.0,-9.496326116223088,Normal,2229,Low
India,Madhya Pradesh,"Calendar Year (Jan - Dec), 2025","Patan, Town Panchayat",100.32,28.0,27.73,1604.0,1602.0,1574.0,-9.497161309120884,Normal,2230,Low
India,Madhya Pradesh,"Calendar Year (Jan - Dec), 2025",Katangi (Jabalpur),75.22,25.21,24.71,1660.0,1601.0,1572.0,-9.501043325056969,Normal,2231,Low
India,Bihar,"Calendar Year (Jan - Dec), 2025","Chapra, Municipal Corporation",109.28,29.12,20.17,1902.0,1269.0,847.0,-9.502786025066598,Normal,2232,Low
India,Odisha,"Calendar Year (Jan - Dec), 2025","Biramitrapur, Municipality",80.81,33.61,24.14,2239.0,1819.0,1665.0,-9.505262789211145,Normal,2233,Low
India,Uttar Pradesh,"Calendar Year (Jan - Dec), 2025","Ramganj, Town Panchayat",84.57,24.39,15.43,1626.0,670.0,639.0,-9.506833623799196,Normal,2234,Low
India,Gujarat,"Calendar Year (Jan - Dec), 2025","Kapadvanj, Municipality",108.31,25.32,24.71,1324.0,1298.0,1269.0,-9.507260393627632,Normal,2235,Low
India,Assam,"Calendar Year (Jan - Dec), 2025","Abhayapuri, Town Panchayat",25.25,14.07,12.53,936.0,934.0,788.0,-9.511379335463005,Normal,2236,Low
India,Uttar Pradesh,"Calendar Year (Jan - Dec), 2025","Mallawan, Municipality",116.86,40.05,31.5,2670.0,1724.0,1717.0,-9.514737126502894,Normal,2237,Low
India,Madhya Pradesh,"Calendar Year (Jan - Dec), 2025","Kakarhati, Town Panchayat",63.39,24.39,21.95,1626.0,1626.0,1265.0,-9.516193087347972,Normal,2238,Low
India,Assam,"Calendar Year (Jan - Dec), 2025","Goalpara, Municipality",89.18,38.25,25.97,2236.0,1610.0,1318.0,-9.517088574407353,Normal,2239,Low
India,Uttar Pradesh,"Calendar Year (Jan - Dec), 2025","Laalganj, Town Panchayat",41.25,17.87,17.33,1186.0,1160.0,1126.0,-9.522742619531243,Normal,2240,Low
India,Chhattisgarh,"Calendar Year (Jan - Dec), 2025","Than-Khamharia, Town Panchayat",33.61,16.08,14.68,1071.0,1071.0,1002.0,-9.52446453558207,Normal,2241,Low
India,Odisha,"Calendar Year (Jan - Dec), 2025","Banki, Town Panchayat",39.83,18.62,15.77,1234.0,1178.0,1144.0,-9.528344184807736,Normal,2242,Low
India,Gujarat,"Calendar Year (Jan - Dec), 2025","Harij, Municipality",94.92,32.03,27.34,2037.0,1923.0,1753.0,-9.538899459007212,Normal,2243,Low
India,Uttar Pradesh,"Calendar Year (Jan - Dec), 2025",Nawabganj (Unnao),35.33,15.73,15.68,1047.0,1047.0,1044.0,-9.541476243769182,Normal,2244,Low
India,Uttar Pradesh,"Calendar Year (Jan - Dec), 2025","Kopaganj, Town Panchayat",60.09,24.56,22.35,1637.0,1412.0,1404.0,-9.542429632620895,Normal,2245,Low
India,Bihar,"Calendar Year (Jan - Dec), 2025","Makhdumpur, Town Panchayat",97.74,25.34,14.54,1682.0,821.0,674.0,-9.54608010461169,Normal,2246,Low
India,Kerala,"Calendar Year (Jan - Dec), 2025","Koyilandy, Municipality",69.1,25.11,23.9,1553.0,1547.0,1402.0,-9.550788412014299,Normal,2247,Low
India,Karnataka,"Calendar Year (Jan - Dec), 2025","Koppal, Municipality",124.89,33.71,29.66,2081.0,1945.0,1873.0,-9.551570240354238,Normal,2248,Low
India,Madhya Pradesh,"Calendar Year (Jan - Dec), 2025","Chanderi, Municipality",59.26,22.68,21.44,1504.0,1468.0,1332.0,-9.55175520498176,Normal,2249,Low
India,Kerala,"Calendar Year (Jan - Dec), 2025","Kondotty, Municipality",69.97,26.16,23.92,1712.0,1662.0,1287.0,-9.551774655705117,Normal,2250,Low
India,Assam,"Calendar Year (Jan - Dec), 2025","Maibong, Town Panchayat",31.08,15.75,14.15,1050.0,1050.0,890.0,-9.554282324995086,Normal,2251,Low
India,Madhya Pradesh,"Calendar Year (Jan - Dec), 2025","Amarwara, Municipality",63.68,23.57,22.47,1554.0,1480.0,1429.0,-9.55635644820643,Normal,2252,Low
India,Maharashtra,"Calendar Year (Jan - Dec), 2025","Akot, Municipality",127.32,31.36,29.35,1982.0,1871.0,1759.0,-9.558831488158148,Normal,2253,Low
India,Kerala,"Calendar Year (Jan - Dec), 2025","Ponnani, Municipality",82.08,30.24,25.48,1974.0,1856.0,1441.0,-9.55966477733989,Normal,2254,Low
India,Uttar Pradesh,"Calendar Year (Jan - Dec), 2025","Deoband, Municipality",93.79,32.6,28.8,2163.0,1788.0,1764.0,-9.560348105528135,Normal,2255,Low
India,Uttar Pradesh,"Calendar Year (Jan - Dec), 2025","Dataganj, Municipality",70.82,26.35,24.32,1757.0,1563.0,1533.0,-9.560753842278075,Normal,2256,Low
India,Karnataka,"Calendar Year (Jan - Dec), 2025","Sindhnur, Municipality",133.25,38.39,26.79,2419.0,2310.0,1884.0,-9.561604584262682,Normal,2257,Low
India,Madhya Pradesh,"Calendar Year (Jan - Dec), 2025","Dumar Kachhar, Town Panchayat",3.47,1.21,1.01,81.0,58.0,58.0,-9.561731261484738,Normal,2258,Low
India,Madhya Pradesh,"Calendar Year (Jan - Dec), 2025","Lahar, Municipality",62.66,24.13,21.87,1606.0,1596.0,1194.0,-9.56227716334763,Normal,2259,Low
India,Tamil Nadu,"Calendar Year (Jan - Dec), 2025","Gobichettipalayam, Municipality",128.85,27.42,24.82,1725.0,1725.0,1703.0,-9.5628230947396,Normal,2260,Low
India,Madhya Pradesh,"Calendar Year (Jan - Dec), 2025","Silwani, Town Panchayat",68.59,25.77,22.83,1703.0,1608.0,1502.0,-9.5654778455729,Normal,2261,Low
India,Tamil Nadu,"Calendar Year (Jan - Dec), 2025","Vaniyambadi, Municipality",82.47,23.68,25.86,1560.0,1560.0,1453.0,-9.565913525131862,Normal,2262,Low
India,Uttarakhand,"Calendar Year (Jan - Dec), 2025","Dineshpur, Town Panchayat",75.87,31.32,22.06,2006.0,1851.0,1442.0,-9.567018905259488,Normal,2263,Low
India,Uttar Pradesh,"Calendar Year (Jan - Dec), 2025","Amraudha, Town Panchayat",41.8,17.99,17.51,1199.0,1148.0,1139.0,-9.568013673140456,Normal,2264,Low
India,Meghalaya,"Calendar Year (Jan - Dec), 2025","Nongstoin, Town Panchayat",45.75,16.93,9.51,1118.0,966.0,360.0,-9.569024213292948,Normal,2265,Low
India,Uttar Pradesh,"Calendar Year (Jan - Dec), 2025","Jangipur, Town Panchayat",57.69,23.43,21.86,1557.0,1400.0,1313.0,-9.572563468548026,Normal,2266,Low
India,Chhattisgarh,"Calendar Year (Jan - Dec), 2025","Fingeshwar, Town Panchayat",33.83,15.88,16.82,1053.0,967.0,944.0,-9.576299897525871,Normal,2267,Low
India,Manipur,"Calendar Year (Jan - Dec), 2025","Oinam, Municipality",12.42,7.35,10.0,489.0,485.0,197.0,-9.576702334796607,Normal,2268,Low
India,Uttar Pradesh,"Calendar Year (Jan - Dec), 2025","Walidpur, Town Panchayat",60.6,24.48,22.42,1632.0,1407.0,1400.0,-9.582201023934658,Normal,2269,Low
India,Uttar Pradesh,"Calendar Year (Jan - Dec), 2025","Chirayakot, Town Panchayat",41.01,17.84,17.29,1189.0,1132.0,1128.0,-9.583050809126178,Normal,2270,Low
India,Madhya Pradesh,"Calendar Year (Jan - Dec), 2025","Mangawan, Town Panchayat",54.13,20.87,20.08,1387.0,1381.0,1266.0,-9.585445190755308,Normal,2271,Low
India,Madhya Pradesh,"Calendar Year (Jan - Dec), 2025","Baldeogarh, Town Panchayat",56.52,21.93,20.68,1462.0,1457.0,1237.0,-9.58696146543275,Normal,2272,Low
India,Bihar,"Calendar Year (Jan - Dec), 2025","Sugauli, Town Panchayat",92.09,24.2,17.88,1609.0,1412.0,746.0,-9.59039442891617,Normal,2273,Low
India,Odisha,"Calendar Year (Jan - Dec), 2025","Kamakshyanagar, Town Panchayat",54.27,25.04,16.98,1662.0,1485.0,1321.0,-9.591382000255237,Normal,2274,Low
India,Uttar Pradesh,"Calendar Year (Jan - Dec), 2025",Moradabad Development Authority,119.53,25.68,24.55,1712.0,1712.0,1712.0,-9.59402729951887,Normal,2275,Low
India,Uttar Pradesh,"Calendar Year (Jan - Dec), 2025","Kithaur, Town Panchayat",107.83,30.79,14.55,2048.0,976.0,926.0,-9.594127776259711,Normal,2276,Low
India,Chhattisgarh,"Calendar Year (Jan - Dec), 2025","Bhatapara, Municipality",86.1,25.64,26.87,1465.0,1412.0,1358.0,-9.594251562608804,Normal,2277,Low
India,Gujarat,"Calendar Year (Jan - Dec), 2025","Bhachau, Municipality",103.0,30.17,28.08,1658.0,1585.0,1533.0,-9.595106702926614,Normal,2278,Low
India,Tamil Nadu,"Calendar Year (Jan - Dec), 2025","Pethampalayam, Town Panchayat",2.96,1.28,1.22,84.0,84.0,79.0,-9.595443702920022,Normal,2279,Low
India,Chhattisgarh,"Calendar Year (Jan - Dec), 2025","Bodri, Town Panchayat",48.81,21.67,17.92,1422.0,1363.0,1205.0,-9.598924431070827,Normal,2280,Low
India,Madhya Pradesh,"Calendar Year (Jan - Dec), 2025","Semaria, Town Panchayat",59.55,22.45,20.9,1492.0,1486.0,1330.0,-9.600252693215793,Normal,2281,Low
India,Madhya Pradesh,"Calendar Year (Jan - Dec), 2025","Gohad, Municipality",59.62,22.16,20.46,1471.0,1454.0,1396.0,-9.605052328227544,Normal,2282,Low
India,Madhya Pradesh,"Calendar Year (Jan - Dec), 2025","Tarana, Town Panchayat",69.19,25.4,22.63,1661.0,1589.0,1514.0,-9.60631374082891,Normal,2283,Low
India,Chhattisgarh,"Calendar Year (Jan - Dec), 2025","Naila-Janjgir, Municipality",97.15,31.33,27.7,1910.0,1856.0,1641.0,-9.608303828243834,Normal,2284,Low
India,Uttar Pradesh,"Calendar Year (Jan - Dec), 2025","Kauriaganj, Town Panchayat",49.55,21.09,19.62,1406.0,1260.0,1238.0,-9.61249991840424,Normal,2285,Low
India,Uttar Pradesh,"Calendar Year (Jan - Dec), 2025","Bhargain, Town Panchayat",45.44,18.36,18.02,1223.0,1212.0,1181.0,-9.613116686118758,Normal,2286,Low
India,Uttar Pradesh,"Calendar Year (Jan - Dec), 2025","Ramnagar, Town Panchayat",38.03,16.79,16.42,1118.0,1098.0,1059.0,-9.613710188535435,Normal,2287,Low
India,Bihar,"Calendar Year (Jan - Dec), 2025","Sultanganj, Municipality",100.44,28.74,25.29,1906.0,1772.0,1126.0,-9.61823286830628,Normal,2288,Low
India,Madhya Pradesh,"Calendar Year (Jan - Dec), 2025","Jawar, Town Panchayat",65.89,24.72,21.49,1644.0,1643.0,1368.0,-9.619952351274833,Normal,2289,Low
India,Madhya Pradesh,"Calendar Year (Jan - Dec), 2025","Tal, Town Panchayat",60.51,22.0,21.95,1460.0,1409.0,1338.0,-9.621332946474581,Normal,2290,Low
India,Karnataka,"Calendar Year (Jan - Dec), 2025","Bail Hongal, Municipality",98.15,23.91,17.4,1498.0,1382.0,755.0,-9.624317755057916,Normal,2291,Low
India,Haryana,"Calendar Year (Jan - Dec), 2025","Jind, Municipality",139.65,40.41,26.87,2446.0,2064.0,1564.0,-9.625533052139986,Normal,2292,Low
India,Kerala,"Calendar Year (Jan - Dec), 2025","Wadakkanchery, Municipality",76.83,26.56,24.76,1712.0,1647.0,1518.0,-9.626315378065556,Normal,2293,Low
India,Kerala,"Calendar Year (Jan - Dec), 2025","Kanhangad, Municipality",86.82,31.06,25.59,2020.0,1889.0,1400.0,-9.626353671424681,Normal,2294,Low
India,Assam,"Calendar Year (Jan - Dec), 2025",Jagiroad,31.38,15.72,14.44,1048.0,1048.0,618.0,-9.6267759601119,Normal,2295,Low
India,Bihar,"Calendar Year (Jan - Dec), 2025","Naugachhia, Municipality",119.95,34.69,29.34,2303.0,2115.0,1672.0,-9.626999173251704,Normal,2296,Low
India,Tamil Nadu,"Calendar Year (Jan - Dec), 2025","Tiruchengode, Municipality",124.1,29.77,25.21,1879.0,1879.0,1843.0,-9.63218805974418,Normal,2297,Low
India,Punjab,"Calendar Year (Jan - Dec), 2025","Pathankot, Municipal Corporation",69.96,23.96,11.69,1629.0,1207.0,618.0,-9.633106341292432,Normal,2298,Low
India,Uttar Pradesh,"Calendar Year (Jan - Dec), 2025","Ailam, Town Panchayat",67.45,25.46,23.5,1694.0,1503.0,1468.0,-9.63378333290541,Normal,2299,Low
India,Maharashtra,"Calendar Year (Jan - Dec), 2025","Bhokardan, Municipality",91.49,21.83,8.3,1403.0,1168.0,878.0,-9.63480677328971,Normal,2300,Low
India,Tamil Nadu,"Calendar Year (Jan - Dec), 2025","Melur, Municipality",128.04,27.83,24.19,1786.0,1786.0,1749.0,-9.635072148358404,Normal,2301,Low
India,Odisha,"Calendar Year (Jan - Dec), 2025","Tushura, Town Panchayat",38.86,18.39,16.01,1223.0,1148.0,1069.0,-9.639321666363173,Normal,2302,Low
India,Tamil Nadu,"Calendar Year (Jan - Dec), 2025","Karaikkudi, Municipality",126.35,23.11,20.02,1474.0,1474.0,1467.0,-9.642789923164571,Normal,2303,Low
India,Rajasthan,"Calendar Year (Jan - Dec), 2025","Sheoganj, Town Panchayat",62.24,15.66,11.26,1012.0,903.0,365.0,-9.646115261026807,Normal,2304,Low
India,Gujarat,"Calendar Year (Jan - Dec), 2025","Karjan, Municipality",120.52,32.0,28.51,1797.0,1630.0,1570.0,-9.647416162138143,Normal,2305,Low
India,Madhya Pradesh,"Calendar Year (Jan - Dec), 2025","Palera, Town Panchayat",52.61,20.16,19.35,1343.0,1338.0,1264.0,-9.647552590159137,Normal,2306,Low
India,Tamil Nadu,"Calendar Year (Jan - Dec), 2025","Vallam, Town Panchayat",128.64,23.36,18.81,1540.0,1540.0,1516.0,-9.649114809301807,Normal,2307,Low
India,Bihar,"Calendar Year (Jan - Dec), 2025","Alamnagar, Town Panchayat",42.25,9.75,3.9,650.0,142.0,,-9.654411483901413,Normal,2308,Low
India,West Bengal,"Calendar Year (Jan - Dec), 2025","Cooch Behar, Municipality",99.85,28.55,26.88,1727.0,1727.0,1282.0,-9.654493612331976,Normal,2309,Low
India,Maharashtra,"Calendar Year (Jan - Dec), 2025","Ghatanji, Municipality",71.21,16.8,17.91,1098.0,975.0,536.0,-9.658106877073465,Normal,2310,Low
India,Uttar Pradesh,"Calendar Year (Jan - Dec), 2025","Dostpur, Town Panchayat",47.56,19.72,18.81,1314.0,1224.0,1212.0,-9.660105683074505,Normal,2311,Low
India,Gujarat,"Calendar Year (Jan - Dec), 2025","Dhrol, Municipality",90.91,26.47,25.71,1417.0,1417.0,1393.0,-9.660160296437255,Normal,2312,Low
India,Uttar Pradesh,"Calendar Year (Jan - Dec), 2025","Allapur, Town Panchayat",67.01,24.91,23.17,1660.0,1491.0,1463.0,-9.660534193892204,Normal,2313,Low
India,Karnataka,"Calendar Year (Jan - Dec), 2025","Athni, Municipality",119.27,31.65,16.1,2014.0,1952.0,1502.0,-9.6629229350159,Normal,2314,Low
India,Bihar,"Calendar Year (Jan - Dec), 2025","Champanagar, Town Panchayat",34.58,7.98,3.19,532.0,117.0,,-9.665124880494488,Normal,2315,Low
India,Gujarat,"Calendar Year (Jan - Dec), 2025",Bardoli Development Authority,98.61,22.75,,1517.0,,,-9.665591141282619,Normal,2316,Low
India,Uttar Pradesh,"Calendar Year (Jan - Dec), 2025","Jatari, Town Panchayat",76.92,29.94,24.72,1989.0,1653.0,1582.0,-9.66868975674231,Normal,2317,Low
India,Kerala,"Calendar Year (Jan - Dec), 2025","Kodungallur, Municipality",80.82,29.2,25.87,1881.0,1719.0,1462.0,-9.67053888936448,Normal,2318,Low
India,Uttar Pradesh,"Calendar Year (Jan - Dec), 2025","Khekada, Municipality",95.92,33.79,28.62,2250.0,1794.0,1694.0,-9.67458055666225,Normal,2319,Low
India,Assam,"Calendar Year (Jan - Dec), 2025","Sonari, Municipality",30.68,15.34,12.15,1022.0,1016.0,469.0,-9.68069521098414,Normal,2320,Low
India,Bihar,"Calendar Year (Jan - Dec), 2025","Jhajha, Municipality",119.48,32.15,22.83,2139.0,1470.0,1052.0,-9.686979470032384,Normal,2321,Low
India,Tamil Nadu,"Calendar Year (Jan - Dec), 2025","Ramanathapuram, Municipality",92.59,27.42,24.46,1778.0,1778.0,1719.0,-9.689210887929846,Normal,2322,Low
India,Odisha,"Calendar Year (Jan - Dec), 2025","Balimela, Town Panchayat",37.33,18.36,7.44,1223.0,1148.0,777.0,-9.69112727336983,Normal,2323,Low
India,Gujarat,"Calendar Year (Jan - Dec), 2025","Cantonment Board, Ahmadabad",74.9,12.94,12.94,524.0,524.0,524.0,-9.695626808372026,Normal,2324,Low
India,Tamil Nadu,"Calendar Year (Jan - Dec), 2025","Madavaram, Municipality",64.48,6.68,6.68,288.0,288.0,288.0,-9.704094033747253,Normal,2325,Low
India,Assam,"Calendar Year (Jan - Dec), 2025","Rangia, Municipality",51.75,25.03,20.99,1504.0,1184.0,1105.0,-9.705737739195115,Normal,2326,Low
India,Tamil Nadu,"Calendar Year (Jan - Dec), 2025","Avanashi, Town Panchayat",106.95,21.13,20.05,1214.0,1209.0,932.0,-9.705886942857546,Normal,2327,Low
India,Gujarat,"Calendar Year (Jan - Dec), 2025","Tharad, Municipality",90.36,28.04,26.23,1761.0,1737.0,1545.0,-9.707766079829014,Normal,2328,Low
India,Rajasthan,"Calendar Year (Jan - Dec), 2025","Bhopalgarh, Town Panchayat",24.85,6.21,2.49,414.0,77.0,67.0,-9.70817189575115,Normal,2329,Low
India,Uttar Pradesh,"Calendar Year (Jan - Dec), 2025","Kurara, Town Panchayat",61.1,22.78,21.61,1518.0,1400.0,1387.0,-9.708243899634226,Normal,2330,Low
India,Maharashtra,"Calendar Year (Jan - Dec), 2025","Naigaon, Town Panchayat",69.88,15.23,14.06,946.0,612.0,378.0,-9.71475906028428,Normal,2331,Low
India,Madhya Pradesh,"Calendar Year (Jan - Dec), 2025","Ichhawar, Town Panchayat",65.46,23.36,22.25,1515.0,1465.0,1403.0,-9.714807508969102,Normal,2332,Low
India,Madhya Pradesh,"Calendar Year (Jan - Dec), 2025","Bankhedi, Town Panchayat",61.83,22.97,21.13,1515.0,1480.0,1353.0,-9.715636941371486,Normal,2333,Low
India,Gujarat,"Calendar Year (Jan - Dec), 2025","Idar, Municipality",109.63,28.75,26.4,1560.0,1462.0,1432.0,-9.717206167122697,Normal,2334,Low
India,Tamil Nadu,"Calendar Year (Jan - Dec), 2025","Puzhithivakkam, Municipal Corporation",17.26,1.5,1.5,66.0,66.0,66.0,-9.720328601126027,Normal,2335,Low
India,Madhya Pradesh,"Calendar Year (Jan - Dec), 2025","Lateri, Town Panchayat",98.51,34.72,28.52,2294.0,1815.0,1667.0,-9.72053976935996,Normal,2336,Low
India,Tamil Nadu,"Calendar Year (Jan - Dec), 2025","Panagudi, Town Panchayat",91.7,22.97,12.5,1511.0,1506.0,805.0,-9.720851633302459,Normal,2337,Low
India,Uttar Pradesh,"Calendar Year (Jan - Dec), 2025","Khimsepur, Town Panchayat",43.97,11.44,5.82,763.0,179.0,177.0,-9.723287366903662,Normal,2338,Low
India,Chhattisgarh,"Calendar Year (Jan - Dec), 2025","Baikunthpur, Municipality",41.58,18.57,17.28,1217.0,1200.0,988.0,-9.725484935191673,Normal,2339,Low
India,Madhya Pradesh,"Calendar Year (Jan - Dec), 2025","Bichhiya, Town Panchayat",61.35,22.5,21.58,1488.0,1444.0,1309.0,-9.732555639906707,Normal,2340,Low
India,Uttar Pradesh,"Calendar Year (Jan - Dec), 2025","Bariyarpur, Town Panchayat",56.19,21.34,20.39,1422.0,1348.0,1303.0,-9.736775271962017,Normal,2341,Low
India,Chhattisgarh,"Calendar Year (Jan - Dec), 2025","Dipka, Municipality",2.96,1.28,1.26,85.0,85.0,85.0,-9.739921964740404,Normal,2342,Low
India,Haryana,"Calendar Year (Jan - Dec), 2025","Hansi, Municipality",90.26,35.35,21.22,2323.0,1511.0,1123.0,-9.74303206573154,Normal,2343,Low
India,Tamil Nadu,"Calendar Year (Jan - Dec), 2025","Walajabad, Town Panchayat",49.95,21.15,17.78,1362.0,1360.0,1196.0,-9.743613620054703,Normal,2344,Low
India,Uttar Pradesh,"Calendar Year (Jan - Dec), 2025","Sirsi, Town Panchayat",47.29,18.33,18.14,1214.0,1210.0,1191.0,-9.745500177399322,Normal,2345,Low
India,Madhya Pradesh,"Calendar Year (Jan - Dec), 2025","Nowgong, Municipality",69.96,25.62,22.91,1683.0,1578.0,1437.0,-9.747022726930993,Normal,2346,Low
India,Tamil Nadu,"Calendar Year (Jan - Dec), 2025","Ambur, Municipality",45.39,19.97,16.73,1302.0,1302.0,1111.0,-9.748434550465618,Normal,2347,Low
India,Tamil Nadu,"Calendar Year (Jan - Dec), 2025","Perungudi, Municipal Corporation",33.06,2.4,2.4,108.0,108.0,108.0,-9.751652563594234,Normal,2348,Low
India,Maharashtra,"Calendar Year (Jan - Dec), 2025","Pandharkaoda, Municipality",61.13,13.71,17.7,830.0,789.0,478.0,-9.754393888123843,Normal,2349,Low
India,Maharashtra,"Calendar Year (Jan - Dec), 2025","Jamner, Municipality",123.03,28.25,23.69,1527.0,1318.0,1248.0,-9.758467879254113,Normal,2350,Low
India,Tamil Nadu,"Calendar Year (Jan - Dec), 2025","Tirukalukundram, Town Panchayat",55.47,22.18,19.31,1429.0,1429.0,1241.0,-9.76116289836051,Normal,2351,Low
India,Telangana,"Calendar Year (Jan - Dec), 2025","Wanaparthy, Municipality",129.28,26.09,20.58,1566.0,1564.0,1510.0,-9.764006995143973,Normal,2352,Low
India,Tamil Nadu,"Calendar Year (Jan - Dec), 2025","Sivaganga, Municipality",108.47,26.81,24.84,1670.0,1670.0,1651.0,-9.76883366893179,Normal,2353,Low
India,Madhya Pradesh,"Calendar Year (Jan - Dec), 2025","Satai, Town Panchayat",77.48,26.22,23.51,1748.0,1732.0,1293.0,-9.769273398303028,Normal,2354,Low
India,Gujarat,"Calendar Year (Jan - Dec), 2025","Tarsadi, Municipality",91.31,24.79,23.67,1226.0,1169.0,1124.0,-9.76931795292154,Normal,2355,Low
India,Chhattisgarh,"Calendar Year (Jan - Dec), 2025","Gaurella, Municipality",41.04,18.22,16.03,1199.0,1194.0,1075.0,-9.769445470386643,Normal,2356,Low
India,Karnataka,"Calendar Year (Jan - Dec), 2025","Sidlaghatta, Municipality",99.44,30.31,20.39,2015.0,2015.0,1748.0,-9.77096342477904,Normal,2357,Low
India,Gujarat,"Calendar Year (Jan - Dec), 2025","Gariadhar, Municipality",56.94,21.46,19.99,1378.0,1375.0,1285.0,-9.785099414400463,Normal,2358,Low
India,Uttar Pradesh,"Calendar Year (Jan - Dec), 2025","Chharra Rafatpur, Town Panchayat",90.36,32.06,26.51,2137.0,1722.0,1705.0,-9.785672005889637,Normal,2359,Low
India,Gujarat,"Calendar Year (Jan - Dec), 2025","Vijapur, Municipality",90.84,21.35,21.63,1083.0,1005.0,947.0,-9.786031068322984,Normal,2360,Low
India,Tamil Nadu,"Calendar Year (Jan - Dec), 2025","Krishnagiri, Municipality",107.57,24.87,24.46,1546.0,1546.0,1499.0,-9.789892505551961,Normal,2361,Low
India,Odisha,"Calendar Year (Jan - Dec), 2025","Kendrapara, Municipality",80.54,31.43,24.11,2070.0,1689.0,1581.0,-9.803956658765628,Normal,2362,Low
India,Madhya Pradesh,"Calendar Year (Jan - Dec), 2025","Nainpur, Municipality",53.86,20.12,20.79,1333.0,1251.0,1193.0,-9.808635014976403,Normal,2363,Low
India,Madhya Pradesh,"Calendar Year (Jan - Dec), 2025","Rampur Naikin, Town Panchayat",69.36,25.21,22.42,1677.0,1616.0,1244.0,-9.81090583695493,Normal,2364,Low
India,Madhya Pradesh,"Calendar Year (Jan - Dec), 2025","Niwari, Town Panchayat",63.42,23.73,20.92,1570.0,1546.0,1274.0,-9.81373568923533,Normal,2365,Low
India,Uttar Pradesh,"Calendar Year (Jan - Dec), 2025","Tindwari, Town Panchayat",45.67,18.08,17.77,1205.0,1177.0,1162.0,-9.814390746227446,Normal,2366,Low
India,Kerala,"Calendar Year (Jan - Dec), 2025","Parappanangadi, Municipality",62.78,23.37,21.83,1504.0,1475.0,1199.0,-9.814536872333122,Normal,2367,Low
India,Tamil Nadu,"Calendar Year (Jan - Dec), 2025","Thiruvathipuram, Municipality",37.16,16.54,15.76,1079.0,1079.0,1012.0,-9.815249371653124,Normal,2368,Low
India,Uttar Pradesh,"Calendar Year (Jan - Dec), 2025","Bah, Municipality",39.31,17.04,16.46,1136.0,1090.0,1062.0,-9.817267108083229,Normal,2369,Low
India,Uttar Pradesh,"Calendar Year (Jan - Dec), 2025","Badhani Chafa, Town Panchayat",84.87,29.86,26.24,1991.0,1650.0,1575.0,-9.818963723649347,Normal,2370,Low
India,Uttar Pradesh,"Calendar Year (Jan - Dec), 2025","Maniyar, Town Panchayat",71.08,26.13,23.75,1742.0,1490.0,1464.0,-9.825503233381085,Normal,2371,Low
India,Maharashtra,"Calendar Year (Jan - Dec), 2025","Himayatnagar, Town Panchayat",124.32,29.65,26.39,1967.0,1479.0,1227.0,-9.825728528962713,Normal,2372,Low
India,Mizoram,"Calendar Year (Jan - Dec), 2025","North Kawnpui, Town Panchayat",18.73,12.01,10.51,782.0,782.0,541.0,-9.829501104735073,Normal,2373,Low
India,Chhattisgarh,"Calendar Year (Jan - Dec), 2025","Bhakhara, Town Panchayat",26.47,13.36,12.83,891.0,891.0,849.0,-9.830237744163583,Normal,2374,Low
India,Uttar Pradesh,"Calendar Year (Jan - Dec), 2025","Nyotini, Town Panchayat",39.4,16.94,16.45,1129.0,1077.0,1074.0,-9.836890040066066,Normal,2375,Low
India,Madhya Pradesh,"Calendar Year (Jan - Dec), 2025","Churhat, Town Panchayat",57.55,22.16,20.36,1476.0,1441.0,1075.0,-9.838213548054341,Normal,2376,Low
India,Madhya Pradesh,"Calendar Year (Jan - Dec), 2025","Khujner, Town Panchayat",55.64,21.29,18.99,1416.0,1371.0,1309.0,-9.839454030828392,Normal,2377,Low
India,Rajasthan,"Calendar Year (Jan - Dec), 2025","Rajsamand, Municipality",116.95,30.92,26.24,1839.0,1780.0,1433.0,-9.841419309398702,Normal,2378,Low
India,Madhya Pradesh,"Calendar Year (Jan - Dec), 2025","Kannod, Town Panchayat",56.35,20.78,20.0,1360.0,1332.0,1270.0,-9.844398299012823,Normal,2379,Low
India,Chhattisgarh,"Calendar Year (Jan - Dec), 2025","Pendra, Municipality",49.41,20.76,17.5,1347.0,1347.0,1149.0,-9.845519789010268,Normal,2380,Low
India,Gujarat,"Calendar Year (Jan - Dec), 2025","Dharampur, Municipality",78.5,25.46,22.94,1596.0,1566.0,1546.0,-9.845607502824237,Normal,2381,Low
India,Tamil Nadu,"Calendar Year (Jan - Dec), 2025","Pollachi, Municipality",107.75,25.66,23.93,1532.0,1532.0,1513.0,-9.849520810219929,Normal,2382,Low
India,Madhya Pradesh,"Calendar Year (Jan - Dec), 2025","Sonkatch, Town Panchayat",55.66,20.57,19.78,1333.0,1320.0,1259.0,-9.852534631444428,Normal,2383,Low
India,Karnataka,"Calendar Year (Jan - Dec), 2025","Rabkavi Banhatti, Municipality",105.87,30.63,25.22,2036.0,1909.0,1778.0,-9.857598605524856,Normal,2384,Low
India,Madhya Pradesh,"Calendar Year (Jan - Dec), 2025","Amanganj, Town Panchayat",57.32,21.53,19.72,1431.0,1421.0,1236.0,-9.859029391537604,Normal,2385,Low
India,Odisha,"Calendar Year (Jan - Dec), 2025","Udala, Town Panchayat",33.29,16.12,14.6,1071.0,1025.0,939.0,-9.85934317463807,Normal,2386,Low
India,Uttar Pradesh,"Calendar Year (Jan - Dec), 2025","Gopamau, Town Panchayat",49.24,20.34,19.02,1352.0,1207.0,1205.0,-9.859832505318082,Normal,2387,Low
India,Uttar Pradesh,"Calendar Year (Jan - Dec), 2025","Kadaura, Town Panchayat",41.97,16.68,16.69,1112.0,1112.0,1110.0,-9.861173540191658,Normal,2388,Low
India,Madhya Pradesh,"Calendar Year (Jan - Dec), 2025","Shahganj, Town Panchayat",46.36,17.44,18.67,1161.0,1161.0,1074.0,-9.8675770729497,Normal,2389,Low
India,Uttar Pradesh,"Calendar Year (Jan - Dec), 2025","Sarai Aquil, Town Panchayat",46.94,19.53,18.32,1301.0,1186.0,1170.0,-9.870532012767114,Normal,2390,Low
India,Rajasthan,"Calendar Year (Jan - Dec), 2025","Todabhim, Town Panchayat",8.34,2.14,1.07,140.0,47.0,30.0,-9.871399231229702,Normal,2391,Low
India,Maharashtra,"Calendar Year (Jan - Dec), 2025","Dahanu, Municipality",74.13,11.65,11.66,489.0,489.0,489.0,-9.871923053084345,Normal,2392,Low
India,Uttar Pradesh,"Calendar Year (Jan - Dec), 2025","Maudaha, Municipality",74.01,26.47,24.0,1765.0,1508.0,1492.0,-9.872821834111392,Normal,2393,Low
India,Tamil Nadu,"Calendar Year (Jan - Dec), 2025","Rajapalayam, Municipality",116.34,24.39,21.71,1540.0,1540.0,1518.0,-9.873135175026675,Normal,2394,Low
India,Maharashtra,"Calendar Year (Jan - Dec), 2025","Tirora, Municipality",49.17,11.46,6.29,738.0,482.0,183.0,-9.873135698338046,Normal,2395,Low
India,Uttar Pradesh,"Calendar Year (Jan - Dec), 2025","Subeha, Town Panchayat",41.71,17.92,17.03,1195.0,1122.0,1084.0,-9.874729456232444,Normal,2396,Low
India,Andhra Pradesh,"Calendar Year (Jan - Dec), 2025","Yeleswaram, Town Panchayat",77.6,28.8,23.54,1905.0,1636.0,1199.0,-9.8759298277011,Normal,2397,Low
India,Uttar Pradesh,"Calendar Year (Jan - Dec), 2025","Jaswantnagar, Municipality",88.49,32.41,26.72,2161.0,1616.0,1510.0,-9.880595486244147,Normal,2398,Low
India,Rajasthan,"Calendar Year (Jan - Dec), 2025","Fatehnagar, Town Panchayat",48.88,20.52,16.44,810.0,807.0,504.0,-9.882670637406704,Normal,2399,Low
India,Punjab,"Calendar Year (Jan - Dec), 2025","Bilga, Town Panchayat",13.08,3.27,1.54,207.0,39.0,38.0,-9.883154012853367,Normal,2400,Low
India,Uttar Pradesh,"Calendar Year (Jan - Dec), 2025","Rajapur, Town Panchayat",67.38,25.57,22.93,1702.0,1448.0,1390.0,-9.884452479074355,Normal,2401,Low
India,Uttar Pradesh,"Calendar Year (Jan - Dec), 2025","Raja Ka Rampur, Town Panchayat",35.35,15.83,15.4,1050.0,1010.0,1004.0,-9.888545615895453,Normal,2402,Low
India,Rajasthan,"Calendar Year (Jan - Dec), 2025","Bundi, Municipality",92.04,25.23,21.75,1506.0,1367.0,886.0,-9.889580157720445,Normal,2403,Low
India,Tamil Nadu,"Calendar Year (Jan - Dec), 2025","Arani, Municipality",43.38,17.98,17.25,1164.0,1164.0,1076.0,-9.890028122044669,Normal,2404,Low
India,Bihar,"Calendar Year (Jan - Dec), 2025","Biharsharif, Municipal Corporation",127.13,33.45,26.89,2145.0,1528.0,1344.0,-9.891795064118071,Normal,2405,Low
India,Bihar,"Calendar Year (Jan - Dec), 2025","Ekma Bazar, Town Panchayat",84.45,22.8,14.44,1517.0,1002.0,596.0,-9.894951298446927,Normal,2406,Low
India,Karnataka,"Calendar Year (Jan - Dec), 2025","Kudchi, Town Panchayat",139.84,37.27,25.14,2483.0,2032.0,1751.0,-9.89531757743481,Normal,2407,Low
India,Kerala,"Calendar Year (Jan - Dec), 2025",Greater Cochin Development Authority,12.32,1.32,0.53,88.0,88.0,86.0,-9.896031955548096,Normal,2408,Low
India,Uttar Pradesh,"Calendar Year (Jan - Dec), 2025","Pratapgarh City, Town Panchayat",41.42,16.92,16.74,1115.0,1096.0,1094.0,-9.896359579664932,Normal,2409,Low
India,Assam,"Calendar Year (Jan - Dec), 2025","Biswanath Chariali, Municipality",26.22,14.39,12.18,957.0,957.0,580.0,-9.8996932984453,Normal,2410,Low
India,Rajasthan,"Calendar Year (Jan - Dec), 2025","Dausa, Municipality",103.05,27.42,21.4,1634.0,1291.0,904.0,-9.906560345625735,Normal,2411,Low
India,Odisha,"Calendar Year (Jan - Dec), 2025","Jharsuguda, Municipality",91.45,30.93,26.62,1902.0,1658.0,1486.0,-9.90726541745056,Normal,2412,Low
India,Tamil Nadu,"Calendar Year (Jan - Dec), 2025","Palladam, Municipality",96.75,25.35,24.38,1500.0,1500.0,1438.0,-9.907290576347066,Normal,2413,Low
India,Madhya Pradesh,"Calendar Year (Jan - Dec), 2025","Devendranagar, Town Panchayat",57.69,22.41,20.33,1493.0,1415.0,1040.0,-9.909260251571027,Normal,2414,Low
India,Tamil Nadu,"Calendar Year (Jan - Dec), 2025",Gudalur (C),35.95,16.39,15.56,1076.0,1076.0,919.0,-9.911592161232988,Normal,2415,Low
India,Madhya Pradesh,"Calendar Year (Jan - Dec), 2025","Jhabua, Municipality",71.99,24.17,22.88,1506.0,1488.0,1347.0,-9.916110808604628,Normal,2416,Low
India,Uttar Pradesh,"Calendar Year (Jan - Dec), 2025","Mundera Bazar, Town Panchayat",97.89,33.42,27.79,2226.0,1638.0,1596.0,-9.919030257387647,Normal,2417,Low
India,Uttar Pradesh,"Calendar Year (Jan - Dec), 2025","Partawal, Town Panchayat",70.22,25.5,22.92,1700.0,1492.0,1426.0,-9.919128316522347,Normal,2418,Low
India,Uttar Pradesh,"Calendar Year (Jan - Dec), 2025","Mahona, Town Panchayat",69.34,26.42,22.45,1739.0,1474.0,1464.0,-9.92090621610754,Normal,2419,Low
India,Tamil Nadu,"Calendar Year (Jan - Dec), 2025","Nandivaram - Guduvancheri, Municipality",77.34,10.32,10.26,489.0,488.0,475.0,-9.920925737496532,Normal,2420,Low
India,Karnataka,"Calendar Year (Jan - Dec), 2025","Tirthahalli, Town Panchayat",5.19,1.09,0.91,60.0,59.0,58.0,-9.922080965462328,Normal,2421,Low
India,Madhya Pradesh,"Calendar Year (Jan - Dec), 2025","Chhapiheda, Town Panchayat",44.31,17.21,17.0,1148.0,1148.0,1130.0,-9.926352804537487,Normal,2422,Low
India,Uttar Pradesh,"Calendar Year (Jan - Dec), 2025","Bhojpur Dharampur, Town Panchayat",57.71,21.74,19.95,1449.0,1340.0,1316.0,-9.926659195600337,Normal,2423,Low
India,Rajasthan,"Calendar Year (Jan - Dec), 2025","Jhalawar, Municipality",88.91,25.95,18.0,1607.0,1578.0,890.0,-9.931995332710756,Normal,2424,Low
India,Chhattisgarh,"Calendar Year (Jan - Dec), 2025",Nawagarh (Bemetara),36.3,17.01,9.4,1132.0,1111.0,1053.0,-9.932958183857636,Normal,2425,Low
India,Tamil Nadu,"Calendar Year (Jan - Dec), 2025","Oddanchatram, Municipality",72.54,14.07,9.56,904.0,904.0,404.0,-9.934295723359583,Normal,2426,Low
India,Chhattisgarh,"Calendar Year (Jan - Dec), 2025","Jaijepur, Town Panchayat",36.68,17.39,13.64,1157.0,1120.0,1031.0,-9.936473543452394,Normal,2427,Low
India,West Bengal,"Calendar Year (Jan - Dec), 2025",Kolkata Metropolitan Development Authority,42.67,12.55,3.65,815.0,703.0,319.0,-9.93761671634627,Normal,2428,Low
India,Madhya Pradesh,"Calendar Year (Jan - Dec), 2025","Chaurai Khas, Municipality",53.76,20.03,19.08,1327.0,1288.0,1239.0,-9.94036597770878,Normal,2429,Low
India,Bihar,"Calendar Year (Jan - Dec), 2025","Dinapur Nizamat, Municipality",100.58,18.23,16.45,1008.0,886.0,767.0,-9.942610703221533,Normal,2430,Low
India,Madhya Pradesh,"Calendar Year (Jan - Dec), 2025","Anuppur, Municipality",63.6,20.9,22.5,1315.0,1289.0,1132.0,-9.947623538357107,Normal,2431,Low
India,Kerala,"Calendar Year (Jan - Dec), 2025","Guruvayoor, Municipality",76.58,25.87,22.3,1645.0,1636.0,1425.0,-9.948710610651915,Normal,2432,Low
India,Punjab,"Calendar Year (Jan - Dec), 2025","Tarn Taran, Municipality",55.13,21.25,22.1,1438.0,1178.0,1018.0,-9.949081524600501,Normal,2433,Low
India,Telangana,"Calendar Year (Jan - Dec), 2025","Dundigal, Municipality",56.53,10.0,4.7,539.0,186.0,186.0,-9.95082094453312,Normal,2434,Low
India,Uttar Pradesh,"Calendar Year (Jan - Dec), 2025","Nagina, Municipality",101.51,33.99,27.88,2258.0,1634.0,1565.0,-9.9529350986233,Normal,2435,Low
India,Madhya Pradesh,"Calendar Year (Jan - Dec), 2025","Teonthar, Town Panchayat",56.09,21.0,19.64,1397.0,1356.0,1214.0,-9.95405167541935,Normal,2436,Low
India,Uttar Pradesh,"Calendar Year (Jan - Dec), 2025","Tilhar, Municipality",48.28,18.72,17.88,1246.0,1211.0,1175.0,-9.959893574162265,Normal,2437,Low
India,Madhya Pradesh,"Calendar Year (Jan - Dec), 2025","Pohri, Town Panchayat",3.73,1.29,0.88,85.0,59.0,57.0,-9.962589457038916,Normal,2438,Low
India,Chhattisgarh,"Calendar Year (Jan - Dec), 2025","Akaltara, Municipality",50.31,22.44,17.35,1478.0,1287.0,1227.0,-9.962596085003725,Normal,2439,Low
India,Uttar Pradesh,"Calendar Year (Jan - Dec), 2025","Haidergarh, Town Panchayat",40.12,17.92,16.44,1192.0,1154.0,930.0,-9.963325743770156,Normal,2440,Low
India,Karnataka,"Calendar Year (Jan - Dec), 2025","Harapanahalli, Municipality",139.69,37.19,21.53,2421.0,1856.0,1712.0,-9.964930047379426,Normal,2441,Low
India,Rajasthan,"Calendar Year (Jan - Dec), 2025","Rajakhera, Town Panchayat",69.71,25.89,17.25,1726.0,1711.0,1339.0,-9.966173114296737,Normal,2442,Low
India,Uttar Pradesh,"Calendar Year (Jan - Dec), 2025","Misrikh-Cum-Neemsar, Municipality",45.07,19.05,17.83,1271.0,1135.0,1135.0,-9.967155427753084,Normal,2443,Low
India,Andhra Pradesh,"Calendar Year (Jan - Dec), 2025","Chinthalapudi, Town Panchayat",53.29,19.05,8.58,1270.0,876.0,410.0,-9.967586320352837,Normal,2444,Low
India,Madhya Pradesh,"Calendar Year (Jan - Dec), 2025","Rajgarh, Town Panchayat",60.27,21.84,20.64,1425.0,1351.0,1297.0,-9.967969393457395,Normal,2445,Low
India,Bihar,"Calendar Year (Jan - Dec), 2025","Hisua, Town Panchayat",75.12,19.43,11.56,1282.0,549.0,461.0,-9.972216541405317,Normal,2446,Low
India,Karnataka,"Calendar Year (Jan - Dec), 2025","Hoovina Hadagalli, Municipality",90.41,26.75,15.83,1763.0,1736.0,1613.0,-9.972547662698389,Normal,2447,Low
India,Odisha,"Calendar Year (Jan - Dec), 2025","Rajagangapur, Municipality",62.21,26.75,20.94,1776.0,1400.0,1262.0,-9.97284508268001,Normal,2448,Low
India,Uttar Pradesh,"Calendar Year (Jan - Dec), 2025","Nehtaur, Municipality",49.61,20.6,18.62,1374.0,1233.0,1171.0,-9.97395901129272,Normal,2449,Low
India,Madhya Pradesh,"Calendar Year (Jan - Dec), 2025","Nagri, Town Panchayat",48.89,18.24,17.85,1216.0,1216.0,1168.0,-9.977803646306938,Normal,2450,Low
India,Madhya Pradesh,"Calendar Year (Jan - Dec), 2025","Keolari, Town Panchayat",30.14,9.0,2.02,599.0,139.0,130.0,-9.983206026586856,Normal,2451,Low
India,Andhra Pradesh,"Calendar Year (Jan - Dec), 2025","Buchireddypalem, Town Panchayat",80.16,29.95,15.25,1997.0,1712.0,1284.0,-9.984124760968086,Normal,2452,Low
India,Tamil Nadu,"Calendar Year (Jan - Dec), 2025","Uthamapalayam, Town Panchayat",110.0,19.57,17.3,1261.0,1259.0,1246.0,-9.99160355269629,Normal,2453,Low
India,Odisha,"Calendar Year (Jan - Dec), 2025","Redhakhol, Town Panchayat",44.86,21.06,15.05,1398.0,1249.0,1127.0,-9.991970922349424,Normal,2454,Low
India,Chhattisgarh,"Calendar Year (Jan - Dec), 2025","Jamul, Municipality",37.96,17.03,16.04,1110.0,1078.0,965.0,-9.994029978134904,Normal,2455,Low
India,Chhattisgarh,"Calendar Year (Jan - Dec), 2025","Chhuikhadan, Town Panchayat",25.78,12.59,13.13,838.0,838.0,810.0,-9.99714237091439,Normal,2456,Low
India,Andhra Pradesh,"Calendar Year (Jan - Dec), 2025","Chimakurthy, Municipality",82.42,30.44,16.73,2013.0,1737.0,1189.0,-10.002433205294778,Normal,2457,Low
India,Madhya Pradesh,"Calendar Year (Jan - Dec), 2025","Shamshabad, Town Panchayat",51.11,19.6,18.07,1295.0,1274.0,1194.0,-10.002910641454037,Normal,2458,Low
India,Kerala,"Calendar Year (Jan - Dec), 2025","Koduvally, Municipality",54.43,20.3,20.2,1199.0,1194.0,1142.0,-10.006939674274406,Normal,2459,Low
India,Chhattisgarh,"Calendar Year (Jan - Dec), 2025","Konta, Town Panchayat",32.07,15.14,14.54,1008.0,1008.0,829.0,-10.007678112425594,Normal,2460,Low
India,Uttar Pradesh,"Calendar Year (Jan - Dec), 2025","Sherkot, Municipality",107.5,34.11,24.71,2274.0,1376.0,1253.0,-10.007684796261742,Normal,2461,Low
India,Madhya Pradesh,"Calendar Year (Jan - Dec), 2025","Runji -Gautampura, Town Panchayat",52.11,19.39,18.77,1272.0,1239.0,1202.0,-10.008237953672506,Normal,2462,Low
India,Odisha,"Calendar Year (Jan - Dec), 2025","Phulabani, Municipality",44.38,20.67,15.67,1373.0,1227.0,1101.0,-10.009524980774302,Normal,2463,Low
India,Maharashtra,"Calendar Year (Jan - Dec), 2025","Shegaon, Municipality",103.33,21.59,16.8,1290.0,1110.0,761.0,-10.011378616692184,Normal,2464,Low
India,Kerala,"Calendar Year (Jan - Dec), 2025","Nilambur, Municipality",66.73,24.31,22.34,1368.0,1343.0,1169.0,-10.01341848820283,Normal,2465,Low
India,Uttar Pradesh,"Calendar Year (Jan - Dec), 2025","Bhogaon, Town Panchayat",39.85,16.95,16.35,1129.0,1074.0,1040.0,-10.02129783084689,Normal,2466,Low
India,Madhya Pradesh,"Calendar Year (Jan - Dec), 2025","Narayangarh, Town Panchayat",52.62,19.99,18.05,1329.0,1314.0,1205.0,-10.02213307027938,Normal,2467,Low
India,Madhya Pradesh,"Calendar Year (Jan - Dec), 2025","Shamgarh, Town Panchayat",58.66,21.02,19.73,1351.0,1327.0,1276.0,-10.022850057370306,Normal,2468,Low
India,Karnataka,"Calendar Year (Jan - Dec), 2025","Gangawati, Municipality",120.07,31.89,16.53,2074.0,1704.0,1632.0,-10.028872717168781,Normal,2469,Low
India,Tamil Nadu,"Calendar Year (Jan - Dec), 2025","Annur, Town Panchayat",91.0,18.86,17.69,1020.0,1020.0,759.0,-10.029796703509874,Normal,2470,Low
India,Uttar Pradesh,"Calendar Year (Jan - Dec), 2025","Naraini, Town Panchayat",45.75,17.79,17.41,1186.0,1158.0,1120.0,-10.030436033111584,Normal,2471,Low
India,Gujarat,"Calendar Year (Jan - Dec), 2025","Vadnagar, Municipality",96.18,31.24,25.82,1873.0,1621.0,1572.0,-10.030630242097857,Normal,2472,Low
India,Mizoram,"Calendar Year (Jan - Dec), 2025","Bairabi, Town Panchayat",11.46,8.6,7.66,573.0,573.0,436.0,-10.030692490826084,Normal,2473,Low
India,Uttar Pradesh,"Calendar Year (Jan - Dec), 2025","Shamsabad, Municipality",62.41,21.83,21.0,1406.0,1338.0,1294.0,-10.031452532862431,Normal,2474,Low
India,Maharashtra,"Calendar Year (Jan - Dec), 2025","Darwha, Municipality",92.24,21.56,11.65,1391.0,925.0,599.0,-10.031485930440454,Normal,2475,Low
India,Tamil Nadu,"Calendar Year (Jan - Dec), 2025","Edaganasalai, Municipality",34.33,15.64,14.61,1033.0,1033.0,931.0,-10.032497162161519,Normal,2476,Low
India,Uttar Pradesh,"Calendar Year (Jan - Dec), 2025","Dhaura Tanda, Town Panchayat",65.98,23.98,21.87,1598.0,1396.0,1361.0,-10.039487016173666,Normal,2477,Low
India,Uttar Pradesh,"Calendar Year (Jan - Dec), 2025","Bahadurganj, Town Panchayat",74.46,27.73,23.76,1847.0,1466.0,1422.0,-10.039574538696627,Normal,2478,Low
India,Tamil Nadu,"Calendar Year (Jan - Dec), 2025","Thalainayar, Town Panchayat",33.06,15.77,13.43,1049.0,1049.0,914.0,-10.050824518003935,Normal,2479,Low
India,Karnataka,"Calendar Year (Jan - Dec), 2025","Jali, Town Panchayat",3.94,1.29,0.78,86.0,84.0,63.0,-10.050862126839434,Normal,2480,Low
India,Punjab,"Calendar Year (Jan - Dec), 2025","Rupnagar, Municipality",90.93,19.35,18.48,972.0,890.0,859.0,-10.05227283988927,Normal,2481,Low
India,Bihar,"Calendar Year (Jan - Dec), 2025","Baheri, Town Panchayat",22.43,5.17,2.07,345.0,106.0,,-10.053371124511159,Normal,2482,Low
India,Madhya Pradesh,"Calendar Year (Jan - Dec), 2025","Sanawad, Municipality",78.33,25.0,23.75,1550.0,1425.0,1405.0,-10.055019270923594,Normal,2483,Low
India,Maharashtra,"Calendar Year (Jan - Dec), 2025","Patoda, Town Panchayat",59.43,14.48,18.59,953.0,830.0,532.0,-10.05720164078383,Normal,2484,Low
India,Madhya Pradesh,"Calendar Year (Jan - Dec), 2025","Pandhana, Town Panchayat",58.35,21.12,20.06,1368.0,1317.0,1238.0,-10.05781004307471,Normal,2485,Low
India,Madhya Pradesh,"Calendar Year (Jan - Dec), 2025","Kotma, Municipality",46.16,17.47,19.37,1159.0,1101.0,914.0,-10.058770949357552,Normal,2486,Low
India,Uttar Pradesh,"Calendar Year (Jan - Dec), 2025","Sahaswan, Municipality",63.44,23.69,21.1,1579.0,1383.0,1332.0,-10.068686803469234,Normal,2487,Low
India,Madhya Pradesh,"Calendar Year (Jan - Dec), 2025","Jirapur, Town Panchayat",53.31,19.47,18.72,1279.0,1234.0,1227.0,-10.06901330601795,Normal,2488,Low
India,Maharashtra,"Calendar Year (Jan - Dec), 2025","Arvi, Municipality",133.82,31.73,24.02,2069.0,1770.0,1571.0,-10.073682270003985,Normal,2489,Low
India,Bihar,"Calendar Year (Jan - Dec), 2025","Gopalganj, Municipality",79.8,21.34,13.97,1391.0,1181.0,618.0,-10.081832577405748,Normal,2490,Low
India,Karnataka,"Calendar Year (Jan - Dec), 2025","Kalghatgi, Town Panchayat",88.22,28.11,20.29,1858.0,1808.0,1559.0,-10.082048602482075,Normal,2491,Low
India,Tamil Nadu,"Calendar Year (Jan - Dec), 2025","Bodinayakanur, Municipality",82.08,21.05,22.02,1346.0,1346.0,1334.0,-10.082815008110742,Normal,2492,Low
India,Telangana,"Calendar Year (Jan - Dec), 2025","Nagarkurnool, Municipality",78.12,16.51,8.5,979.0,413.0,413.0,-10.083268151888092,Normal,2493,Low
India,Uttar Pradesh,"Calendar Year (Jan - Dec), 2025","Rasra, Municipality",54.21,21.21,19.53,1411.0,1264.0,1201.0,-10.083678931720897,Normal,2494,Low
India,Chhattisgarh,"Calendar Year (Jan - Dec), 2025","Pathalgaon, Town Panchayat",49.22,20.78,17.06,1321.0,1320.0,1048.0,-10.084044531989889,Normal,2495,Low
India,Karnataka,"Calendar Year (Jan - Dec), 2025","Basavakalyan, Municipality",117.51,31.16,22.92,2015.0,1537.0,1166.0,-10.08706802843318,Normal,2496,Low
India,Maharashtra,"Calendar Year (Jan - Dec), 2025","Pusad, Municipality",99.72,21.66,17.63,1280.0,1038.0,753.0,-10.087121323908718,Normal,2497,Low
India,Uttar Pradesh,"Calendar Year (Jan - Dec), 2025","Rithora, Town Panchayat",47.87,18.43,17.69,1226.0,1173.0,1155.0,-10.088979075345264,Normal,2498,Low
India,Madhya Pradesh,"Calendar Year (Jan - Dec), 2025","Alirajpur, Municipality",75.28,24.82,22.77,1534.0,1460.0,1369.0,-10.089866602603934,Normal,2499,Low
India,Gujarat,"Calendar Year (Jan - Dec), 2025","Keshod, Municipality",88.57,24.43,22.63,1249.0,1138.0,1108.0,-10.094843892836423,Normal,2500,Low
India,Uttar Pradesh,"Calendar Year (Jan - Dec), 2025",Gosainganj (Lucknow),33.39,14.58,14.42,972.0,961.0,961.0,-10.101984180584395,Normal,2501,Low
India,Maharashtra,"Calendar Year (Jan - Dec), 2025","Tuljapur, Municipality",94.68,20.17,15.77,1218.0,782.0,641.0,-10.103978583319531,Normal,2502,Low
India,Odisha,"Calendar Year (Jan - Dec), 2025","Hinjilicut, Municipality",39.43,18.02,15.66,1194.0,1082.0,1033.0,-10.105299565111636,Normal,2503,Low
India,Uttar Pradesh,"Calendar Year (Jan - Dec), 2025","Shivli, Town Panchayat",39.07,16.8,15.9,1120.0,1059.0,1025.0,-10.1069900837187,Normal,2504,Low
India,Maharashtra,"Calendar Year (Jan - Dec), 2025","Ghansavangi, Town Panchayat",68.48,14.92,15.41,990.0,867.0,474.0,-10.108645535865321,Normal,2505,Low
India,Odisha,"Calendar Year (Jan - Dec), 2025","Daspalla, Town Panchayat",33.91,15.79,14.06,1048.0,993.0,980.0,-10.108937965931489,Normal,2506,Low
India,Odisha,"Calendar Year (Jan - Dec), 2025","Belpahar, Municipality",33.35,15.5,14.35,1028.0,978.0,948.0,-10.109995733366532,Normal,2507,Low
India,Uttar Pradesh,"Calendar Year (Jan - Dec), 2025",Nawabganj,47.45,12.51,5.88,834.0,215.0,212.0,-10.110551186692533,Normal,2508,Low
India,Karnataka,"Calendar Year (Jan - Dec), 2025","Sedam, Municipality",107.49,29.36,22.3,1886.0,1790.0,1271.0,-10.112402405501768,Normal,2509,Low
India,Uttar Pradesh,"Calendar Year (Jan - Dec), 2025","Vijaigarh, Town Panchayat",31.96,15.8,14.67,1053.0,916.0,911.0,-10.113181412469316,Normal,2510,Low
India,Tamil Nadu,"Calendar Year (Jan - Dec), 2025","Paramakudi, Municipality",36.84,15.95,15.23,1044.0,1044.0,973.0,-10.113934202123971,Normal,2511,Low
India,Madhya Pradesh,"Calendar Year (Jan - Dec), 2025","Patera, Town Panchayat",64.71,23.59,20.75,1572.0,1415.0,1337.0,-10.115488577997496,Normal,2512,Low
India,Karnataka,"Calendar Year (Jan - Dec), 2025","Devadurga, Municipality",100.53,29.92,14.23,1969.0,1629.0,1416.0,-10.115651642839453,Normal,2513,Low
India,Punjab,"Calendar Year (Jan - Dec), 2025","Lalru, Municipality",86.38,30.7,15.79,2068.0,1625.0,1550.0,-10.116076688150372,Normal,2514,Low
India,Odisha,"Calendar Year (Jan - Dec), 2025","Bhuban, Town Panchayat",106.96,35.41,19.49,2353.0,1326.0,1260.0,-10.117329188636631,Normal,2515,Low
India,Madhya Pradesh,"Calendar Year (Jan - Dec), 2025","Shahgarh, Town Panchayat",50.83,18.95,18.15,1257.0,1214.0,1178.0,-10.117498348073298,Normal,2516,Low
India,Uttar Pradesh,"Calendar Year (Jan - Dec), 2025","Kasganj, Municipality",80.69,28.93,24.0,1908.0,1519.0,1479.0,-10.119785175028824,Normal,2517,Low
India,Odisha,"Calendar Year (Jan - Dec), 2025","Rayagada, Municipality",73.75,27.99,21.17,1764.0,1591.0,1375.0,-10.120394194599271,Normal,2518,Low
India,Gujarat,"Calendar Year (Jan - Dec), 2025","Bhabhar, Municipality",87.21,27.52,23.99,1638.0,1536.0,1421.0,-10.122176052726502,Normal,2519,Low
India,Tamil Nadu,"Calendar Year (Jan - Dec), 2025","Melvisharam, Municipality",33.7,15.58,14.37,1031.0,987.0,949.0,-10.125540511609529,Normal,2520,Low
India,Bihar,"Calendar Year (Jan - Dec), 2025","Dehri Dalmianagar, Municipality",93.93,22.99,12.15,1500.0,1027.0,671.0,-10.127340135017107,Normal,2521,Low
India,Andhra Pradesh,"Calendar Year (Jan - Dec), 2025","Anakapalle, Municipal Corporation",102.93,29.78,15.5,1815.0,1485.0,996.0,-10.133231644508726,Normal,2522,Low
India,Uttar Pradesh,"Calendar Year (Jan - Dec), 2025","Iltifatganj Bazar, Town Panchayat",45.63,18.41,17.91,1227.0,1106.0,1102.0,-10.137842530647958,Normal,2523,Low
India,Gujarat,"Calendar Year (Jan - Dec), 2025","Rajula, Municipality",91.16,27.59,24.41,1549.0,1411.0,1287.0,-10.140364455398412,Normal,2524,Low
India,Maharashtra,"Calendar Year (Jan - Dec), 2025","Sillod, Municipality",98.94,21.57,12.46,1340.0,1106.0,702.0,-10.140380250265025,Normal,2525,Low
India,Uttarakhand,"Calendar Year (Jan - Dec), 2025","Nanakmatta, Town Panchayat",3.85,1.2,1.09,71.0,71.0,59.0,-10.140609350349337,Normal,2526,Low
India,Odisha,"Calendar Year (Jan - Dec), 2025","Anugul, Municipality",63.92,26.43,17.63,1689.0,1524.0,1290.0,-10.141145189371457,Normal,2527,Low
India,Gujarat,"Calendar Year (Jan - Dec), 2025","Bayad, Municipality",100.15,24.84,22.75,1390.0,1289.0,1268.0,-10.141282730011426,Normal,2528,Low
India,Madhya Pradesh,"Calendar Year (Jan - Dec), 2025","Seondha, Town Panchayat",51.98,19.85,18.02,1319.0,1315.0,1087.0,-10.14236373159855,Normal,2529,Low
India,Maharashtra,"Calendar Year (Jan - Dec), 2025","Kalamnuri, Municipality",87.33,20.42,11.19,1325.0,957.0,573.0,-10.145369378585144,Normal,2530,Low
India,Karnataka,"Calendar Year (Jan - Dec), 2025","Shahpur, Municipality",73.71,23.53,21.29,1500.0,1472.0,1387.0,-10.148732517163353,Normal,2531,Low
India,Uttar Pradesh,"Calendar Year (Jan - Dec), 2025","Bhadarsa, Town Panchayat",90.09,26.87,18.54,1790.0,873.0,858.0,-10.149453443811012,Normal,2532,Low
India,Tamil Nadu,"Calendar Year (Jan - Dec), 2025","Vadakkuvalliyur, Town Panchayat",81.59,18.67,10.06,1228.0,1219.0,658.0,-10.15000381030245,Normal,2533,Low
India,Madhya Pradesh,"Calendar Year (Jan - Dec), 2025","Barghat, Town Panchayat",57.56,20.99,20.32,1383.0,1258.0,1205.0,-10.153694064468482,Normal,2534,Low
India,Bihar,"Calendar Year (Jan - Dec), 2025","Piro, Municipality",84.7,23.72,14.25,1577.0,1223.0,699.0,-10.155900670491462,Normal,2535,Low
India,Maharashtra,"Calendar Year (Jan - Dec), 2025","Ralegaon, Town Panchayat",16.87,3.78,11.71,239.0,204.0,145.0,-10.159826551951937,Normal,2536,Low
India,Madhya Pradesh,"Calendar Year (Jan - Dec), 2025","Jeron Khalsa, Town Panchayat",54.42,20.75,17.7,1383.0,1382.0,937.0,-10.168569535663664,Normal,2537,Low
India,Uttar Pradesh,"Calendar Year (Jan - Dec), 2025","Bahjoi, Municipality",92.01,31.31,25.17,2085.0,1544.0,1530.0,-10.181915103700703,Normal,2538,Low
India,Madhya Pradesh,"Calendar Year (Jan - Dec), 2025","Badi, Town Panchayat",79.33,28.02,22.73,1850.0,1555.0,1469.0,-10.183251857413723,Normal,2539,Low
India,Madhya Pradesh,"Calendar Year (Jan - Dec), 2025","Govindgarh, Town Panchayat",48.79,18.22,17.32,1215.0,1209.0,1124.0,-10.18464736217203,Normal,2540,Low
India,Karnataka,"Calendar Year (Jan - Dec), 2025","Chikkaballapura, Municipality",106.85,27.49,15.13,1785.0,1090.0,877.0,-10.1870748951319,Normal,2541,Low
India,Uttar Pradesh,"Calendar Year (Jan - Dec), 2025","Dalmau, Town Panchayat",43.39,17.97,16.94,1198.0,1097.0,1072.0,-10.19130550994231,Normal,2542,Low
India,Odisha,"Calendar Year (Jan - Dec), 2025","Pipili, Town Panchayat",60.19,24.37,18.48,1591.0,1435.0,1231.0,-10.192115274532625,Normal,2543,Low
India,Kerala,"Calendar Year (Jan - Dec), 2025","Shoranur, Municipality",75.19,25.61,22.19,1611.0,1517.0,1280.0,-10.19791086916024,Normal,2544,Low
India,Odisha,"Calendar Year (Jan - Dec), 2025","Khordha, Municipality",70.25,28.42,17.56,1831.0,977.0,830.0,-10.200585510875896,Normal,2545,Low
India,Arunachal Pradesh,"Calendar Year (Jan - Dec), 2025","Dirang, Town Panchayat",18.21,13.12,12.62,357.0,341.0,320.0,-10.201788641954067,Normal,2546,Low
India,Uttar Pradesh,"Calendar Year (Jan - Dec), 2025","Ujhani, Municipality",55.07,20.58,18.98,1364.0,1245.0,1229.0,-10.201890618087816,Normal,2547,Low
India,Andhra Pradesh,"Calendar Year (Jan - Dec), 2025","Mummidivaram, Town Panchayat",74.3,29.09,13.94,1929.0,1059.0,840.0,-10.20255838298391,Normal,2548,Low
India,Madhya Pradesh,"Calendar Year (Jan - Dec), 2025","Salichauka, Town Panchayat",58.18,20.53,19.51,1367.0,1288.0,1230.0,-10.205344742200907,Normal,2549,Low
India,Gujarat,"Calendar Year (Jan - Dec), 2025","Unjha, Municipality",108.85,23.72,19.77,1318.0,1071.0,1062.0,-10.20640672176961,Normal,2550,Low
India,Jammu And Kashmir,"Calendar Year (Jan - Dec), 2025","Sopore, Municipality",98.07,27.1,20.18,1693.0,1686.0,1144.0,-10.207326774759906,Normal,2551,Low
India,Kerala,"Calendar Year (Jan - Dec), 2025","Kattappana, Municipality",67.78,22.99,20.9,1511.0,1464.0,1181.0,-10.207807916213767,Normal,2552,Low
India,Madhya Pradesh,"Calendar Year (Jan - Dec), 2025","Jatara, Town Panchayat",49.35,18.99,17.97,1265.0,1218.0,1081.0,-10.20900888626278,Normal,2553,Low
India,Madhya Pradesh,"Calendar Year (Jan - Dec), 2025","Badarwas, Town Panchayat",59.8,21.77,19.56,1443.0,1302.0,1300.0,-10.210519638036772,Normal,2554,Low
India,Tamil Nadu,"Calendar Year (Jan - Dec), 2025","Kalladaikurichi, Town Panchayat",29.58,13.78,13.48,910.0,908.0,865.0,-10.210772413417999,Normal,2555,Low
India,Madhya Pradesh,"Calendar Year (Jan - Dec), 2025","Chandla, Town Panchayat",53.71,19.34,18.27,1289.0,1245.0,1198.0,-10.212505002431271,Normal,2556,Low
India,Uttar Pradesh,"Calendar Year (Jan - Dec), 2025","Brijmanganj, Town Panchayat",102.44,33.66,25.22,2244.0,1597.0,1547.0,-10.214003497238025,Normal,2557,Low
India,Kerala,"Calendar Year (Jan - Dec), 2025","Cherplassery, Municipality",60.73,21.94,20.13,1294.0,1292.0,1172.0,-10.214581215511714,Normal,2558,Low
India,Maharashtra,"Calendar Year (Jan - Dec), 2025","Chikhli, Municipality",85.82,20.59,22.06,1255.0,1150.0,992.0,-10.216385873562217,Normal,2559,Low
India,Madhya Pradesh,"Calendar Year (Jan - Dec), 2025","Babai, Town Panchayat",67.57,23.14,20.51,1518.0,1429.0,1331.0,-10.21645984850386,Normal,2560,Low
India,Uttar Pradesh,"Calendar Year (Jan - Dec), 2025","Chirgaon, Municipality",41.93,16.89,16.39,1124.0,1083.0,1043.0,-10.216566027341457,Normal,2561,Low
India,Karnataka,"Calendar Year (Jan - Dec), 2025","Gokak, Municipality",101.0,28.62,25.21,1781.0,1502.0,1334.0,-10.217993110171392,Normal,2562,Low
India,Chhattisgarh,"Calendar Year (Jan - Dec), 2025","Naya Baradwar, Town Panchayat",34.77,16.38,14.42,1092.0,1016.0,926.0,-10.220281356722296,Normal,2563,Low
India,Tamil Nadu,"Calendar Year (Jan - Dec), 2025","Aruppukkottai, Municipality",50.93,18.66,18.34,1144.0,1144.0,1133.0,-10.223031091297457,Normal,2564,Low
India,Uttar Pradesh,"Calendar Year (Jan - Dec), 2025","Mau, Town Panchayat",47.95,19.47,17.92,1298.0,1149.0,1126.0,-10.223193670182525,Normal,2565,Low
India,Uttar Pradesh,"Calendar Year (Jan - Dec), 2025","Banthara, Town Panchayat",96.89,31.35,23.33,2084.0,1215.0,1190.0,-10.223384767279867,Normal,2566,Low
India,Uttar Pradesh,"Calendar Year (Jan - Dec), 2025","Fatehabad, Town Panchayat",54.29,19.54,18.91,1266.0,1204.0,1193.0,-10.227116433397896,Normal,2567,Low
India,Madhya Pradesh,"Calendar Year (Jan - Dec), 2025","Dhanpuri, Municipality",54.15,20.34,18.49,1344.0,1305.0,1114.0,-10.231488723737812,Normal,2568,Low
India,Uttar Pradesh,"Calendar Year (Jan - Dec), 2025","Jhinjhak, Municipality",41.25,17.39,16.53,1159.0,1053.0,1040.0,-10.231648405278293,Normal,2569,Low
India,Uttar Pradesh,"Calendar Year (Jan - Dec), 2025","Sadat, Town Panchayat",57.1,22.7,19.75,1513.0,1304.0,1132.0,-10.232168639979648,Normal,2570,Low
India,Arunachal Pradesh,"Calendar Year (Jan - Dec), 2025","Yachuli, Town Panchayat",19.24,6.66,,296.0,200.0,,-10.238197263276277,Normal,2571,Low
India,Madhya Pradesh,"Calendar Year (Jan - Dec), 2025","Majholi, Town Panchayat",45.82,17.64,16.86,1173.0,1148.0,1087.0,-10.240475505994198,Normal,2572,Low
India,Rajasthan,"Calendar Year (Jan - Dec), 2025","Tonk, Municipality",101.7,31.85,20.84,2018.0,1761.0,1292.0,-10.24086757979353,Normal,2573,Low
India,Maharashtra,"Calendar Year (Jan - Dec), 2025","Ashti, Town Panchayat",79.29,17.25,15.42,1132.0,938.0,555.0,-10.24087803111081,Normal,2574,Low
India,Bihar,"Calendar Year (Jan - Dec), 2025","Maner, Town Panchayat",100.21,26.49,20.47,1755.0,1366.0,952.0,-10.243421505517006,Normal,2575,Low
India,Tripura,"Calendar Year (Jan - Dec), 2025","Panisagar, Town Panchayat",35.91,17.25,14.33,1107.0,1023.0,972.0,-10.24397974126515,Normal,2576,Low
India,Uttar Pradesh,"Calendar Year (Jan - Dec), 2025","Oran, Town Panchayat",43.15,16.7,16.4,1113.0,1083.0,1074.0,-10.24659538260579,Normal,2577,Low
India,Gujarat,"Calendar Year (Jan - Dec), 2025","Palitana, Municipality",76.75,24.3,22.11,1456.0,1396.0,1323.0,-10.250334298645328,Normal,2578,Low
India,Uttar Pradesh,"Calendar Year (Jan - Dec), 2025","Asother, Town Panchayat",61.45,23.82,20.47,1588.0,1305.0,1266.0,-10.25389179653672,Normal,2579,Low
India,Maharashtra,"Calendar Year (Jan - Dec), 2025","Karanja, Municipality",119.06,25.71,14.82,1609.0,1290.0,1048.0,-10.253892691474334,Normal,2580,Low
India,Karnataka,"Calendar Year (Jan - Dec), 2025","Shiggaon, Municipality",72.0,20.03,9.07,1279.0,1279.0,1106.0,-10.254714250824463,Normal,2581,Low
India,Punjab,"Calendar Year (Jan - Dec), 2025","Amargarh, Town Panchayat",4.25,1.51,1.01,99.0,82.0,42.0,-10.256462731872261,Normal,2582,Low
India,Rajasthan,"Calendar Year (Jan - Dec), 2025","Kekri, Town Panchayat",62.03,17.4,9.33,1139.0,897.0,412.0,-10.260438630948272,Normal,2583,Low
India,Uttar Pradesh,"Calendar Year (Jan - Dec), 2025","Sirsa, Town Panchayat",38.64,16.31,15.61,1082.0,1020.0,1013.0,-10.265609789718724,Normal,2584,Low
India,Himachal Pradesh,"Calendar Year (Jan - Dec), 2025","Theog, Municipality",5.41,1.11,1.09,57.0,57.0,57.0,-10.268358173824822,Normal,2585,Low
India,Uttar Pradesh,"Calendar Year (Jan - Dec), 2025","Machhlishahr, Town Panchayat",47.99,19.58,17.9,1301.0,1147.0,1108.0,-10.268754594902987,Normal,2586,Low
India,Punjab,"Calendar Year (Jan - Dec), 2025","Bariwala, Town Panchayat",7.15,2.08,0.64,138.0,77.0,37.0,-10.269698191801467,Normal,2587,Low
India,Mizoram,"Calendar Year (Jan - Dec), 2025","Lengpui, Town Panchayat",10.56,7.91,7.0,528.0,527.0,452.0,-10.272130356894024,Normal,2588,Low
India,Chhattisgarh,"Calendar Year (Jan - Dec), 2025","Saragaon, Town Panchayat",27.72,13.24,12.44,883.0,883.0,853.0,-10.277169113722039,Normal,2589,Low
India,Rajasthan,"Calendar Year (Jan - Dec), 2025","Kotputli, Municipality",85.3,24.31,18.12,1461.0,1116.0,743.0,-10.28060274699618,Normal,2590,Low
India,Uttar Pradesh,"Calendar Year (Jan - Dec), 2025","Hathgram, Town Panchayat",32.21,14.31,13.97,954.0,934.0,917.0,-10.280972652508467,Normal,2591,Low
India,Bihar,"Calendar Year (Jan - Dec), 2025","Lauria, Town Panchayat",34.13,7.88,3.15,525.0,127.0,,-10.283568166899443,Normal,2592,Low
India,Jammu And Kashmir,"Calendar Year (Jan - Dec), 2025","Baramula, Municipality",92.26,27.13,20.62,1725.0,1725.0,1313.0,-10.284260013175015,Normal,2593,Low
India,Mizoram,"Calendar Year (Jan - Dec), 2025","Thenzawl, Town Panchayat",18.86,12.2,8.7,800.0,796.0,453.0,-10.291665954907216,Normal,2594,Low
India,Odisha,"Calendar Year (Jan - Dec), 2025","Kesinga, Town Panchayat",52.64,25.25,16.62,1682.0,1186.0,1105.0,-10.294644439758656,Normal,2595,Low
India,Madhya Pradesh,"Calendar Year (Jan - Dec), 2025","Manawar, Municipality",78.63,25.08,22.95,1505.0,1335.0,1326.0,-10.295978525948271,Normal,2596,Low
India,Uttar Pradesh,"Calendar Year (Jan - Dec), 2025","Hasanpur, Municipality",73.17,25.58,22.61,1694.0,1377.0,1345.0,-10.296002813826135,Normal,2597,Low
India,Bihar,"Calendar Year (Jan - Dec), 2025","Koath, Town Panchayat",97.73,27.27,22.31,1818.0,1699.0,1332.0,-10.302580872774001,Normal,2598,Low
India,Uttar Pradesh,"Calendar Year (Jan - Dec), 2025","Sewarhi, Town Panchayat",86.64,29.89,23.88,1992.0,1482.0,1455.0,-10.303508745928525,Normal,2599,Low
India,Uttar Pradesh,"Calendar Year (Jan - Dec), 2025","Kemri, Town Panchayat",70.6,25.05,22.1,1670.0,1377.0,1307.0,-10.304593570285931,Normal,2600,Low
India,Tamil Nadu,"Calendar Year (Jan - Dec), 2025","Udumalaipettai, Municipality",83.54,23.26,20.3,1448.0,1448.0,1430.0,-10.306221853543434,Normal,2601,Low
India,Rajasthan,"Calendar Year (Jan - Dec), 2025","Malpura, Town Panchayat",26.6,6.29,3.29,397.0,115.0,63.0,-10.308794937446407,Normal,2602,Low
India,Uttar Pradesh,"Calendar Year (Jan - Dec), 2025","Zafrabad, Town Panchayat",30.71,13.74,13.59,914.0,904.0,894.0,-10.31198129594253,Normal,2603,Low
India,Chhattisgarh,"Calendar Year (Jan - Dec), 2025","Dabhra, Town Panchayat",35.25,16.32,12.94,1083.0,1035.0,993.0,-10.317688082195389,Normal,2604,Low
India,Gujarat,"Calendar Year (Jan - Dec), 2025","Sidhpur, Municipality",91.73,24.57,21.67,1297.0,1128.0,1083.0,-10.318461213057333,Normal,2605,Low
India,Karnataka,"Calendar Year (Jan - Dec), 2025","Harihar, Municipality",88.98,24.1,20.12,1515.0,1513.0,1462.0,-10.324050846444493,Normal,2606,Low
India,Assam,"Calendar Year (Jan - Dec), 2025","Bokakhat, Municipality",29.97,14.86,12.86,988.0,988.0,726.0,-10.327492395737522,Normal,2607,Low
India,Kerala,"Calendar Year (Jan - Dec), 2025","Thrippunithura, Municipality",99.56,23.54,20.74,1356.0,1306.0,1143.0,-10.3326213491722,Normal,2608,Low
India,Kerala,"Calendar Year (Jan - Dec), 2025","Cherthala, Municipality",66.34,22.43,20.35,1392.0,1365.0,1200.0,-10.33485328419681,Normal,2609,Low
India,Uttar Pradesh,"Calendar Year (Jan - Dec), 2025","Usawan, Town Panchayat",58.85,21.63,19.75,1442.0,1249.0,1230.0,-10.340984076466555,Normal,2610,Low
India,Madhya Pradesh,"Calendar Year (Jan - Dec), 2025","Cantonment Board, Mhow",63.74,18.5,18.5,803.0,803.0,803.0,-10.34121963955954,Normal,2611,Low
India,Haryana,"Calendar Year (Jan - Dec), 2025","Hathin, Municipality",20.87,9.62,5.66,642.0,564.0,148.0,-10.343388816468291,Normal,2612,Low
India,Uttar Pradesh,"Calendar Year (Jan - Dec), 2025","Bilariaganj, Municipality",49.73,19.99,18.09,1333.0,1160.0,1113.0,-10.345359436563285,Normal,2613,Low
India,Telangana,"Calendar Year (Jan - Dec), 2025","Gajwel, Municipality",91.17,21.06,19.54,1342.0,1341.0,1341.0,-10.345949542924245,Normal,2614,Low
India,Madhya Pradesh,"Calendar Year (Jan - Dec), 2025","Khetia, Town Panchayat",51.1,19.02,17.92,1245.0,1193.0,1115.0,-10.349722528010886,Normal,2615,Low
India,Gujarat,"Calendar Year (Jan - Dec), 2025","Vadali, Municipality",71.64,23.35,20.63,1540.0,1419.0,1349.0,-10.353977261529337,Normal,2616,Low
India,Uttar Pradesh,"Calendar Year (Jan - Dec), 2025","Bindki, Municipality",39.9,17.12,15.91,1138.0,1031.0,1006.0,-10.354971137627501,Normal,2617,Low
India,Karnataka,"Calendar Year (Jan - Dec), 2025","Devara Hippargi, Town Panchayat",66.57,24.0,15.91,1580.0,1507.0,1334.0,-10.361064894327626,Normal,2618,Low
India,Uttar Pradesh,"Calendar Year (Jan - Dec), 2025","Gursarai, Municipality",94.88,30.38,23.33,2023.0,1230.0,1226.0,-10.363236068166373,Normal,2619,Low
India,Gujarat,"Calendar Year (Jan - Dec), 2025","Mehmedabad, Municipality",84.0,23.01,21.82,1351.0,1291.0,1240.0,-10.367044809997594,Normal,2620,Low
India,Kerala,"Calendar Year (Jan - Dec), 2025","Mattannur, Municipality",54.86,20.44,19.61,1060.0,1048.0,994.0,-10.368603458966561,Normal,2621,Low
India,Uttar Pradesh,"Calendar Year (Jan - Dec), 2025","Mailani, Town Panchayat",51.16,19.59,18.2,1306.0,1156.0,1152.0,-10.369026446845055,Normal,2622,Low
India,Odisha,"Calendar Year (Jan - Dec), 2025","Jaleshwar, Municipality",62.82,27.43,18.31,1809.0,1309.0,1151.0,-10.37261398756965,Normal,2623,Low
India,Nagaland,"Calendar Year (Jan - Dec), 2025","Phek, Town Panchayat",28.02,14.29,11.45,953.0,953.0,788.0,-10.376942301706663,Normal,2624,Low
India,Madhya Pradesh,"Calendar Year (Jan - Dec), 2025","Garhi - Malhera, Town Panchayat",45.98,16.98,16.64,1130.0,1111.0,1078.0,-10.377328542678583,Normal,2625,Low
India,Madhya Pradesh,"Calendar Year (Jan - Dec), 2025","Sitamau, Town Panchayat",64.34,21.47,20.07,1346.0,1275.0,1244.0,-10.37973639196457,Normal,2626,Low
India,Tamil Nadu,"Calendar Year (Jan - Dec), 2025","Kottakuppam, Municipality",16.12,6.81,13.41,443.0,439.0,408.0,-10.38100452641578,Normal,2627,Low
India,Tamil Nadu,"Calendar Year (Jan - Dec), 2025","Gangaikondan, Town Panchayat",2.97,1.41,1.4,93.0,93.0,88.0,-10.38142207760319,Normal,2628,Low
India,Maharashtra,"Calendar Year (Jan - Dec), 2025","Vadvani, Town Panchayat",40.85,11.52,18.42,764.0,597.0,481.0,-10.38364089509173,Normal,2629,Low
India,Chhattisgarh,"Calendar Year (Jan - Dec), 2025","Mahasamund, Municipality",66.13,21.98,20.14,1343.0,1287.0,1256.0,-10.385551295913501,Normal,2630,Low
India,Madhya Pradesh,"Calendar Year (Jan - Dec), 2025","Maksi, Town Panchayat",43.63,16.69,16.1,1107.0,1088.0,1054.0,-10.388247425783959,Normal,2631,Low
India,Maharashtra,"Calendar Year (Jan - Dec), 2025","Katol, Municipality",108.44,24.44,15.87,1505.0,983.0,870.0,-10.393039841449934,Normal,2632,Low
India,Uttar Pradesh,"Calendar Year (Jan - Dec), 2025","Biskohar, Town Panchayat",68.06,23.96,21.27,1597.0,1323.0,1291.0,-10.397049699168178,Normal,2633,Low
India,Karnataka,"Calendar Year (Jan - Dec), 2025","Shorapur, Municipality",90.88,28.07,21.55,1850.0,1655.0,1314.0,-10.400634188758431,Normal,2634,Low
India,Kerala,"Calendar Year (Jan - Dec), 2025","Punalur, Municipality",76.82,26.54,18.35,1724.0,1583.0,1105.0,-10.403337036867185,Normal,2635,Low
India,Kerala,"Calendar Year (Jan - Dec), 2025","Kayamkulam, Municipality",57.16,20.76,18.68,1343.0,1278.0,1153.0,-10.404141606088956,Normal,2636,Low
India,Madhya Pradesh,"Calendar Year (Jan - Dec), 2025","Multai, Municipality",63.66,20.64,19.98,1261.0,1220.0,1202.0,-10.404219244745263,Normal,2637,Low
India,Kerala,"Calendar Year (Jan - Dec), 2025","Chavakkad, Municipality",46.89,17.41,17.44,1123.0,1121.0,999.0,-10.409857515961846,Normal,2638,Low
India,Uttar Pradesh,"Calendar Year (Jan - Dec), 2025","Konch, Municipality",82.18,28.56,22.41,1903.0,1452.0,1424.0,-10.419257302795813,Normal,2639,Low
India,Uttar Pradesh,"Calendar Year (Jan - Dec), 2025","Mandawar, Town Panchayat",46.06,18.56,17.37,1237.0,1114.0,1023.0,-10.420021707304272,Normal,2640,Low
India,Maharashtra,"Calendar Year (Jan - Dec), 2025","Badnapur, Town Panchayat",76.59,17.51,16.94,1126.0,1063.0,657.0,-10.420318745420786,Normal,2641,Low
India,Punjab,"Calendar Year (Jan - Dec), 2025","Khem Karan, Town Panchayat",33.6,15.64,14.3,1063.0,1001.0,715.0,-10.426450660030412,Normal,2642,Low
India,Uttar Pradesh,"Calendar Year (Jan - Dec), 2025","Sainthal, Town Panchayat",40.01,15.87,15.47,1058.0,1029.0,1006.0,-10.427885229429478,Normal,2643,Low
India,Gujarat,"Calendar Year (Jan - Dec), 2025","Dehgam, Municipality",83.25,22.23,20.98,1272.0,1252.0,1142.0,-10.428374178579872,Normal,2644,Low
India,Uttar Pradesh,"Calendar Year (Jan - Dec), 2025","Kundarki, Town Panchayat",80.12,27.97,21.62,1864.0,1483.0,1418.0,-10.429484925104077,Normal,2645,Low
India,Uttar Pradesh,"Calendar Year (Jan - Dec), 2025","Budaun, Municipality",83.87,26.96,23.17,1710.0,1391.0,1363.0,-10.429914107686784,Normal,2646,Low
India,Gujarat,"Calendar Year (Jan - Dec), 2025",Jamnagar Development Authroity,98.67,23.03,20.56,1535.0,1407.0,1407.0,-10.435727512219216,Normal,2647,Low
India,Tamil Nadu,"Calendar Year (Jan - Dec), 2025","Chinnamanur, Municipality",29.71,11.86,15.43,765.0,765.0,746.0,-10.435911299677002,Normal,2648,Low
India,Uttar Pradesh,"Calendar Year (Jan - Dec), 2025","Richha, Town Panchayat",60.41,21.81,19.63,1454.0,1263.0,1211.0,-10.44676857606703,Normal,2649,Low
India,Bihar,"Calendar Year (Jan - Dec), 2025","Khusrupur, Town Panchayat",80.56,24.13,19.43,1604.0,1538.0,1402.0,-10.449516573690744,Normal,2650,Low
India,Madhya Pradesh,"Calendar Year (Jan - Dec), 2025","Hindoria, Town Panchayat",46.42,16.92,16.38,1128.0,1108.0,1085.0,-10.452981038426344,Normal,2651,Low
India,Karnataka,"Calendar Year (Jan - Dec), 2025","Lingsugur, Municipality",79.12,25.76,13.81,1616.0,1543.0,1274.0,-10.454335030430968,Normal,2652,Low
India,West Bengal,"Calendar Year (Jan - Dec), 2025","Memari, Municipality",47.1,16.79,17.91,1098.0,1097.0,809.0,-10.455809136102289,Normal,2653,Low
India,Maharashtra,"Calendar Year (Jan - Dec), 2025","Malkapur-Kolhapur, Municipality",6.7,1.57,0.7,97.0,49.0,42.0,-10.458864245360417,Normal,2654,Low
India,Madhya Pradesh,"Calendar Year (Jan - Dec), 2025","Nagod, Town Panchayat",45.1,16.53,16.42,1075.0,1066.0,1058.0,-10.467755618409285,Normal,2655,Low
India,Uttar Pradesh,"Calendar Year (Jan - Dec), 2025","Colonelganj, Municipality",54.94,21.22,18.27,1414.0,1205.0,1195.0,-10.468298117518714,Normal,2656,Low
India,Madhya Pradesh,"Calendar Year (Jan - Dec), 2025","Chhanera, Town Panchayat",49.54,18.51,17.5,1214.0,1156.0,1067.0,-10.474185075021865,Normal,2657,Low
India,Bihar,"Calendar Year (Jan - Dec), 2025","Teghra, Town Panchayat",92.25,24.49,20.55,1632.0,1377.0,991.0,-10.476880240150763,Normal,2658,Low
India,Himachal Pradesh,"Calendar Year (Jan - Dec), 2025","Baddi, Municipality",73.22,13.63,13.58,611.0,611.0,610.0,-10.477263105455108,Normal,2659,Low
India,Jammu And Kashmir,"Calendar Year (Jan - Dec), 2025","Doda, Municipality",84.73,23.19,17.2,1539.0,1539.0,997.0,-10.48110776244215,Normal,2660,Low
India,Maharashtra,"Calendar Year (Jan - Dec), 2025","Etapalli, Town Panchayat",20.96,4.88,1.14,325.0,220.0,75.0,-10.481902958024762,Normal,2661,Low
India,Gujarat,"Calendar Year (Jan - Dec), 2025","Sihor, Municipality",78.77,23.23,21.01,1245.0,1174.0,1113.0,-10.482280674123729,Normal,2662,Low
India,Karnataka,"Calendar Year (Jan - Dec), 2025","Kamalapuram, Town Panchayat",80.27,23.29,17.43,1549.0,1485.0,1462.0,-10.48549685232615,Normal,2663,Low
India,Uttar Pradesh,"Calendar Year (Jan - Dec), 2025","Chhaprauli, Town Panchayat",51.2,19.57,17.91,1304.0,1164.0,1106.0,-10.486179758831724,Normal,2664,Low
India,Tamil Nadu,"Calendar Year (Jan - Dec), 2025","Pattukkottai, Municipality",58.75,16.76,19.23,1091.0,1091.0,1024.0,-10.487710559259767,Normal,2665,Low
India,Maharashtra,"Calendar Year (Jan - Dec), 2025","Shendurjana, Municipality",76.8,17.22,10.27,1148.0,899.0,491.0,-10.492466118473999,Normal,2666,Low
India,Maharashtra,"Calendar Year (Jan - Dec), 2025","Buldana, Municipality",92.17,16.84,13.98,881.0,849.0,848.0,-10.495595043814944,Normal,2667,Low
India,Gujarat,"Calendar Year (Jan - Dec), 2025","Bilimora, Municipality",89.39,19.25,14.5,1141.0,1069.0,691.0,-10.496817267384358,Normal,2668,Low
India,Karnataka,"Calendar Year (Jan - Dec), 2025","Tekkalakote, Town Panchayat",49.28,17.73,16.61,1181.0,1181.0,1072.0,-10.496841758061521,Normal,2669,Low
India,Tamil Nadu,"Calendar Year (Jan - Dec), 2025","Kovilpatti, Municipality",56.79,18.08,18.09,1153.0,1153.0,1150.0,-10.505475194055748,Normal,2670,Low
India,Jharkhand,"Calendar Year (Jan - Dec), 2025","Bundu, Town Panchayat",53.5,19.61,16.87,1303.0,1237.0,1169.0,-10.510062060969858,Normal,2671,Low
India,Madhya Pradesh,"Calendar Year (Jan - Dec), 2025","Suwasara, Town Panchayat",50.87,18.18,16.67,1189.0,1188.0,1111.0,-10.511765712046667,Normal,2672,Low
India,Madhya Pradesh,"Calendar Year (Jan - Dec), 2025","Akodia, Town Panchayat",44.77,16.86,16.04,1118.0,1102.0,1037.0,-10.512088180732974,Normal,2673,Low
India,Uttar Pradesh,"Calendar Year (Jan - Dec), 2025","Jalesar, Municipality",78.85,27.63,22.09,1841.0,1371.0,1291.0,-10.513547835843667,Normal,2674,Low
India,Maharashtra,"Calendar Year (Jan - Dec), 2025","Washi, Town Panchayat",49.85,9.35,14.09,603.0,450.0,313.0,-10.51735148557458,Normal,2675,Low
India,Uttar Pradesh,"Calendar Year (Jan - Dec), 2025","Najibabad, Municipality",58.84,20.67,19.93,1312.0,1177.0,1093.0,-10.521123038051712,Normal,2676,Low
India,Uttarakhand,"Calendar Year (Jan - Dec), 2025","Laksar, Municipality",45.4,19.04,13.09,1246.0,1225.0,711.0,-10.522085747885797,Normal,2677,Low
India,Rajasthan,"Calendar Year (Jan - Dec), 2025","Bilara, Town Panchayat",42.71,20.69,12.24,1353.0,1142.0,992.0,-10.524341513435672,Normal,2678,Low
India,Karnataka,"Calendar Year (Jan - Dec), 2025","Jevargi, Town Panchayat",92.31,24.96,19.44,1628.0,1448.0,1015.0,-10.52452220977159,Normal,2679,Low
India,Rajasthan,"Calendar Year (Jan - Dec), 2025","Baran, Municipality",92.22,21.44,19.03,1172.0,1033.0,967.0,-10.526723107773876,Normal,2680,Low
India,Karnataka,"Calendar Year (Jan - Dec), 2025","Indi, Municipality",83.71,24.86,19.65,1587.0,1510.0,1391.0,-10.527015091370515,Normal,2681,Low
India,Jammu And Kashmir,"Calendar Year (Jan - Dec), 2025","Udhampur, Municipality",88.64,18.24,10.0,981.0,677.0,542.0,-10.534982451652127,Normal,2682,Low
India,Chhattisgarh,"Calendar Year (Jan - Dec), 2025","Gharghoda, Town Panchayat",27.58,13.38,12.05,896.0,896.0,783.0,-10.537335221097521,Normal,2683,Low
India,Madhya Pradesh,"Calendar Year (Jan - Dec), 2025","Burhar, Town Panchayat",49.42,18.72,16.79,1237.0,1199.0,1029.0,-10.54241486393596,Normal,2684,Low
India,Uttar Pradesh,"Calendar Year (Jan - Dec), 2025","Faridpur, Municipality",92.84,30.02,22.73,1994.0,1392.0,1375.0,-10.543924042454648,Normal,2685,Low
India,Tamil Nadu,"Calendar Year (Jan - Dec), 2025","Arcot, Municipality",37.09,15.42,14.76,994.0,978.0,951.0,-10.546023562971243,Normal,2686,Low
India,Tamil Nadu,"Calendar Year (Jan - Dec), 2025","Sankarankovil, Municipality",35.05,14.8,14.44,949.0,949.0,914.0,-10.546495259803692,Normal,2687,Low
India,Rajasthan,"Calendar Year (Jan - Dec), 2025","Ahore, Town Panchayat",8.92,2.38,1.13,159.0,67.0,30.0,-10.547508629979063,Normal,2688,Low
India,Karnataka,"Calendar Year (Jan - Dec), 2025","Afzalpur, Town Panchayat",65.28,23.93,19.32,1563.0,1339.0,1244.0,-10.55032377865001,Normal,2689,Low
India,Maharashtra,"Calendar Year (Jan - Dec), 2025","Hadgaon, Municipality",81.47,19.49,14.07,1284.0,1051.0,620.0,-10.551686998815,Normal,2690,Low
India,Maharashtra,"Calendar Year (Jan - Dec), 2025","Armori, Municipality",79.32,18.65,8.0,1238.0,564.0,551.0,-10.553609522711724,Normal,2691,Low
India,Andhra Pradesh,"Calendar Year (Jan - Dec), 2025","Chirala, Municipality",83.87,26.16,21.5,1655.0,1453.0,1313.0,-10.55643550072125,Normal,2692,Low
India,Karnataka,"Calendar Year (Jan - Dec), 2025","Hangal, Municipality",98.7,24.86,14.5,1633.0,1433.0,1408.0,-10.560090445734033,Normal,2693,Low
India,Tamil Nadu,"Calendar Year (Jan - Dec), 2025","Anjugrammam, Town Panchayat",83.95,17.93,17.77,1190.0,1190.0,1176.0,-10.560332343736775,Normal,2694,Low
India,Jammu And Kashmir,"Calendar Year (Jan - Dec), 2025","Badgam, Municipality",74.87,19.86,10.88,1302.0,1302.0,752.0,-10.564846080732309,Normal,2695,Low
India,Karnataka,"Calendar Year (Jan - Dec), 2025","Siruguppa, Municipality",79.88,23.32,14.41,1506.0,1451.0,1394.0,-10.566323268924634,Normal,2696,Low
India,Madhya Pradesh,"Calendar Year (Jan - Dec), 2025","Athner, Town Panchayat",50.29,18.2,16.96,1212.0,1156.0,1096.0,-10.567517050053993,Normal,2697,Low
India,Odisha,"Calendar Year (Jan - Dec), 2025","Khariar Road, Town Panchayat",61.41,26.18,15.53,1740.0,1318.0,1132.0,-10.56858147054038,Normal,2698,Low
India,Assam,"Calendar Year (Jan - Dec), 2025","Bongaigaon, Municipality",46.32,20.93,13.46,1330.0,1208.0,786.0,-10.57181349830114,Normal,2699,Low
India,Uttar Pradesh,"Calendar Year (Jan - Dec), 2025","Khaga, Town Panchayat",76.43,26.83,21.94,1783.0,1274.0,1243.0,-10.57572311954408,Normal,2700,Low
India,Uttar Pradesh,"Calendar Year (Jan - Dec), 2025","Purdilnagar, Town Panchayat",38.96,16.36,15.46,1091.0,1005.0,942.0,-10.576277232767666,Normal,2701,Low
India,Uttar Pradesh,"Calendar Year (Jan - Dec), 2025","Kishni, Town Panchayat",45.61,18.3,16.9,1220.0,1068.0,1036.0,-10.577748607417846,Normal,2702,Low
India,Bihar,"Calendar Year (Jan - Dec), 2025","Dumraon, Municipality",87.58,24.73,20.14,1627.0,1329.0,968.0,-10.57887382015258,Normal,2703,Low
India,Uttar Pradesh,"Calendar Year (Jan - Dec), 2025","Mirganj, Town Panchayat",49.6,18.31,17.29,1214.0,1113.0,1095.0,-10.579921421426263,Normal,2704,Low
India,Madhya Pradesh,"Calendar Year (Jan - Dec), 2025","Mandav, Town Panchayat",50.56,18.41,16.89,1228.0,1222.0,888.0,-10.581566813511358,Normal,2705,Low
India,Chhattisgarh,"Calendar Year (Jan - Dec), 2025","Pipariya, Town Panchayat",32.39,14.12,13.24,929.0,927.0,900.0,-10.584644274554933,Normal,2706,Low
India,Uttar Pradesh,"Calendar Year (Jan - Dec), 2025","Chandausi, Municipality",89.9,27.72,22.92,1790.0,1289.0,1267.0,-10.58830873961324,Normal,2707,Low
India,Manipur,"Calendar Year (Jan - Dec), 2025","Sugnu, Municipality",19.02,10.68,6.04,712.0,560.0,178.0,-10.588502057240476,Normal,2708,Low
India,Madhya Pradesh,"Calendar Year (Jan - Dec), 2025","Gairatganj, Town Panchayat",64.27,21.09,19.6,1388.0,1244.0,1216.0,-10.588651499404364,Normal,2709,Low
India,Rajasthan,"Calendar Year (Jan - Dec), 2025","Sojat, Town Panchayat",61.52,23.52,12.04,1557.0,1359.0,1095.0,-10.588854077016208,Normal,2710,Low
India,Maharashtra,"Calendar Year (Jan - Dec), 2025","Mukhed, Municipality",67.96,15.8,11.85,1043.0,824.0,429.0,-10.590707336902597,Normal,2711,Low
India,Madhya Pradesh,"Calendar Year (Jan - Dec), 2025","Sarai, Town Panchayat",30.71,8.6,3.44,573.0,,,-10.591765389512375,Normal,2712,Low
India,Punjab,"Calendar Year (Jan - Dec), 2025","Gidderbaha, Municipality",65.98,21.77,12.19,1435.0,879.0,548.0,-10.592814095025233,Normal,2713,Low
India,Uttarakhand,"Calendar Year (Jan - Dec), 2025","Nainital, Municipality",75.22,15.19,15.19,731.0,731.0,731.0,-10.598538467169874,Normal,2714,Low
India,Madhya Pradesh,"Calendar Year (Jan - Dec), 2025","Mandleshwar, Town Panchayat",59.01,19.82,17.94,1288.0,1269.0,1130.0,-10.600456451171908,Normal,2715,Low
India,Uttar Pradesh,"Calendar Year (Jan - Dec), 2025","Garautha, Town Panchayat",49.56,18.3,17.25,1220.0,1113.0,1089.0,-10.600708104509579,Normal,2716,Low
India,Kerala,"Calendar Year (Jan - Dec), 2025","Kalpetta, Municipality",63.7,23.34,17.45,1486.0,1299.0,866.0,-10.601933917839744,Normal,2717,Low
India,Gujarat,"Calendar Year (Jan - Dec), 2025","Borsad, Municipality",83.99,23.75,21.06,1412.0,1272.0,1254.0,-10.602094830646934,Normal,2718,Low
India,Madhya Pradesh,"Calendar Year (Jan - Dec), 2025","Kanad, Town Panchayat",42.05,16.21,15.45,1078.0,1038.0,1018.0,-10.602858714882643,Normal,2719,Low
India,Karnataka,"Calendar Year (Jan - Dec), 2025","Arsikere, Municipality",101.65,29.07,18.57,1866.0,1513.0,1178.0,-10.603262736557667,Normal,2720,Low
India,Gujarat,"Calendar Year (Jan - Dec), 2025","Limbdi, Municipality",75.59,23.39,20.65,1353.0,1271.0,1128.0,-10.60734885924677,Normal,2721,Low
India,Gujarat,"Calendar Year (Jan - Dec), 2025","Gandevi, Municipality",70.99,22.6,19.06,1451.0,1339.0,1319.0,-10.609479117266687,Normal,2722,Low
India,Gujarat,"Calendar Year (Jan - Dec), 2025",Vapi Industrial Development Area,63.32,15.3,15.3,623.0,623.0,623.0,-10.609679872397919,Normal,2723,Low
India,Madhya Pradesh,"Calendar Year (Jan - Dec), 2025","Baihar, Town Panchayat",57.12,20.06,18.36,1335.0,1221.0,1127.0,-10.612677058436077,Normal,2724,Low
India,Bihar,"Calendar Year (Jan - Dec), 2025","Raxaul Bazar, Municipality",88.81,24.38,13.36,1617.0,1277.0,852.0,-10.617483411575108,Normal,2725,Low
India,Mizoram,"Calendar Year (Jan - Dec), 2025","Mamit, Town Panchayat",23.31,13.2,11.1,855.0,827.0,582.0,-10.624660187182428,Normal,2726,Low
India,Karnataka,"Calendar Year (Jan - Dec), 2025","Haliyal, Town Panchayat",89.95,22.39,13.27,1452.0,1349.0,1344.0,-10.625504328042155,Normal,2727,Low
India,Assam,"Calendar Year (Jan - Dec), 2025","Kampur Town, Town Panchayat",29.38,14.58,10.94,970.0,969.0,526.0,-10.626159925286288,Normal,2728,Low
India,Gujarat,"Calendar Year (Jan - Dec), 2025","Anklav, Municipality",51.98,18.68,16.81,1218.0,1178.0,1109.0,-10.627110806140251,Normal,2729,Low
India,Madhya Pradesh,"Calendar Year (Jan - Dec), 2025","Obedullaganj, Town Panchayat",52.3,18.04,17.53,1136.0,1122.0,1072.0,-10.628164228038884,Normal,2730,Low
India,Karnataka,"Calendar Year (Jan - Dec), 2025","Kudligi, Town Panchayat",85.94,22.69,13.96,1494.0,833.0,676.0,-10.631629776664226,Normal,2731,Low
India,Gujarat,"Calendar Year (Jan - Dec), 2025","Dabhoi, Municipality",75.44,21.78,20.25,1263.0,1213.0,1109.0,-10.631805187900625,Normal,2732,Low
India,Maharashtra,"Calendar Year (Jan - Dec), 2025","Ambad, Municipality",83.2,18.13,13.51,1022.0,885.0,584.0,-10.638296799226453,Normal,2733,Low
India,Maharashtra,"Calendar Year (Jan - Dec), 2025","Aundha Nagnath, Town Panchayat",73.97,18.04,13.48,1186.0,791.0,502.0,-10.638335823240084,Normal,2734,Low
India,Uttar Pradesh,"Calendar Year (Jan - Dec), 2025","Bilsanda, Town Panchayat",39.29,15.93,15.2,1062.0,985.0,980.0,-10.639499503674585,Normal,2735,Low
India,Tamil Nadu,"Calendar Year (Jan - Dec), 2025","Thiruthangal, Municipality",32.2,13.95,13.8,895.0,895.0,867.0,-10.640812922601185,Normal,2736,Low
India,Bihar,"Calendar Year (Jan - Dec), 2025","Sonbarsa, Town Panchayat",59.73,13.79,5.51,919.0,272.0,,-10.641806911326682,Normal,2737,Low
India,Chhattisgarh,"Calendar Year (Jan - Dec), 2025","Sariya, Town Panchayat",24.72,11.99,11.51,799.0,799.0,775.0,-10.642432449798093,Normal,2738,Low
India,Karnataka,"Calendar Year (Jan - Dec), 2025","Channagiri, Town Panchayat",97.23,22.64,12.53,1513.0,1306.0,1227.0,-10.643346847306304,Normal,2739,Low
India,Karnataka,"Calendar Year (Jan - Dec), 2025","Sadalgi, Town Panchayat",29.76,11.07,3.56,731.0,723.0,650.0,-10.653129720864058,Normal,2740,Low
India,Karnataka,"Calendar Year (Jan - Dec), 2025","Nalatawad, Town Panchayat",59.04,23.19,8.83,1545.0,779.0,647.0,-10.656209934820879,Normal,2741,Low
India,Odisha,"Calendar Year (Jan - Dec), 2025","Jatani, Municipality",93.28,26.62,18.15,1704.0,1005.0,928.0,-10.656801168246545,Normal,2742,Low
India,Uttar Pradesh,"Calendar Year (Jan - Dec), 2025","Jalalpur, Municipality",61.33,22.79,19.19,1511.0,1222.0,1183.0,-10.658686558870727,Normal,2743,Low
India,Karnataka,"Calendar Year (Jan - Dec), 2025","Lakshmeshwar, Municipality",69.16,23.64,14.76,1524.0,1421.0,1306.0,-10.659831114071153,Normal,2744,Low
India,Telangana,"Calendar Year (Jan - Dec), 2025","Ghatkesar, Municipality",24.29,5.53,1.79,318.0,69.0,69.0,-10.659899865244995,Normal,2745,Low
India,Madhya Pradesh,"Calendar Year (Jan - Dec), 2025","Kareli, Municipality",65.84,21.83,20.16,1362.0,1187.0,1177.0,-10.660182307858804,Normal,2746,Low
India,Kerala,"Calendar Year (Jan - Dec), 2025","Thodupuzha, Municipality",57.39,19.55,17.71,1182.0,1176.0,1129.0,-10.667710031400588,Normal,2747,Low
India,Uttar Pradesh,"Calendar Year (Jan - Dec), 2025","Khiwai, Town Panchayat",88.71,27.31,20.54,1820.0,1101.0,1054.0,-10.671821579826428,Normal,2748,Low
India,Chhattisgarh,"Calendar Year (Jan - Dec), 2025","Magarlod, Town Panchayat",27.59,13.07,12.37,869.0,848.0,798.0,-10.671896871030128,Normal,2749,Low
India,Madhya Pradesh,"Calendar Year (Jan - Dec), 2025","Badod, Town Panchayat",42.08,15.73,15.38,1043.0,1033.0,987.0,-10.676746679236658,Normal,2750,Low
India,Karnataka,"Calendar Year (Jan - Dec), 2025","Manvi, Municipality",67.11,22.79,12.87,1482.0,1407.0,1196.0,-10.677116754876408,Normal,2751,Low
India,Maharashtra,"Calendar Year (Jan - Dec), 2025","Cantonment Board, Dehu Road",63.72,8.9,8.9,370.0,370.0,370.0,-10.684593160098416,Normal,2752,Low
India,Chhattisgarh,"Calendar Year (Jan - Dec), 2025","Tundra, Town Panchayat",27.95,13.26,12.3,885.0,853.0,812.0,-10.687041243193732,Normal,2753,Low
India,Rajasthan,"Calendar Year (Jan - Dec), 2025","Pipar City, Town Panchayat",77.8,22.81,15.23,1492.0,714.0,699.0,-10.697139446557571,Normal,2754,Low
India,Chhattisgarh,"Calendar Year (Jan - Dec), 2025","Sahaspur-Lohara, Town Panchayat",25.17,12.11,11.43,807.0,807.0,783.0,-10.69833251495561,Normal,2755,Low
India,Tamil Nadu,"Calendar Year (Jan - Dec), 2025","Rameswaram, Municipality",26.71,12.8,12.19,843.0,843.0,760.0,-10.702673459498214,Normal,2756,Low
India,Tamil Nadu,"Calendar Year (Jan - Dec), 2025","Kadayanallur, Municipality",28.39,13.07,12.77,848.0,848.0,801.0,-10.705231484543162,Normal,2757,Low
India,Kerala,"Calendar Year (Jan - Dec), 2025","Payyannur, Municipality",62.64,20.27,18.86,1180.0,1176.0,1051.0,-10.705917397221924,Normal,2758,Low
India,Rajasthan,"Calendar Year (Jan - Dec), 2025","Sarmathura, Town Panchayat",4.09,1.67,1.93,111.0,76.0,39.0,-10.706663497365923,Normal,2759,Low
India,Madhya Pradesh,"Calendar Year (Jan - Dec), 2025","Naigarhi, Town Panchayat",44.67,17.09,15.96,1139.0,1087.0,976.0,-10.71281492023536,Normal,2760,Low
India,Uttar Pradesh,"Calendar Year (Jan - Dec), 2025","Sirathu, Town Panchayat",59.44,22.08,19.19,1467.0,1164.0,1137.0,-10.712903462180805,Normal,2761,Low
India,Tamil Nadu,"Calendar Year (Jan - Dec), 2025","Edaikazhinadu, Town Panchayat",30.77,14.65,11.96,976.0,976.0,771.0,-10.712913900175067,Normal,2762,Low
India,Maharashtra,"Calendar Year (Jan - Dec), 2025","Junnar, Municipality",69.46,13.44,13.49,600.0,577.0,568.0,-10.713281880369436,Normal,2763,Low
India,Madhya Pradesh,"Calendar Year (Jan - Dec), 2025","Narsinghgarh, Municipality",50.27,17.44,17.08,1097.0,1069.0,1056.0,-10.720858901971894,Normal,2764,Low
India,Uttar Pradesh,"Calendar Year (Jan - Dec), 2025","Chandaus, Town Panchayat",51.91,13.75,7.99,917.0,279.0,278.0,-10.723702726581053,Normal,2765,Low
India,Uttar Pradesh,"Calendar Year (Jan - Dec), 2025","Bhawan Bahadur Nagar, Town Panchayat",50.26,18.91,17.26,1260.0,1108.0,1065.0,-10.726431058236017,Normal,2766,Low
India,Uttar Pradesh,"Calendar Year (Jan - Dec), 2025","Kuraoali, Town Panchayat",57.0,21.46,18.75,1431.0,1138.0,1124.0,-10.727266421306638,Normal,2767,Low
India,Karnataka,"Calendar Year (Jan - Dec), 2025","Kushtagi, Municipality",80.7,21.89,14.81,1405.0,789.0,648.0,-10.727546775745566,Normal,2768,Low
India,Uttar Pradesh,"Calendar Year (Jan - Dec), 2025","Charwa, Town Panchayat",63.96,24.0,19.81,1600.0,1167.0,1135.0,-10.732823884684251,Normal,2769,Low
India,Chhattisgarh,"Calendar Year (Jan - Dec), 2025","Ambagarh Chowki, Town Panchayat",29.11,13.82,11.86,919.0,896.0,829.0,-10.738842695315611,Normal,2770,Low
India,Uttar Pradesh,"Calendar Year (Jan - Dec), 2025","Dara Nagar Kadahaam, Town Panchayat",51.37,20.57,17.69,1371.0,1098.0,1056.0,-10.739292419125604,Normal,2771,Low
India,Uttar Pradesh,"Calendar Year (Jan - Dec), 2025","Kakod, Town Panchayat",48.73,18.26,16.77,1217.0,1104.0,1044.0,-10.740659515086122,Normal,2772,Low
India,Karnataka,"Calendar Year (Jan - Dec), 2025","Bilgi, Town Panchayat",75.18,23.89,16.9,1577.0,1088.0,766.0,-10.741015848238021,Normal,2773,Low
India,Tamil Nadu,"Calendar Year (Jan - Dec), 2025","Mangadu, Municipality",76.9,11.53,10.89,614.0,613.0,529.0,-10.743609252761928,Normal,2774,Low
India,Uttarakhand,"Calendar Year (Jan - Dec), 2025","Jhabrera, Town Panchayat",54.46,21.0,14.14,1353.0,1305.0,851.0,-10.743615926314817,Normal,2775,Low
India,Maharashtra,"Calendar Year (Jan - Dec), 2025","Manmad, Municipality",79.59,17.98,16.08,921.0,785.0,686.0,-10.744464202501604,Normal,2776,Low
India,Odisha,"Calendar Year (Jan - Dec), 2025","Paradip, Municipality",3.3,1.3,1.37,82.0,82.0,78.0,-10.745464173173787,Normal,2777,Low
India,Tamil Nadu,"Calendar Year (Jan - Dec), 2025","Pasur, Town Panchayat",2.99,1.53,1.44,100.0,100.0,88.0,-10.74642803894244,Normal,2778,Low
India,Madhya Pradesh,"Calendar Year (Jan - Dec), 2025","Sabalgarh, Municipality",48.84,16.99,16.71,1078.0,1078.0,1009.0,-10.753032704275142,Normal,2779,Low
India,Tamil Nadu,"Calendar Year (Jan - Dec), 2025","Bhavani, Municipality",88.17,17.42,15.08,1098.0,1098.0,1094.0,-10.753609283484082,Normal,2780,Low
India,Tamil Nadu,"Calendar Year (Jan - Dec), 2025","Vanavasi, Town Panchayat",3.16,1.44,1.21,100.0,98.0,91.0,-10.75583576865256,Normal,2781,Low
India,Uttar Pradesh,"Calendar Year (Jan - Dec), 2025","Usehat, Town Panchayat",51.93,18.87,17.4,1258.0,1105.0,1097.0,-10.75723700557478,Normal,2782,Low
India,Maharashtra,"Calendar Year (Jan - Dec), 2025","Uran Islampur, Municipality",82.1,16.51,13.58,957.0,870.0,596.0,-10.7601601661558,Normal,2783,Low
India,Assam,"Calendar Year (Jan - Dec), 2025","Umrangso, Town Panchayat",22.96,12.12,10.91,808.0,808.0,648.0,-10.76241671973122,Normal,2784,Low
India,Chhattisgarh,"Calendar Year (Jan - Dec), 2025","Gariyaband, Municipality",24.21,11.8,11.5,781.0,780.0,745.0,-10.7659289032934,Normal,2785,Low
India,Tamil Nadu,"Calendar Year (Jan - Dec), 2025","Tiruchendur, Municipality",78.75,18.13,17.21,1175.0,1175.0,1162.0,-10.767305874300177,Normal,2786,Low
India,Uttar Pradesh,"Calendar Year (Jan - Dec), 2025","Saiyad Raza, Town Panchayat",43.12,17.37,15.9,1157.0,1022.0,991.0,-10.76881213782076,Normal,2787,Low
India,Madhya Pradesh,"Calendar Year (Jan - Dec), 2025","Manasa, Town Panchayat",62.83,20.24,18.6,1241.0,1181.0,1128.0,-10.769919813043657,Normal,2788,Low
India,Kerala,"Calendar Year (Jan - Dec), 2025","Iritty, Municipality",50.7,18.43,17.66,1012.0,1008.0,964.0,-10.771780448328116,Normal,2789,Low
India,Uttarakhand,"Calendar Year (Jan - Dec), 2025","Vikasnagar, Municipality",72.03,12.1,12.1,576.0,575.0,558.0,-10.77335721141327,Normal,2790,Low
India,Uttar Pradesh,"Calendar Year (Jan - Dec), 2025","Kalpi, Municipality",87.52,28.97,20.24,1931.0,1271.0,1265.0,-10.775115809799331,Normal,2791,Low
India,Chhattisgarh,"Calendar Year (Jan - Dec), 2025","Adbhar, Town Panchayat",34.4,16.12,12.53,1074.0,994.0,872.0,-10.778948914922012,Normal,2792,Low
India,Kerala,"Calendar Year (Jan - Dec), 2025","Aluva, Municipality",69.52,10.54,10.37,482.0,474.0,468.0,-10.780390857615032,Normal,2793,Low
India,Haryana,"Calendar Year (Jan - Dec), 2025","Safidon, Municipality",61.31,20.75,9.93,1344.0,587.0,488.0,-10.785765277384257,Normal,2794,Low
India,Karnataka,"Calendar Year (Jan - Dec), 2025","Savanur, Municipality",90.71,22.95,20.21,1509.0,1286.0,1140.0,-10.79280681043275,Normal,2795,Low
India,Kerala,"Calendar Year (Jan - Dec), 2025","Vadakara, Municipality",51.04,18.04,16.96,1062.0,1061.0,1037.0,-10.794581831481082,Normal,2796,Low
India,Assam,"Calendar Year (Jan - Dec), 2025","Dolamara Town Committee, Town Panchayat",27.75,9.61,3.84,427.0,,,-10.79498354412874,Normal,2797,Low
India,Rajasthan,"Calendar Year (Jan - Dec), 2025","Itawa, Town Panchayat",91.75,27.53,16.75,1832.0,1203.0,989.0,-10.79567820008549,Normal,2798,Low
India,Madhya Pradesh,"Calendar Year (Jan - Dec), 2025","Kukshi, Town Panchayat",62.82,20.23,19.01,1262.0,1149.0,1119.0,-10.798720634696451,Normal,2799,Low
India,Uttar Pradesh,"Calendar Year (Jan - Dec), 2025","Pachperwa, Town Panchayat",53.93,20.25,17.21,1349.0,1195.0,1015.0,-10.803166199983252,Normal,2800,Low
India,Madhya Pradesh,"Calendar Year (Jan - Dec), 2025","Piplanarayanwar, Town Panchayat",38.37,14.83,14.31,989.0,971.0,954.0,-10.805429603356401,Normal,2801,Low
India,Bihar,"Calendar Year (Jan - Dec), 2025","Munger, Municipal Corporation",88.55,23.0,19.15,1480.0,1251.0,980.0,-10.8106949507399,Normal,2802,Low
India,Jammu And Kashmir,"Calendar Year (Jan - Dec), 2025","Bandipore, Municipality",82.77,22.01,13.92,1436.0,1436.0,1128.0,-10.811431273051255,Normal,2803,Low
India,Rajasthan,"Calendar Year (Jan - Dec), 2025","Losal, Town Panchayat",3.15,1.54,1.21,102.0,97.0,77.0,-10.813689094617644,Normal,2804,Low
India,Jharkhand,"Calendar Year (Jan - Dec), 2025","Koderma, Town Panchayat",45.91,17.24,15.04,1145.0,1114.0,1020.0,-10.816128032189397,Normal,2805,Low
India,Tamil Nadu,"Calendar Year (Jan - Dec), 2025","Ulundurpettai, Municipality",87.22,16.04,13.64,1053.0,1051.0,1027.0,-10.821360455790398,Normal,2806,Low
India,Uttar Pradesh,"Calendar Year (Jan - Dec), 2025","Jhusi, Town Panchayat",37.96,14.4,14.81,928.0,928.0,922.0,-10.822999144459118,Normal,2807,Low
India,Maharashtra,"Calendar Year (Jan - Dec), 2025","Kaij, Town Panchayat",51.03,11.32,5.9,724.0,465.0,207.0,-10.824050042460215,Normal,2808,Low
India,Rajasthan,"Calendar Year (Jan - Dec), 2025","Falna, Town Panchayat",21.77,7.63,4.94,502.0,480.0,110.0,-10.828485244951708,Normal,2809,Low
India,Bihar,"Calendar Year (Jan - Dec), 2025","Maharajganj, Town Panchayat",65.94,21.31,16.25,1419.0,1362.0,1190.0,-10.829797380674393,Normal,2810,Low
India,Madhya Pradesh,"Calendar Year (Jan - Dec), 2025","Dindori, Town Panchayat",69.36,20.51,18.52,1319.0,1271.0,1110.0,-10.836292553747512,Normal,2811,Low
India,Odisha,"Calendar Year (Jan - Dec), 2025","Soro, Municipality",75.77,28.19,15.53,1875.0,1169.0,1035.0,-10.83774416680751,Normal,2812,Low
India,Karnataka,"Calendar Year (Jan - Dec), 2025","Hebbagodi, Town Panchayat",64.74,7.83,8.5,400.0,398.0,368.0,-10.838634761924652,Normal,2813,Low
India,Bihar,"Calendar Year (Jan - Dec), 2025","Jehanabad, Municipality",79.89,19.6,14.87,1221.0,942.0,632.0,-10.839777641963622,Normal,2814,Low
India,Uttar Pradesh,"Calendar Year (Jan - Dec), 2025","Erich, Town Panchayat",53.48,19.68,17.69,1312.0,1100.0,1088.0,-10.84097594139422,Normal,2815,Low
India,Rajasthan,"Calendar Year (Jan - Dec), 2025","Pokaran, Town Panchayat",87.18,27.9,13.67,1852.0,1163.0,1109.0,-10.850508672309388,Normal,2816,Low
India,Kerala,"Calendar Year (Jan - Dec), 2025","Pattambi, Municipality",49.03,17.82,16.03,1119.0,1116.0,1006.0,-10.854251822346498,Normal,2817,Low
India,Maharashtra,"Calendar Year (Jan - Dec), 2025","Desaiganj, Municipality",81.26,19.26,7.87,1253.0,844.0,774.0,-10.85631900771466,Normal,2818,Low
India,Karnataka,"Calendar Year (Jan - Dec), 2025","Chadchan, Town Panchayat",42.56,17.64,10.81,1152.0,1126.0,1002.0,-10.85787611576876,Normal,2819,Low
India,Madhya Pradesh,"Calendar Year (Jan - Dec), 2025","Mundi, Town Panchayat",50.38,17.57,16.67,1129.0,1073.0,1049.0,-10.86036429038063,Normal,2820,Low
India,Assam,"Calendar Year (Jan - Dec), 2025","Sarthebari, Town Panchayat",21.24,10.84,10.61,723.0,723.0,692.0,-10.86116111879926,Normal,2821,Low
India,Maharashtra,"Calendar Year (Jan - Dec), 2025","Narkhed, Municipality",75.97,18.65,11.48,1228.0,958.0,565.0,-10.865787967931965,Normal,2822,Low
India,Uttar Pradesh,"Calendar Year (Jan - Dec), 2025","Shahganj, Municipality",40.66,16.56,15.31,1100.0,987.0,940.0,-10.8667029320153,Normal,2823,Low
India,Tamil Nadu,"Calendar Year (Jan - Dec), 2025","Sambavar Vadagarai, Town Panchayat",25.27,11.9,11.57,786.0,786.0,769.0,-10.867176097918161,Normal,2824,Low
India,Tamil Nadu,"Calendar Year (Jan - Dec), 2025","Saravanampatti, Municipal Corporation",58.63,6.64,6.64,288.0,288.0,288.0,-10.867584191635672,Normal,2825,Low
India,Maharashtra,"Calendar Year (Jan - Dec), 2025","Kalamb, Municipality",83.9,18.63,13.45,1197.0,855.0,605.0,-10.873203685757915,Normal,2826,Low
India,Punjab,"Calendar Year (Jan - Dec), 2025","Muktsar, Municipality",79.31,22.75,12.43,1499.0,903.0,673.0,-10.88086871373747,Normal,2827,Low
India,Jammu And Kashmir,"Calendar Year (Jan - Dec), 2025","Kathua, Municipality",53.62,19.17,13.03,1249.0,1249.0,1112.0,-10.880900688316842,Normal,2828,Low
India,Madhya Pradesh,"Calendar Year (Jan - Dec), 2025","Lidhora Khas, Town Panchayat",44.82,16.68,14.9,1112.0,1110.0,946.0,-10.884127917619878,Normal,2829,Low
India,Jammu And Kashmir,"Calendar Year (Jan - Dec), 2025","Sumbal, Municipality",72.76,19.5,11.68,1265.0,1265.0,758.0,-10.885598117096492,Normal,2830,Low
India,Uttar Pradesh,"Calendar Year (Jan - Dec), 2025","Kiraoali, Town Panchayat",86.5,28.2,18.55,1845.0,1139.0,1110.0,-10.89001178811651,Normal,2831,Low
India,Karnataka,"Calendar Year (Jan - Dec), 2025","Robertson Pet, Municipality",94.83,25.85,19.47,1686.0,1351.0,1234.0,-10.892956774764173,Normal,2832,Low
India,Madhya Pradesh,"Calendar Year (Jan - Dec), 2025","Badnagar, Municipality",63.68,20.07,18.11,1238.0,1192.0,1083.0,-10.893561650505148,Normal,2833,Low
India,Madhya Pradesh,"Calendar Year (Jan - Dec), 2025","Narwar, Town Panchayat",43.36,15.83,15.13,1055.0,1046.0,950.0,-10.89526945914082,Normal,2834,Low
India,Karnataka,"Calendar Year (Jan - Dec), 2025","Kollegal, Municipality",62.45,20.75,16.45,1352.0,1295.0,1142.0,-10.895549836986959,Normal,2835,Low
India,Chhattisgarh,"Calendar Year (Jan - Dec), 2025","Doundi, Town Panchayat",25.69,12.15,11.75,808.0,808.0,740.0,-10.897268108074059,Normal,2836,Low
India,Madhya Pradesh,"Calendar Year (Jan - Dec), 2025","Rannod, Town Panchayat",43.88,17.06,13.73,1137.0,1130.0,966.0,-10.899074829976769,Normal,2837,Low
India,Karnataka,"Calendar Year (Jan - Dec), 2025","Byadgi, Municipality",73.37,20.24,15.23,1281.0,1281.0,1260.0,-10.899672982680613,Normal,2838,Low
India,Uttar Pradesh,"Calendar Year (Jan - Dec), 2025","Lambhua, Town Panchayat",63.13,17.98,11.13,1199.0,471.0,457.0,-10.899982837059156,Normal,2839,Low
India,Nagaland,"Calendar Year (Jan - Dec), 2025","Jalukie, Town Panchayat",29.06,13.68,9.74,912.0,912.0,855.0,-10.906195842643228,Normal,2840,Low
India,Chhattisgarh,"Calendar Year (Jan - Dec), 2025","Narayanpur, Municipality",28.69,13.18,12.4,848.0,848.0,793.0,-10.907862989576472,Normal,2841,Low
India,Maharashtra,"Calendar Year (Jan - Dec), 2025","Dhadgaon-Wadphalya, Town",47.2,11.72,8.63,752.0,564.0,232.0,-10.908270129335222,Normal,2842,Low
India,Gujarat,"Calendar Year (Jan - Dec), 2025","Dhoraji, Municipality",78.39,21.43,18.31,1110.0,943.0,909.0,-10.908926754529716,Normal,2843,Low
India,Rajasthan,"Calendar Year (Jan - Dec), 2025","Lalgarh, Town Panchayat",17.04,4.53,0.6,302.0,100.0,97.0,-10.913917510826764,Normal,2844,Low
India,Uttar Pradesh,"Calendar Year (Jan - Dec), 2025","Kunwargaon, Town Panchayat",48.85,17.98,16.57,1199.0,1055.0,1039.0,-10.914950915588918,Normal,2845,Low
India,Bihar,"Calendar Year (Jan - Dec), 2025","Madhopur Susta, Town Panchayat",44.66,10.3,4.12,687.0,185.0,,-10.917462412010366,Normal,2846,Low
India,Madhya Pradesh,"Calendar Year (Jan - Dec), 2025","Bijawar, Town Panchayat",42.52,15.83,14.9,1049.0,1028.0,959.0,-10.917782550184313,Normal,2847,Low
India,Bihar,"Calendar Year (Jan - Dec), 2025","Forbesganj, Municipality",70.67,18.51,15.06,1217.0,1144.0,688.0,-10.91828182528235,Normal,2848,Low
India,Uttar Pradesh,"Calendar Year (Jan - Dec), 2025","Shankargarh, Town Panchayat",41.85,16.81,15.44,1120.0,980.0,967.0,-10.92070363816697,Normal,2849,Low
India,Maharashtra,"Calendar Year (Jan - Dec), 2025","Tivasa, Town Panchayat",43.09,10.65,8.16,702.0,630.0,224.0,-10.920769326447271,Normal,2850,Low
India,Chhattisgarh,"Calendar Year (Jan - Dec), 2025","Aamadi, Town Panchayat",28.18,13.24,11.32,879.0,862.0,819.0,-10.922864890995072,Normal,2851,Low
India,Madhya Pradesh,"Calendar Year (Jan - Dec), 2025","Hanumana, Town Panchayat",50.64,18.55,16.18,1231.0,1143.0,1007.0,-10.922930230870918,Normal,2852,Low
India,Chhattisgarh,"Calendar Year (Jan - Dec), 2025","Katghora, Municipality",34.56,15.13,13.15,995.0,941.0,888.0,-10.926477247666469,Normal,2853,Low
India,Tamil Nadu,"Calendar Year (Jan - Dec), 2025","Manachanallur, Town Panchayat",81.42,15.68,14.74,1011.0,1011.0,995.0,-10.929990779879404,Normal,2854,Low
India,Uttar Pradesh,"Calendar Year (Jan - Dec), 2025","Bidhuna, Town Panchayat",80.75,25.11,16.8,1672.0,896.0,884.0,-10.937433393421543,Normal,2855,Low
India,Uttar Pradesh,"Calendar Year (Jan - Dec), 2025",Meerut Development Authority,55.73,16.32,16.06,1088.0,1088.0,1088.0,-10.939225684900862,Normal,2856,Low
India,Madhya Pradesh,"Calendar Year (Jan - Dec), 2025","Lanji, Town Panchayat",51.74,18.74,16.79,1237.0,1085.0,1070.0,-10.94077036146956,Normal,2857,Low
India,Maharashtra,"Calendar Year (Jan - Dec), 2025",Warud,86.48,20.04,17.57,1241.0,1151.0,991.0,-10.94116458449787,Normal,2858,Low
India,Madhya Pradesh,"Calendar Year (Jan - Dec), 2025","Bhainsdehi, Town Panchayat",44.91,16.13,15.4,1067.0,1035.0,981.0,-10.944059244251662,Normal,2859,Low
India,Uttar Pradesh,"Calendar Year (Jan - Dec), 2025","Kaimganj, Municipality",38.43,15.85,14.59,1052.0,946.0,932.0,-10.945099420347162,Normal,2860,Low
India,Madhya Pradesh,"Calendar Year (Jan - Dec), 2025","Bhikangaon, Town Panchayat",74.72,25.58,19.23,1686.0,1242.0,1193.0,-10.945173529314673,Normal,2861,Low
India,Uttar Pradesh,"Calendar Year (Jan - Dec), 2025","Rajesultanpur, Town Panchayat",61.03,22.45,18.44,1497.0,1151.0,1026.0,-10.949467000769005,Normal,2862,Low
India,Karnataka,"Calendar Year (Jan - Dec), 2025","Basavana Bagevadi, Municipality",88.59,25.45,18.09,1678.0,1391.0,1267.0,-10.956995526484718,Normal,2863,Low
India,Telangana,"Calendar Year (Jan - Dec), 2025","Zahirabad, Municipality",72.97,17.3,9.85,1100.0,1100.0,1100.0,-10.961290977069154,Normal,2864,Low
India,Punjab,"Calendar Year (Jan - Dec), 2025","Mamdot, Town Panchayat",30.33,11.15,2.75,752.0,580.0,408.0,-10.962517498044917,Normal,2865,Low
India,Karnataka,"Calendar Year (Jan - Dec), 2025","Gajendragarh, Municipality",48.17,14.97,18.01,976.0,888.0,776.0,-10.964717171863754,Normal,2866,Low
India,Madhya Pradesh,"Calendar Year (Jan - Dec), 2025","Badoni, Town Panchayat",46.62,17.51,14.66,1164.0,1153.0,804.0,-10.96960002544256,Normal,2867,Low
India,Kerala,"Calendar Year (Jan - Dec), 2025","Feroke, Municipality",50.04,18.29,16.89,1070.0,1042.0,945.0,-10.969819310171943,Normal,2868,Low
India,Punjab,"Calendar Year (Jan - Dec), 2025","Samana, Municipality",70.95,25.92,17.0,1688.0,1281.0,1093.0,-10.973246674663756,Normal,2869,Low
India,Odisha,"Calendar Year (Jan - Dec), 2025","Umarkote, Municipality",42.67,17.65,14.25,1166.0,1031.0,1005.0,-10.974466933658391,Normal,2870,Low
India,Assam,"Calendar Year (Jan - Dec), 2025","Badarpur, Town Panchayat",21.34,10.8,10.54,719.0,719.0,687.0,-10.976222979106296,Normal,2871,Low
India,Madhya Pradesh,"Calendar Year (Jan - Dec), 2025",Badagaon (Tikamgarh),40.28,15.65,14.15,1043.0,1030.0,907.0,-10.97712844990059,Normal,2872,Low
India,Uttar Pradesh,"Calendar Year (Jan - Dec), 2025","Gulaothi, Municipality",67.42,23.0,19.34,1533.0,1153.0,1115.0,-10.977197937884057,Normal,2873,Low
India,Manipur,"Calendar Year (Jan - Dec), 2025","Bishnupur, Municipality",26.03,13.72,10.69,863.0,774.0,389.0,-10.980198218028022,Normal,2874,Low
India,Chhattisgarh,"Calendar Year (Jan - Dec), 2025","Sargaon, Town Panchayat",24.31,11.7,10.96,780.0,780.0,743.0,-10.982053183331743,Normal,2875,Low
India,Karnataka,"Calendar Year (Jan - Dec), 2025","Sirsi, Municipality",68.58,15.18,7.47,978.0,914.0,524.0,-10.98391146020424,Normal,2876,Low
India,Tamil Nadu,"Calendar Year (Jan - Dec), 2025","Ranipettai, Municipality",34.85,14.14,13.83,904.0,904.0,865.0,-10.984402519275704,Normal,2877,Low
India,Karnataka,"Calendar Year (Jan - Dec), 2025","Muddebihal, Municipality",81.84,25.6,18.56,1639.0,1330.0,1156.0,-10.986143482880323,Normal,2878,Low
India,Chhattisgarh,"Calendar Year (Jan - Dec), 2025","Bilha, Town Panchayat",54.79,18.15,17.61,1097.0,1051.0,971.0,-10.990058607481899,Normal,2879,Low
India,Gujarat,"Calendar Year (Jan - Dec), 2025","Upleta, Municipality",56.66,17.45,17.02,798.0,796.0,786.0,-10.99557490706519,Normal,2880,Low
India,Madhya Pradesh,"Calendar Year (Jan - Dec), 2025","Malanpur, Town Panchayat",3.38,1.3,1.27,87.0,85.0,85.0,-10.997784733453102,Normal,2881,Low
India,Jharkhand,"Calendar Year (Jan - Dec), 2025","Domchanch, Town Panchayat",48.13,18.61,15.43,1241.0,1130.0,837.0,-10.998236855929804,Normal,2882,Low
India,Punjab,"Calendar Year (Jan - Dec), 2025","Phagwara, Municipal Corporation",74.03,24.24,11.89,1557.0,1118.0,814.0,-10.999042602945053,Normal,2883,Low
India,Maharashtra,"Calendar Year (Jan - Dec), 2025","Nilanga, Municipality",58.18,12.62,7.92,824.0,599.0,287.0,-11.005526800184441,Normal,2884,Low
India,Tamil Nadu,"Calendar Year (Jan - Dec), 2025","Perundurai, Town Panchayat",75.39,14.44,14.32,787.0,785.0,776.0,-11.008927080985814,Normal,2885,Low
India,Bihar,"Calendar Year (Jan - Dec), 2025","Kochas, Town Panchayat",62.2,17.37,14.75,1158.0,1158.0,686.0,-11.010894823114427,Normal,2886,Low
India,Uttar Pradesh,"Calendar Year (Jan - Dec), 2025","Campierganj, Town Panchayat",63.39,21.72,18.74,1448.0,1126.0,1117.0,-11.010925833565864,Normal,2887,Low
India,Tamil Nadu,"Calendar Year (Jan - Dec), 2025","Mettupalayam, Municipality",73.74,17.65,16.73,1072.0,1072.0,1045.0,-11.012223310455852,Normal,2888,Low
India,Madhya Pradesh,"Calendar Year (Jan - Dec), 2025","Niwas, Town Panchayat",52.31,18.96,16.2,1262.0,1108.0,1076.0,-11.017298501112975,Normal,2889,Low
India,Chhattisgarh,"Calendar Year (Jan - Dec), 2025","Saja, Town Panchayat",26.55,12.55,11.27,835.0,813.0,786.0,-11.01822578381956,Normal,2890,Low
India,Chhattisgarh,"Calendar Year (Jan - Dec), 2025","Kanker, Municipality",47.2,17.23,14.34,1081.0,1081.0,1044.0,-11.02022363748273,Normal,2891,Low
India,Uttar Pradesh,"Calendar Year (Jan - Dec), 2025","Jasrana, Town Panchayat",28.59,12.75,12.56,849.0,840.0,750.0,-11.024955494615142,Normal,2892,Low
India,Chhattisgarh,"Calendar Year (Jan - Dec), 2025",Bhatgaon (Sarangarh),36.69,15.84,12.96,1045.0,971.0,916.0,-11.030181248780252,Normal,2893,Low
India,Madhya Pradesh,"Calendar Year (Jan - Dec), 2025","Khajuraho, Town Panchayat",47.95,17.29,15.88,1152.0,1064.0,988.0,-11.030405074784653,Normal,2894,Low
India,Maharashtra,"Calendar Year (Jan - Dec), 2025","Partur, Municipality",84.26,19.1,16.26,1203.0,949.0,755.0,-11.032454167870071,Normal,2895,Low
India,Bihar,"Calendar Year (Jan - Dec), 2025","Bikramganj, Municipality",74.43,20.29,16.65,1339.0,1259.0,894.0,-11.033450025773107,Normal,2896,Low
India,Uttar Pradesh,"Calendar Year (Jan - Dec), 2025","Kerakat, Town Panchayat",34.41,14.56,13.78,968.0,898.0,851.0,-11.039484934138272,Normal,2897,Low
India,Odisha,"Calendar Year (Jan - Dec), 2025","Choudwar, Municipality",69.38,24.9,17.89,1603.0,1222.0,1105.0,-11.04003441279849,Normal,2898,Low
India,Madhya Pradesh,"Calendar Year (Jan - Dec), 2025","Betma, Town Panchayat",62.46,18.23,17.81,977.0,939.0,928.0,-11.042563028098527,Normal,2899,Low
India,Karnataka,"Calendar Year (Jan - Dec), 2025","Guttal, Town Panchayat",38.45,14.84,13.98,975.0,975.0,891.0,-11.04509987460591,Normal,2900,Low
India,Gujarat,"Calendar Year (Jan - Dec), 2025","Sachin, Municipal Corporation",59.2,15.25,15.17,643.0,643.0,643.0,-11.047101305505123,Normal,2901,Low
India,Uttar Pradesh,"Calendar Year (Jan - Dec), 2025","Chopan, Town Panchayat",33.5,13.47,13.28,897.0,874.0,872.0,-11.047750429931284,Normal,2902,Low
India,Karnataka,"Calendar Year (Jan - Dec), 2025","Jamkhandi, Municipality",68.85,19.87,17.95,1254.0,1154.0,1116.0,-11.049558029220293,Normal,2903,Low
India,Assam,"Calendar Year (Jan - Dec), 2025","Mahur, Town Panchayat",19.24,10.71,9.71,715.0,715.0,583.0,-11.054106692826338,Normal,2904,Low
India,Madhya Pradesh,"Calendar Year (Jan - Dec), 2025","Chicholi, Town Panchayat",41.94,15.69,15.03,1042.0,1007.0,888.0,-11.055157522490504,Normal,2905,Low
India,Karnataka,"Calendar Year (Jan - Dec), 2025","Mulbagal, Municipality",84.23,22.18,12.97,1460.0,1304.0,1035.0,-11.059373140730827,Normal,2906,Low
India,Uttar Pradesh,"Calendar Year (Jan - Dec), 2025","Satrikh, Town Panchayat",32.93,14.01,13.32,934.0,870.0,854.0,-11.059829023962322,Normal,2907,Low
India,Chhattisgarh,"Calendar Year (Jan - Dec), 2025","Dhamdha, Town Panchayat",30.47,13.67,12.08,893.0,893.0,799.0,-11.062454679423865,Normal,2908,Low
India,Madhya Pradesh,"Calendar Year (Jan - Dec), 2025",Badagaon (Agar),38.13,14.37,13.93,957.0,935.0,922.0,-11.071017149460602,Normal,2909,Low
India,Madhya Pradesh,"Calendar Year (Jan - Dec), 2025","Udaipura, Town Panchayat",45.36,16.38,15.17,1075.0,1013.0,997.0,-11.07143445149569,Normal,2910,Low
India,Uttar Pradesh,"Calendar Year (Jan - Dec), 2025","Sukrauli, Town Panchayat",44.01,16.71,14.41,1114.0,1032.0,1001.0,-11.072786574144345,Normal,2911,Low
India,Odisha,"Calendar Year (Jan - Dec), 2025","Titlagarh, Municipality",45.95,20.97,12.41,1399.0,1067.0,824.0,-11.073937557201816,Normal,2912,Low
India,Gujarat,"Calendar Year (Jan - Dec), 2025","Devgadbaria, Municipality",85.4,23.49,18.57,1381.0,1093.0,1060.0,-11.080322059855462,Normal,2913,Low
India,Rajasthan,"Calendar Year (Jan - Dec), 2025","Jhunjhunun, Municipality",78.32,21.04,17.62,1317.0,1192.0,1166.0,-11.084505938315317,Normal,2914,Low
India,Uttar Pradesh,"Calendar Year (Jan - Dec), 2025","Munderwa, Town Panchayat",55.79,21.13,17.5,1409.0,1057.0,1041.0,-11.085950385034323,Normal,2915,Low
India,Uttar Pradesh,"Calendar Year (Jan - Dec), 2025","Ramsanehighat, Town Panchayat",64.56,23.38,18.07,1559.0,1126.0,1090.0,-11.090267927148545,Normal,2916,Low
India,Uttar Pradesh,"Calendar Year (Jan - Dec), 2025","Chilkana Sultanpur, Town Panchayat",40.97,15.38,14.74,1023.0,948.0,947.0,-11.102456917494806,Normal,2917,Low
India,Madhya Pradesh,"Calendar Year (Jan - Dec), 2025","Suthaliya, Town Panchayat",50.4,18.45,15.59,1228.0,1092.0,1037.0,-11.10401078086943,Normal,2918,Low
India,Bihar,"Calendar Year (Jan - Dec), 2025","Bikram, Town Panchayat",69.28,21.84,14.5,1452.0,1295.0,898.0,-11.112235288006161,Normal,2919,Low
India,Chhattisgarh,"Calendar Year (Jan - Dec), 2025","Daundi Lohara, Town Panchayat",25.06,11.54,11.35,763.0,761.0,752.0,-11.113807830302619,Normal,2920,Low
India,Madhya Pradesh,"Calendar Year (Jan - Dec), 2025","Kari, Town Panchayat",39.35,15.21,13.7,1013.0,1013.0,868.0,-11.11536073146965,Normal,2921,Low
India,Uttar Pradesh,"Calendar Year (Jan - Dec), 2025","Antu, Town Panchayat",30.51,12.9,12.56,859.0,840.0,823.0,-11.115367439840497,Normal,2922,Low
India,Rajasthan,"Calendar Year (Jan - Dec), 2025","Jaisalmer, Municipality",71.35,22.5,12.4,1472.0,1121.0,755.0,-11.121359672105484,Normal,2923,Low
India,Rajasthan,"Calendar Year (Jan - Dec), 2025","Kota, Municipal Corporation North",65.44,18.09,11.95,1206.0,605.0,474.0,-11.122260906666781,Normal,2924,Low
India,Uttar Pradesh,"Calendar Year (Jan - Dec), 2025","Talbehat, Town Panchayat",73.73,23.03,16.5,1535.0,828.0,805.0,-11.122758822343997,Normal,2925,Low
India,Tamil Nadu,"Calendar Year (Jan - Dec), 2025","Thiruverkadu, Municipality",63.97,17.43,16.97,1063.0,1063.0,982.0,-11.131660571711961,Normal,2926,Low
India,Himachal Pradesh,"Calendar Year (Jan - Dec), 2025","Dharmsala, Municipal Corporation",30.38,9.97,16.11,623.0,551.0,488.0,-11.137186721166927,Normal,2927,Low
India,Madhya Pradesh,"Calendar Year (Jan - Dec), 2025","Bhander, Town Panchayat",43.25,16.24,14.43,1073.0,1062.0,859.0,-11.137299014651035,Normal,2928,Low
India,Maharashtra,"Calendar Year (Jan - Dec), 2025","Kagal, Municipality",81.67,14.66,12.58,832.0,802.0,792.0,-11.137790583898493,Normal,2929,Low
India,Chhattisgarh,"Calendar Year (Jan - Dec), 2025","Devkar, Town Panchayat",26.18,12.63,10.54,841.0,821.0,769.0,-11.146974668525047,Normal,2930,Low
India,Assam,"Calendar Year (Jan - Dec), 2025","Hamren, Town Panchayat",18.82,10.44,10.15,696.0,695.0,500.0,-11.147004814481704,Normal,2931,Low
India,Gujarat,"Calendar Year (Jan - Dec), 2025","Petlad, Municipality",77.06,21.37,18.36,1249.0,1048.0,1036.0,-11.148855406504651,Normal,2932,Low
India,Bihar,"Calendar Year (Jan - Dec), 2025","Banka, Municipality",78.3,20.7,17.45,1342.0,1184.0,949.0,-11.151980259995696,Normal,2933,Low
India,Punjab,"Calendar Year (Jan - Dec), 2025",Chauke Town Panchayat,4.38,2.2,1.49,157.0,131.0,45.0,-11.153397078235969,Normal,2934,Low
India,Tamil Nadu,"Calendar Year (Jan - Dec), 2025","Keelakarai, Municipality",23.81,11.72,10.88,777.0,777.0,681.0,-11.157280284007072,Normal,2935,Low
India,Gujarat,"Calendar Year (Jan - Dec), 2025","Boriavi, Municipality",57.77,19.41,16.5,1264.0,1115.0,1100.0,-11.157902520231346,Normal,2936,Low
India,Madhya Pradesh,"Calendar Year (Jan - Dec), 2025","Nalkheda, Town Panchayat",36.65,13.73,13.6,905.0,905.0,889.0,-11.158576275914186,Normal,2937,Low
India,Uttar Pradesh,"Calendar Year (Jan - Dec), 2025","Sahaspur, Town Panchayat",40.71,15.83,14.8,1053.0,952.0,911.0,-11.160106530414112,Normal,2938,Low
India,Assam,"Calendar Year (Jan - Dec), 2025","Sarbhog, Town Panchayat",18.49,9.75,9.66,650.0,650.0,636.0,-11.16144743859212,Normal,2939,Low
India,Uttar Pradesh,"Calendar Year (Jan - Dec), 2025","Bakewar, Town Panchayat",29.25,12.76,12.3,851.0,817.0,804.0,-11.161530063423243,Normal,2940,Low
India,Bihar,"Calendar Year (Jan - Dec), 2025","Minapur, Town Panchayat",56.03,12.93,5.17,862.0,271.0,,-11.165055767446859,Normal,2941,Low
India,Uttar Pradesh,"Calendar Year (Jan - Dec), 2025",Kanth (Moradabad),76.57,22.66,16.44,1507.0,820.0,816.0,-11.16605768230761,Normal,2942,Low
India,Kerala,"Calendar Year (Jan - Dec), 2025","Irinjalakuda, Municipality",50.88,17.95,16.56,1143.0,1043.0,946.0,-11.16663939628836,Normal,2943,Low
India,Bihar,"Calendar Year (Jan - Dec), 2025","Revelganj, Town Panchayat",73.92,21.17,15.22,1411.0,1158.0,790.0,-11.167479072370554,Normal,2944,Low
India,Bihar,"Calendar Year (Jan - Dec), 2025","Barahiya, Municipality",72.25,20.47,17.4,1364.0,1221.0,1000.0,-11.172223029175086,Normal,2945,Low
India,Karnataka,"Calendar Year (Jan - Dec), 2025","Ramdurg, Municipality",61.42,18.68,12.77,1221.0,1203.0,1144.0,-11.17333661876836,Normal,2946,Low
India,Madhya Pradesh,"Calendar Year (Jan - Dec), 2025","Baikunthpur, Town Panchayat",36.1,13.84,13.69,919.0,913.0,851.0,-11.174703349286688,Normal,2947,Low
India,Rajasthan,"Calendar Year (Jan - Dec), 2025","Behror, Town Panchayat",58.51,16.69,16.56,799.0,786.0,786.0,-11.17536137430369,Normal,2948,Low
India,Maharashtra,"Calendar Year (Jan - Dec), 2025","Kinwat, Municipality",72.34,17.44,14.3,1145.0,976.0,626.0,-11.176270695670269,Normal,2949,Low
India,Tamil Nadu,"Calendar Year (Jan - Dec), 2025","Thenthiruperai, Town Panchayat",3.17,1.5,1.37,100.0,99.0,90.0,-11.177361332245653,Normal,2950,Low
India,Arunachal Pradesh,"Calendar Year (Jan - Dec), 2025","Palin, Town Panchayat",40.97,19.1,14.26,711.0,501.0,498.0,-11.178419038574361,Normal,2951,Low
India,Maharashtra,"Calendar Year (Jan - Dec), 2025","Tasgaon, Municipality",84.69,20.47,11.89,1297.0,1179.0,969.0,-11.178488226269963,Normal,2952,Low
India,Tamil Nadu,"Calendar Year (Jan - Dec), 2025","Cumbum, Municipality",70.5,16.51,15.46,1068.0,1068.0,1047.0,-11.178645187697555,Normal,2953,Low
India,Assam,"Calendar Year (Jan - Dec), 2025","Tihu, Town Panchayat",33.34,12.89,6.74,661.0,266.0,160.0,-11.18230292573503,Normal,2954,Low
India,Gujarat,"Calendar Year (Jan - Dec), 2025","Santrampur, Municipality",71.58,22.96,17.39,1523.0,1214.0,1180.0,-11.18441952872206,Normal,2955,Low
India,Karnataka,"Calendar Year (Jan - Dec), 2025","Mudhol, Municipality",84.27,22.26,17.16,1388.0,1200.0,1116.0,-11.186453840386832,Normal,2956,Low
India,Chhattisgarh,"Calendar Year (Jan - Dec), 2025","Premnagar, Town Panchayat",26.88,12.87,11.5,857.0,857.0,573.0,-11.19002677724626,Normal,2957,Low
India,Uttar Pradesh,"Calendar Year (Jan - Dec), 2025","Harraiya, Town Panchayat",46.15,16.83,15.53,1121.0,992.0,975.0,-11.1975044140014,Normal,2958,Low
India,Bihar,"Calendar Year (Jan - Dec), 2025","Ghanshyampur, Town Panchayat",51.8,11.96,4.78,797.0,240.0,,-11.199772087591725,Normal,2959,Low
India,Uttar Pradesh,"Calendar Year (Jan - Dec), 2025","Kishunpur, Town Panchayat",27.64,12.18,11.92,812.0,800.0,767.0,-11.20184176846385,Normal,2960,Low
India,Maharashtra,"Calendar Year (Jan - Dec), 2025","Kannad, Municipality",74.22,16.28,13.8,899.0,631.0,555.0,-11.201966396550802,Normal,2961,Low
India,Uttar Pradesh,"Calendar Year (Jan - Dec), 2025","Warhapur, Town Panchayat",52.04,20.96,16.4,1397.0,1005.0,923.0,-11.216261317378326,Normal,2962,Low
India,Uttar Pradesh,"Calendar Year (Jan - Dec), 2025","Noorpur, Municipality",64.73,23.39,17.52,1549.0,1080.0,1024.0,-11.216320187137114,Normal,2963,Low
India,Maharashtra,"Calendar Year (Jan - Dec), 2025","Telhara, Municipality",54.29,13.62,8.82,896.0,512.0,286.0,-11.220998072141867,Normal,2964,Low
India,Karnataka,"Calendar Year (Jan - Dec), 2025","Annigeri, Municipality",41.12,15.68,11.52,1034.0,1034.0,980.0,-11.223178791641544,Normal,2965,Low
India,Karnataka,"Calendar Year (Jan - Dec), 2025","Bangarpete, Town Panchayat",67.71,19.1,14.51,1208.0,1204.0,1123.0,-11.225407478363707,Normal,2966,Low
India,Kerala,"Calendar Year (Jan - Dec), 2025","Karunagappally, Municipality",55.18,19.42,16.15,1224.0,1126.0,927.0,-11.230084403887076,Normal,2967,Low
India,Karnataka,"Calendar Year (Jan - Dec), 2025","Homnabad, Municipality",70.28,19.87,14.25,1299.0,1278.0,936.0,-11.234831233918953,Normal,2968,Low
India,Uttar Pradesh,"Calendar Year (Jan - Dec), 2025","Chhatari, Town Panchayat",31.88,12.69,12.6,846.0,846.0,831.0,-11.236661260023311,Normal,2969,Low
India,Gujarat,"Calendar Year (Jan - Dec), 2025","Dhanera, Municipality",70.28,17.67,16.48,971.0,936.0,889.0,-11.240087205914847,Normal,2970,Low
India,Telangana,"Calendar Year (Jan - Dec), 2025","Sathupally, Municipality",48.74,11.94,5.27,762.0,270.0,214.0,-11.24485441968966,Normal,2971,Low
India,Rajasthan,"Calendar Year (Jan - Dec), 2025","Khetri, Town Panchayat",22.87,7.83,5.89,522.0,521.0,132.0,-11.248625629161666,Normal,2972,Low
India,Madhya Pradesh,"Calendar Year (Jan - Dec), 2025","Hatpiplya, Town Panchayat",41.84,15.25,14.06,1000.0,990.0,909.0,-11.252110438738612,Normal,2973,Low
India,Uttar Pradesh,"Calendar Year (Jan - Dec), 2025","Suwansa Bazar, Town Panchayat",50.7,18.95,16.48,1263.0,999.0,984.0,-11.255944675010142,Normal,2974,Low
India,Tamil Nadu,"Calendar Year (Jan - Dec), 2025","Thevur, Town Panchayat",3.44,1.4,1.16,92.0,92.0,87.0,-11.256160613188285,Normal,2975,Low
India,Uttar Pradesh,"Calendar Year (Jan - Dec), 2025","Ajhuwa, Town Panchayat",55.83,20.26,17.23,1350.0,1018.0,1010.0,-11.25791833695456,Normal,2976,Low
India,Gujarat,"Calendar Year (Jan - Dec), 2025","Kodinar, Municipality",38.44,18.43,14.76,739.0,699.0,686.0,-11.257921910354128,Normal,2977,Low
India,Uttar Pradesh,"Calendar Year (Jan - Dec), 2025","Mathauli, Town Panchayat",72.96,23.68,17.99,1579.0,1090.0,1043.0,-11.260540759469166,Normal,2978,Low
India,Maharashtra,"Calendar Year (Jan - Dec), 2025","Cantonment Board, Ahmadnagar",60.73,10.52,10.52,433.0,433.0,433.0,-11.263170740395026,Normal,2979,Low
India,Karnataka,"Calendar Year (Jan - Dec), 2025","Mulgund, Town Panchayat",54.32,18.86,16.35,1254.0,1081.0,996.0,-11.263415560092199,Normal,2980,Low
India,Maharashtra,"Calendar Year (Jan - Dec), 2025","Yevla, Municipality",64.56,14.27,13.75,643.0,609.0,585.0,-11.26381045740294,Normal,2981,Low
India,Uttarakhand,"Calendar Year (Jan - Dec), 2025","Mahua Kheraganj, Municipality",72.15,17.86,12.32,1155.0,1096.0,678.0,-11.26689808434827,Normal,2982,Low
India,Karnataka,"Calendar Year (Jan - Dec), 2025","Sirwar, Town Panchayat",42.53,16.91,10.65,1120.0,1115.0,702.0,-11.269184991472741,Normal,2983,Low
India,Kerala,"Calendar Year (Jan - Dec), 2025","Chittur-Thathamangalam, Municipality",56.15,18.53,15.75,1162.0,1130.0,851.0,-11.273023549043558,Normal,2984,Low
India,Uttar Pradesh,"Calendar Year (Jan - Dec), 2025","Bilsi, Municipality",73.51,23.82,17.87,1588.0,1098.0,1083.0,-11.274378709469715,Normal,2985,Low
India,Uttar Pradesh,"Calendar Year (Jan - Dec), 2025",Amethi,30.73,12.98,12.61,860.0,830.0,799.0,-11.274845578153077,Normal,2986,Low
India,Bihar,"Calendar Year (Jan - Dec), 2025","Phulwari Sharif, Municipality",71.44,13.57,13.26,707.0,665.0,641.0,-11.287738912401892,Normal,2987,Low
India,Rajasthan,"Calendar Year (Jan - Dec), 2025","Nathdwara, Town Panchayat",49.73,19.26,13.74,1212.0,1104.0,1009.0,-11.287794206170986,Normal,2988,Low
India,Uttar Pradesh,"Calendar Year (Jan - Dec), 2025","Ambehta, Town Panchayat",38.67,14.72,14.05,977.0,907.0,901.0,-11.289433368860955,Normal,2989,Low
India,Uttar Pradesh,"Calendar Year (Jan - Dec), 2025","Kotra, Town Panchayat",41.32,15.53,14.44,1035.0,940.0,927.0,-11.290915695639569,Normal,2990,Low
India,Odisha,"Calendar Year (Jan - Dec), 2025","Tarbha, Town Panchayat",25.6,12.4,10.32,822.0,797.0,754.0,-11.295424510509406,Normal,2991,Low
India,Tamil Nadu,"Calendar Year (Jan - Dec), 2025","Dharasuram, Town Panchayat",3.55,1.35,1.21,85.0,85.0,78.0,-11.296557513143398,Normal,2992,Low
India,Uttar Pradesh,"Calendar Year (Jan - Dec), 2025","Bachhraon, Municipality",42.39,15.82,14.75,1055.0,943.0,932.0,-11.297439324516688,Normal,2993,Low
India,Arunachal Pradesh,"Calendar Year (Jan - Dec), 2025","Dumporijo, Town Panchayat",5.94,1.83,1.07,94.0,46.0,38.0,-11.298822042700124,Normal,2994,Low
India,Chhattisgarh,"Calendar Year (Jan - Dec), 2025","Pusaur, Town Panchayat",30.06,13.42,12.23,874.0,874.0,705.0,-11.300564202106159,Normal,2995,Low
India,Uttar Pradesh,"Calendar Year (Jan - Dec), 2025","Saunkh, Town Panchayat",40.15,15.22,14.2,1014.0,941.0,894.0,-11.309451702686317,Normal,2996,Low
India,Gujarat,"Calendar Year (Jan - Dec), 2025","Thara, Municipality",59.76,18.67,15.99,1206.0,1118.0,1044.0,-11.311260274999142,Normal,2997,Low
India,Bihar,"Calendar Year (Jan - Dec), 2025","Bettiah, Municipal Corporation",71.21,16.86,11.5,1068.0,580.0,483.0,-11.331476397005247,Normal,2998,Low
India,Maharashtra,"Calendar Year (Jan - Dec), 2025","Daryapur Banosa, Municipality",64.25,16.33,9.39,1053.0,1053.0,1025.0,-11.33426531299159,Normal,2999,Low
India,Bihar,"Calendar Year (Jan - Dec), 2025","Fatwah, Municipality",70.7,18.26,11.89,1206.0,881.0,564.0,-11.337733997314615,Normal,3000,Low
India,Punjab,"Calendar Year (Jan - Dec), 2025","Fazilka, Municipality",71.1,20.32,12.57,1270.0,810.0,595.0,-11.34033098849011,Normal,3001,Low
India,Madhya Pradesh,"Calendar Year (Jan - Dec), 2025","Barwaha, Municipality",58.27,18.89,17.2,1162.0,1011.0,965.0,-11.340684905992703,Normal,3002,Low
India,Madhya Pradesh,"Calendar Year (Jan - Dec), 2025","Banda, Town Panchayat",50.85,17.62,15.47,1163.0,1027.0,1007.0,-11.344415646676111,Normal,3003,Low
India,Uttarakhand,"Calendar Year (Jan - Dec), 2025","Landhaura, Town Panchayat",36.69,14.77,14.09,972.0,915.0,667.0,-11.346236833065007,Normal,3004,Low
India,Madhya Pradesh,"Calendar Year (Jan - Dec), 2025","Lakhnadon, Town Panchayat",46.45,16.46,15.29,1082.0,968.0,957.0,-11.347061838170987,Normal,3005,Low
India,Punjab,"Calendar Year (Jan - Dec), 2025","Boha, Town Panchayat",47.12,18.99,13.36,1289.0,1037.0,1005.0,-11.34748715753716,Normal,3006,Low
India,Tamil Nadu,"Calendar Year (Jan - Dec), 2025","Pallipattu, Town Panchayat",28.74,13.38,11.3,887.0,884.0,647.0,-11.351430380440831,Normal,3007,Low
India,Chhattisgarh,"Calendar Year (Jan - Dec), 2025","Champa, Municipality",57.72,17.75,17.57,1087.0,936.0,880.0,-11.356268936188997,Normal,3008,Low
India,Uttar Pradesh,"Calendar Year (Jan - Dec), 2025","Rajpur, Town Panchayat",67.86,20.48,14.12,1365.0,664.0,660.0,-11.356317713583394,Normal,3009,Low
India,Jharkhand,"Calendar Year (Jan - Dec), 2025","Chirkunda, Municipality",73.19,23.86,16.42,1584.0,1105.0,982.0,-11.358711802087669,Normal,3010,Low
India,Karnataka,"Calendar Year (Jan - Dec), 2025","Bidadi, Town Panchayat",47.98,12.44,16.89,816.0,687.0,609.0,-11.361754545741462,Normal,3011,Low
India,Uttar Pradesh,"Calendar Year (Jan - Dec), 2025","Utraula, Municipality",53.06,18.9,16.12,1260.0,1051.0,935.0,-11.367779060012765,Normal,3012,Low
India,Uttar Pradesh,"Calendar Year (Jan - Dec), 2025","Gunnaur, Town Panchayat",72.36,20.91,12.85,1394.0,676.0,676.0,-11.376797333545028,Normal,3013,Low
India,Uttar Pradesh,"Calendar Year (Jan - Dec), 2025","Kalan, Town Panchayat",42.62,16.66,13.1,1111.0,1044.0,873.0,-11.379889985116336,Normal,3014,Low
India,Nagaland,"Calendar Year (Jan - Dec), 2025","Shamator, Town Panchayat",26.66,12.36,8.36,824.0,824.0,807.0,-11.386147948480698,Normal,3015,Low
India,Madhya Pradesh,"Calendar Year (Jan - Dec), 2025","Khilchipur, Town Panchayat",41.38,14.77,13.56,964.0,964.0,905.0,-11.392119593191978,Normal,3016,Low
India,Maharashtra,"Calendar Year (Jan - Dec), 2025","Gadchiroli, Municipality",59.49,15.25,16.38,921.0,884.0,856.0,-11.393397753476734,Normal,3017,Low
India,Uttar Pradesh,"Calendar Year (Jan - Dec), 2025","Patala, Town Panchayat",50.71,17.19,15.41,1114.0,1019.0,973.0,-11.394683264762818,Normal,3018,Low
India,Karnataka,"Calendar Year (Jan - Dec), 2025","Heggadadevankote, Town Panchayat",48.34,18.33,8.44,1201.0,1035.0,832.0,-11.396174691352087,Normal,3019,Low
India,Madhya Pradesh,"Calendar Year (Jan - Dec), 2025","Lodhikheda, Town Panchayat",38.7,14.66,13.74,975.0,910.0,885.0,-11.3996630837446,Normal,3020,Low
India,Uttar Pradesh,"Calendar Year (Jan - Dec), 2025","Bela Pratapgarh, Municipality",55.66,19.6,16.86,1291.0,992.0,985.0,-11.400912550362307,Normal,3021,Low
India,Madhya Pradesh,"Calendar Year (Jan - Dec), 2025","Bijuri, Municipality",60.09,20.59,16.12,1368.0,1002.0,779.0,-11.40274034237683,Normal,3022,Low
India,Uttar Pradesh,"Calendar Year (Jan - Dec), 2025","Rampura, Town Panchayat",46.92,16.89,15.28,1122.0,964.0,958.0,-11.408345857862912,Normal,3023,Low
India,Uttar Pradesh,"Calendar Year (Jan - Dec), 2025","Sandi, Municipality",44.64,17.67,14.41,1178.0,964.0,955.0,-11.416968712712446,Normal,3024,Low
India,Gujarat,"Calendar Year (Jan - Dec), 2025","Kanjari, Municipality",50.31,16.47,15.27,1045.0,990.0,964.0,-11.421770931063179,Normal,3025,Low
India,Karnataka,"Calendar Year (Jan - Dec), 2025","Aurad, Town Panchayat",68.83,22.16,13.72,1463.0,1084.0,802.0,-11.42419287972001,Normal,3026,Low
India,Uttar Pradesh,"Calendar Year (Jan - Dec), 2025","Gangapur, Town Panchayat",48.49,17.19,15.69,1129.0,957.0,957.0,-11.43121213259002,Normal,3027,Low
India,Madhya Pradesh,"Calendar Year (Jan - Dec), 2025","Tendukheda- Damoh, Town Panchayat",42.76,15.88,13.29,1053.0,1025.0,878.0,-11.432632037963742,Normal,3028,Low
India,Bihar,"Calendar Year (Jan - Dec), 2025","Amarpur, Town Panchayat",67.77,18.59,12.7,1239.0,1025.0,648.0,-11.437073296131416,Normal,3029,Low
India,Uttar Pradesh,"Calendar Year (Jan - Dec), 2025","Bharatbhari, Town Panchayat",66.97,21.96,17.18,1464.0,1043.0,1024.0,-11.437613110526172,Normal,3030,Low
India,Assam,"Calendar Year (Jan - Dec), 2025","Rangapara, Town Panchayat",26.45,13.75,11.91,866.0,766.0,605.0,-11.437864672327294,Normal,3031,Low
India,Bihar,"Calendar Year (Jan - Dec), 2025","Masaurhi, Municipality",78.2,21.08,14.85,1397.0,1007.0,795.0,-11.438475534676002,Normal,3032,Low
India,Gujarat,"Calendar Year (Jan - Dec), 2025","Shehera, Municipality",71.74,22.82,16.17,1492.0,1144.0,1045.0,-11.44026587755053,Normal,3033,Low
India,Madhya Pradesh,"Calendar Year (Jan - Dec), 2025","Jaisinghnagar, Town Panchayat",39.96,14.9,13.65,990.0,965.0,830.0,-11.443636562089125,Normal,3034,Low
India,Assam,"Calendar Year (Jan - Dec), 2025","Jorhat, Municipality",57.97,18.07,12.91,1056.0,946.0,559.0,-11.44738304411402,Normal,3035,Low
India,Uttar Pradesh,"Calendar Year (Jan - Dec), 2025","Ghorawal, Town Panchayat",57.13,19.69,16.85,1312.0,990.0,988.0,-11.449320266211316,Normal,3036,Low
India,Kerala,"Calendar Year (Jan - Dec), 2025","Thalassery, Municipality",47.63,16.41,15.51,910.0,908.0,863.0,-11.449627310813582,Normal,3037,Low
India,Uttar Pradesh,"Calendar Year (Jan - Dec), 2025","Khakhareru, Town Panchayat",54.91,20.52,14.87,1368.0,1070.0,1009.0,-11.452043107297925,Normal,3038,Low
India,Bihar,"Calendar Year (Jan - Dec), 2025","Jainagar, Town Panchayat",71.31,18.96,13.84,1254.0,1129.0,784.0,-11.453295648711958,Normal,3039,Low
India,Madhya Pradesh,"Calendar Year (Jan - Dec), 2025","Bhaurasa, Town Panchayat",40.0,15.01,13.42,1000.0,937.0,901.0,-11.459629458763118,Normal,3040,Low
India,Tamil Nadu,"Calendar Year (Jan - Dec), 2025","Srivilliputhur, Municipality",35.84,11.99,15.06,730.0,730.0,705.0,-11.461781223508638,Normal,3041,Low
India,Karnataka,"Calendar Year (Jan - Dec), 2025","Shirahatti, Town Panchayat",73.38,20.16,12.87,1328.0,1181.0,880.0,-11.46262385244654,Normal,3042,Low
India,Madhya Pradesh,"Calendar Year (Jan - Dec), 2025","Nepanagar, Municipality",37.26,13.94,12.96,924.0,911.0,862.0,-11.464452276881559,Normal,3043,Low
India,Karnataka,"Calendar Year (Jan - Dec), 2025","Devanahalli, Municipality",70.39,18.66,12.79,1193.0,1178.0,995.0,-11.464940302319235,Normal,3044,Low
India,Uttar Pradesh,"Calendar Year (Jan - Dec), 2025","Sahanpur, Town Panchayat",39.39,15.86,14.34,1055.0,893.0,849.0,-11.467731421656879,Normal,3045,Low
India,Madhya Pradesh,"Calendar Year (Jan - Dec), 2025","Kothri, Town Panchayat",43.06,14.84,14.0,990.0,977.0,867.0,-11.468920812281624,Normal,3046,Low
India,Karnataka,"Calendar Year (Jan - Dec), 2025","Kundgol, Town Panchayat",51.96,17.31,12.79,1135.0,1135.0,946.0,-11.472695584761766,Normal,3047,Low
India,Chhattisgarh,"Calendar Year (Jan - Dec), 2025","Wadrafnagar, Town Panchayat",26.64,12.39,10.92,822.0,801.0,720.0,-11.474894637341265,Normal,3048,Low
India,Gujarat,"Calendar Year (Jan - Dec), 2025","Mahudha, Municipality",35.92,13.4,12.88,892.0,887.0,842.0,-11.476803617157941,Normal,3049,Low
India,Gujarat,"Calendar Year (Jan - Dec), 2025","Vaghodia, Municipality",58.02,13.99,13.54,587.0,557.0,557.0,-11.477261667900507,Normal,3050,Low
India,Rajasthan,"Calendar Year (Jan - Dec), 2025","Rawatbhata, Town Panchayat",43.8,11.78,5.01,777.0,777.0,777.0,-11.48357796891895,Normal,3051,Low
India,Telangana,"Calendar Year (Jan - Dec), 2025","Devarakonda, Municipality",63.25,16.21,5.74,1028.0,640.0,624.0,-11.489336500631907,Normal,3052,Low
India,Rajasthan,"Calendar Year (Jan - Dec), 2025","Partapur, Town Panchayat",54.25,14.88,5.09,992.0,478.0,386.0,-11.499227406271586,Normal,3053,Low
India,Madhya Pradesh,"Calendar Year (Jan - Dec), 2025","Chitrakoot, Town Panchayat",36.91,14.23,13.12,948.0,929.0,791.0,-11.500690184989764,Normal,3054,Low
India,Bihar,"Calendar Year (Jan - Dec), 2025","Raniganj, Town Panchayat",49.79,11.49,4.6,766.0,,,-11.516847069997198,Normal,3055,Low
India,Punjab,"Calendar Year (Jan - Dec), 2025","Mehatpur, Town Panchayat",28.1,10.78,2.69,720.0,542.0,373.0,-11.52195827142583,Normal,3056,Low
India,Karnataka,"Calendar Year (Jan - Dec), 2025","Hunsur, Municipality",57.61,17.41,11.84,1115.0,1115.0,1026.0,-11.53616905871479,Normal,3057,Low
India,Odisha,"Calendar Year (Jan - Dec), 2025","G. Udayagiri, Town Panchayat",28.14,13.72,9.97,912.0,840.0,742.0,-11.54008452427854,Normal,3058,Low
India,West Bengal,"Calendar Year (Jan - Dec), 2025","Titagarh, Municipality",60.82,16.5,15.48,978.0,978.0,857.0,-11.547981497142416,Normal,3059,Low
India,Karnataka,"Calendar Year (Jan - Dec), 2025","Mahalingpur, Municipality",68.54,19.1,12.94,1241.0,1041.0,697.0,-11.550312091935439,Normal,3060,Low
India,Tamil Nadu,"Calendar Year (Jan - Dec), 2025","Kattumannarkoil, Town Panchayat",23.19,8.66,13.48,562.0,559.0,496.0,-11.552362944550737,Normal,3061,Low
India,Madhya Pradesh,"Calendar Year (Jan - Dec), 2025","Piploda, Town Panchayat",35.2,13.39,12.68,891.0,877.0,822.0,-11.560884905733474,Normal,3062,Low
India,Mizoram,"Calendar Year (Jan - Dec), 2025","North Vanlaiphai, Town Panchayat",12.34,8.42,7.12,559.0,554.0,374.0,-11.56175424762506,Normal,3063,Low
India,Madhya Pradesh,"Calendar Year (Jan - Dec), 2025","Pipalrawan, Town Panchayat",35.72,13.12,12.92,874.0,874.0,814.0,-11.564238019174525,Normal,3064,Low
India,Gujarat,"Calendar Year (Jan - Dec), 2025","Bareja, Municipality",61.43,16.74,15.49,943.0,936.0,855.0,-11.56697383478695,Normal,3065,Low
India,Tamil Nadu,"Calendar Year (Jan - Dec), 2025","Cheranmahadevi, Town Panchayat",23.04,11.1,10.42,731.0,727.0,661.0,-11.572511731258942,Normal,3066,Low
India,Chhattisgarh,"Calendar Year (Jan - Dec), 2025","Pakhanjur, Town Panchayat",26.44,12.35,11.05,819.0,819.0,555.0,-11.582132189268293,Normal,3067,Low
India,Kerala,"Calendar Year (Jan - Dec), 2025","Mannarkad-I, Municipality",37.86,13.96,13.05,904.0,898.0,846.0,-11.586000797833321,Normal,3068,Low
India,Maharashtra,"Calendar Year (Jan - Dec), 2025","Savner, Municipality",68.99,18.22,11.0,1184.0,1128.0,865.0,-11.589211997017628,Normal,3069,Low
India,Gujarat,"Calendar Year (Jan - Dec), 2025","Khedbrahma, Municipality",60.58,16.93,15.79,907.0,858.0,834.0,-11.589518665660478,Normal,3070,Low
India,Himachal Pradesh,"Calendar Year (Jan - Dec), 2025","Karsog, Town Panchayat",5.45,1.5,0.85,91.0,75.0,48.0,-11.593949782720415,Normal,3071,Low
India,Chhattisgarh,"Calendar Year (Jan - Dec), 2025","Pratappur, Town Panchayat",24.76,11.74,10.03,780.0,780.0,691.0,-11.594403596544907,Normal,3072,Low
India,Uttar Pradesh,"Calendar Year (Jan - Dec), 2025","Haldaur, Municipality",66.38,21.23,16.49,1415.0,907.0,882.0,-11.603663552112153,Normal,3073,Low
India,Madhya Pradesh,"Calendar Year (Jan - Dec), 2025","Rajgarh, Municipality",59.86,17.42,15.21,1082.0,1013.0,978.0,-11.608645182615078,Normal,3074,Low
India,Tamil Nadu,"Calendar Year (Jan - Dec), 2025","Rasipuram, Municipality",49.85,15.85,14.24,1017.0,996.0,928.0,-11.609058954534078,Normal,3075,Low
India,Odisha,"Calendar Year (Jan - Dec), 2025","Bellaguntha, Town Panchayat",21.42,10.53,10.24,694.0,676.0,652.0,-11.612860257885984,Normal,3076,Low
India,Maharashtra,"Calendar Year (Jan - Dec), 2025","Korchi, Town Panchayat",9.06,2.15,0.9,143.0,71.0,37.0,-11.61322485554922,Normal,3077,Low
India,Uttar Pradesh,"Calendar Year (Jan - Dec), 2025","Derapur, Town Panchayat",24.62,10.93,10.83,728.0,717.0,717.0,-11.617308511040108,Normal,3078,Low
India,Tamil Nadu,"Calendar Year (Jan - Dec), 2025","Usilampatti, Municipality",33.32,13.25,12.67,833.0,832.0,791.0,-11.617484313366504,Normal,3079,Low
India,Uttar Pradesh,"Calendar Year (Jan - Dec), 2025","Chhitauni, Town Panchayat",62.43,20.7,15.69,1380.0,993.0,837.0,-11.623739341068529,Normal,3080,Low
India,Karnataka,"Calendar Year (Jan - Dec), 2025","Ilkal, Municipality",49.74,15.62,14.68,1001.0,990.0,849.0,-11.625910926208974,Normal,3081,Low
India,Maharashtra,"Calendar Year (Jan - Dec), 2025","Jamkhed, Municipality",79.42,15.55,11.39,1004.0,913.0,839.0,-11.627832316242689,Normal,3082,Low
India,Uttar Pradesh,"Calendar Year (Jan - Dec), 2025","Ganj Dundawara, Municipality",49.8,18.54,15.0,1235.0,958.0,942.0,-11.628295017861035,Normal,3083,Low
India,Karnataka,"Calendar Year (Jan - Dec), 2025","Chikodi, Municipality",65.02,20.0,11.2,1258.0,1103.0,998.0,-11.629394454622172,Normal,3084,Low
India,Uttar Pradesh,"Calendar Year (Jan - Dec), 2025","Mogra Badshahpur, Municipality",61.37,21.45,15.74,1430.0,979.0,962.0,-11.633706023971058,Normal,3085,Low
India,Chhattisgarh,"Calendar Year (Jan - Dec), 2025","Shivpur Charcha, Municipality",22.56,10.77,10.65,718.0,700.0,641.0,-11.638255996862881,Normal,3086,Low
India,Rajasthan,"Calendar Year (Jan - Dec), 2025","Mandrail, Municipality",52.08,15.03,6.02,1002.0,612.0,371.0,-11.638991439625215,Normal,3087,Low
India,Odisha,"Calendar Year (Jan - Dec), 2025","Buguda, Town Panchayat",30.63,13.21,12.93,872.0,765.0,743.0,-11.639727892801488,Normal,3088,Low
India,Gujarat,"Calendar Year (Jan - Dec), 2025","Songadh, Municipality",65.69,15.8,14.81,836.0,776.0,756.0,-11.643580728468237,Normal,3089,Low
India,Uttar Pradesh,"Calendar Year (Jan - Dec), 2025","Tundla, Municipality",38.02,14.3,13.69,926.0,885.0,789.0,-11.644284855771787,Normal,3090,Low
India,Tamil Nadu,"Calendar Year (Jan - Dec), 2025","Nerkuppai, Town Panchayat",3.4,1.44,1.4,92.0,92.0,86.0,-11.646486259650032,Normal,3091,Low
India,Madhya Pradesh,"Calendar Year (Jan - Dec), 2025","Bamor, Town Panchayat",37.95,14.26,12.83,946.0,918.0,824.0,-11.648615276735995,Normal,3092,Low
India,Punjab,"Calendar Year (Jan - Dec), 2025","Malerkotla, Municipality",60.01,18.39,10.44,1215.0,635.0,487.0,-11.649706698274088,Normal,3093,Low
India,Odisha,"Calendar Year (Jan - Dec), 2025","Konark, Town Panchayat",29.05,14.34,9.53,957.0,830.0,759.0,-11.651213027970925,Normal,3094,Low
India,Kerala,"Calendar Year (Jan - Dec), 2025","Mukkom, Municipality",42.11,14.84,14.19,877.0,875.0,847.0,-11.65188289451038,Normal,3095,Low
India,Gujarat,"Calendar Year (Jan - Dec), 2025","Talod, Municipality",66.92,18.67,15.85,1159.0,1003.0,952.0,-11.656138415357248,Normal,3096,Low
India,Rajasthan,"Calendar Year (Jan - Dec), 2025","Ratannagar, Town Panchayat",7.08,1.88,1.28,123.0,41.0,38.0,-11.66371831758181,Normal,3097,Low
India,Telangana,"Calendar Year (Jan - Dec), 2025","Dubbak, Municipality",66.3,16.44,11.72,1096.0,1095.0,936.0,-11.66778644068097,Normal,3098,Low
India,Haryana,"Calendar Year (Jan - Dec), 2025","Uklana Mandi, Municipality",41.32,17.73,10.03,1180.0,964.0,644.0,-11.667906361744883,Normal,3099,Low
India,Tamil Nadu,"Calendar Year (Jan - Dec), 2025","Anaimalai, Town Panchayat",27.62,11.85,11.61,756.0,756.0,732.0,-11.669548332283625,Normal,3100,Low
India,Maharashtra,"Calendar Year (Jan - Dec), 2025","Nandura, Municipality",65.92,14.55,10.86,917.0,741.0,459.0,-11.673130284948854,Normal,3101,Low
India,Maharashtra,"Calendar Year (Jan - Dec), 2025","Fulambri, Town Panchayat",69.43,17.01,13.97,1121.0,1054.0,824.0,-11.67657186597853,Normal,3102,Low
India,Maharashtra,"Calendar Year (Jan - Dec), 2025","Umred, Municipality",76.16,16.67,13.93,972.0,749.0,718.0,-11.677856954557114,Normal,3103,Low
India,Kerala,"Calendar Year (Jan - Dec), 2025","Kothamangalam, Municipality",41.54,14.04,14.31,897.0,880.0,802.0,-11.679229101947953,Normal,3104,Low
India,Madhya Pradesh,"Calendar Year (Jan - Dec), 2025","Badawada, Town Panchayat",39.1,14.2,12.9,945.0,927.0,825.0,-11.685351000066476,Normal,3105,Low
India,Andhra Pradesh,"Calendar Year (Jan - Dec), 2025","Akiveedu, Town Panchayat",42.86,17.22,9.77,1136.0,963.0,579.0,-11.688873825052838,Normal,3106,Low
India,Odisha,"Calendar Year (Jan - Dec), 2025","Kodala, Town Panchayat",26.18,12.18,11.05,811.0,756.0,699.0,-11.69308335266237,Normal,3107,Low
India,Odisha,"Calendar Year (Jan - Dec), 2025","Gunupur, Municipality",43.92,19.94,11.18,1305.0,896.0,733.0,-11.696034019022761,Normal,3108,Low
India,Madhya Pradesh,"Calendar Year (Jan - Dec), 2025","Chakghat, Town Panchayat",32.85,12.37,12.43,822.0,818.0,781.0,-11.698002293737318,Normal,3109,Low
India,Odisha,"Calendar Year (Jan - Dec), 2025","Chandabali, Town Panchayat",57.36,21.49,13.77,1426.0,998.0,900.0,-11.700796727645582,Normal,3110,Low
India,Punjab,"Calendar Year (Jan - Dec), 2025","Joga, Town Panchayat",38.14,15.91,11.6,1086.0,959.0,670.0,-11.707681717474259,Normal,3111,Low
India,Punjab,"Calendar Year (Jan - Dec), 2025","Rajpura, Municipality",61.03,17.36,11.22,993.0,809.0,495.0,-11.71001365718439,Normal,3112,Low
India,Karnataka,"Calendar Year (Jan - Dec), 2025","Kadur, Municipality",74.75,19.48,12.19,1270.0,1055.0,836.0,-11.712885705651843,Normal,3113,Low
India,Karnataka,"Calendar Year (Jan - Dec), 2025","Chinchali, Town Panchayat",32.04,12.08,12.66,802.0,797.0,748.0,-11.713117985667168,Normal,3114,Low
India,Madhya Pradesh,"Calendar Year (Jan - Dec), 2025","Pali, Municipality",37.22,13.76,13.14,903.0,871.0,809.0,-11.717210521269578,Normal,3115,Low
India,Chhattisgarh,"Calendar Year (Jan - Dec), 2025","Keskal, Town Panchayat",23.22,10.4,11.24,686.0,685.0,628.0,-11.72132441826136,Normal,3116,Low
India,Haryana,"Calendar Year (Jan - Dec), 2025","Uchana, Municipality",32.81,12.99,6.47,863.0,647.0,267.0,-11.72491440348142,Normal,3117,Low
India,Manipur,"Calendar Year (Jan - Dec), 2025","Andro, Municipality",12.68,7.54,5.3,503.0,503.0,159.0,-11.729598043502563,Normal,3118,Low
India,Uttarakhand,"Calendar Year (Jan - Dec), 2025","Shivalik Nagar, Municipality",9.95,1.39,1.39,59.0,59.0,59.0,-11.730993253829638,Normal,3119,Low
India,Uttar Pradesh,"Calendar Year (Jan - Dec), 2025","Nasirabad, Town Panchayat",59.83,20.85,15.33,1390.0,959.0,954.0,-11.733399086249221,Normal,3120,Low
India,Uttarakhand,"Calendar Year (Jan - Dec), 2025","Cantonment Board, Nainital",5.32,1.3,1.3,60.0,60.0,60.0,-11.734784316904381,Normal,3121,Low
India,Bihar,"Calendar Year (Jan - Dec), 2025","Chanpatia, Town Panchayat",60.5,16.18,13.21,1075.0,967.0,622.0,-11.736595083759937,Normal,3122,Low
India,Punjab,"Calendar Year (Jan - Dec), 2025","Malout, Municipality",70.98,21.86,12.0,1418.0,842.0,777.0,-11.73995229472763,Normal,3123,Low
India,Rajasthan,"Calendar Year (Jan - Dec), 2025","Ladnu, Town Panchayat",4.49,1.4,1.03,87.0,69.0,55.0,-11.74586204368859,Normal,3124,Low
India,Uttar Pradesh,"Calendar Year (Jan - Dec), 2025","Mihinpurwa, Town Panchayat",66.31,20.58,15.29,1372.0,814.0,795.0,-11.746902053787153,Normal,3125,Low
India,Uttar Pradesh,"Calendar Year (Jan - Dec), 2025","Sarsawa, Municipality",41.52,15.18,13.93,1008.0,879.0,870.0,-11.749783127670355,Normal,3126,Low
India,Telangana,"Calendar Year (Jan - Dec), 2025","Bhupalpalle, Municipality",79.07,20.47,12.21,1359.0,975.0,975.0,-11.751612818054582,Normal,3127,Low
India,Madhya Pradesh,"Calendar Year (Jan - Dec), 2025","Dahi, Town Panchayat",36.21,13.45,12.96,884.0,859.0,790.0,-11.756088461252432,Normal,3128,Low
India,Maharashtra,"Calendar Year (Jan - Dec), 2025","Pauni, Municipality",78.95,18.97,13.33,1253.0,1005.0,921.0,-11.757132959720877,Normal,3129,Low
India,Rajasthan,"Calendar Year (Jan - Dec), 2025","Sarwar, Town Panchayat",56.97,19.71,10.66,1302.0,1055.0,848.0,-11.757220235835462,Normal,3130,Low
India,Assam,"Calendar Year (Jan - Dec), 2025","Rongmongvetown Committee, Town Panchayat",62.79,21.73,8.72,966.0,,,-11.757548527116455,Normal,3131,Low
India,Uttar Pradesh,"Calendar Year (Jan - Dec), 2025","Saifani, Town Panchayat",62.09,20.57,14.94,1371.0,829.0,761.0,-11.76151728988225,Normal,3132,Low
India,West Bengal,"Calendar Year (Jan - Dec), 2025","Tarakeswar, Municipality",43.06,13.78,14.03,867.0,856.0,846.0,-11.765494080616065,Normal,3133,Low
India,Tamil Nadu,"Calendar Year (Jan - Dec), 2025","Peralam, Town Panchayat",3.35,1.54,1.81,101.0,101.0,79.0,-11.770681499037607,Normal,3134,Low
India,Tamil Nadu,"Calendar Year (Jan - Dec), 2025",Gudalur (T),52.04,14.34,13.39,952.0,952.0,927.0,-11.773077196842223,Normal,3135,Low
India,Gujarat,"Calendar Year (Jan - Dec), 2025","Ranavav, Municipality",53.23,16.69,15.16,955.0,900.0,864.0,-11.77337270773404,Normal,3136,Low
India,Odisha,"Calendar Year (Jan - Dec), 2025","Gopalpur, Town Panchayat",29.69,13.55,11.43,882.0,791.0,752.0,-11.77704733624438,Normal,3137,Low
India,Madhya Pradesh,"Calendar Year (Jan - Dec), 2025","Tonk Khurd, Town Panchayat",39.15,14.38,13.04,952.0,885.0,850.0,-11.779691194592374,Normal,3138,Low
India,Uttar Pradesh,"Calendar Year (Jan - Dec), 2025","Lalganj, Town Panchayat",63.69,20.23,15.08,1343.0,778.0,761.0,-11.783877193948513,Normal,3139,Low
India,Telangana,"Calendar Year (Jan - Dec), 2025","Vikarabad, Municipality",17.83,3.53,2.88,208.0,208.0,48.0,-11.786407978733678,Normal,3140,Low
India,Uttar Pradesh,"Calendar Year (Jan - Dec), 2025","Ugu, Town Panchayat",25.43,11.08,10.87,739.0,719.0,713.0,-11.788620494709448,Normal,3141,Low
India,Uttar Pradesh,"Calendar Year (Jan - Dec), 2025","Babrala, Town Panchayat",51.66,17.77,15.33,1184.0,915.0,915.0,-11.793463238676907,Normal,3142,Low
India,Karnataka,"Calendar Year (Jan - Dec), 2025","Kolhar, Town Panchayat",33.89,12.33,4.16,810.0,689.0,628.0,-11.793961342371404,Normal,3143,Low
India,Uttar Pradesh,"Calendar Year (Jan - Dec), 2025","Gaurabadshahpur, Town Panchayat",62.04,21.12,15.03,1408.0,938.0,912.0,-11.796691463172067,Normal,3144,Low
India,Maharashtra,"Calendar Year (Jan - Dec), 2025","Shrigonda, Municipality",69.33,16.78,10.7,1012.0,875.0,585.0,-11.796732925772915,Normal,3145,Low
India,Haryana,"Calendar Year (Jan - Dec), 2025","Kalka, Municipality",58.25,10.73,10.73,464.0,464.0,464.0,-11.80570725079184,Normal,3146,Low
India,Bihar,"Calendar Year (Jan - Dec), 2025","Chenari, Town Panchayat",24.5,5.65,2.26,377.0,160.0,,-11.808115646682609,Normal,3147,Low
India,Tamil Nadu,"Calendar Year (Jan - Dec), 2025","Dharapadavedu, Municipal Corporation",10.43,1.37,1.37,61.0,61.0,61.0,-11.809018280727628,Normal,3148,Low
India,Uttar Pradesh,"Calendar Year (Jan - Dec), 2025","Jahagirganj, Town Panchayat",58.28,20.09,15.39,1339.0,914.0,877.0,-11.815760284011105,Normal,3149,Low
India,Maharashtra,"Calendar Year (Jan - Dec), 2025","Bhadravati, Municipality",67.33,11.78,10.76,604.0,554.0,534.0,-11.8294312133973,Normal,3150,Low
India,Uttar Pradesh,"Calendar Year (Jan - Dec), 2025","Achhnera, Municipality",42.87,16.17,13.89,1057.0,882.0,872.0,-11.835503511067316,Normal,3151,Low
India,Tamil Nadu,"Calendar Year (Jan - Dec), 2025","Veeravanallur, Town Panchayat",24.04,10.97,10.5,720.0,719.0,664.0,-11.837423620484799,Normal,3152,Low
India,Rajasthan,"Calendar Year (Jan - Dec), 2025","Begun, Town Panchayat",24.56,6.48,2.64,424.0,150.0,72.0,-11.83959372768146,Normal,3153,Low
India,Manipur,"Calendar Year (Jan - Dec), 2025","Lamlai, Municipality",16.06,8.65,7.02,580.0,579.0,216.0,-11.844972660834628,Normal,3154,Low
India,Uttar Pradesh,"Calendar Year (Jan - Dec), 2025","Koraon, Town Panchayat",42.06,15.88,14.08,1043.0,866.0,838.0,-11.852367525940963,Normal,3155,Low
India,Maharashtra,"Calendar Year (Jan - Dec), 2025","Peth Umri, Municipality",74.77,16.2,11.42,1075.0,761.0,603.0,-11.861254559209954,Normal,3156,Low
India,Punjab,"Calendar Year (Jan - Dec), 2025","Kot Kapura, Municipality",41.57,12.42,5.37,812.0,517.0,242.0,-11.867376587048966,Normal,3157,Low
India,Madhya Pradesh,"Calendar Year (Jan - Dec), 2025","Bichua, Town Panchayat",34.85,12.84,12.24,853.0,836.0,797.0,-11.868904733726538,Normal,3158,Low
India,Rajasthan,"Calendar Year (Jan - Dec), 2025","Dungarpur, Municipality",55.82,14.32,12.52,843.0,784.0,481.0,-11.870599108404974,Normal,3159,Low
India,Tamil Nadu,"Calendar Year (Jan - Dec), 2025","Gudiyatham, Municipality",29.94,10.95,13.39,679.0,678.0,651.0,-11.873316003192656,Normal,3160,Low
India,Uttar Pradesh,"Calendar Year (Jan - Dec), 2025","Fazilnagar, Town Panchayat",44.15,16.07,13.15,1071.0,928.0,895.0,-11.874509943511896,Normal,3161,Low
India,Uttar Pradesh,"Calendar Year (Jan - Dec), 2025","Dhampur, Municipality",44.63,16.74,14.47,1102.0,882.0,785.0,-11.88243432522495,Normal,3162,Low
India,Karnataka,"Calendar Year (Jan - Dec), 2025","Srinivaspur, Municipality",48.78,15.91,11.85,1050.0,1050.0,816.0,-11.887774723505743,Normal,3163,Low
India,Punjab,"Calendar Year (Jan - Dec), 2025","Firozpur, Municipality",68.98,20.71,12.57,1252.0,951.0,772.0,-11.889162392440312,Normal,3164,Low
India,Maharashtra,"Calendar Year (Jan - Dec), 2025","Ahmadpur, Municipality",57.87,10.74,8.76,642.0,558.0,313.0,-11.894742674098268,Normal,3165,Low
India,Uttar Pradesh,"Calendar Year (Jan - Dec), 2025","Pilkhuwa, Municipality",41.62,14.77,13.75,949.0,864.0,835.0,-11.896897596142423,Normal,3166,Low
India,Gujarat,"Calendar Year (Jan - Dec), 2025","Mangrol, Municipality",66.63,19.58,14.47,1196.0,986.0,871.0,-11.898751201806192,Normal,3167,Low
India,Madhya Pradesh,"Calendar Year (Jan - Dec), 2025","Athana, Town Panchayat",37.38,13.14,12.47,874.0,871.0,794.0,-11.900236617683277,Normal,3168,Low
India,Uttar Pradesh,"Calendar Year (Jan - Dec), 2025","Mawana, Municipality",56.67,18.41,15.49,1206.0,910.0,874.0,-11.902903351243879,Normal,3169,Low
India,Bihar,"Calendar Year (Jan - Dec), 2025","Naubatpur, Town Panchayat",66.08,17.73,10.46,1177.0,700.0,540.0,-11.90386429504565,Normal,3170,Low
India,Assam,"Calendar Year (Jan - Dec), 2025","Golaghat, Municipality",33.02,14.0,12.85,879.0,797.0,570.0,-11.907729624818842,Normal,3171,Low
India,Maharashtra,"Calendar Year (Jan - Dec), 2025","Vita, Municipality",69.05,17.62,11.56,1112.0,1018.0,791.0,-11.913457758112429,Normal,3172,Low
India,Gujarat,"Calendar Year (Jan - Dec), 2025","Umreth, Municipality",55.46,15.73,14.83,897.0,838.0,838.0,-11.915758905391101,Normal,3173,Low
India,Haryana,"Calendar Year (Jan - Dec), 2025","Tohana, Municipality",47.22,17.73,8.56,1145.0,901.0,583.0,-11.920254912373366,Normal,3174,Low
India,Rajasthan,"Calendar Year (Jan - Dec), 2025","Dooni, Town Panchayat",4.9,1.64,0.65,109.0,100.0,76.0,-11.921009350042198,Normal,3175,Low
India,Madhya Pradesh,"Calendar Year (Jan - Dec), 2025","Niwali Buzurg, Town Panchayat",58.61,19.38,13.85,1292.0,705.0,667.0,-11.922952647434954,Normal,3176,Low
India,Maharashtra,"Calendar Year (Jan - Dec), 2025","Umarga, Municipality",74.26,17.01,9.34,1083.0,848.0,714.0,-11.923159531033662,Normal,3177,Low
India,Uttar Pradesh,"Calendar Year (Jan - Dec), 2025","Duddhi, Town Panchayat",47.47,17.13,13.72,1142.0,946.0,859.0,-11.924383896533698,Normal,3178,Low
India,Tamil Nadu,"Calendar Year (Jan - Dec), 2025","Chinnakkampalayam, Town Panchayat",3.34,1.76,1.46,117.0,117.0,86.0,-11.926993478077975,Normal,3179,Low
India,Uttar Pradesh,"Calendar Year (Jan - Dec), 2025","Cantonment Board, Meerut",57.45,8.32,8.32,374.0,374.0,374.0,-11.941389821529981,Normal,3180,Low
India,Telangana,"Calendar Year (Jan - Dec), 2025","Tandur, Municipality",54.96,13.5,6.69,889.0,889.0,577.0,-11.941890427382646,Normal,3181,Low
India,Telangana,"Calendar Year (Jan - Dec), 2025","Huzurnagar, Municipality",31.89,4.18,7.54,175.0,175.0,175.0,-11.942176436972375,Normal,3182,Low
India,Gujarat,"Calendar Year (Jan - Dec), 2025","Lunawada, Municipality",68.47,17.19,14.47,1046.0,875.0,855.0,-11.956709475981313,Normal,3183,Low
India,Gujarat,"Calendar Year (Jan - Dec), 2025","Kheda, Municipality",58.69,15.05,14.34,790.0,740.0,733.0,-11.957245510886764,Normal,3184,Low
India,Haryana,"Calendar Year (Jan - Dec), 2025","Narnaund, Municipality",39.57,15.68,8.16,1040.0,465.0,320.0,-11.957732195981919,Normal,3185,Low
India,Gujarat,"Calendar Year (Jan - Dec), 2025","Kheralu, Municipality",57.22,16.97,14.48,1062.0,937.0,911.0,-11.960557518790779,Normal,3186,Low
India,Madhya Pradesh,"Calendar Year (Jan - Dec), 2025","Pansemal, Town Panchayat",40.6,14.67,13.62,945.0,840.0,825.0,-11.967784127485459,Normal,3187,Low
India,Uttar Pradesh,"Calendar Year (Jan - Dec), 2025","Bachhrawan, Town Panchayat",33.26,13.5,12.41,899.0,788.0,770.0,-11.969803994649624,Normal,3188,Low
India,Andhra Pradesh,"Calendar Year (Jan - Dec), 2025","Madakasira, Town Panchayat",46.46,17.24,11.28,1146.0,1006.0,762.0,-11.972214999122002,Normal,3189,Low
India,Tamil Nadu,"Calendar Year (Jan - Dec), 2025","Kayalpattinam, Municipality",21.26,10.05,9.85,660.0,660.0,629.0,-11.972483107660423,Normal,3190,Low
India,Telangana,"Calendar Year (Jan - Dec), 2025","Peddapalli, Municipality",72.52,16.88,9.29,1073.0,686.0,580.0,-11.981850261360364,Normal,3191,Low
India,Madhya Pradesh,"Calendar Year (Jan - Dec), 2025","Nemawar, Town Panchayat",38.72,12.88,12.68,849.0,849.0,799.0,-11.985954982944861,Normal,3192,Low
India,Mizoram,"Calendar Year (Jan - Dec), 2025","Darlawn, Town Panchayat",9.18,6.7,6.01,445.0,445.0,299.0,-11.986857283173038,Normal,3193,Low
India,Madhya Pradesh,"Calendar Year (Jan - Dec), 2025","Betul-Bazar, Town Panchayat",37.6,13.71,12.47,904.0,867.0,788.0,-11.98928727508951,Normal,3194,Low
India,Bihar,"Calendar Year (Jan - Dec), 2025","Singheshwar, Town Panchayat",33.48,7.72,3.09,515.0,173.0,,-11.990170671124304,Normal,3195,Low
India,Maharashtra,"Calendar Year (Jan - Dec), 2025","Renapur, Town Panchayat",56.88,12.8,13.67,843.0,670.0,501.0,-11.993847193537817,Normal,3196,Low
India,Madhya Pradesh,"Calendar Year (Jan - Dec), 2025","Kantaphod, Town Panchayat",43.8,14.71,13.57,978.0,882.0,842.0,-11.998122815488955,Normal,3197,Low
India,Karnataka,"Calendar Year (Jan - Dec), 2025","Nelamangala, Municipality",74.09,17.4,12.4,1033.0,876.0,822.0,-12.000912785226319,Normal,3198,Low
India,Madhya Pradesh,"Calendar Year (Jan - Dec), 2025","Kailaras, Town Panchayat",44.05,14.32,13.52,892.0,892.0,776.0,-12.002075517484684,Normal,3199,Low
India,Kerala,"Calendar Year (Jan - Dec), 2025","Paravur, Municipality",61.67,15.06,13.75,827.0,786.0,681.0,-12.0061952660526,Normal,3200,Low
India,Uttarakhand,"Calendar Year (Jan - Dec), 2025","Bhikiyasain, Town Panchayat",3.95,1.36,1.14,88.0,86.0,78.0,-12.006307674795153,Normal,3201,Low
India,Rajasthan,"Calendar Year (Jan - Dec), 2025","Sujangarh, Municipality",41.61,16.42,10.78,1085.0,938.0,852.0,-12.008273954428432,Normal,3202,Low
India,Kerala,"Calendar Year (Jan - Dec), 2025","Koothuparamba, Municipality",38.29,14.32,13.39,812.0,807.0,752.0,-12.014130817892521,Normal,3203,Low
India,Kerala,"Calendar Year (Jan - Dec), 2025","Paravoor, Municipality",51.02,17.0,13.54,1091.0,968.0,748.0,-12.015810442791746,Normal,3204,Low
India,Uttar Pradesh,"Calendar Year (Jan - Dec), 2025","Fatehganj Purvi, Town Panchayat",13.5,3.4,1.27,225.0,49.0,49.0,-12.019963648134137,Normal,3205,Low
India,Maharashtra,"Calendar Year (Jan - Dec), 2025","Jalgaon, Municipality",71.27,16.77,13.27,1090.0,843.0,711.0,-12.020086001997925,Normal,3206,Low
India,Chhattisgarh,"Calendar Year (Jan - Dec), 2025","Dantewada, Municipality",36.75,14.15,11.94,932.0,900.0,640.0,-12.029449985903739,Normal,3207,Low
India,Chhattisgarh,"Calendar Year (Jan - Dec), 2025","Kunkuri, Town Panchayat",24.05,11.18,9.67,740.0,740.0,646.0,-12.029791131996603,Normal,3208,Low
India,Assam,"Calendar Year (Jan - Dec), 2025","Barpeta Road, Municipality",43.4,18.44,14.14,1069.0,758.0,749.0,-12.032514461790186,Normal,3209,Low
India,Punjab,"Calendar Year (Jan - Dec), 2025","Hoshiarpur, Municipal Corporation",67.5,16.4,12.7,942.0,605.0,578.0,-12.03525576804077,Normal,3210,Low
India,Rajasthan,"Calendar Year (Jan - Dec), 2025","Kaprain, Town Panchayat",52.03,16.76,13.76,1114.0,897.0,653.0,-12.036200920465774,Normal,3211,Low
India,Tamil Nadu,"Calendar Year (Jan - Dec), 2025","Sundarapandiam, Town Panchayat",3.49,1.49,1.38,98.0,98.0,95.0,-12.0378523950572,Normal,3212,Low
India,Karnataka,"Calendar Year (Jan - Dec), 2025","Kampli, Municipality",56.47,14.41,8.35,923.0,923.0,863.0,-12.038145967556204,Normal,3213,Low
India,Madhya Pradesh,"Calendar Year (Jan - Dec), 2025","Polaykalan, Town Panchayat",30.6,11.66,11.26,780.0,780.0,747.0,-12.038598151805786,Normal,3214,Low
India,Punjab,"Calendar Year (Jan - Dec), 2025","Rahon, Municipality",4.17,1.45,1.68,94.0,68.0,52.0,-12.046099369327806,Normal,3215,Low
India,Madhya Pradesh,"Calendar Year (Jan - Dec), 2025","Hatod, Town Panchayat",42.61,14.35,13.82,867.0,817.0,811.0,-12.046327227364088,Normal,3216,Low
India,Rajasthan,"Calendar Year (Jan - Dec), 2025","Phalodi, Town Panchayat",31.6,11.58,6.2,753.0,660.0,250.0,-12.04685390274642,Normal,3217,Low
India,Maharashtra,"Calendar Year (Jan - Dec), 2025","Goregaon, Town Panchayat",65.37,13.76,8.14,902.0,824.0,556.0,-12.054324945541737,Normal,3218,Low
India,Punjab,"Calendar Year (Jan - Dec), 2025","Mansa, Municipality",55.77,17.81,15.34,1116.0,824.0,789.0,-12.054454057257658,Normal,3219,Low
India,Uttar Pradesh,"Calendar Year (Jan - Dec), 2025","Ghosi, Town Panchayat",35.48,13.92,12.69,927.0,792.0,789.0,-12.05743126707597,Normal,3220,Low
India,Madhya Pradesh,"Calendar Year (Jan - Dec), 2025","Jiran, Town Panchayat",33.37,12.06,11.88,800.0,785.0,778.0,-12.058237566608796,Normal,3221,Low
India,Assam,"Calendar Year (Jan - Dec), 2025","Tangla, Town Panchayat",21.29,10.68,9.4,712.0,712.0,516.0,-12.060863224139155,Normal,3222,Low
India,Maharashtra,"Calendar Year (Jan - Dec), 2025","Malwan, Municipality",9.45,1.45,1.16,69.0,69.0,52.0,-12.064524839038427,Normal,3223,Low
India,Tamil Nadu,"Calendar Year (Jan - Dec), 2025","Madukkarai, Municipality",56.97,14.07,13.54,730.0,730.0,695.0,-12.068353012504701,Normal,3224,Low
India,Uttar Pradesh,"Calendar Year (Jan - Dec), 2025","Moth, Town Panchayat",37.2,13.84,12.75,923.0,819.0,799.0,-12.068562319924467,Normal,3225,Low
India,Tamil Nadu,"Calendar Year (Jan - Dec), 2025","Alangayam, Town Panchayat",23.08,10.83,9.74,716.0,709.0,635.0,-12.069122338040131,Normal,3226,Low
India,Meghalaya,"Calendar Year (Jan - Dec), 2025","Resubelpara, Municipality",14.22,6.43,4.87,429.0,408.0,103.0,-12.071025269219604,Normal,3227,Low
India,Uttar Pradesh,"Calendar Year (Jan - Dec), 2025","Bilhaur, Municipality",43.29,15.47,13.84,1015.0,838.0,838.0,-12.071690962929551,Normal,3228,Low
India,Uttarakhand,"Calendar Year (Jan - Dec), 2025","Mahua Dabra Haripura, Town Panchayat",39.27,16.64,10.41,1105.0,886.0,607.0,-12.072214227987331,Normal,3229,Low
India,Chhattisgarh,"Calendar Year (Jan - Dec), 2025","Kirodimalnagar, Town Panchayat",24.13,11.45,10.02,762.0,705.0,665.0,-12.07386194629828,Normal,3230,Low
India,Karnataka,"Calendar Year (Jan - Dec), 2025","Malavalli, Municipality",46.48,15.12,12.38,975.0,975.0,763.0,-12.075976650188863,Normal,3231,Low
India,Madhya Pradesh,"Calendar Year (Jan - Dec), 2025",Dhamnod (Ratlam),32.84,12.21,11.84,795.0,788.0,758.0,-12.078084226161081,Normal,3232,Low
India,Tamil Nadu,"Calendar Year (Jan - Dec), 2025","Surandai, Municipality",27.41,11.26,11.12,728.0,728.0,697.0,-12.083645210218435,Normal,3233,Low
India,Uttar Pradesh,"Calendar Year (Jan - Dec), 2025","Beswan, Town Panchayat",28.5,12.39,11.19,826.0,744.0,714.0,-12.084121281621947,Normal,3234,Low
India,Uttar Pradesh,"Calendar Year (Jan - Dec), 2025","Ganeshpur, Town Panchayat",53.22,18.05,14.65,1203.0,861.0,855.0,-12.089639192580705,Normal,3235,Low
India,Odisha,"Calendar Year (Jan - Dec), 2025","Khalikote, Town Panchayat",26.35,12.06,10.62,795.0,729.0,684.0,-12.089684236726725,Normal,3236,Low
India,Uttar Pradesh,"Calendar Year (Jan - Dec), 2025","Nidhauli Kalan, Town Panchayat",27.69,11.73,11.11,782.0,726.0,714.0,-12.091702210932851,Normal,3237,Low
India,Rajasthan,"Calendar Year (Jan - Dec), 2025","Parbatsar, Town Panchayat",5.1,1.23,1.17,68.0,68.0,68.0,-12.092906975589358,Normal,3238,Low
India,Madhya Pradesh,"Calendar Year (Jan - Dec), 2025","Bhitarwar, Town Panchayat",32.33,12.13,11.73,799.0,799.0,729.0,-12.093199735498274,Normal,3239,Low
India,Uttar Pradesh,"Calendar Year (Jan - Dec), 2025","Shahajhapur, Town Panchayat",32.26,12.17,11.81,800.0,774.0,756.0,-12.104641860415711,Normal,3240,Low
India,Tamil Nadu,"Calendar Year (Jan - Dec), 2025","Kanniyakumari, Town Panchayat",52.52,13.84,13.82,718.0,718.0,714.0,-12.107841237960656,Normal,3241,Low
India,Madhya Pradesh,"Calendar Year (Jan - Dec), 2025","Mohgaon, Town Panchayat",30.65,11.81,11.44,787.0,764.0,742.0,-12.10835329895832,Normal,3242,Low
India,Uttar Pradesh,"Calendar Year (Jan - Dec), 2025","Nagar Bazar, Town Panchayat",50.12,18.0,14.29,1200.0,845.0,808.0,-12.114433924643379,Normal,3243,Low
India,Haryana,"Calendar Year (Jan - Dec), 2025","Narwana, Municipality",57.75,17.49,10.72,1052.0,824.0,538.0,-12.114443519330791,Normal,3244,Low
India,Chhattisgarh,"Calendar Year (Jan - Dec), 2025","Berla, Town Panchayat",25.14,11.79,8.77,782.0,748.0,704.0,-12.114517571961017,Normal,3245,Low
India,Manipur,"Calendar Year (Jan - Dec), 2025","Lamsang, Municipality",30.92,14.54,9.76,895.0,749.0,417.0,-12.116750244559114,Normal,3246,Low
India,Maharashtra,"Calendar Year (Jan - Dec), 2025","Deglur, Municipality",56.85,11.97,11.97,690.0,581.0,422.0,-12.119401746487938,Normal,3247,Low
India,Assam,"Calendar Year (Jan - Dec), 2025","Baithalangso, Town Panchayat",15.8,8.29,6.83,553.0,553.0,202.0,-12.120036379012788,Normal,3248,Low
India,Chhattisgarh,"Calendar Year (Jan - Dec), 2025","Risali, Municipal Corporation",24.27,11.34,11.68,756.0,646.0,577.0,-12.120574484314034,Normal,3249,Low
India,Maharashtra,"Calendar Year (Jan - Dec), 2025","Kalameshwar, Municipality",56.63,14.71,13.96,946.0,876.0,733.0,-12.129884666847659,Normal,3250,Low
India,Gujarat,"Calendar Year (Jan - Dec), 2025","Chorvad, Municipality",61.59,15.79,12.07,1050.0,950.0,924.0,-12.136570108081514,Normal,3251,Low
India,Uttar Pradesh,"Calendar Year (Jan - Dec), 2025","Sikandra, Town Panchayat",48.26,16.41,14.3,1084.0,855.0,827.0,-12.138800571516356,Normal,3252,Low
India,Odisha,"Calendar Year (Jan - Dec), 2025","Purusottampur, Town Panchayat",30.94,13.82,10.57,919.0,791.0,747.0,-12.139535212544729,Normal,3253,Low
India,Jammu And Kashmir,"Calendar Year (Jan - Dec), 2025","Rajauri, Municipality",45.39,15.07,10.96,990.0,990.0,669.0,-12.142821484441868,Normal,3254,Low
India,Tamil Nadu,"Calendar Year (Jan - Dec), 2025","Sevilimedu, Municipal Corporation",8.31,1.33,1.33,60.0,60.0,60.0,-12.148399298675997,Normal,3255,Low
India,Bihar,"Calendar Year (Jan - Dec), 2025","Haweli Kharagpur, Municipality",62.64,16.34,13.01,1053.0,857.0,642.0,-12.148738143933429,Normal,3256,Low
India,Maharashtra,"Calendar Year (Jan - Dec), 2025","Udgir, Municipality",58.52,12.26,12.71,774.0,565.0,462.0,-12.150719823155043,Normal,3257,Low
India,Uttar Pradesh,"Calendar Year (Jan - Dec), 2025","Kadipur, Town Panchayat",36.75,14.04,12.62,934.0,803.0,789.0,-12.151368787945103,Normal,3258,Low
India,Uttar Pradesh,"Calendar Year (Jan - Dec), 2025","Bhagwant Nagar, Town Panchayat",50.15,18.02,13.35,1201.0,877.0,877.0,-12.175122234846356,Normal,3259,Low
India,Maharashtra,"Calendar Year (Jan - Dec), 2025","Bodwad, Town Panchayat",51.43,11.42,6.97,726.0,659.0,316.0,-12.17570003094238,Normal,3260,Low
India,Assam,"Calendar Year (Jan - Dec), 2025","Sipajhar Mb, Municipality",35.75,12.38,4.95,550.0,,,-12.17717207397061,Normal,3261,Low
India,Madhya Pradesh,"Calendar Year (Jan - Dec), 2025","Karnawad, Town Panchayat",35.87,13.27,12.31,882.0,805.0,774.0,-12.18009392052852,Normal,3262,Low
India,Bihar,"Calendar Year (Jan - Dec), 2025","Amdabad, Town Panchayat",24.57,5.67,2.27,378.0,189.0,,-12.18249581323255,Normal,3263,Low
India,Madhya Pradesh,"Calendar Year (Jan - Dec), 2025","Buxwaha, Town Panchayat",33.11,12.41,11.08,827.0,813.0,765.0,-12.18461243534989,Normal,3264,Low
India,Uttar Pradesh,"Calendar Year (Jan - Dec), 2025","Madhoganj, Town Panchayat",20.07,9.42,9.33,628.0,627.0,612.0,-12.186235702559031,Normal,3265,Low
India,Uttar Pradesh,"Calendar Year (Jan - Dec), 2025","Boodhanpur, Town Panchayat",55.85,19.0,13.85,1267.0,844.0,804.0,-12.187986066851636,Normal,3266,Low
India,Chhattisgarh,"Calendar Year (Jan - Dec), 2025","Baloda Bazar, Municipality",39.95,13.12,14.07,778.0,735.0,692.0,-12.20522638093928,Normal,3267,Low
India,Meghalaya,"Calendar Year (Jan - Dec), 2025","Nongpoh, Town Panchayat",45.21,16.78,10.4,1110.0,840.0,536.0,-12.207719872905045,Normal,3268,Low
India,Uttar Pradesh,"Calendar Year (Jan - Dec), 2025","Sidhpura, Town Panchayat",31.38,12.54,11.71,836.0,748.0,746.0,-12.209915158737601,Normal,3269,Low
India,Maharashtra,"Calendar Year (Jan - Dec), 2025","Kalamb, Town Panchayat",11.2,2.69,0.88,172.0,59.0,45.0,-12.210743069740658,Normal,3270,Low
India,Karnataka,"Calendar Year (Jan - Dec), 2025","Krishnarajpet, Municipality",41.42,9.91,5.27,642.0,207.0,176.0,-12.214473852281117,Normal,3271,Low
India,Gujarat,"Calendar Year (Jan - Dec), 2025","Talala, Municipality",50.87,14.53,13.64,664.0,618.0,605.0,-12.21448047576422,Normal,3272,Low
India,Himachal Pradesh,"Calendar Year (Jan - Dec), 2025","Bilaspur, Municipality",40.21,13.87,13.16,805.0,789.0,771.0,-12.21521452005419,Normal,3273,Low
India,Madhya Pradesh,"Calendar Year (Jan - Dec), 2025","Rajnagar, Town Panchayat",42.98,15.09,12.72,1005.0,881.0,804.0,-12.222903508811214,Normal,3274,Low
India,Gujarat,"Calendar Year (Jan - Dec), 2025","Jamjodhpur, Municipality",68.56,18.27,12.77,1114.0,848.0,766.0,-12.223626838854216,Normal,3275,Low
India,Uttar Pradesh,"Calendar Year (Jan - Dec), 2025","Rupaideeha, Town Panchayat",43.77,15.54,13.17,1036.0,857.0,817.0,-12.224797739029952,Normal,3276,Low
India,Madhya Pradesh,"Calendar Year (Jan - Dec), 2025","Bamhani, Town Panchayat",30.18,11.49,11.22,765.0,748.0,730.0,-12.225786692642998,Normal,3277,Low
India,Karnataka,"Calendar Year (Jan - Dec), 2025","Nayakanahatti, Town Panchayat",34.2,12.76,7.57,849.0,848.0,788.0,-12.230798650526026,Normal,3278,Low
India,Odisha,"Calendar Year (Jan - Dec), 2025","Barapali, Town Panchayat",38.12,15.3,12.22,1016.0,827.0,773.0,-12.234213882956226,Normal,3279,Low
India,Odisha,"Calendar Year (Jan - Dec), 2025","Kochinda, Town Panchayat",28.82,13.2,10.36,870.0,769.0,687.0,-12.234214485286543,Normal,3280,Low
India,Gujarat,"Calendar Year (Jan - Dec), 2025","Una, Municipality",56.54,14.56,13.57,756.0,701.0,701.0,-12.239074252568003,Normal,3281,Low
India,Uttar Pradesh,"Calendar Year (Jan - Dec), 2025","Suzabad, Town Panchayat",21.84,9.75,9.64,650.0,650.0,636.0,-12.244028673804792,Normal,3282,Low
India,Karnataka,"Calendar Year (Jan - Dec), 2025","Malur, Municipality",63.29,15.64,11.44,961.0,570.0,499.0,-12.245494294412765,Normal,3283,Low
India,Madhya Pradesh,"Calendar Year (Jan - Dec), 2025","Omkareshwar, Town Panchayat",32.66,11.94,11.75,775.0,759.0,746.0,-12.247668086230249,Normal,3284,Low
India,Gujarat,"Calendar Year (Jan - Dec), 2025","Savarkundla, Municipality",56.75,16.73,13.91,1008.0,864.0,767.0,-12.265067410070913,Normal,3285,Low
India,Tamil Nadu,"Calendar Year (Jan - Dec), 2025","Manapparai, Municipality",36.29,12.08,12.33,766.0,766.0,760.0,-12.267148297343965,Normal,3286,Low
India,Madhya Pradesh,"Calendar Year (Jan - Dec), 2025","Karrapur, Town Panchayat",54.8,18.08,12.73,1205.0,648.0,611.0,-12.268666943611493,Normal,3287,Low
India,Rajasthan,"Calendar Year (Jan - Dec), 2025","Jalore, Municipality",56.86,16.88,13.71,954.0,712.0,603.0,-12.27160387145625,Normal,3288,Low
India,Gujarat,"Calendar Year (Jan - Dec), 2025","Wankaner, Municipality",56.57,15.76,13.93,888.0,788.0,763.0,-12.280785214595369,Normal,3289,Low
India,Uttar Pradesh,"Calendar Year (Jan - Dec), 2025","Lakhna, Town Panchayat",24.34,10.59,10.28,706.0,681.0,653.0,-12.284021403412794,Normal,3290,Low
India,Madhya Pradesh,"Calendar Year (Jan - Dec), 2025","Daboh, Town Panchayat",32.23,12.44,11.02,828.0,819.0,693.0,-12.28475539479922,Normal,3291,Low
India,Uttar Pradesh,"Calendar Year (Jan - Dec), 2025",Nawabganj (Bareilly),59.66,18.08,13.47,1196.0,697.0,683.0,-12.287730133713126,Normal,3292,Low
India,Kerala,"Calendar Year (Jan - Dec), 2025","Maradu, Municipality",59.71,15.64,13.11,893.0,833.0,722.0,-12.288563737773075,Normal,3293,Low
India,Uttar Pradesh,"Calendar Year (Jan - Dec), 2025","Tulsipur, Town Panchayat",43.95,15.85,13.39,1057.0,838.0,735.0,-12.293106462075116,Normal,3294,Low
India,Uttar Pradesh,"Calendar Year (Jan - Dec), 2025","Afzalgarh, Municipality",43.55,15.92,13.66,1060.0,800.0,756.0,-12.306085911212847,Normal,3295,Low
India,West Bengal,"Calendar Year (Jan - Dec), 2025","Kanchrapara, Municipality",50.54,13.04,12.97,779.0,779.0,777.0,-12.308779176994108,Normal,3296,Low
India,Madhya Pradesh,"Calendar Year (Jan - Dec), 2025","Bagli, Town Panchayat",38.19,12.97,12.49,825.0,788.0,778.0,-12.310389685970733,Normal,3297,Low
India,Maharashtra,"Calendar Year (Jan - Dec), 2025","Shirpur-Warwade, Municipality",63.17,12.83,11.36,671.0,608.0,569.0,-12.313015019797263,Normal,3298,Low
India,Madhya Pradesh,"Calendar Year (Jan - Dec), 2025","Ranapur, Town Panchayat",32.62,12.37,11.57,813.0,801.0,668.0,-12.323727051369133,Normal,3299,Low
India,Bihar,"Calendar Year (Jan - Dec), 2025","Khagaul, Municipality",58.81,8.91,8.59,446.0,396.0,381.0,-12.339846114606246,Normal,3300,Low
India,Uttar Pradesh,"Calendar Year (Jan - Dec), 2025","Bisauli, Municipality",54.58,18.34,13.6,1221.0,789.0,769.0,-12.342441243625387,Normal,3301,Low
India,Madhya Pradesh,"Calendar Year (Jan - Dec), 2025","Malhargarh, Town Panchayat",37.1,13.12,11.84,864.0,805.0,789.0,-12.3445796198788,Normal,3302,Low
India,Uttar Pradesh,"Calendar Year (Jan - Dec), 2025","Bithoor, Town Panchayat",46.74,16.37,13.81,1083.0,799.0,797.0,-12.344630204113855,Normal,3303,Low
India,Uttar Pradesh,"Calendar Year (Jan - Dec), 2025","Ikauna, Town Panchayat",39.97,14.62,12.87,975.0,807.0,767.0,-12.346401075493077,Normal,3304,Low
India,Assam,"Calendar Year (Jan - Dec), 2025","Howraghat, Town Panchayat",20.08,10.33,8.6,684.0,684.0,412.0,-12.350874729800125,Normal,3305,Low
India,Chhattisgarh,"Calendar Year (Jan - Dec), 2025","Pathariya, Town Panchayat",20.85,10.04,9.26,668.0,668.0,554.0,-12.351739506456738,Normal,3306,Low
India,Chhattisgarh,"Calendar Year (Jan - Dec), 2025",Nawagarh (Janjgir Champa),22.36,10.49,9.22,696.0,677.0,627.0,-12.353911113879747,Normal,3307,Low
India,Uttar Pradesh,"Calendar Year (Jan - Dec), 2025","Fatehpur Chaurasi, Town Panchayat",28.29,11.65,10.86,775.0,712.0,711.0,-12.358350438630112,Normal,3308,Low
India,Assam,"Calendar Year (Jan - Dec), 2025","Sarupathar, Town Panchayat",18.63,9.55,9.08,636.0,634.0,460.0,-12.362240740620962,Normal,3309,Low
India,Karnataka,"Calendar Year (Jan - Dec), 2025","Kerur, Town Panchayat",66.03,17.98,11.83,1198.0,868.0,793.0,-12.36231924708369,Normal,3310,Low
India,Uttar Pradesh,"Calendar Year (Jan - Dec), 2025","Ghiraur, Town Panchayat",29.89,12.18,11.15,812.0,729.0,722.0,-12.363086845245448,Normal,3311,Low
India,Kerala,"Calendar Year (Jan - Dec), 2025","Pandalam, Municipality",47.33,16.22,10.83,1053.0,924.0,637.0,-12.364554363770026,Normal,3312,Low
India,Telangana,"Calendar Year (Jan - Dec), 2025","Kalwakurthy, Municipality",58.23,13.76,7.39,837.0,366.0,366.0,-12.375759243596576,Normal,3313,Low
India,Uttar Pradesh,"Calendar Year (Jan - Dec), 2025",Nawabganj (Gonda),26.25,10.88,10.54,725.0,688.0,681.0,-12.389192721530321,Normal,3314,Low
India,Chhattisgarh,"Calendar Year (Jan - Dec), 2025","Sukma, Municipality",21.0,9.37,10.37,611.0,611.0,553.0,-12.390658519105784,Normal,3315,Low
India,Kerala,"Calendar Year (Jan - Dec), 2025","Pathanamthitta, Municipality",40.95,14.46,11.48,915.0,895.0,712.0,-12.403317373356344,Normal,3316,Low
India,Odisha,"Calendar Year (Jan - Dec), 2025","Padmapur, Town Panchayat",28.42,12.46,10.53,820.0,733.0,686.0,-12.417153935828367,Normal,3317,Low
India,Tamil Nadu,"Calendar Year (Jan - Dec), 2025","Peerkankaranai, Town Panchayat",15.39,1.61,1.61,74.0,74.0,74.0,-12.432408646362887,Normal,3318,Low
India,Jammu And Kashmir,"Calendar Year (Jan - Dec), 2025","Handwara, Municipality",52.47,13.75,9.99,914.0,914.0,584.0,-12.433163123127429,Normal,3319,Low
India,Bihar,"Calendar Year (Jan - Dec), 2025","Pawapuri, Town Panchayat",42.31,9.77,3.91,651.0,242.0,,-12.436098423536578,Normal,3320,Low
India,Uttar Pradesh,"Calendar Year (Jan - Dec), 2025","Pathardewa, Town Panchayat",50.81,13.88,7.09,925.0,344.0,343.0,-12.43878423278693,Normal,3321,Low
India,Madhya Pradesh,"Calendar Year (Jan - Dec), 2025","Thandla, Town Panchayat",36.33,12.62,12.32,794.0,774.0,709.0,-12.443338486605512,Normal,3322,Low
India,Madhya Pradesh,"Calendar Year (Jan - Dec), 2025","Alampur, Town Panchayat",31.23,12.0,11.17,799.0,792.0,571.0,-12.44772601825872,Normal,3323,Low
India,Rajasthan,"Calendar Year (Jan - Dec), 2025","Bhadra, Town Panchayat",44.17,12.09,9.65,769.0,346.0,277.0,-12.448044120012526,Normal,3324,Low
India,Madhya Pradesh,"Calendar Year (Jan - Dec), 2025","Tarichar Kalan, Town Panchayat",36.59,13.3,11.32,886.0,852.0,606.0,-12.44939572042955,Normal,3325,Low
India,Chhattisgarh,"Calendar Year (Jan - Dec), 2025","Charama, Town Panchayat",21.59,10.1,8.92,673.0,652.0,630.0,-12.451478657760731,Normal,3326,Low
India,Karnataka,"Calendar Year (Jan - Dec), 2025","Attibele, Town Panchayat",53.54,6.75,6.81,333.0,331.0,316.0,-12.451723486380786,Normal,3327,Low
India,Madhya Pradesh,"Calendar Year (Jan - Dec), 2025","Khaniyadhana, Town Panchayat",42.68,15.29,12.39,1017.0,841.0,772.0,-12.45217720260655,Normal,3328,Low
India,Karnataka,"Calendar Year (Jan - Dec), 2025","Kembhavi, Town Panchayat",35.75,12.98,8.42,859.0,839.0,798.0,-12.452522558680528,Normal,3329,Low
India,Madhya Pradesh,"Calendar Year (Jan - Dec), 2025","Meghnagar, Town Panchayat",30.7,11.65,11.1,774.0,760.0,676.0,-12.452785578090584,Normal,3330,Low
India,Bihar,"Calendar Year (Jan - Dec), 2025","Kahalgaon, Town Panchayat",53.05,14.69,9.67,973.0,784.0,474.0,-12.453971259696914,Normal,3331,Low
India,Chhattisgarh,"Calendar Year (Jan - Dec), 2025","Jashpur Nagar, Municipality",30.28,12.29,11.12,789.0,765.0,642.0,-12.45529084056949,Normal,3332,Low
India,Rajasthan,"Calendar Year (Jan - Dec), 2025","Viratnagar, Town Panchayat",40.34,11.76,5.61,783.0,433.0,225.0,-12.45941793576867,Normal,3333,Low
India,Assam,"Calendar Year (Jan - Dec), 2025","Manja Town Committee, Town Panchayat",51.35,17.77,7.11,790.0,,,-12.459661779445923,Normal,3334,Low
India,Punjab,"Calendar Year (Jan - Dec), 2025","Bhagta Bhai Ka, Town Panchayat",32.43,13.33,10.1,914.0,824.0,663.0,-12.462048328029425,Normal,3335,Low
India,Karnataka,"Calendar Year (Jan - Dec), 2025","Tarikere, Municipality",53.81,15.4,11.98,1003.0,895.0,662.0,-12.46217021795212,Normal,3336,Low
India,Punjab,"Calendar Year (Jan - Dec), 2025","Naya Gaon, Municipality",55.86,9.89,9.59,450.0,432.0,430.0,-12.46510285116625,Normal,3337,Low
India,Uttar Pradesh,"Calendar Year (Jan - Dec), 2025","Ujhari, Town Panchayat",53.5,17.25,13.6,1150.0,756.0,728.0,-12.479735479908243,Normal,3338,Low
India,Assam,"Calendar Year (Jan - Dec), 2025","Ramkrishnanagar, Municipality",27.62,10.45,3.03,528.0,191.0,128.0,-12.485462951505724,Normal,3339,Low
India,Madhya Pradesh,"Calendar Year (Jan - Dec), 2025","Manpur, Town Panchayat",32.12,11.56,12.09,747.0,716.0,675.0,-12.486234262416872,Normal,3340,Low
India,Maharashtra,"Calendar Year (Jan - Dec), 2025","Barshitakli, Town Panchayat",60.33,14.34,11.87,950.0,740.0,558.0,-12.488041877912963,Normal,3341,Low
India,Telangana,"Calendar Year (Jan - Dec), 2025","Bhongir, Municipality",62.55,12.96,10.49,751.0,745.0,669.0,-12.489923235086906,Normal,3342,Low
India,Uttar Pradesh,"Calendar Year (Jan - Dec), 2025","Niwari, Town Panchayat",31.34,12.03,11.3,800.0,743.0,702.0,-12.49256092588098,Normal,3343,Low
India,Karnataka,"Calendar Year (Jan - Dec), 2025","Jagalur, Town Panchayat",48.28,13.36,9.47,873.0,873.0,848.0,-12.49776943254966,Normal,3344,Low
India,Uttar Pradesh,"Calendar Year (Jan - Dec), 2025","Katghar Lalganj, Town Panchayat",33.53,13.19,11.7,878.0,743.0,735.0,-12.498487325666474,Normal,3345,Low
India,Uttar Pradesh,"Calendar Year (Jan - Dec), 2025","Jagner, Town Panchayat",23.5,10.18,9.9,678.0,648.0,646.0,-12.50129956464076,Normal,3346,Low
India,Nagaland,"Calendar Year (Jan - Dec), 2025","Pfutsero, Town Panchayat",35.07,12.51,10.26,834.0,834.0,737.0,-12.514212317980537,Normal,3347,Low
India,Uttarakhand,"Calendar Year (Jan - Dec), 2025",Udham Singh Nagar Development Authority,5.89,1.48,1.48,59.0,59.0,59.0,-12.51710947843145,Normal,3348,Low
India,Uttar Pradesh,"Calendar Year (Jan - Dec), 2025","Bilram, Town Panchayat",35.03,12.82,11.87,854.0,751.0,749.0,-12.51986130541303,Normal,3349,Low
India,Uttar Pradesh,"Calendar Year (Jan - Dec), 2025","Kurthijafarpur, Town Panchayat",55.59,17.67,12.44,1178.0,655.0,648.0,-12.521527910734505,Normal,3350,Low
India,Chhattisgarh,"Calendar Year (Jan - Dec), 2025","Bastar, Town Panchayat",23.54,10.51,9.34,693.0,693.0,615.0,-12.527554335356058,Normal,3351,Low
India,Karnataka,"Calendar Year (Jan - Dec), 2025","Karwar, Municipality",58.63,14.54,10.19,858.0,827.0,576.0,-12.529404902869544,Normal,3352,Low
India,Madhya Pradesh,"Calendar Year (Jan - Dec), 2025","Piplya Mandi, Town Panchayat",43.71,15.32,13.06,1009.0,789.0,759.0,-12.52977135700985,Normal,3353,Low
India,Chhattisgarh,"Calendar Year (Jan - Dec), 2025","Baramkela, Town Panchayat",20.13,9.68,8.42,646.0,646.0,584.0,-12.533099416346317,Normal,3354,Low
India,Rajasthan,"Calendar Year (Jan - Dec), 2025","Kuchaman City, Town Panchayat",48.66,13.66,12.81,817.0,792.0,734.0,-12.535156246009194,Normal,3355,Low
India,Gujarat,"Calendar Year (Jan - Dec), 2025","Chhota Udaipur, Municipality",53.63,13.24,12.67,718.0,694.0,663.0,-12.535918535565884,Normal,3356,Low
India,Tamil Nadu,"Calendar Year (Jan - Dec), 2025","Walajapet, Municipality",34.03,11.96,11.8,742.0,741.0,706.0,-12.537227266316961,Normal,3357,Low
India,Tamil Nadu,"Calendar Year (Jan - Dec), 2025","Kottaiyur, Town Panchayat",5.66,1.25,1.18,70.0,70.0,66.0,-12.540027987889744,Normal,3358,Low
India,Kerala,"Calendar Year (Jan - Dec), 2025","Payyoli, Municipality",38.58,13.88,11.45,864.0,836.0,724.0,-12.545907365808489,Normal,3359,Low
India,Uttar Pradesh,"Calendar Year (Jan - Dec), 2025","Talgram, Town Panchayat",27.67,11.34,10.7,756.0,689.0,685.0,-12.547528049216453,Normal,3360,Low
India,Madhya Pradesh,"Calendar Year (Jan - Dec), 2025","Machalpur, Town Panchayat",30.32,11.44,10.83,758.0,726.0,712.0,-12.551096184339656,Normal,3361,Low
India,Maharashtra,"Calendar Year (Jan - Dec), 2025","Risod, Municipality",52.87,11.72,10.19,717.0,467.0,335.0,-12.554525554605675,Normal,3362,Low
India,Tamil Nadu,"Calendar Year (Jan - Dec), 2025","Komarapalayam, Municipality",36.63,12.44,11.98,744.0,744.0,735.0,-12.55638835599109,Normal,3363,Low
India,Uttar Pradesh,"Calendar Year (Jan - Dec), 2025","Madrak, Town Panchayat",55.69,15.81,8.86,1054.0,470.0,462.0,-12.556598773653604,Normal,3364,Low
India,Tamil Nadu,"Calendar Year (Jan - Dec), 2025","Palugal, Town Panchayat",22.67,9.96,9.6,653.0,652.0,615.0,-12.559394435122442,Normal,3365,Low
India,Tamil Nadu,"Calendar Year (Jan - Dec), 2025","Periyasemur, Municipal Corporation",7.66,1.36,1.36,61.0,61.0,61.0,-12.560548255861761,Normal,3366,Low
India,Madhya Pradesh,"Calendar Year (Jan - Dec), 2025","Namli, Town Panchayat",27.81,10.71,11.48,708.0,693.0,574.0,-12.562782676717688,Normal,3367,Low
India,Maharashtra,"Calendar Year (Jan - Dec), 2025","Khamgaon, Municipality",62.77,11.85,9.33,607.0,549.0,479.0,-12.56630653764364,Normal,3368,Low
India,Assam,"Calendar Year (Jan - Dec), 2025","Ramkrishna Nagar, Town Panchayat",47.45,16.43,6.57,730.0,,,-12.56658196764704,Normal,3369,Low
India,Tamil Nadu,"Calendar Year (Jan - Dec), 2025","Ganapathipuram, Town Panchayat",21.14,9.46,9.34,621.0,621.0,606.0,-12.567768234326536,Normal,3370,Low
India,Jammu And Kashmir,"Calendar Year (Jan - Dec), 2025","Anantnag, Municipality",51.61,13.57,10.39,898.0,898.0,768.0,-12.570552889146711,Normal,3371,Low
India,Chhattisgarh,"Calendar Year (Jan - Dec), 2025","Palari, Town Panchayat",23.97,10.93,9.21,721.0,679.0,651.0,-12.572826263718468,Normal,3372,Low
India,Uttar Pradesh,"Calendar Year (Jan - Dec), 2025","Bhanpur Kaswa, Town Panchayat",51.21,16.66,13.35,1111.0,765.0,757.0,-12.584263869229801,Normal,3373,Low
India,Gujarat,"Calendar Year (Jan - Dec), 2025","Rajpipla, Municipality",59.77,14.11,11.98,748.0,570.0,555.0,-12.601049781320455,Normal,3374,Low
India,Uttar Pradesh,"Calendar Year (Jan - Dec), 2025","Cantonment Board, Kanpur",53.68,9.11,9.11,414.0,414.0,414.0,-12.61497724472207,Normal,3375,Low
India,Haryana,"Calendar Year (Jan - Dec), 2025","Cheeka, Municipality",42.96,16.18,9.2,1054.0,840.0,594.0,-12.61511739142685,Normal,3376,Low
India,Uttar Pradesh,"Calendar Year (Jan - Dec), 2025","Kakrala, Municipality",50.13,16.79,12.51,1119.0,808.0,799.0,-12.617069062121118,Normal,3377,Low
India,Madhya Pradesh,"Calendar Year (Jan - Dec), 2025",Pichhore (Gwalior),29.87,11.36,10.72,757.0,750.0,639.0,-12.625723256844253,Normal,3378,Low
India,Karnataka,"Calendar Year (Jan - Dec), 2025","Guledgudda, Municipality",31.33,11.27,10.67,737.0,737.0,711.0,-12.628551620488736,Normal,3379,Low
India,Uttarakhand,"Calendar Year (Jan - Dec), 2025","Bajpur, Municipality",38.95,14.65,13.13,667.0,603.0,576.0,-12.63125610540368,Normal,3380,Low
India,Karnataka,"Calendar Year (Jan - Dec), 2025","Hosdurga, Municipality",65.3,15.29,9.37,998.0,628.0,552.0,-12.633929625056737,Normal,3381,Low
India,Karnataka,"Calendar Year (Jan - Dec), 2025","Kuknoor, Town Panchayat",32.19,11.84,10.29,769.0,769.0,722.0,-12.635675638518535,Normal,3382,Low
India,Bihar,"Calendar Year (Jan - Dec), 2025","Musri Gharari, Town Panchayat",45.05,10.39,4.16,693.0,283.0,,-12.636706766392138,Normal,3383,Low
India,Rajasthan,"Calendar Year (Jan - Dec), 2025","Abu Road, Town Panchayat",56.42,14.05,9.19,868.0,501.0,388.0,-12.642441364986666,Normal,3384,Low
India,Uttar Pradesh,"Calendar Year (Jan - Dec), 2025","Salon, Town Panchayat",46.7,16.21,12.55,1080.0,786.0,779.0,-12.651212271251438,Normal,3385,Low
India,Madhya Pradesh,"Calendar Year (Jan - Dec), 2025","Kukdeshwar, Town Panchayat",36.42,12.55,11.66,833.0,760.0,741.0,-12.651863049197175,Normal,3386,Low
India,Madhya Pradesh,"Calendar Year (Jan - Dec), 2025","Diken, Town Panchayat",45.68,12.22,11.64,814.0,805.0,749.0,-12.652823095019926,Normal,3387,Low
India,Uttar Pradesh,"Calendar Year (Jan - Dec), 2025","Prithviganj, Town Panchayat",45.31,16.25,12.13,1083.0,798.0,771.0,-12.653552977124889,Normal,3388,Low
India,Karnataka,"Calendar Year (Jan - Dec), 2025","Kankanawadi, Town Panchayat",34.91,12.38,5.1,825.0,733.0,583.0,-12.674007353412492,Normal,3389,Low
India,Karnataka,"Calendar Year (Jan - Dec), 2025","Nanjangud, Municipality",52.38,14.8,12.41,915.0,761.0,583.0,-12.679179439628626,Normal,3390,Low
India,Maharashtra,"Calendar Year (Jan - Dec), 2025","Talode, Municipality",59.1,14.26,9.78,840.0,704.0,492.0,-12.68096656526592,Normal,3391,Low
India,Karnataka,"Calendar Year (Jan - Dec), 2025","Yelbarga, Town Panchayat",59.99,16.87,10.2,1118.0,801.0,686.0,-12.68255816742652,Normal,3392,Low
India,Tamil Nadu,"Calendar Year (Jan - Dec), 2025","Nagapattinam, Municipality",52.49,12.41,11.12,770.0,770.0,756.0,-12.689925723165686,Normal,3393,Low
India,Tamil Nadu,"Calendar Year (Jan - Dec), 2025","Kilapavoor, Town Panchayat",31.51,11.76,10.64,770.0,768.0,654.0,-12.690418985770407,Normal,3394,Low
India,Punjab,"Calendar Year (Jan - Dec), 2025","Nangal, Municipality",11.11,2.67,1.46,171.0,47.0,42.0,-12.698380262262447,Normal,3395,Low
India,Madhya Pradesh,"Calendar Year (Jan - Dec), 2025","Indergarh, Town Panchayat",29.99,11.5,10.07,755.0,755.0,671.0,-12.709463689331471,Normal,3396,Low
India,Karnataka,"Calendar Year (Jan - Dec), 2025","Bankapura, Municipality",58.72,13.16,9.56,859.0,823.0,661.0,-12.71120478255392,Normal,3397,Low
India,Tamil Nadu,"Calendar Year (Jan - Dec), 2025","Devarshola, Town Panchayat",49.3,12.79,11.12,852.0,852.0,676.0,-12.711845526480772,Normal,3398,Low
India,Kerala,"Calendar Year (Jan - Dec), 2025","Kalamassery, Municipality",54.54,13.63,11.53,830.0,795.0,735.0,-12.719982022553722,Normal,3399,Low
India,Uttar Pradesh,"Calendar Year (Jan - Dec), 2025","Sahawar, Town Panchayat",48.39,16.53,12.71,1102.0,741.0,741.0,-12.724646868422838,Normal,3400,Low
India,Kerala,"Calendar Year (Jan - Dec), 2025","Nileswaram, Municipality",39.86,13.79,11.48,845.0,821.0,670.0,-12.727334205339389,Normal,3401,Low
India,Tamil Nadu,"Calendar Year (Jan - Dec), 2025","Narasingapuram, Municipality",19.21,8.91,8.71,590.0,590.0,573.0,-12.728725539185632,Normal,3402,Low
India,Assam,"Calendar Year (Jan - Dec), 2025","Teok, Town Panchayat",20.8,10.21,8.5,676.0,676.0,465.0,-12.728815731535576,Normal,3403,Low
India,Tamil Nadu,"Calendar Year (Jan - Dec), 2025","Kelamangalam, Town Panchayat",3.95,1.43,1.4,88.0,88.0,84.0,-12.730542141293256,Normal,3404,Low
India,Kerala,"Calendar Year (Jan - Dec), 2025","Erattupetta, Municipality",46.01,17.17,11.89,1108.0,677.0,613.0,-12.731936015284305,Normal,3405,Low
India,Bihar,"Calendar Year (Jan - Dec), 2025","Patepur, Town Panchayat",45.3,10.46,4.18,697.0,298.0,,-12.733908614035613,Normal,3406,Low
India,Odisha,"Calendar Year (Jan - Dec), 2025","Malkangiri, Municipality",38.98,14.79,11.49,976.0,793.0,668.0,-12.736474770176585,Normal,3407,Low
India,Uttar Pradesh,"Calendar Year (Jan - Dec), 2025","Nizamabad, Town Panchayat",38.69,12.41,12.01,771.0,738.0,726.0,-12.73768602688915,Normal,3408,Low
India,Uttar Pradesh,"Calendar Year (Jan - Dec), 2025","Atrauliya, Town Panchayat",25.48,10.61,10.11,707.0,654.0,652.0,-12.742281952719907,Normal,3409,Low
India,Uttar Pradesh,"Calendar Year (Jan - Dec), 2025","Faridpur, Town Panchayat",48.75,16.17,12.16,1071.0,797.0,778.0,-12.74568530639931,Normal,3410,Low
India,Maharashtra,"Calendar Year (Jan - Dec), 2025","Rajura, Municipality",57.36,10.84,8.87,686.0,440.0,342.0,-12.749835708417606,Normal,3411,Low
India,Uttar Pradesh,"Calendar Year (Jan - Dec), 2025","Musanagar, Town Panchayat",51.85,15.6,10.59,1040.0,489.0,484.0,-12.754795463876178,Normal,3412,Low
India,Tamil Nadu,"Calendar Year (Jan - Dec), 2025","Ilayangudi, Town Panchayat",3.66,1.58,1.49,102.0,102.0,94.0,-12.75601525085392,Normal,3413,Low
India,Chhattisgarh,"Calendar Year (Jan - Dec), 2025","Sirgitti, Municipal Corporation",23.39,9.38,10.65,591.0,591.0,588.0,-12.758578327297528,Normal,3414,Low
India,Jammu And Kashmir,"Calendar Year (Jan - Dec), 2025","Samba, Municipality",36.22,12.49,8.02,821.0,821.0,746.0,-12.767477080130789,Normal,3415,Low
India,Mizoram,"Calendar Year (Jan - Dec), 2025","Zawlnuam, Town Panchayat",7.54,5.62,4.75,374.0,374.0,209.0,-12.774604109786367,Normal,3416,Low
India,Maharashtra,"Calendar Year (Jan - Dec), 2025","Mohol, Municipality",52.86,13.03,11.72,840.0,789.0,649.0,-12.777860471963493,Normal,3417,Low
India,Uttar Pradesh,"Calendar Year (Jan - Dec), 2025","Unchahar, Town Panchayat",23.78,10.06,9.73,670.0,635.0,632.0,-12.780533695767588,Normal,3418,Low
India,Uttar Pradesh,"Calendar Year (Jan - Dec), 2025","Shahi, Town Panchayat",43.84,14.79,12.61,986.0,750.0,735.0,-12.79345045380802,Normal,3419,Low
India,Tamil Nadu,"Calendar Year (Jan - Dec), 2025","Andipatti Jakkampatti, Town Panchayat",49.26,11.42,10.78,699.0,690.0,446.0,-12.802011306996064,Normal,3420,Low
India,Madhya Pradesh,"Calendar Year (Jan - Dec), 2025","Pankhedi, Town Panchayat",26.59,10.09,9.96,673.0,668.0,662.0,-12.809400020336,Normal,3421,Low
India,Haryana,"Calendar Year (Jan - Dec), 2025","Kalanaur, Municipality",33.43,13.68,7.44,905.0,404.0,275.0,-12.815689355204086,Normal,3422,Low
India,Uttar Pradesh,"Calendar Year (Jan - Dec), 2025","Rampur Karkhana, Town Panchayat",50.6,16.19,12.74,1079.0,704.0,691.0,-12.816353258669722,Normal,3423,Low
India,Madhya Pradesh,"Calendar Year (Jan - Dec), 2025","Jaitwara, Town Panchayat",27.11,10.45,10.04,696.0,688.0,648.0,-12.818288816475615,Normal,3424,Low
India,Madhya Pradesh,"Calendar Year (Jan - Dec), 2025","Bilaua, Town Panchayat",26.66,10.08,9.95,672.0,672.0,656.0,-12.823754178345098,Normal,3425,Low
India,Uttar Pradesh,"Calendar Year (Jan - Dec), 2025","Dadiyal, Town Panchayat",53.29,15.38,9.82,1025.0,483.0,471.0,-12.826326954512695,Normal,3426,Low
India,Tamil Nadu,"Calendar Year (Jan - Dec), 2025","Nelliyalam, Municipality",31.73,11.2,10.36,742.0,742.0,683.0,-12.827712139127982,Normal,3427,Low
India,Kerala,"Calendar Year (Jan - Dec), 2025","Chalakudy, Municipality",39.71,12.96,11.53,788.0,773.0,707.0,-12.835985598899356,Normal,3428,Low
India,Karnataka,"Calendar Year (Jan - Dec), 2025","Managuli, Town Panchayat",29.27,11.8,7.67,787.0,768.0,674.0,-12.845047784195913,Normal,3429,Low
India,Bihar,"Calendar Year (Jan - Dec), 2025","Buxar, Municipality",57.11,12.85,9.97,759.0,466.0,407.0,-12.861471642907134,Normal,3430,Low
India,Jharkhand,"Calendar Year (Jan - Dec), 2025","Seraikela, Town Panchayat",38.43,12.37,11.01,794.0,776.0,723.0,-12.861854313827394,Normal,3431,Low
India,Uttar Pradesh,"Calendar Year (Jan - Dec), 2025","Rampur, Town Panchayat",30.62,12.24,10.93,816.0,709.0,638.0,-12.862867280816431,Normal,3432,Low
India,Uttar Pradesh,"Calendar Year (Jan - Dec), 2025",Sikanderpur (Kannauj),35.87,13.39,11.73,893.0,714.0,708.0,-12.863025344016194,Normal,3433,Low
India,Madhya Pradesh,"Calendar Year (Jan - Dec), 2025","Lavkush Nagar, Town Panchayat",31.11,11.19,10.71,742.0,719.0,664.0,-12.863421334032637,Normal,3434,Low
India,Tamil Nadu,"Calendar Year (Jan - Dec), 2025","Mallur, Town Panchayat",3.81,1.6,1.32,94.0,92.0,83.0,-12.864080133713628,Normal,3435,Low
India,Punjab,"Calendar Year (Jan - Dec), 2025","Majitha, Town Panchayat",29.28,12.66,8.95,841.0,768.0,537.0,-12.86616433720701,Normal,3436,Low
India,Uttar Pradesh,"Calendar Year (Jan - Dec), 2025","Chhata, Town Panchayat",34.65,12.56,11.41,837.0,729.0,691.0,-12.86871833049321,Normal,3437,Low
India,Madhya Pradesh,"Calendar Year (Jan - Dec), 2025","Jaithari, Town Panchayat",33.73,12.55,10.85,833.0,759.0,656.0,-12.8766120845886,Normal,3438,Low
India,Gujarat,"Calendar Year (Jan - Dec), 2025","Prantij, Municipality",46.19,13.78,12.15,829.0,769.0,669.0,-12.87917007047389,Normal,3439,Low
India,Haryana,"Calendar Year (Jan - Dec), 2025","Hodal, Municipality",26.72,11.4,6.66,756.0,675.0,310.0,-12.880764616676117,Normal,3440,Low
India,Tamil Nadu,"Calendar Year (Jan - Dec), 2025","Sivakasi, Municipal Corporation",36.56,9.71,12.65,502.0,502.0,468.0,-12.882350343091389,Normal,3441,Low
India,Karnataka,"Calendar Year (Jan - Dec), 2025","Hungund, Town Panchayat",47.93,14.17,12.54,884.0,748.0,708.0,-12.88325440913826,Normal,3442,Low
India,Karnataka,"Calendar Year (Jan - Dec), 2025","Honnali, Town Panchayat",46.03,12.43,9.63,813.0,813.0,773.0,-12.886707291670689,Normal,3443,Low
India,Uttar Pradesh,"Calendar Year (Jan - Dec), 2025",Kursath (Unnao),18.38,8.49,8.44,566.0,566.0,558.0,-12.887368104521556,Normal,3444,Low
India,Odisha,"Calendar Year (Jan - Dec), 2025","Paralakhemundi, Municipality",35.0,13.55,10.41,859.0,757.0,726.0,-12.893074798733778,Normal,3445,Low
India,Maharashtra,"Calendar Year (Jan - Dec), 2025","Sasvad, Municipality",59.73,11.59,9.24,621.0,488.0,427.0,-12.893254050136989,Normal,3446,Low
India,Uttar Pradesh,"Calendar Year (Jan - Dec), 2025","Umri, Town Panchayat",22.08,10.02,9.17,668.0,610.0,610.0,-12.904048728981877,Normal,3447,Low
India,Madhya Pradesh,"Calendar Year (Jan - Dec), 2025","Dabhaura, Town Panchayat",26.71,10.31,9.92,687.0,670.0,649.0,-12.906599120562703,Normal,3448,Low
India,Tamil Nadu,"Calendar Year (Jan - Dec), 2025","Kothanallur, Town Panchayat",19.57,7.53,10.81,495.0,493.0,450.0,-12.910689315398088,Normal,3449,Low
India,Mizoram,"Calendar Year (Jan - Dec), 2025","Biate, Town Panchayat",5.63,4.08,3.98,272.0,270.0,261.0,-12.912965176990667,Normal,3450,Low
India,Assam,"Calendar Year (Jan - Dec), 2025","Barpathar, Town Panchayat",17.58,8.82,8.55,588.0,587.0,420.0,-12.915635058915143,Normal,3451,Low
India,Uttar Pradesh,"Calendar Year (Jan - Dec), 2025","Lawar, Town Panchayat",24.37,9.79,9.66,652.0,646.0,614.0,-12.918182146628567,Normal,3452,Low
India,Punjab,"Calendar Year (Jan - Dec), 2025","Banga, Municipality",5.38,1.32,1.11,83.0,71.0,64.0,-12.91992930807379,Normal,3453,Low
India,Maharashtra,"Calendar Year (Jan - Dec), 2025","Naldurg, Municipality",57.31,14.46,9.64,961.0,801.0,647.0,-12.920359935093927,Normal,3454,Low
India,Uttar Pradesh,"Calendar Year (Jan - Dec), 2025","Salempur, Town Panchayat",38.6,13.12,11.57,846.0,745.0,720.0,-12.927743608534001,Normal,3455,Low
India,Chhattisgarh,"Calendar Year (Jan - Dec), 2025","Kharora, Town Panchayat",27.45,12.59,9.86,838.0,675.0,610.0,-12.933776818561228,Normal,3456,Low
India,Tamil Nadu,"Calendar Year (Jan - Dec), 2025","Iluppur, Town Panchayat",37.26,12.04,10.91,755.0,755.0,705.0,-12.935235093804465,Normal,3457,Low
India,Karnataka,"Calendar Year (Jan - Dec), 2025","Holalkere, Town Panchayat",47.09,11.74,12.38,726.0,670.0,606.0,-12.937047918538838,Normal,3458,Low
India,Odisha,"Calendar Year (Jan - Dec), 2025","Bhanjanagar, Town Panchayat",45.62,15.72,12.18,975.0,587.0,539.0,-12.944056336570043,Normal,3459,Low
India,Uttarakhand,"Calendar Year (Jan - Dec), 2025","Ukhimath, Town Panchayat",17.59,10.75,10.19,324.0,324.0,323.0,-12.955731109322414,Normal,3460,Low
India,Uttarakhand,"Calendar Year (Jan - Dec), 2025","Purola, Municipality",6.09,2.08,1.34,137.0,126.0,45.0,-12.95848526028334,Normal,3461,Low
India,Karnataka,"Calendar Year (Jan - Dec), 2025","Maski, Town Panchayat",35.14,13.08,7.95,842.0,828.0,545.0,-12.964176895631965,Normal,3462,Low
India,Maharashtra,"Calendar Year (Jan - Dec), 2025","Deoli, Municipality",48.24,11.66,12.48,760.0,643.0,555.0,-12.969682882952497,Normal,3463,Low
India,Karnataka,"Calendar Year (Jan - Dec), 2025","Kamatgi, Town Panchayat",24.13,9.65,9.52,641.0,641.0,611.0,-12.970604128666196,Normal,3464,Low
India,Uttar Pradesh,"Calendar Year (Jan - Dec), 2025","Joya, Town Panchayat",34.69,12.43,11.35,827.0,709.0,693.0,-12.973518965242306,Normal,3465,Low
India,Punjab,"Calendar Year (Jan - Dec), 2025","Sujanpur, Municipality",30.86,11.99,7.06,830.0,611.0,297.0,-12.973831679023078,Normal,3466,Low
India,Gujarat,"Calendar Year (Jan - Dec), 2025","Rapar, Municipality",56.05,15.6,11.59,977.0,742.0,725.0,-12.973849094213051,Normal,3467,Low
India,Kerala,"Calendar Year (Jan - Dec), 2025","Varkala, Municipality",37.02,13.04,10.29,845.0,807.0,635.0,-12.974188476410973,Normal,3468,Low
India,Karnataka,"Calendar Year (Jan - Dec), 2025","Vijayapura, Municipal Corporation",43.69,13.74,10.75,878.0,790.0,768.0,-12.976177375429359,Normal,3469,Low
India,Maharashtra,"Calendar Year (Jan - Dec), 2025","Sindevahi, Town Panchayat",43.76,9.94,3.34,646.0,443.0,348.0,-12.97995303768846,Normal,3470,Low
India,Gujarat,"Calendar Year (Jan - Dec), 2025","Balasinor, Municipality",48.37,12.95,11.79,763.0,716.0,700.0,-12.980187350959284,Normal,3471,Low
India,Uttar Pradesh,"Calendar Year (Jan - Dec), 2025","Bewar, Town Panchayat",28.7,11.59,10.47,771.0,672.0,649.0,-12.98585029033461,Normal,3472,Low
India,Madhya Pradesh,"Calendar Year (Jan - Dec), 2025","Jamai, Municipality",27.66,10.08,10.63,667.0,656.0,607.0,-12.997793603707123,Normal,3473,Low
India,Haryana,"Calendar Year (Jan - Dec), 2025","Kalayat, Municipality",27.21,10.37,3.97,681.0,659.0,429.0,-12.99898035225965,Normal,3474,Low
India,Tamil Nadu,"Calendar Year (Jan - Dec), 2025","Thiruvattar, Town Panchayat",29.99,11.41,10.65,709.0,703.0,614.0,-13.001010055553706,Normal,3475,Low
India,Maharashtra,"Calendar Year (Jan - Dec), 2025","Bhokar, Municipality",57.72,13.79,9.44,887.0,750.0,583.0,-13.006817830146986,Normal,3476,Low
India,Chhattisgarh,"Calendar Year (Jan - Dec), 2025","Pithora, Town Panchayat",22.77,9.9,8.96,647.0,647.0,581.0,-13.015030833019807,Normal,3477,Low
India,Karnataka,"Calendar Year (Jan - Dec), 2025","Jigani, Town Panchayat",52.11,7.05,7.16,375.0,375.0,358.0,-13.01827015849949,Normal,3478,Low
India,Tamil Nadu,"Calendar Year (Jan - Dec), 2025","Pacode, Town Panchayat",28.31,10.97,9.52,707.0,701.0,661.0,-13.019584050383912,Normal,3479,Low
India,Karnataka,"Calendar Year (Jan - Dec), 2025","Koratagere, Town Panchayat",45.76,12.52,7.54,827.0,347.0,294.0,-13.021757317436197,Normal,3480,Low
India,Punjab,"Calendar Year (Jan - Dec), 2025","Bhulath, Town Panchayat",9.85,2.58,1.46,168.0,45.0,43.0,-13.026902744640722,Normal,3481,Low
India,Kerala,"Calendar Year (Jan - Dec), 2025","Tirur, Municipality",31.01,11.13,10.11,719.0,717.0,666.0,-13.027986545900717,Normal,3482,Low
India,Haryana,"Calendar Year (Jan - Dec), 2025","Ladwa, Municipality",46.84,16.47,7.69,1047.0,574.0,492.0,-13.02880382992953,Normal,3483,Low
India,Uttar Pradesh,"Calendar Year (Jan - Dec), 2025","Makkhanpur, Town Panchayat",27.95,11.37,10.26,758.0,667.0,635.0,-13.03831055163613,Normal,3484,Low
India,Rajasthan,"Calendar Year (Jan - Dec), 2025","Chaksu, Town Panchayat",49.06,15.68,11.7,1057.0,605.0,586.0,-13.040778834147432,Normal,3485,Low
India,Tamil Nadu,"Calendar Year (Jan - Dec), 2025","Arumuganeri, Town Panchayat",27.42,11.18,9.31,706.0,706.0,631.0,-13.044156011747077,Normal,3486,Low
India,Uttar Pradesh,"Calendar Year (Jan - Dec), 2025","Parsadepur, Town Panchayat",34.43,12.94,10.86,863.0,707.0,704.0,-13.048506982553477,Normal,3487,Low
India,Tamil Nadu,"Calendar Year (Jan - Dec), 2025","Gopalasamudram, Town Panchayat",18.9,8.83,8.4,589.0,589.0,523.0,-13.051436224359236,Normal,3488,Low
India,Ladakh,"Calendar Year (Jan - Dec), 2025","Kargil, Municipality",44.4,15.16,11.33,904.0,767.0,669.0,-13.055512270648592,Normal,3489,Low
India,Maharashtra,"Calendar Year (Jan - Dec), 2025","Bhum, Municipality",41.78,8.1,5.51,524.0,329.0,169.0,-13.066089958647808,Normal,3490,Low
India,Karnataka,"Calendar Year (Jan - Dec), 2025","Magadi, Municipality",42.33,12.63,9.27,828.0,819.0,711.0,-13.069192317047964,Normal,3491,Low
India,Chhattisgarh,"Calendar Year (Jan - Dec), 2025","Kasdol, Town Panchayat",23.7,10.71,9.58,709.0,626.0,577.0,-13.074767343133715,Normal,3492,Low
India,Tamil Nadu,"Calendar Year (Jan - Dec), 2025","Kethi, Town Panchayat",55.99,10.41,7.32,697.0,673.0,582.0,-13.086385604227416,Normal,3493,Low
India,Gujarat,"Calendar Year (Jan - Dec), 2025","Lodhika, Municipal Corporation",42.03,11.23,11.23,456.0,456.0,456.0,-13.087769009690305,Normal,3494,Low
India,Madhya Pradesh,"Calendar Year (Jan - Dec), 2025","Barigarh, Town Panchayat",27.37,10.17,10.06,678.0,668.0,614.0,-13.089811104650835,Normal,3495,Low
India,Tamil Nadu,"Calendar Year (Jan - Dec), 2025","Kasipalayam, Town Panchayat",53.14,10.46,9.1,669.0,669.0,660.0,-13.090342616135842,Normal,3496,Low
India,Bihar,"Calendar Year (Jan - Dec), 2025","Barauli, Municipality",53.86,14.73,9.97,979.0,777.0,638.0,-13.093917414072905,Normal,3497,Low
India,Maharashtra,"Calendar Year (Jan - Dec), 2025","Sakoli, Municipality",58.98,13.37,7.76,876.0,663.0,540.0,-13.09522082800919,Normal,3498,Low
India,Puducherry,"Calendar Year (Jan - Dec), 2025","Yanam, Municipality",54.74,13.8,9.83,852.0,767.0,625.0,-13.107584492264664,Normal,3499,Low
India,Karnataka,"Calendar Year (Jan - Dec), 2025","Madhugiri, Municipality",43.36,12.96,9.66,832.0,793.0,744.0,-13.109172223996666,Normal,3500,Low
India,Uttar Pradesh,"Calendar Year (Jan - Dec), 2025","Pakriya Naugwan, Town Panchayat",52.43,16.48,10.17,1099.0,689.0,666.0,-13.110328347723453,Normal,3501,Low
India,Karnataka,"Calendar Year (Jan - Dec), 2025","Chintamani, Municipality",39.28,12.3,8.53,811.0,811.0,696.0,-13.113617753007702,Normal,3502,Low
India,Uttar Pradesh,"Calendar Year (Jan - Dec), 2025",Jhansi Development Authority,42.38,11.34,9.04,756.0,756.0,756.0,-13.116776013240155,Normal,3503,Low
India,Maharashtra,"Calendar Year (Jan - Dec), 2025","Umarkhed, Municipality",55.97,12.55,11.05,744.0,563.0,515.0,-13.123922853226645,Normal,3504,Low
India,Uttar Pradesh,"Calendar Year (Jan - Dec), 2025","Saurikh, Town Panchayat",20.77,9.0,8.73,600.0,589.0,578.0,-13.124881612423735,Normal,3505,Low
India,Chhattisgarh,"Calendar Year (Jan - Dec), 2025","Chhurikala, Town Panchayat",18.34,8.8,7.1,586.0,586.0,564.0,-13.125954782116537,Normal,3506,Low
India,Tamil Nadu,"Calendar Year (Jan - Dec), 2025","Manali, Municipality",47.05,6.85,6.85,289.0,289.0,289.0,-13.134428178739881,Normal,3507,Low
India,Chhattisgarh,"Calendar Year (Jan - Dec), 2025","Parpondi, Town Panchayat",17.91,8.66,7.81,574.0,573.0,524.0,-13.141586974534903,Normal,3508,Low
India,Tamil Nadu,"Calendar Year (Jan - Dec), 2025","Kurinjipadi, Town Panchayat",36.33,11.86,10.69,741.0,739.0,656.0,-13.142125821889863,Normal,3509,Low
India,Karnataka,"Calendar Year (Jan - Dec), 2025","Kotturu, Town Panchayat",50.64,13.78,11.31,892.0,741.0,706.0,-13.149524155917675,Normal,3510,Low
India,Uttar Pradesh,"Calendar Year (Jan - Dec), 2025","Katra Bazar, Town Panchayat",37.79,13.32,11.23,888.0,704.0,704.0,-13.159905817071149,Normal,3511,Low
India,Karnataka,"Calendar Year (Jan - Dec), 2025","Tawargera, Town Panchayat",25.3,10.01,9.45,667.0,667.0,575.0,-13.161681954159803,Normal,3512,Low
India,Tamil Nadu,"Calendar Year (Jan - Dec), 2025","Kulasekaram, Town Panchayat",31.23,11.37,11.15,640.0,640.0,623.0,-13.163702301081969,Normal,3513,Low
India,Bihar,"Calendar Year (Jan - Dec), 2025","Nirmali, Town Panchayat",40.78,14.62,8.62,974.0,759.0,541.0,-13.164262706313764,Normal,3514,Low
India,Maharashtra,"Calendar Year (Jan - Dec), 2025","Murtijapur, Municipality",55.23,13.51,8.41,852.0,697.0,508.0,-13.168336689073044,Normal,3515,Low
India,Madhya Pradesh,"Calendar Year (Jan - Dec), 2025","Barhi, Town Panchayat",35.13,12.24,10.72,801.0,720.0,674.0,-13.173653178119991,Normal,3516,Low
India,Karnataka,"Calendar Year (Jan - Dec), 2025","Chitgoppa, Municipality",47.57,13.37,6.87,884.0,437.0,339.0,-13.17469108563779,Normal,3517,Low
India,Maharashtra,"Calendar Year (Jan - Dec), 2025","Kudal, Town Panchayat",47.7,8.78,8.78,370.0,370.0,370.0,-13.17516349637964,Normal,3518,Low
India,Uttar Pradesh,"Calendar Year (Jan - Dec), 2025",Rasulabaad (Unnao),31.66,12.25,10.37,816.0,679.0,679.0,-13.176279903914462,Normal,3519,Low
India,Tamil Nadu,"Calendar Year (Jan - Dec), 2025",Ammapettai (E),52.11,9.77,8.57,645.0,645.0,639.0,-13.185510746157945,Normal,3520,Low
India,Gujarat,"Calendar Year (Jan - Dec), 2025",Kalol (M) (Panch Mahals),47.36,10.73,10.67,500.0,500.0,492.0,-13.188132811085211,Normal,3521,Low
India,Maharashtra,"Calendar Year (Jan - Dec), 2025","Mudkhed, Municipality",47.67,10.29,10.24,679.0,442.0,335.0,-13.188416489912186,Normal,3522,Low
India,Odisha,"Calendar Year (Jan - Dec), 2025","Balugaon, Town Panchayat",21.6,9.63,9.41,640.0,578.0,560.0,-13.19468666032941,Normal,3523,Low
India,Tamil Nadu,"Calendar Year (Jan - Dec), 2025","Vaitheeswarankoil, Town Panchayat",3.92,1.73,1.38,116.0,116.0,88.0,-13.199574271281392,Normal,3524,Low
India,Karnataka,"Calendar Year (Jan - Dec), 2025","Bhatkal, Municipality",32.18,7.65,3.63,506.0,177.0,120.0,-13.217110691810376,Normal,3525,Low
India,Assam,"Calendar Year (Jan - Dec), 2025","Bihpuria, Municipality",37.75,15.08,11.15,834.0,493.0,436.0,-13.218295217870605,Normal,3526,Low
India,Uttar Pradesh,"Calendar Year (Jan - Dec), 2025","Obra, Town Panchayat",50.89,15.57,8.52,1036.0,518.0,504.0,-13.22088232975841,Normal,3527,Low
India,Rajasthan,"Calendar Year (Jan - Dec), 2025","Sumerpur, Town Panchayat",41.81,13.13,12.07,687.0,619.0,549.0,-13.234056237584639,Normal,3528,Low
India,Maharashtra,"Calendar Year (Jan - Dec), 2025","Murum, Municipality",50.18,11.2,5.35,745.0,510.0,343.0,-13.239253289985584,Normal,3529,Low
India,Bihar,"Calendar Year (Jan - Dec), 2025","Koilwar, Town Panchayat",50.64,13.9,10.47,918.0,753.0,617.0,-13.241452703463494,Normal,3530,Low
India,Uttar Pradesh,"Calendar Year (Jan - Dec), 2025","Faizganj, Town Panchayat",31.95,11.52,10.6,769.0,670.0,666.0,-13.242438293848863,Normal,3531,Low
India,Chhattisgarh,"Calendar Year (Jan - Dec), 2025","Tumgaon, Town Panchayat",15.65,7.61,8.0,507.0,505.0,475.0,-13.24248061168879,Normal,3532,Low
India,Uttar Pradesh,"Calendar Year (Jan - Dec), 2025","Raniya, Town Panchayat",25.76,10.71,9.63,714.0,632.0,613.0,-13.252975079627788,Normal,3533,Low
India,Tamil Nadu,"Calendar Year (Jan - Dec), 2025","Vilavur, Town Panchayat",20.09,8.58,8.29,587.0,587.0,556.0,-13.25660569213386,Normal,3534,Low
India,Uttar Pradesh,"Calendar Year (Jan - Dec), 2025","Garhi Pukhta, Town Panchayat",20.71,8.74,8.65,583.0,578.0,570.0,-13.271616726812681,Normal,3535,Low
India,Punjab,"Calendar Year (Jan - Dec), 2025","Anandpur Sahib, Municipality",5.46,1.49,1.22,87.0,58.0,57.0,-13.273469037856898,Normal,3536,Low
India,Uttar Pradesh,"Calendar Year (Jan - Dec), 2025","Jahanaganj, Town Panchayat",34.54,12.84,11.05,856.0,672.0,648.0,-13.279630206579384,Normal,3537,Low
India,Odisha,"Calendar Year (Jan - Dec), 2025","Barbil, Municipality",21.38,9.46,8.83,624.0,594.0,560.0,-13.2815890314331,Normal,3538,Low
India,Madhya Pradesh,"Calendar Year (Jan - Dec), 2025","Mihona, Town Panchayat",29.88,10.52,10.15,686.0,686.0,596.0,-13.281934330178899,Normal,3539,Low
India,Uttar Pradesh,"Calendar Year (Jan - Dec), 2025","Barsana, Town Panchayat",37.14,12.91,11.2,860.0,691.0,662.0,-13.284622021770474,Normal,3540,Low
India,Maharashtra,"Calendar Year (Jan - Dec), 2025","Lonand, Town Panchayat",7.29,1.53,1.02,87.0,75.0,54.0,-13.28628761084525,Normal,3541,Low
India,Uttar Pradesh,"Calendar Year (Jan - Dec), 2025","Kumarganj, Town Panchayat",37.32,13.53,11.33,902.0,667.0,659.0,-13.293658425901754,Normal,3542,Low
India,Rajasthan,"Calendar Year (Jan - Dec), 2025","Pushkar, Town Panchayat",43.72,5.88,3.16,382.0,382.0,363.0,-13.295783965764372,Normal,3543,Low
India,Uttar Pradesh,"Calendar Year (Jan - Dec), 2025","Dhanaura, Municipality",35.43,12.26,10.99,809.0,684.0,667.0,-13.297414307434508,Normal,3544,Low
India,Odisha,"Calendar Year (Jan - Dec), 2025","Junagarh, Town Panchayat",32.14,13.34,9.22,874.0,712.0,616.0,-13.305652954894072,Normal,3545,Low
India,Maharashtra,"Calendar Year (Jan - Dec), 2025","Lonavala, Municipality",52.13,8.39,7.76,409.0,391.0,375.0,-13.312809878571386,Normal,3546,Low
India,Chhattisgarh,"Calendar Year (Jan - Dec), 2025","Lawan, Town Panchayat",18.8,8.83,8.56,589.0,543.0,529.0,-13.32019230306588,Normal,3547,Low
India,Kerala,"Calendar Year (Jan - Dec), 2025","Thiruvalla, Municipality",40.33,13.88,10.4,888.0,745.0,594.0,-13.32189310710595,Normal,3548,Low
India,Tamil Nadu,"Calendar Year (Jan - Dec), 2025",Thirupuvanam (S),4.02,1.6,1.34,102.0,102.0,91.0,-13.322260283007495,Normal,3549,Low
India,Gujarat,"Calendar Year (Jan - Dec), 2025","Vallabh Vidyanagar, Municipality",53.03,8.83,6.63,496.0,276.0,276.0,-13.325538719982092,Normal,3550,Low
India,Tamil Nadu,"Calendar Year (Jan - Dec), 2025","Thirparappu, Town Panchayat",21.99,9.36,8.75,609.0,608.0,564.0,-13.32641040962801,Normal,3551,Low
India,Rajasthan,"Calendar Year (Jan - Dec), 2025","Amet, Town Panchayat",5.74,1.54,1.19,94.0,59.0,53.0,-13.326443104267469,Normal,3552,Low
India,Uttarakhand,"Calendar Year (Jan - Dec), 2025","Bhagwanpur, Town Panchayat",26.4,10.89,8.78,705.0,705.0,526.0,-13.330173189737934,Normal,3553,Low
India,Odisha,"Calendar Year (Jan - Dec), 2025","Nayagarh, Municipality",33.26,12.35,10.9,759.0,663.0,642.0,-13.33901424069802,Normal,3554,Low
India,Uttar Pradesh,"Calendar Year (Jan - Dec), 2025","Uruwa Bazar, Town Panchayat",49.42,14.54,10.14,969.0,499.0,487.0,-13.339547680839473,Normal,3555,Low
India,Tamil Nadu,"Calendar Year (Jan - Dec), 2025","Sembakkam, Municipality",39.46,4.11,4.1,192.0,192.0,192.0,-13.339861036515686,Normal,3556,Low
India,Jammu And Kashmir,"Calendar Year (Jan - Dec), 2025","Hajan, Municipality",42.52,11.16,6.22,741.0,741.0,594.0,-13.350356847523358,Normal,3557,Low
India,Maharashtra,"Calendar Year (Jan - Dec), 2025","Ardhapur, Town Panchayat",53.82,13.3,8.95,887.0,704.0,554.0,-13.354850886694862,Normal,3558,Low
India,Maharashtra,"Calendar Year (Jan - Dec), 2025","Brahmapuri, Municipality",56.43,13.4,9.05,808.0,669.0,576.0,-13.364432085425221,Normal,3559,Low
India,Karnataka,"Calendar Year (Jan - Dec), 2025","Kanakgiri, Town Panchayat",28.48,10.57,9.51,689.0,689.0,588.0,-13.365277482312308,Normal,3560,Low
India,Punjab,"Calendar Year (Jan - Dec), 2025","Sangrur, Municipality",51.19,14.52,10.7,862.0,669.0,579.0,-13.369062066946867,Normal,3561,Low
India,Chhattisgarh,"Calendar Year (Jan - Dec), 2025","Bilaigarh, Town Panchayat",16.61,8.43,6.47,561.0,556.0,514.0,-13.373160337015463,Normal,3562,Low
India,Karnataka,"Calendar Year (Jan - Dec), 2025","Nidagundi, Town Panchayat",27.27,10.98,6.19,729.0,710.0,578.0,-13.374767431549287,Normal,3563,Low
India,Odisha,"Calendar Year (Jan - Dec), 2025","Surada, Town Panchayat",21.14,9.61,8.45,639.0,584.0,570.0,-13.377984921917289,Normal,3564,Low
India,Maharashtra,"Calendar Year (Jan - Dec), 2025","Dindori, Town Panchayat",49.58,9.79,8.99,433.0,387.0,385.0,-13.37826111346817,Normal,3565,Low
India,Jammu And Kashmir,"Calendar Year (Jan - Dec), 2025","Duru Verinag, Municipality",44.41,11.64,7.18,767.0,767.0,605.0,-13.378631449451916,Normal,3566,Low
India,Chhattisgarh,"Calendar Year (Jan - Dec), 2025","Antagarh, Town Panchayat",16.9,8.0,8.29,532.0,532.0,455.0,-13.378727596664987,Normal,3567,Low
India,Uttar Pradesh,"Calendar Year (Jan - Dec), 2025","Kusmara, Town Panchayat",27.93,11.0,10.04,733.0,627.0,626.0,-13.383314692916372,Normal,3568,Low
India,Tamil Nadu,"Calendar Year (Jan - Dec), 2025","Uthayendram, Town Panchayat",17.99,8.63,7.28,575.0,575.0,516.0,-13.387374863147102,Normal,3569,Low
India,Tamil Nadu,"Calendar Year (Jan - Dec), 2025","Puthalam, Town Panchayat",17.61,8.11,7.99,536.0,536.0,517.0,-13.389376947905646,Normal,3570,Low
India,Madhya Pradesh,"Calendar Year (Jan - Dec), 2025","Kothi, Town Panchayat",26.6,9.6,9.45,638.0,632.0,617.0,-13.389785672808557,Normal,3571,Low
India,Punjab,"Calendar Year (Jan - Dec), 2025","Bhai Rupa, Town Panchayat",39.25,11.74,4.09,783.0,424.0,316.0,-13.391283062829928,Normal,3572,Low
India,Punjab,"Calendar Year (Jan - Dec), 2025","Budhlada, Municipality",43.34,14.63,11.02,949.0,648.0,559.0,-13.391553529021905,Normal,3573,Low
India,Karnataka,"Calendar Year (Jan - Dec), 2025","Naganur, Municipality",24.48,9.9,7.42,660.0,659.0,624.0,-13.39689548809065,Normal,3574,Low
India,Maharashtra,"Calendar Year (Jan - Dec), 2025","Tumsar, Municipality",56.61,13.42,9.65,803.0,645.0,617.0,-13.396936799640457,Normal,3575,Low
India,Tamil Nadu,"Calendar Year (Jan - Dec), 2025","Nerunjipettai, Town Panchayat",3.91,1.6,1.57,107.0,107.0,103.0,-13.402997424387422,Normal,3576,Low
India,Bihar,"Calendar Year (Jan - Dec), 2025","Barsoi, Town Panchayat",43.09,10.11,10.81,674.0,635.0,472.0,-13.406726379595966,Normal,3577,Low
India,Uttar Pradesh,"Calendar Year (Jan - Dec), 2025","Maswasi, Town Panchayat",33.56,11.89,10.66,793.0,665.0,651.0,-13.407947092949655,Normal,3578,Low
India,Telangana,"Calendar Year (Jan - Dec), 2025","Bandlaguda Jagir, Municipal Corporation",19.42,3.65,1.58,201.0,63.0,63.0,-13.409084033909267,Normal,3579,Low
India,Maharashtra,"Calendar Year (Jan - Dec), 2025","Wai, Municipality",55.9,10.27,8.0,546.0,387.0,373.0,-13.409396692481607,Normal,3580,Low
India,Rajasthan,"Calendar Year (Jan - Dec), 2025","Shahpura, Town Panchayat",35.12,13.09,11.13,683.0,639.0,510.0,-13.413998390687595,Normal,3581,Low
India,Madhya Pradesh,"Calendar Year (Jan - Dec), 2025","Damua, Municipality",25.1,9.67,9.27,645.0,628.0,589.0,-13.416808615486104,Normal,3582,Low
India,Uttar Pradesh,"Calendar Year (Jan - Dec), 2025","Amanpur, Town Panchayat",25.95,10.82,9.77,720.0,605.0,605.0,-13.417852446616223,Normal,3583,Low
India,Madhya Pradesh,"Calendar Year (Jan - Dec), 2025","Bhanpura, Town Panchayat",39.32,11.81,10.6,769.0,724.0,602.0,-13.418348101242145,Normal,3584,Low
India,Punjab,"Calendar Year (Jan - Dec), 2025","Sirhind Fatehgarh Sahib, Municipality",41.73,13.71,9.43,866.0,759.0,569.0,-13.422742947406618,Normal,3585,Low
India,Himachal Pradesh,"Calendar Year (Jan - Dec), 2025","Una, Municipality",28.2,12.52,9.11,760.0,643.0,642.0,-13.422933519711876,Normal,3586,Low
India,Telangana,"Calendar Year (Jan - Dec), 2025","Meerpet, Municipal Corporation",23.72,4.34,1.88,239.0,75.0,75.0,-13.42396512150981,Normal,3587,Low
India,Tamil Nadu,"Calendar Year (Jan - Dec), 2025","Kodaikanal, Municipality",17.77,8.4,7.83,558.0,556.0,496.0,-13.428461308437988,Normal,3588,Low
India,Uttar Pradesh,"Calendar Year (Jan - Dec), 2025","Sankisa Basantpur, Town Panchayat",32.62,8.79,3.72,586.0,162.0,158.0,-13.435371471171322,Normal,3589,Low
India,Kerala,"Calendar Year (Jan - Dec), 2025","Kottarakkara, Municipality",35.19,12.41,9.57,799.0,742.0,535.0,-13.4425234995212,Normal,3590,Low
India,Uttarakhand,"Calendar Year (Jan - Dec), 2025","Berinag, Municipality",7.13,2.36,1.4,145.0,132.0,44.0,-13.442773007516962,Normal,3591,Low
India,Arunachal Pradesh,"Calendar Year (Jan - Dec), 2025","Roing, Town Panchayat",5.46,1.57,0.96,91.0,77.0,64.0,-13.44511150130171,Normal,3592,Low
India,Chhattisgarh,"Calendar Year (Jan - Dec), 2025","Farasgaon, Town Panchayat",19.05,8.82,7.7,585.0,580.0,526.0,-13.445584564410467,Normal,3593,Low
India,Maharashtra,"Calendar Year (Jan - Dec), 2025","Shahade, Municipality",55.78,12.19,9.49,700.0,573.0,508.0,-13.448271575677609,Normal,3594,Low
India,Karnataka,"Calendar Year (Jan - Dec), 2025","Pavagada, Municipality",36.74,11.56,5.76,749.0,694.0,635.0,-13.45399729473911,Normal,3595,Low
India,Chhattisgarh,"Calendar Year (Jan - Dec), 2025","Chandrapur, Town Panchayat",24.09,9.86,8.26,629.0,629.0,615.0,-13.46093674868905,Normal,3596,Low
India,Rajasthan,"Calendar Year (Jan - Dec), 2025","Bhinmal, Town Panchayat",31.18,9.94,8.23,643.0,624.0,294.0,-13.468343728110597,Normal,3597,Low
India,Tamil Nadu,"Calendar Year (Jan - Dec), 2025","Peravurani, Town Panchayat",13.96,5.64,9.45,365.0,365.0,332.0,-13.468881877313208,Normal,3598,Low
India,Maharashtra,"Calendar Year (Jan - Dec), 2025","Butibori, Town Panchayat",42.13,9.14,5.03,591.0,298.0,191.0,-13.469861042852926,Normal,3599,Low
India,Karnataka,"Calendar Year (Jan - Dec), 2025","Kunigal, Municipality",44.44,12.93,9.44,836.0,742.0,697.0,-13.47051107160928,Normal,3600,Low
India,Uttar Pradesh,"Calendar Year (Jan - Dec), 2025","Sardhana, Municipality",24.14,9.94,9.59,643.0,599.0,560.0,-13.473173422258753,Normal,3601,Low
India,Karnataka,"Calendar Year (Jan - Dec), 2025","Harugeri, Town Panchayat",27.6,10.46,8.91,692.0,677.0,603.0,-13.474454722507403,Normal,3602,Low
India,Uttarakhand,"Calendar Year (Jan - Dec), 2025","Srinagar, Municipal Corporation",7.25,1.4,1.38,67.0,67.0,65.0,-13.478121359338616,Normal,3603,Low
India,Maharashtra,"Calendar Year (Jan - Dec), 2025","Malkapur-Buldhana, Municipality",48.19,11.39,10.48,701.0,533.0,414.0,-13.486668779985052,Normal,3604,Low
India,Tamil Nadu,"Calendar Year (Jan - Dec), 2025","Madathukulam, Town Panchayat",34.58,10.37,10.31,661.0,659.0,635.0,-13.489848193436558,Normal,3605,Low
India,Mizoram,"Calendar Year (Jan - Dec), 2025","Khawhai, Town Panchayat",7.26,5.04,4.66,335.0,335.0,259.0,-13.490919760662905,Normal,3606,Low
India,Tamil Nadu,"Calendar Year (Jan - Dec), 2025","Alangulam, Town Panchayat",29.99,10.84,10.34,630.0,630.0,604.0,-13.4933563891056,Normal,3607,Low
India,Gujarat,"Calendar Year (Jan - Dec), 2025","Khambhat, Municipality",47.65,13.5,10.92,793.0,663.0,595.0,-13.502647678565836,Normal,3608,Low
India,Karnataka,"Calendar Year (Jan - Dec), 2025","Khanapur, Town Panchayat",49.56,13.1,10.91,848.0,577.0,508.0,-13.512873836563529,Normal,3609,Low
India,Bihar,"Calendar Year (Jan - Dec), 2025","Narkatiaganj, Municipality",45.73,11.59,9.71,768.0,710.0,511.0,-13.513065064263401,Normal,3610,Low
India,Uttarakhand,"Calendar Year (Jan - Dec), 2025","Ramnagar, Municipality",45.8,9.47,7.75,601.0,596.0,342.0,-13.529738797236632,Normal,3611,Low
India,Bihar,"Calendar Year (Jan - Dec), 2025","Barbigha, Municipality",49.88,12.88,8.65,858.0,476.0,393.0,-13.530612014269764,Normal,3612,Low
India,Punjab,"Calendar Year (Jan - Dec), 2025","Nabha, Municipality",40.68,11.99,8.94,766.0,489.0,314.0,-13.534302441551972,Normal,3613,Low
India,Tamil Nadu,"Calendar Year (Jan - Dec), 2025","Vadavalli, Municipal Corporation",40.62,4.77,4.77,208.0,208.0,208.0,-13.535724085607,Normal,3614,Low
India,Karnataka,"Calendar Year (Jan - Dec), 2025","Bannur, Municipality",33.13,11.33,7.52,751.0,740.0,628.0,-13.54291682130281,Normal,3615,Low
India,Himachal Pradesh,"Calendar Year (Jan - Dec), 2025","Shahpur, Town Panchayat",7.0,1.91,1.14,118.0,99.0,46.0,-13.54320444746071,Normal,3616,Low
India,Uttar Pradesh,"Calendar Year (Jan - Dec), 2025","Gokul, Town Panchayat",23.49,9.13,8.97,609.0,592.0,582.0,-13.54370200172633,Normal,3617,Low
India,Uttar Pradesh,"Calendar Year (Jan - Dec), 2025","Jewar, Town Panchayat",52.16,13.09,10.53,824.0,631.0,608.0,-13.548519348386094,Normal,3618,Low
India,Karnataka,"Calendar Year (Jan - Dec), 2025","Kumta, Municipality",47.1,11.86,5.83,784.0,434.0,318.0,-13.558398088675403,Normal,3619,Low
India,Maharashtra,"Calendar Year (Jan - Dec), 2025","Madha, Town Panchayat",41.89,10.17,4.9,670.0,546.0,301.0,-13.561761946915055,Normal,3620,Low
India,Maharashtra,"Calendar Year (Jan - Dec), 2025","Chamorshi, Town Panchayat",42.68,10.35,3.58,686.0,345.0,312.0,-13.56380166853262,Normal,3621,Low
India,Maharashtra,"Calendar Year (Jan - Dec), 2025","Sindkhed Raja, Municipality",24.02,5.41,10.93,343.0,303.0,288.0,-13.567322777360232,Normal,3622,Low
India,Tamil Nadu,"Calendar Year (Jan - Dec), 2025","Bhavanisagar, Town Panchayat",4.2,1.51,1.44,94.0,94.0,92.0,-13.567648195686047,Normal,3623,Low
India,Jammu And Kashmir,"Calendar Year (Jan - Dec), 2025","Sunderbani, Municipality",4.64,1.52,1.17,99.0,99.0,81.0,-13.569971197766904,Normal,3624,Low
India,Uttar Pradesh,"Calendar Year (Jan - Dec), 2025","Bhatpar Rani, Town Panchayat",30.36,11.39,10.17,758.0,634.0,615.0,-13.576641721985368,Normal,3625,Low
India,Madhya Pradesh,"Calendar Year (Jan - Dec), 2025","Garoth, Town Panchayat",36.17,11.43,10.51,724.0,674.0,620.0,-13.57753476715817,Normal,3626,Low
India,Assam,"Calendar Year (Jan - Dec), 2025","North Guwahati, Town Panchayat",22.23,9.89,7.93,647.0,647.0,411.0,-13.579205808818642,Normal,3627,Low
India,Madhya Pradesh,"Calendar Year (Jan - Dec), 2025","Timarni, Town Panchayat",32.49,11.09,10.42,706.0,642.0,624.0,-13.587830356890834,Normal,3628,Low
India,Tamil Nadu,"Calendar Year (Jan - Dec), 2025","Melacheval, Town Panchayat",15.97,7.74,7.55,516.0,516.0,458.0,-13.589978711550941,Normal,3629,Low
India,Uttar Pradesh,"Calendar Year (Jan - Dec), 2025","Mehnagar, Town Panchayat",33.67,12.54,10.21,833.0,646.0,645.0,-13.593954784762104,Normal,3630,Low
India,Maharashtra,"Calendar Year (Jan - Dec), 2025","Deulgaon Raja, Municipality",50.88,11.02,6.78,668.0,408.0,306.0,-13.594002779399489,Normal,3631,Low
India,Assam,"Calendar Year (Jan - Dec), 2025","Pathsala, Town Panchayat",16.81,8.88,6.47,589.0,567.0,310.0,-13.594350685500842,Normal,3632,Low
India,Uttar Pradesh,"Calendar Year (Jan - Dec), 2025",Unnao - Shuklaganj Development Authority,43.7,10.8,7.85,720.0,720.0,,-13.59484094759415,Normal,3633,Low
India,Tamil Nadu,"Calendar Year (Jan - Dec), 2025","Thengampudur, Town Panchayat",19.12,8.41,8.29,542.0,542.0,525.0,-13.604072760742497,Normal,3634,Low
India,Maharashtra,"Calendar Year (Jan - Dec), 2025","Deolali Pravara, Municipality",54.8,11.47,8.32,753.0,587.0,473.0,-13.610065263643946,Normal,3635,Low
India,Assam,"Calendar Year (Jan - Dec), 2025","Digboi, Town Panchayat",25.9,11.58,9.8,710.0,587.0,556.0,-13.613125191945073,Normal,3636,Low
India,Madhya Pradesh,"Calendar Year (Jan - Dec), 2025","Unhel, Town Panchayat",28.98,10.25,9.54,675.0,632.0,629.0,-13.615683575261528,Normal,3637,Low
India,Maharashtra,"Calendar Year (Jan - Dec), 2025","Mangaon, Town Panchayat",42.69,8.39,9.02,359.0,359.0,350.0,-13.622713921419233,Normal,3638,Low
India,Meghalaya,"Calendar Year (Jan - Dec), 2025","Tura, Municipality",22.92,9.77,7.6,643.0,578.0,280.0,-13.62453026477084,Normal,3639,Low
India,Chhattisgarh,"Calendar Year (Jan - Dec), 2025","Sakari, Town Panchayat",39.96,8.73,10.27,407.0,407.0,406.0,-13.63127714447188,Normal,3640,Low
India,Uttar Pradesh,"Calendar Year (Jan - Dec), 2025","Pisawa, Town Panchayat",38.66,10.41,4.24,694.0,237.0,231.0,-13.634110263019522,Normal,3641,Low
India,Uttar Pradesh,"Calendar Year (Jan - Dec), 2025",Hapur-Pilakhuwa Development,36.07,10.08,9.04,672.0,672.0,672.0,-13.634932674775882,Normal,3642,Low
India,Chhattisgarh,"Calendar Year (Jan - Dec), 2025","Arjunda, Town Panchayat",17.77,8.23,7.71,544.0,525.0,521.0,-13.641473181139588,Normal,3643,Low
India,Maharashtra,"Calendar Year (Jan - Dec), 2025","Salekasa, Town Panchayat",43.03,9.72,5.0,648.0,478.0,265.0,-13.64322919362553,Normal,3644,Low
India,Bihar,"Calendar Year (Jan - Dec), 2025","Mairwa, Town Panchayat",43.17,11.82,9.28,777.0,622.0,402.0,-13.645889070128533,Normal,3645,Low
India,Odisha,"Calendar Year (Jan - Dec), 2025",Raurkela (Its),12.45,1.62,1.62,72.0,72.0,72.0,-13.645949968060052,Normal,3646,Low
India,Madhya Pradesh,"Calendar Year (Jan - Dec), 2025","Nowrozabad, Town Panchayat",30.64,11.53,8.67,767.0,702.0,581.0,-13.651563586846066,Normal,3647,Low
India,Maharashtra,"Calendar Year (Jan - Dec), 2025","Kanhan, Municipality",10.7,2.56,1.25,168.0,71.0,43.0,-13.657419613445882,Normal,3648,Low
India,Gujarat,"Calendar Year (Jan - Dec), 2025","Dhandhuka, Municipality",40.8,12.25,10.79,719.0,648.0,614.0,-13.664625214366993,Normal,3649,Low
India,Tamil Nadu,"Calendar Year (Jan - Dec), 2025","Thiruthuraipoondi, Municipality",16.16,5.55,9.98,356.0,356.0,333.0,-13.669184381293576,Normal,3650,Low
India,Uttar Pradesh,"Calendar Year (Jan - Dec), 2025","Awagarh, Town Panchayat",20.71,8.76,8.53,584.0,556.0,540.0,-13.673541523185918,Normal,3651,Low
India,Uttar Pradesh,"Calendar Year (Jan - Dec), 2025","Seohara, Municipality",39.9,13.95,10.58,931.0,612.0,575.0,-13.678432179656454,Normal,3652,Low
India,Karnataka,"Calendar Year (Jan - Dec), 2025","Navalgund, Municipality",51.81,14.38,8.61,926.0,610.0,580.0,-13.68251037577187,Normal,3653,Low
India,Manipur,"Calendar Year (Jan - Dec), 2025","Kakching, Municipality",30.76,13.73,9.49,811.0,618.0,525.0,-13.685278491598922,Normal,3654,Low
India,Bihar,"Calendar Year (Jan - Dec), 2025","Silao, Town Panchayat",49.06,12.22,9.24,810.0,613.0,457.0,-13.685793843621639,Normal,3655,Low
India,Rajasthan,"Calendar Year (Jan - Dec), 2025","Sangaria, Town Panchayat",38.31,12.87,9.94,794.0,678.0,661.0,-13.693552950529067,Normal,3656,Low
India,Tamil Nadu,"Calendar Year (Jan - Dec), 2025","Chengam, Town Panchayat",24.79,9.98,8.9,640.0,640.0,503.0,-13.697701544416532,Normal,3657,Low
India,Kerala,"Calendar Year (Jan - Dec), 2025","Ettumanoor, Municipality",34.8,11.48,9.56,705.0,696.0,603.0,-13.698964796791131,Normal,3658,Low
India,Uttarakhand,"Calendar Year (Jan - Dec), 2025","Kichha, Municipality",43.93,13.22,10.04,742.0,664.0,533.0,-13.713160953690533,Normal,3659,Low
India,Uttar Pradesh,"Calendar Year (Jan - Dec), 2025","Islamnagar, Town Panchayat",47.73,14.08,8.78,939.0,484.0,466.0,-13.713606648659493,Normal,3660,Low
India,Punjab,"Calendar Year (Jan - Dec), 2025","Talwandi Sabo, Town Panchayat",40.65,13.95,7.19,936.0,658.0,578.0,-13.713683159383152,Normal,3661,Low
India,Tamil Nadu,"Calendar Year (Jan - Dec), 2025","Manimutharu, Town Panchayat",15.57,7.67,7.27,509.0,507.0,452.0,-13.713852613222741,Normal,3662,Low
India,Tamil Nadu,"Calendar Year (Jan - Dec), 2025","Mannargudi, Municipality",36.64,10.12,10.1,640.0,640.0,606.0,-13.714244923310844,Normal,3663,Low
India,Karnataka,"Calendar Year (Jan - Dec), 2025","Sorab, Town Panchayat",46.36,8.68,5.03,563.0,563.0,373.0,-13.716351592708293,Normal,3664,Low
India,Tamil Nadu,"Calendar Year (Jan - Dec), 2025","Sirkali, Municipality",11.72,4.57,8.66,305.0,305.0,271.0,-13.719312963900052,Normal,3665,Low
India,Uttar Pradesh,"Calendar Year (Jan - Dec), 2025","Iglas, Town Panchayat",19.02,8.86,8.3,583.0,526.0,517.0,-13.719468416607867,Normal,3666,Low
India,Uttar Pradesh,"Calendar Year (Jan - Dec), 2025","Khargupur, Town Panchayat",22.84,9.16,8.81,611.0,570.0,570.0,-13.722257764342828,Normal,3667,Low
India,Kerala,"Calendar Year (Jan - Dec), 2025","Taliparamba, Municipality",30.68,10.76,9.98,637.0,632.0,588.0,-13.72403449876856,Normal,3668,Low
India,Telangana,"Calendar Year (Jan - Dec), 2025","Manikonda, Municipality",22.48,2.64,1.89,129.0,79.0,79.0,-13.72464600835309,Normal,3669,Low
India,Bihar,"Calendar Year (Jan - Dec), 2025","Jamalpur, Municipality",46.57,11.71,9.6,743.0,678.0,554.0,-13.727879134042439,Normal,3670,Low
India,Uttar Pradesh,"Calendar Year (Jan - Dec), 2025","Mahaban, Town Panchayat",27.13,10.08,9.41,666.0,618.0,584.0,-13.731509824046555,Normal,3671,Low
India,Tamil Nadu,"Calendar Year (Jan - Dec), 2025","Veerakkalpudur, Town Panchayat",4.06,1.67,1.38,105.0,102.0,99.0,-13.732366179168707,Normal,3672,Low
India,Madhya Pradesh,"Calendar Year (Jan - Dec), 2025","Harpalpur, Town Panchayat",28.19,9.73,9.84,649.0,607.0,582.0,-13.732953470642087,Normal,3673,Low
India,Madhya Pradesh,"Calendar Year (Jan - Dec), 2025","Vijayraghavgarh, Town Panchayat",25.13,9.36,8.84,619.0,606.0,584.0,-13.740379913224785,Normal,3674,Low
India,Rajasthan,"Calendar Year (Jan - Dec), 2025","Ramganj Mandi, Town Panchayat",45.82,13.12,10.24,826.0,659.0,634.0,-13.74091882742249,Normal,3675,Low
India,Maharashtra,"Calendar Year (Jan - Dec), 2025","Dondaicha-Warwade, Municipality",50.5,11.12,10.15,653.0,514.0,499.0,-13.745276521568996,Normal,3676,Low
India,Karnataka,"Calendar Year (Jan - Dec), 2025","Kurugodu, Town Panchayat",29.96,10.71,9.73,698.0,642.0,585.0,-13.745793030584593,Normal,3677,Low
India,Bihar,"Calendar Year (Jan - Dec), 2025","Tikari, Municipality",45.16,11.35,7.29,741.0,494.0,315.0,-13.75493227652396,Normal,3678,Low
India,Haryana,"Calendar Year (Jan - Dec), 2025","Maham, Municipality",31.98,13.15,8.22,869.0,616.0,429.0,-13.756114161401058,Normal,3679,Low
India,Uttar Pradesh,"Calendar Year (Jan - Dec), 2025","Madhogarh, Town Panchayat",31.84,11.76,10.19,784.0,613.0,612.0,-13.7676299610132,Normal,3680,Low
India,Uttar Pradesh,"Calendar Year (Jan - Dec), 2025","Barhni Bazar, Town Panchayat",32.62,11.56,9.85,771.0,648.0,612.0,-13.769087989740683,Normal,3681,Low
India,Assam,"Calendar Year (Jan - Dec), 2025","Narayanpur, Town Panchayat",22.06,8.6,8.46,573.0,573.0,551.0,-13.771662366873386,Normal,3682,Low
India,Tamil Nadu,"Calendar Year (Jan - Dec), 2025","Devakottai, Municipality",20.91,8.49,8.43,552.0,552.0,542.0,-13.779943369233365,Normal,3683,Low
India,Rajasthan,"Calendar Year (Jan - Dec), 2025","Chhabra, Town Panchayat",39.25,12.11,10.01,781.0,683.0,602.0,-13.780300243100612,Normal,3684,Low
India,Tamil Nadu,"Calendar Year (Jan - Dec), 2025","Shenkottai, Municipality",18.61,8.12,8.1,525.0,525.0,512.0,-13.780364186703423,Normal,3685,Low
India,Chhattisgarh,"Calendar Year (Jan - Dec), 2025",Kusmi,18.43,8.71,7.41,578.0,578.0,438.0,-13.78084570541347,Normal,3686,Low
India,Gujarat,"Calendar Year (Jan - Dec), 2025",Mandvi (Kachchh),41.44,11.36,10.92,567.0,518.0,517.0,-13.78152570045961,Normal,3687,Low
India,Uttar Pradesh,"Calendar Year (Jan - Dec), 2025","Dewa, Town Panchayat",20.77,8.55,8.4,562.0,548.0,545.0,-13.781850175578086,Normal,3688,Low
India,Uttar Pradesh,"Calendar Year (Jan - Dec), 2025",Kursath (Hardoi),18.88,8.29,8.04,552.0,525.0,525.0,-13.789840010757985,Normal,3689,Low
India,Punjab,"Calendar Year (Jan - Dec), 2025","Badhni Kalan, Town Panchayat",4.23,1.64,1.2,109.0,90.0,89.0,-13.795590608060593,Normal,3690,Low
India,Uttar Pradesh,"Calendar Year (Jan - Dec), 2025","Belthara Road, Town Panchayat",32.38,11.82,9.88,788.0,634.0,605.0,-13.81005314162661,Normal,3691,Low
India,Gujarat,"Calendar Year (Jan - Dec), 2025","Bagasara, Municipality",44.72,13.03,9.83,825.0,665.0,637.0,-13.813999564267306,Normal,3692,Low
India,Odisha,"Calendar Year (Jan - Dec), 2025","Brajarajnagar, Municipality",23.19,10.01,8.29,666.0,587.0,566.0,-13.814292663970605,Normal,3693,Low
India,Madhya Pradesh,"Calendar Year (Jan - Dec), 2025","Vijaypur, Town Panchayat",28.85,10.88,8.79,724.0,671.0,477.0,-13.833323456957373,Normal,3694,Low
India,Telangana,"Calendar Year (Jan - Dec), 2025","Husnabad, Municipality",38.76,9.07,6.91,588.0,588.0,292.0,-13.836322777667078,Normal,3695,Low
India,Uttar Pradesh,"Calendar Year (Jan - Dec), 2025","Adari, Town Panchayat",29.18,11.1,9.9,740.0,594.0,593.0,-13.839597993868495,Normal,3696,Low
India,Punjab,"Calendar Year (Jan - Dec), 2025","Sunam Udham Singh Wala,",44.0,13.97,9.22,885.0,662.0,621.0,-13.842382430219288,Normal,3697,Low
India,Maharashtra,"Calendar Year (Jan - Dec), 2025","Rahuri, Municipality",47.79,10.54,9.09,602.0,524.0,395.0,-13.848209814707957,Normal,3698,Low
India,Uttar Pradesh,"Calendar Year (Jan - Dec), 2025","Rataul, Town Panchayat",30.75,11.4,9.62,760.0,638.0,569.0,-13.856110706629181,Normal,3699,Low
India,Chhattisgarh,"Calendar Year (Jan - Dec), 2025","Shivrinarayan, Town Panchayat",19.82,8.36,9.08,529.0,508.0,490.0,-13.857413914670417,Normal,3700,Low
India,Tamil Nadu,"Calendar Year (Jan - Dec), 2025","Kalakadu, Municipality",14.7,7.19,7.05,482.0,482.0,436.0,-13.87502498296692,Normal,3701,Low
India,Tamil Nadu,"Calendar Year (Jan - Dec), 2025","Chitlapakkam, Town Panchayat",40.05,4.4,4.39,219.0,219.0,219.0,-13.875713327177266,Normal,3702,Low
India,Uttar Pradesh,"Calendar Year (Jan - Dec), 2025","Fatehganj Pashchimi, Town Panchayat",39.16,13.18,10.45,875.0,598.0,591.0,-13.891644023243146,Normal,3703,Low
India,Uttar Pradesh,"Calendar Year (Jan - Dec), 2025","Tamkuhi Raj, Town Panchayat",44.44,14.05,8.69,937.0,593.0,518.0,-13.896590569373643,Normal,3704,Low
India,Uttar Pradesh,"Calendar Year (Jan - Dec), 2025","Mohammadabad Gohna, Town Panchayat",26.41,10.27,9.36,683.0,586.0,574.0,-13.897174119869419,Normal,3705,Low
India,Madhya Pradesh,"Calendar Year (Jan - Dec), 2025","Amla, Municipality",32.4,10.54,9.83,672.0,621.0,606.0,-13.906307164770965,Normal,3706,Low
India,Karnataka,"Calendar Year (Jan - Dec), 2025","Molakalmuru, Town Panchayat",50.88,12.88,8.48,838.0,614.0,565.0,-13.908503582031528,Normal,3707,Low
India,Chhattisgarh,"Calendar Year (Jan - Dec), 2025","Ramanujganj, Town Panchayat",17.56,7.86,7.53,514.0,514.0,500.0,-13.917123120379244,Normal,3708,Low
India,Gujarat,"Calendar Year (Jan - Dec), 2025","Babra, Municipality",40.34,11.5,10.48,522.0,482.0,467.0,-13.918085905514545,Normal,3709,Low
India,Tamil Nadu,"Calendar Year (Jan - Dec), 2025","Thirunageswaram, Town Panchayat",4.25,1.64,1.38,106.0,106.0,101.0,-13.923788986092518,Normal,3710,Low
India,Karnataka,"Calendar Year (Jan - Dec), 2025","Puttur, Municipality",37.48,11.07,9.58,655.0,655.0,588.0,-13.926628146375265,Normal,3711,Low
India,Himachal Pradesh,"Calendar Year (Jan - Dec), 2025","Nirmand, Town Panchayat",6.12,1.48,1.15,98.0,96.0,64.0,-13.932912111744542,Normal,3712,Low
India,Tamil Nadu,"Calendar Year (Jan - Dec), 2025","Kunnathur, Town Panchayat",4.29,1.61,1.53,95.0,94.0,83.0,-13.942286903633374,Normal,3713,Low
India,Uttar Pradesh,"Calendar Year (Jan - Dec), 2025","Patti, Town Panchayat",21.4,8.87,8.45,590.0,543.0,543.0,-13.943467202565557,Normal,3714,Low
India,Haryana,"Calendar Year (Jan - Dec), 2025","Ganaur, Municipality",35.96,12.54,6.89,783.0,500.0,310.0,-13.957276184358193,Normal,3715,Low
India,Madhya Pradesh,"Calendar Year (Jan - Dec), 2025","Singoli, Town Panchayat",27.5,9.67,9.1,642.0,632.0,421.0,-13.957397195657279,Normal,3716,Low
India,Gujarat,"Calendar Year (Jan - Dec), 2025","Visavadar, Municipality",49.67,13.31,9.04,788.0,559.0,500.0,-13.959976864219755,Normal,3717,Low
India,Madhya Pradesh,"Calendar Year (Jan - Dec), 2025","Orchha, Town Panchayat",25.61,9.03,8.76,602.0,598.0,560.0,-13.965528455719209,Normal,3718,Low
India,Madhya Pradesh,"Calendar Year (Jan - Dec), 2025","Beraidh, Town Panchayat",27.31,9.59,9.17,608.0,608.0,557.0,-13.96779187008724,Normal,3719,Low
India,Nagaland,"Calendar Year (Jan - Dec), 2025","Aboi, Town Panchayat",23.18,8.51,8.41,567.0,567.0,559.0,-13.970190858341255,Normal,3720,Low
India,Himachal Pradesh,"Calendar Year (Jan - Dec), 2025","Suni, Town Panchayat",6.26,1.57,1.15,87.0,73.0,59.0,-13.975021944415005,Normal,3721,Low
India,Jammu And Kashmir,"Calendar Year (Jan - Dec), 2025","Reasi, Municipality",31.35,10.17,7.31,672.0,672.0,366.0,-13.979105233769474,Normal,3722,Low
India,Karnataka,"Calendar Year (Jan - Dec), 2025","Mariyammanahalli, Town Panchayat",24.42,9.44,7.5,619.0,619.0,574.0,-13.980336940732627,Normal,3723,Low
India,Uttar Pradesh,"Calendar Year (Jan - Dec), 2025","Kanchausi, Town Panchayat",30.05,11.23,9.75,749.0,590.0,586.0,-13.99160805306974,Normal,3724,Low
India,Tamil Nadu,"Calendar Year (Jan - Dec), 2025","Parangipettai, Town Panchayat",39.09,9.57,8.57,634.0,634.0,615.0,-14.00482282847787,Normal,3725,Low
India,Tamil Nadu,"Calendar Year (Jan - Dec), 2025","Pennagaram, Town Panchayat",40.89,9.69,8.62,636.0,636.0,595.0,-14.007881114462634,Normal,3726,Low
India,Karnataka,"Calendar Year (Jan - Dec), 2025","Bommasandra, Town Panchayat",31.84,3.21,3.36,160.0,160.0,145.0,-14.018121380927312,Normal,3727,Low
India,Punjab,"Calendar Year (Jan - Dec), 2025","Kapurthala, Municipal Corporation",49.65,10.95,8.36,589.0,369.0,365.0,-14.020938360195203,Normal,3728,Low
India,Gujarat,"Calendar Year (Jan - Dec), 2025","Gadhada, Municipality",41.79,12.9,9.27,839.0,647.0,613.0,-14.022235579517826,Normal,3729,Low
India,Tamil Nadu,"Calendar Year (Jan - Dec), 2025","Kollancode, Municipality",19.83,8.4,7.65,543.0,543.0,528.0,-14.026517350121878,Normal,3730,Low
India,Maharashtra,"Calendar Year (Jan - Dec), 2025","Jawhar, Municipality",8.39,1.6,1.84,70.0,61.0,61.0,-14.02914151250593,Normal,3731,Low
India,Rajasthan,"Calendar Year (Jan - Dec), 2025","Ratangarh, Town Panchayat",6.78,1.67,1.06,107.0,74.0,54.0,-14.031647179804736,Normal,3732,Low
India,Karnataka,"Calendar Year (Jan - Dec), 2025","Ankola, Town Panchayat",29.57,10.6,5.98,686.0,685.0,483.0,-14.03986817842167,Normal,3733,Low
India,Maharashtra,"Calendar Year (Jan - Dec), 2025","Parola, Municipality",47.68,11.29,9.43,624.0,532.0,474.0,-14.043517714289749,Normal,3734,Low
India,Rajasthan,"Calendar Year (Jan - Dec), 2025","Nokha, Town Panchayat",40.0,12.34,9.11,739.0,667.0,537.0,-14.045266746845243,Normal,3735,Low
India,Punjab,"Calendar Year (Jan - Dec), 2025","Cantonment Board, Amritsar",6.55,1.51,1.51,68.0,68.0,68.0,-14.06511813348527,Normal,3736,Low
India,Tamil Nadu,"Calendar Year (Jan - Dec), 2025","Verkilambi, Town Panchayat",20.94,8.59,8.04,567.0,562.0,502.0,-14.07280497289139,Normal,3737,Low
India,Nagaland,"Calendar Year (Jan - Dec), 2025","Tuli, Town Panchayat",22.17,8.41,8.05,561.0,561.0,544.0,-14.075116340544582,Normal,3738,Low
India,Karnataka,"Calendar Year (Jan - Dec), 2025","Karatgi, Town Panchayat",29.58,8.85,10.15,540.0,539.0,521.0,-14.077399300015372,Normal,3739,Low
India,Karnataka,"Calendar Year (Jan - Dec), 2025","Hagaribommanahalli, Town Panchayat",38.65,10.96,7.39,658.0,658.0,633.0,-14.080038631319326,Normal,3740,Low
India,Maharashtra,"Calendar Year (Jan - Dec), 2025","Sengaon, Town Panchayat",47.99,11.17,7.49,729.0,551.0,400.0,-14.080473519554289,Normal,3741,Low
India,Himachal Pradesh,"Calendar Year (Jan - Dec), 2025","Baijnath-Paprola, Town Panchayat",41.03,10.83,9.06,699.0,657.0,539.0,-14.08248289717477,Normal,3742,Low
India,Uttarakhand,"Calendar Year (Jan - Dec), 2025","Pithoragarh, Municipal Corporation",45.59,12.43,8.86,652.0,546.0,426.0,-14.083728330159545,Normal,3743,Low
India,Tamil Nadu,"Calendar Year (Jan - Dec), 2025","Arumbavur, Town Panchayat",15.63,7.45,6.9,496.0,496.0,447.0,-14.083999771306992,Normal,3744,Low
India,Kerala,"Calendar Year (Jan - Dec), 2025","Ramanattukara, Municipality",29.08,10.86,9.58,624.0,602.0,522.0,-14.09037409640672,Normal,3745,Low
India,Karnataka,"Calendar Year (Jan - Dec), 2025","Badami, Municipality",46.84,13.24,9.27,834.0,559.0,519.0,-14.091312211235618,Normal,3746,Low
India,Maharashtra,"Calendar Year (Jan - Dec), 2025","Shevgaon, Municipality",46.79,10.42,9.49,597.0,483.0,426.0,-14.095319145346934,Normal,3747,Low
India,Gujarat,"Calendar Year (Jan - Dec), 2025","Por-Ramangamdi, Municipal Corporation",7.66,1.53,1.53,67.0,67.0,67.0,-14.098156673638528,Normal,3748,Low
India,Karnataka,"Calendar Year (Jan - Dec), 2025","Gundlupet, Municipality",35.38,10.66,8.43,682.0,658.0,617.0,-14.09836252988572,Normal,3749,Low
India,Kerala,"Calendar Year (Jan - Dec), 2025","Valanchery, Municipality",29.61,11.1,8.73,707.0,643.0,534.0,-14.098866538931986,Normal,3750,Low
India,Maharashtra,"Calendar Year (Jan - Dec), 2025","Shendurni, Town Panchayat",46.66,10.85,5.71,712.0,562.0,541.0,-14.099002818423571,Normal,3751,Low
India,Uttar Pradesh,"Calendar Year (Jan - Dec), 2025","Sakit, Town Panchayat",22.82,9.47,8.47,632.0,550.0,546.0,-14.100951446805652,Normal,3752,Low
India,Uttar Pradesh,"Calendar Year (Jan - Dec), 2025","Wazirganj, Town Panchayat",38.43,12.58,10.02,838.0,589.0,584.0,-14.106912058696196,Normal,3753,Low
India,Tamil Nadu,"Calendar Year (Jan - Dec), 2025","Aranthangi, Municipality",28.01,9.29,8.49,614.0,614.0,577.0,-14.110535449840995,Normal,3754,Low
India,Madhya Pradesh,"Calendar Year (Jan - Dec), 2025","Karera, Town Panchayat",27.43,10.03,9.22,651.0,588.0,559.0,-14.114584868078282,Normal,3755,Low
India,Tamil Nadu,"Calendar Year (Jan - Dec), 2025",Sivagiri (Tenkasi),19.06,8.23,7.81,537.0,525.0,497.0,-14.11866947214088,Normal,3756,Low
India,Maharashtra,"Calendar Year (Jan - Dec), 2025","Lakhani, Town Panchayat",49.65,10.47,7.31,673.0,580.0,485.0,-14.119011675317495,Normal,3757,Low
India,Karnataka,"Calendar Year (Jan - Dec), 2025","Tirumakudal Narsipur, Town Panchayat",32.85,10.66,7.11,670.0,665.0,609.0,-14.126983892523526,Normal,3758,Low
India,Uttar Pradesh,"Calendar Year (Jan - Dec), 2025","Gaayghat, Town Panchayat",36.95,12.24,9.98,816.0,595.0,565.0,-14.132925495724578,Normal,3759,Low
India,Uttar Pradesh,"Calendar Year (Jan - Dec), 2025","Sadabad, Town Panchayat",27.69,10.22,9.18,675.0,581.0,572.0,-14.143092669325767,Normal,3760,Low
India,Karnataka,"Calendar Year (Jan - Dec), 2025","Mudgal, Town Panchayat",27.2,9.92,8.58,636.0,624.0,530.0,-14.147974371768441,Normal,3761,Low
India,Rajasthan,"Calendar Year (Jan - Dec), 2025","Kesrisinghpur, Town Panchayat",22.52,10.06,6.88,658.0,593.0,520.0,-14.161899295808894,Normal,3762,Low
India,Maharashtra,"Calendar Year (Jan - Dec), 2025","Khed, Municipality",40.69,9.03,8.88,380.0,373.0,372.0,-14.175029357755932,Normal,3763,Low
India,Tamil Nadu,"Calendar Year (Jan - Dec), 2025","Bargur, Town Panchayat",22.76,9.17,8.1,600.0,600.0,439.0,-14.178234917553993,Normal,3764,Low
India,Rajasthan,"Calendar Year (Jan - Dec), 2025","Nawalgarh, Town Panchayat",37.62,11.58,8.57,738.0,663.0,578.0,-14.182944723058824,Normal,3765,Low
India,Karnataka,"Calendar Year (Jan - Dec), 2025","Siralkoppa, Town Panchayat",32.84,10.55,7.91,674.0,674.0,557.0,-14.183134600769847,Normal,3766,Low
India,Tamil Nadu,"Calendar Year (Jan - Dec), 2025","Keeripatti, Town Panchayat",4.09,1.85,1.67,122.0,122.0,115.0,-14.186285728531288,Normal,3767,Low
India,Madhya Pradesh,"Calendar Year (Jan - Dec), 2025","Bhavra, Town Panchayat",35.75,12.3,9.9,815.0,579.0,529.0,-14.18667874990797,Normal,3768,Low
India,Maharashtra,"Calendar Year (Jan - Dec), 2025","Dharmabad, Municipality",46.0,10.39,8.92,666.0,537.0,419.0,-14.187955875360046,Normal,3769,Low
India,Tamil Nadu,"Calendar Year (Jan - Dec), 2025","Tiruvottiyur, Municipality",34.12,9.82,9.65,580.0,580.0,559.0,-14.18827245308347,Normal,3770,Low
India,Punjab,"Calendar Year (Jan - Dec), 2025","Mahilpur, Town Panchayat",5.55,1.57,1.11,104.0,68.0,65.0,-14.188929603085285,Normal,3771,Low
India,Karnataka,"Calendar Year (Jan - Dec), 2025","Karkal, Municipality",40.24,10.16,5.96,610.0,600.0,350.0,-14.193065921200628,Normal,3772,Low
India,Kerala,"Calendar Year (Jan - Dec), 2025","Anthoor, Municipality",31.99,10.34,9.01,629.0,627.0,560.0,-14.200173424272805,Normal,3773,Low
India,Uttar Pradesh,"Calendar Year (Jan - Dec), 2025","Jawan Sikandpur, Town Panchayat",42.28,13.04,9.59,869.0,523.0,510.0,-14.201587998936589,Normal,3774,Low
India,Karnataka,"Calendar Year (Jan - Dec), 2025","Channarayapatna, Municipality",39.31,11.08,9.53,689.0,598.0,448.0,-14.203008095496443,Normal,3775,Low
India,Haryana,"Calendar Year (Jan - Dec), 2025","Ratia, Municipality",26.25,11.25,5.88,735.0,608.0,406.0,-14.212801486546084,Normal,3776,Low
India,Tamil Nadu,"Calendar Year (Jan - Dec), 2025","Vellakoil, Municipality",22.48,8.71,8.61,539.0,539.0,521.0,-14.213138340125909,Normal,3777,Low
India,Rajasthan,"Calendar Year (Jan - Dec), 2025","Karauli, Municipality",35.48,11.15,6.79,735.0,552.0,318.0,-14.224558973434796,Normal,3778,Low
India,Karnataka,"Calendar Year (Jan - Dec), 2025","Aminagad, Town Panchayat",25.11,9.04,7.94,593.0,593.0,559.0,-14.227920369249148,Normal,3779,Low
India,Karnataka,"Calendar Year (Jan - Dec), 2025","Shedbal, Town Panchayat",22.77,8.44,7.87,563.0,562.0,544.0,-14.230196163545429,Normal,3780,Low
India,Arunachal Pradesh,"Calendar Year (Jan - Dec), 2025","Anini, Town Panchayat",5.94,1.64,0.95,96.0,73.0,70.0,-14.240581935975626,Normal,3781,Low
India,Madhya Pradesh,"Calendar Year (Jan - Dec), 2025","Amarpatan, Town Panchayat",25.78,8.98,8.71,587.0,571.0,547.0,-14.252970732403867,Normal,3782,Low
India,Telangana,"Calendar Year (Jan - Dec), 2025","Yellareddy, Municipality",40.72,10.49,3.85,683.0,329.0,329.0,-14.261663845789258,Normal,3783,Low
India,Uttar Pradesh,"Calendar Year (Jan - Dec), 2025","Nagra, Town Panchayat",28.26,10.19,8.99,679.0,586.0,560.0,-14.263768815164894,Normal,3784,Low
India,Maharashtra,"Calendar Year (Jan - Dec), 2025","Raver, Municipality",45.84,11.53,7.91,685.0,599.0,586.0,-14.265053428921533,Normal,3785,Low
India,Madhya Pradesh,"Calendar Year (Jan - Dec), 2025","Ratangarh, Town Panchayat",24.42,8.92,8.15,594.0,587.0,526.0,-14.269199786923195,Normal,3786,Low
India,Maharashtra,"Calendar Year (Jan - Dec), 2025","Warora, Municipality",41.85,8.82,9.42,469.0,384.0,359.0,-14.274582851019488,Normal,3787,Low
India,Goa,"Calendar Year (Jan - Dec), 2025","Sanquelim, Municipality",13.93,1.83,1.85,77.0,77.0,77.0,-14.275260665292421,Normal,3788,Low
India,Tamil Nadu,"Calendar Year (Jan - Dec), 2025","Elumalai, Town Panchayat",16.74,7.47,7.19,492.0,491.0,466.0,-14.27558564464158,Normal,3789,Low
India,Maharashtra,"Calendar Year (Jan - Dec), 2025","Pathardi, Municipality",43.85,10.14,7.84,587.0,532.0,357.0,-14.278695979053396,Normal,3790,Low
India,Tamil Nadu,"Calendar Year (Jan - Dec), 2025","Paravai, Town Panchayat",38.04,9.75,9.67,525.0,524.0,519.0,-14.28102815619917,Normal,3791,Low
India,Madhya Pradesh,"Calendar Year (Jan - Dec), 2025","Rampura, Town Panchayat",25.92,9.67,8.52,644.0,575.0,556.0,-14.294233341386132,Normal,3792,Low
India,Himachal Pradesh,"Calendar Year (Jan - Dec), 2025","Jawali, Town Panchayat",39.01,10.34,8.6,668.0,627.0,579.0,-14.294699511445515,Normal,3793,Low
India,Tamil Nadu,"Calendar Year (Jan - Dec), 2025","Thuvakudi, Municipality",17.18,8.07,6.55,534.0,531.0,445.0,-14.301923659589306,Normal,3794,Low
India,Kerala,"Calendar Year (Jan - Dec), 2025","Attingal, Municipality",33.59,11.05,8.53,687.0,648.0,476.0,-14.304673571265653,Normal,3795,Low
India,Odisha,"Calendar Year (Jan - Dec), 2025","Rambha, Town Panchayat",24.56,10.57,8.49,697.0,556.0,504.0,-14.30585951618815,Normal,3796,Low
India,Karnataka,"Calendar Year (Jan - Dec), 2025","Bantval, Municipality",35.65,10.52,9.49,590.0,590.0,520.0,-14.307551565405674,Normal,3797,Low
India,Gujarat,"Calendar Year (Jan - Dec), 2025","Bhanvad, Municipality",35.87,11.07,10.23,530.0,488.0,477.0,-14.311480611489685,Normal,3798,Low
India,Madhya Pradesh,"Calendar Year (Jan - Dec), 2025","Sailana, Town Panchayat",30.95,10.37,9.02,653.0,607.0,556.0,-14.314294803727819,Normal,3799,Low
India,Kerala,"Calendar Year (Jan - Dec), 2025","Sreekandapuram, Municipality",29.96,9.98,8.93,609.0,595.0,562.0,-14.317776207090503,Normal,3800,Low
India,Haryana,"Calendar Year (Jan - Dec), 2025","Pundri, Municipality",28.35,10.05,4.29,646.0,568.0,474.0,-14.333936005688884,Normal,3801,Low
India,Tamil Nadu,"Calendar Year (Jan - Dec), 2025","Palani, Municipality",29.83,9.55,9.23,572.0,572.0,546.0,-14.336905579821575,Normal,3802,Low
India,Tamil Nadu,"Calendar Year (Jan - Dec), 2025","Bhuvanagiri, Town Panchayat",20.92,8.55,7.82,554.0,551.0,486.0,-14.337813000524932,Normal,3803,Low
India,Karnataka,"Calendar Year (Jan - Dec), 2025","Gauribidanur, Municipality",35.33,10.15,8.77,627.0,627.0,540.0,-14.33871527501492,Normal,3804,Low
India,Jammu And Kashmir,"Calendar Year (Jan - Dec), 2025","Shupiyan, Municipality",37.14,10.24,8.19,636.0,636.0,568.0,-14.339459559899694,Normal,3805,Low
India,Punjab,"Calendar Year (Jan - Dec), 2025","Bhawanigarh, Municipality",31.44,8.36,2.8,538.0,227.0,173.0,-14.344750764674814,Normal,3806,Low
India,Haryana,"Calendar Year (Jan - Dec), 2025","Cantonment Board, Ambala",42.09,7.92,7.92,360.0,360.0,360.0,-14.349420039311156,Normal,3807,Low
India,Tamil Nadu,"Calendar Year (Jan - Dec), 2025","Mulagumudu, Town Panchayat",17.3,7.48,7.29,489.0,489.0,477.0,-14.349802375682373,Normal,3808,Low
India,Nagaland,"Calendar Year (Jan - Dec), 2025","Noklak, Town Panchayat",26.89,8.73,8.11,582.0,582.0,565.0,-14.357956545235709,Normal,3809,Low
India,Maharashtra,"Calendar Year (Jan - Dec), 2025","Dhanora, Town Panchayat",36.35,8.02,4.44,534.0,431.0,213.0,-14.362932240207044,Normal,3810,Low
India,Maharashtra,"Calendar Year (Jan - Dec), 2025","Sawantwadi, Municipality",44.98,8.08,6.8,401.0,401.0,311.0,-14.36314048276921,Normal,3811,Low
India,Manipur,"Calendar Year (Jan - Dec), 2025","Heirok, Municipality",16.53,8.8,4.35,555.0,413.0,182.0,-14.370576123364572,Normal,3812,Low
India,Rajasthan,"Calendar Year (Jan - Dec), 2025","Bhusawar, Town Panchayat",14.7,5.55,1.74,366.0,302.0,116.0,-14.371661342024595,Normal,3813,Low
India,Gujarat,"Calendar Year (Jan - Dec), 2025","Savli, Municipality",39.54,11.58,9.36,700.0,593.0,551.0,-14.377455047262004,Normal,3814,Low
India,Madhya Pradesh,"Calendar Year (Jan - Dec), 2025","Kymore, Town Panchayat",24.69,8.57,8.37,565.0,553.0,543.0,-14.378686154295622,Normal,3815,Low
India,Rajasthan,"Calendar Year (Jan - Dec), 2025","Nainwa, Town Panchayat",39.33,10.53,5.78,697.0,374.0,258.0,-14.37886502765798,Normal,3816,Low
India,Odisha,"Calendar Year (Jan - Dec), 2025","Joda, Municipality",16.54,7.37,8.24,491.0,444.0,414.0,-14.381940505705813,Normal,3817,Low
India,Tamil Nadu,"Calendar Year (Jan - Dec), 2025","Suleeswaranpatti, Town Panchayat",27.39,9.05,8.85,561.0,561.0,544.0,-14.39578241171364,Normal,3818,Low
India,Uttar Pradesh,"Calendar Year (Jan - Dec), 2025","Raya, Town Panchayat",27.14,9.85,8.89,654.0,568.0,538.0,-14.397239553265479,Normal,3819,Low
India,Telangana,"Calendar Year (Jan - Dec), 2025","Sadasivpet, Municipality",42.12,8.7,8.4,496.0,496.0,496.0,-14.423273477221073,Normal,3820,Low
India,Kerala,"Calendar Year (Jan - Dec), 2025","Panoor, Municipality",26.29,9.9,8.71,563.0,560.0,537.0,-14.423355254505054,Normal,3821,Low
India,Maharashtra,"Calendar Year (Jan - Dec), 2025","Soygaon, Town Panchayat",35.98,8.33,3.45,553.0,256.0,188.0,-14.442927288798842,Normal,3822,Low
India,Tamil Nadu,"Calendar Year (Jan - Dec), 2025","Pappireddipatti, Town Panchayat",41.59,8.1,7.73,521.0,521.0,514.0,-14.44570738444287,Normal,3823,Low
India,Rajasthan,"Calendar Year (Jan - Dec), 2025","Padampur, Town Panchayat",42.54,12.24,8.03,783.0,405.0,381.0,-14.449532277731578,Normal,3824,Low
India,Tamil Nadu,"Calendar Year (Jan - Dec), 2025","Vadakkanandal, Town Panchayat",15.63,7.15,7.12,470.0,469.0,420.0,-14.471027169171862,Normal,3825,Low
India,Madhya Pradesh,"Calendar Year (Jan - Dec), 2025","Gormi, Town Panchayat",21.94,8.21,7.95,544.0,541.0,498.0,-14.477148093120206,Normal,3826,Low
India,Maharashtra,"Calendar Year (Jan - Dec), 2025","Karmala, Municipality",46.82,9.27,7.49,524.0,445.0,363.0,-14.488920049759827,Normal,3827,Low
India,Nagaland,"Calendar Year (Jan - Dec), 2025","Longleng, Town Panchayat",13.87,7.13,5.46,475.0,475.0,400.0,-14.49462595319602,Normal,3828,Low
India,Maharashtra,"Calendar Year (Jan - Dec), 2025","Khuldabad, Municipality",45.42,10.13,7.93,654.0,458.0,359.0,-14.49533209991074,Normal,3829,Low
India,Madhya Pradesh,"Calendar Year (Jan - Dec), 2025","Sirmour, Town Panchayat",26.27,8.87,8.37,592.0,576.0,515.0,-14.502432267723691,Normal,3830,Low
India,Uttar Pradesh,"Calendar Year (Jan - Dec), 2025","Mohanlalganj, Town Panchayat",40.65,13.08,7.64,872.0,504.0,492.0,-14.511457691802889,Normal,3831,Low
India,Uttar Pradesh,"Calendar Year (Jan - Dec), 2025","Hardoi, Municipality",35.48,9.4,9.34,524.0,524.0,516.0,-14.511579869269553,Normal,3832,Low
India,Haryana,"Calendar Year (Jan - Dec), 2025","Julana, Municipality",30.98,10.86,3.63,721.0,302.0,282.0,-14.51233545572876,Normal,3833,Low
India,Tamil Nadu,"Calendar Year (Jan - Dec), 2025","Mulanur, Town Panchayat",4.24,1.84,1.71,119.0,115.0,95.0,-14.522139695477222,Normal,3834,Low
India,Tamil Nadu,"Calendar Year (Jan - Dec), 2025","Dharapuram, Municipality",24.94,8.86,8.67,537.0,537.0,518.0,-14.523747133614563,Normal,3835,Low
India,Uttar Pradesh,"Calendar Year (Jan - Dec), 2025","Tirwaganj, Town Panchayat",15.83,7.05,6.89,470.0,464.0,448.0,-14.52630736236523,Normal,3836,Low
India,Uttar Pradesh,"Calendar Year (Jan - Dec), 2025","Dalabazar, Town Panchayat",40.09,11.26,6.91,751.0,317.0,315.0,-14.53968755101016,Normal,3837,Low
India,Jammu And Kashmir,"Calendar Year (Jan - Dec), 2025","Pulwama, Municipality",36.17,9.58,6.37,623.0,622.0,544.0,-14.545277085486134,Normal,3838,Low
India,Uttar Pradesh,"Calendar Year (Jan - Dec), 2025","Jarwal, Town Panchayat",22.86,8.65,8.18,577.0,526.0,522.0,-14.54546346810514,Normal,3839,Low
India,Maharashtra,"Calendar Year (Jan - Dec), 2025","Gadhinglaj, Municipality",44.57,8.53,7.6,418.0,393.0,382.0,-14.553021208823168,Normal,3840,Low
India,Rajasthan,"Calendar Year (Jan - Dec), 2025","Fatehpur, Town Panchayat",5.92,1.48,1.49,80.0,80.0,73.0,-14.561997599737026,Normal,3841,Low
India,Rajasthan,"Calendar Year (Jan - Dec), 2025","Antah, Town Panchayat",30.29,9.88,8.4,658.0,593.0,545.0,-14.569527121398664,Normal,3842,Low
India,Uttarakhand,"Calendar Year (Jan - Dec), 2025","Bhowali, Municipality",42.0,8.69,8.15,405.0,389.0,378.0,-14.573589544942251,Normal,3843,Low
India,Tamil Nadu,"Calendar Year (Jan - Dec), 2025",Vadugapatti (T),4.27,1.91,1.72,126.0,126.0,106.0,-14.578354799290935,Normal,3844,Low
India,Haryana,"Calendar Year (Jan - Dec), 2025","Nagal Chaudhry, Municipality",21.9,9.72,5.01,647.0,239.0,167.0,-14.579579256035572,Normal,3845,Low
India,Tamil Nadu,"Calendar Year (Jan - Dec), 2025","Alwarkurichi, Town Panchayat",15.34,7.05,6.79,463.0,463.0,425.0,-14.58226942570343,Normal,3846,Low
India,Rajasthan,"Calendar Year (Jan - Dec), 2025","Suratgarh, Town Panchayat",39.28,9.41,8.97,481.0,478.0,433.0,-14.597722014618057,Normal,3847,Low
India,Rajasthan,"Calendar Year (Jan - Dec), 2025","Narayana, Town Panchayat",24.15,7.28,2.53,485.0,183.0,121.0,-14.598047825434719,Normal,3848,Low
India,Bihar,"Calendar Year (Jan - Dec), 2025","Thakurganj, Town Panchayat",40.2,11.16,7.05,742.0,375.0,312.0,-14.599439493534987,Normal,3849,Low
India,Chhattisgarh,"Calendar Year (Jan - Dec), 2025","Chhura, Town Panchayat",14.02,6.7,5.99,443.0,443.0,435.0,-14.604841100261638,Normal,3850,Low
India,Odisha,"Calendar Year (Jan - Dec), 2025","Odagaon, Town Panchayat",16.71,7.68,6.64,503.0,483.0,462.0,-14.606012262047727,Normal,3851,Low
India,Madhya Pradesh,"Calendar Year (Jan - Dec), 2025","Magroni, Town Panchayat",4.42,1.68,1.57,112.0,105.0,101.0,-14.609466920856107,Normal,3852,Low
India,Tamil Nadu,"Calendar Year (Jan - Dec), 2025","Puzhal, Municipality",29.22,3.27,3.27,143.0,143.0,143.0,-14.616685581864488,Normal,3853,Low
India,Jammu And Kashmir,"Calendar Year (Jan - Dec), 2025","Langate, Municipality",34.85,9.1,5.09,597.0,597.0,470.0,-14.621088959944473,Normal,3854,Low
India,Tamil Nadu,"Calendar Year (Jan - Dec), 2025","Kotagiri, Town Panchayat",32.39,7.0,5.7,454.0,447.0,200.0,-14.631797846289658,Normal,3855,Low
India,Karnataka,"Calendar Year (Jan - Dec), 2025","Belagali, Town Panchayat",22.88,8.38,5.43,563.0,563.0,534.0,-14.633649309098757,Normal,3856,Low
India,Kerala,"Calendar Year (Jan - Dec), 2025","Eloor, Municipality",37.61,10.43,8.93,599.0,564.0,481.0,-14.638117634175103,Normal,3857,Low
India,Rajasthan,"Calendar Year (Jan - Dec), 2025","Bhinder, Town Panchayat",5.87,1.72,1.59,103.0,100.0,58.0,-14.639652864834261,Normal,3858,Low
India,Tamil Nadu,"Calendar Year (Jan - Dec), 2025","Pathamadai, Town Panchayat",14.5,6.93,6.4,460.0,457.0,406.0,-14.642362915159765,Normal,3859,Low
India,Uttarakhand,"Calendar Year (Jan - Dec), 2025","Cantonment Board, Landour",10.24,1.59,1.59,74.0,74.0,74.0,-14.642554814594291,Normal,3860,Low
India,Uttar Pradesh,"Calendar Year (Jan - Dec), 2025","Daurala, Town Panchayat",23.33,8.34,8.18,547.0,531.0,503.0,-14.64437810099389,Normal,3861,Low
India,Madhya Pradesh,"Calendar Year (Jan - Dec), 2025","Maharajpur, Municipality",23.67,8.18,8.19,541.0,524.0,517.0,-14.647282207229068,Normal,3862,Low
India,Uttar Pradesh,"Calendar Year (Jan - Dec), 2025",Firozabad Shikohabad Development Authority,36.26,8.52,6.25,568.0,568.0,568.0,-14.6486863156195,Normal,3863,Low
India,Karnataka,"Calendar Year (Jan - Dec), 2025","Arabhavi, Town Panchayat",20.05,7.99,6.53,532.0,530.0,510.0,-14.652148786514772,Normal,3864,Low
India,Tamil Nadu,"Calendar Year (Jan - Dec), 2025","No 4 Veerapandi, Town Panchayat",35.8,9.24,9.13,502.0,502.0,495.0,-14.65880619904192,Normal,3865,Low
India,Tamil Nadu,"Calendar Year (Jan - Dec), 2025","Reethapuram, Town Panchayat",20.44,8.23,7.35,538.0,534.0,470.0,-14.663159062075636,Normal,3866,Low
India,Tamil Nadu,"Calendar Year (Jan - Dec), 2025","Perungulam, Town Panchayat",13.89,6.74,6.36,448.0,440.0,400.0,-14.668258000446315,Normal,3867,Low
India,Madhya Pradesh,"Calendar Year (Jan - Dec), 2025","Sarwaniya Maharaj, Town Panchayat",26.03,8.23,8.15,549.0,537.0,537.0,-14.674227768197966,Normal,3868,Low
India,Uttar Pradesh,"Calendar Year (Jan - Dec), 2025","Umri Kalan, Town Panchayat",37.2,11.98,9.17,799.0,501.0,499.0,-14.674568154308076,Normal,3869,Low
India,Punjab,"Calendar Year (Jan - Dec), 2025","Kotha Guru, Town Panchayat",35.32,12.3,7.34,831.0,546.0,538.0,-14.683890808634715,Normal,3870,Low
India,Tamil Nadu,"Calendar Year (Jan - Dec), 2025","Vadamadurai, Town Panchayat",21.65,8.42,7.1,538.0,538.0,515.0,-14.69242102247938,Normal,3871,Low
India,Karnataka,"Calendar Year (Jan - Dec), 2025","Bhagyanagara, Town Panchayat",17.43,6.52,8.38,428.0,427.0,396.0,-14.702595086585006,Normal,3872,Low
India,Tamil Nadu,"Calendar Year (Jan - Dec), 2025","Alanthurai, Town Panchayat",26.29,6.1,9.54,355.0,355.0,355.0,-14.708914187138703,Normal,3873,Low
India,Karnataka,"Calendar Year (Jan - Dec), 2025","Ullal, Municipality",28.69,9.26,7.87,581.0,581.0,536.0,-14.7166639254894,Normal,3874,Low
India,Punjab,"Calendar Year (Jan - Dec), 2025","Banur, Municipality",41.06,12.27,6.88,795.0,507.0,448.0,-14.720088682650328,Normal,3875,Low
India,Tamil Nadu,"Calendar Year (Jan - Dec), 2025","Ponmanai, Town Panchayat",19.25,7.78,7.44,504.0,502.0,464.0,-14.729345073120498,Normal,3876,Low
India,Uttar Pradesh,"Calendar Year (Jan - Dec), 2025","Gawan, Town Panchayat",24.96,9.03,8.35,600.0,525.0,525.0,-14.735519457922578,Normal,3877,Low
India,Tamil Nadu,"Calendar Year (Jan - Dec), 2025","Aralvaimozhi, Town Panchayat",38.27,8.04,7.6,528.0,528.0,506.0,-14.73986396279173,Normal,3878,Low
India,Odisha,"Calendar Year (Jan - Dec), 2025","Ganjam, Town Panchayat",35.99,9.89,9.1,558.0,525.0,504.0,-14.74180729289401,Normal,3879,Low
India,Rajasthan,"Calendar Year (Jan - Dec), 2025","Pirawa, Town Panchayat",31.42,10.81,7.52,714.0,587.0,550.0,-14.744620831962095,Normal,3880,Low
India,Maharashtra,"Calendar Year (Jan - Dec), 2025","Vadgaon Kasba, Municipality",47.85,10.67,5.95,634.0,414.0,414.0,-14.749666549421988,Normal,3881,Low
India,Uttar Pradesh,"Calendar Year (Jan - Dec), 2025","Bahuwa, Town Panchayat",31.96,11.19,9.1,746.0,518.0,509.0,-14.761520069606775,Normal,3882,Low
India,Tamil Nadu,"Calendar Year (Jan - Dec), 2025","Vellimalai, Town Panchayat",17.16,7.32,7.03,474.0,474.0,451.0,-14.761689258015053,Normal,3883,Low
India,Karnataka,"Calendar Year (Jan - Dec), 2025","Chandapura, Town Panchayat",35.79,4.41,4.63,210.0,210.0,206.0,-14.762050821588161,Normal,3884,Low
India,Madhya Pradesh,"Calendar Year (Jan - Dec), 2025","Boda, Town Panchayat",29.84,10.37,8.05,690.0,562.0,555.0,-14.772580960817152,Normal,3885,Low
India,Tamil Nadu,"Calendar Year (Jan - Dec), 2025","Tindivanam, Municipality",29.53,8.92,8.53,544.0,544.0,519.0,-14.786715731095342,Normal,3886,Low
India,Uttar Pradesh,"Calendar Year (Jan - Dec), 2025","Rudayan, Town Panchayat",33.97,11.16,8.89,744.0,533.0,529.0,-14.796299536414608,Normal,3887,Low
India,Karnataka,"Calendar Year (Jan - Dec), 2025","Mundargi, Municipality",33.94,9.98,7.76,626.0,591.0,539.0,-14.801128859802134,Normal,3888,Low
India,Tamil Nadu,"Calendar Year (Jan - Dec), 2025","B.Mallapuram, Town Panchayat",37.77,8.16,7.63,544.0,543.0,478.0,-14.806565747114462,Normal,3889,Low
India,Tamil Nadu,"Calendar Year (Jan - Dec), 2025","Panaimarathupatti, Town Panchayat",4.67,1.69,1.47,101.0,101.0,97.0,-14.80733291062478,Normal,3890,Low
India,Maharashtra,"Calendar Year (Jan - Dec), 2025","Ner, Municipality",42.04,10.28,7.67,648.0,543.0,437.0,-14.810766024247869,Normal,3891,Low
India,Madhya Pradesh,"Calendar Year (Jan - Dec), 2025","Khand, Town Panchayat",32.55,10.15,8.65,674.0,562.0,441.0,-14.81994855681262,Normal,3892,Low
India,Maharashtra,"Calendar Year (Jan - Dec), 2025","Gondpimpri, Town Panchayat",18.32,4.86,1.29,319.0,260.0,156.0,-14.821814148449903,Normal,3893,Low
India,Uttar Pradesh,"Calendar Year (Jan - Dec), 2025","Kosi Kalan, Municipality",36.64,11.65,9.0,763.0,491.0,468.0,-14.824883324480709,Normal,3894,Low
India,Uttar Pradesh,"Calendar Year (Jan - Dec), 2025","Dohrighat, Town Panchayat",31.3,11.24,8.36,749.0,535.0,534.0,-14.825114828703192,Normal,3895,Low
India,Uttar Pradesh,"Calendar Year (Jan - Dec), 2025","Cantonment Board, Mathura",10.56,1.64,1.64,75.0,75.0,75.0,-14.827326339270087,Normal,3896,Low
India,Uttar Pradesh,"Calendar Year (Jan - Dec), 2025","Bhatni Bazar, Town Panchayat",30.9,10.6,8.97,705.0,527.0,510.0,-14.828794515790776,Normal,3897,Low
India,Gujarat,"Calendar Year (Jan - Dec), 2025","Hajira, Municipal Corporation",7.3,1.7,1.7,69.0,69.0,69.0,-14.839648410276823,Normal,3898,Low
India,Tamil Nadu,"Calendar Year (Jan - Dec), 2025","Ilampillai, Town Panchayat",5.43,1.59,1.48,84.0,84.0,78.0,-14.841348528348135,Normal,3899,Low
India,Chhattisgarh,"Calendar Year (Jan - Dec), 2025","Amleshwar, Municipality",11.1,5.29,6.28,353.0,353.0,343.0,-14.847143745951428,Normal,3900,Low
India,Jammu And Kashmir,"Calendar Year (Jan - Dec), 2025","Bhaderwah, Municipality",35.7,9.23,7.39,592.0,592.0,485.0,-14.852175156511635,Normal,3901,Low
India,Tamil Nadu,"Calendar Year (Jan - Dec), 2025","Thirumalayampalayam, Town",4.29,2.13,1.85,140.0,134.0,107.0,-14.856578296700263,Normal,3902,Low
India,Rajasthan,"Calendar Year (Jan - Dec), 2025","Rajgarh(Churu), Town Panchayat",16.28,7.15,5.7,473.0,473.0,469.0,-14.861268926651121,Normal,3903,Low
India,Chhattisgarh,"Calendar Year (Jan - Dec), 2025","Bijapur, Municipality",19.55,6.86,8.65,430.0,430.0,415.0,-14.867792217020508,Normal,3904,Low
India,Kerala,"Calendar Year (Jan - Dec), 2025","Muvattupuzha, Municipality",29.45,9.1,8.5,540.0,537.0,512.0,-14.87660559732467,Normal,3905,Low
India,Chhattisgarh,"Calendar Year (Jan - Dec), 2025","Utai, Town Panchayat",18.06,7.48,6.96,476.0,476.0,472.0,-14.87688640474272,Normal,3906,Low
India,Punjab,"Calendar Year (Jan - Dec), 2025","Kot Fatta, Municipality",4.43,1.85,1.91,131.0,104.0,82.0,-14.88177741871209,Normal,3907,Low
India,Gujarat,"Calendar Year (Jan - Dec), 2025","Vallabhipur, Municipality",36.61,10.63,7.61,650.0,539.0,371.0,-14.885282917719621,Normal,3908,Low
India,Madhya Pradesh,"Calendar Year (Jan - Dec), 2025","Joura, Town Panchayat",24.31,8.76,8.51,564.0,526.0,423.0,-14.887167992580999,Normal,3909,Low
India,Tamil Nadu,"Calendar Year (Jan - Dec), 2025","Kilampadi, Town Panchayat",4.36,1.96,1.85,128.0,128.0,116.0,-14.891377047301148,Normal,3910,Low
India,Tamil Nadu,"Calendar Year (Jan - Dec), 2025","Alampalayam, Town Panchayat",31.79,8.11,7.78,539.0,539.0,528.0,-14.89940920915194,Normal,3911,Low
India,Kerala,"Calendar Year (Jan - Dec), 2025","Kottakkal, Municipality",24.33,8.59,7.82,534.0,531.0,505.0,-14.90128660991877,Normal,3912,Low
India,Tamil Nadu,"Calendar Year (Jan - Dec), 2025","Annavasal, Town Panchayat",14.4,6.71,5.93,448.0,447.0,413.0,-14.902342617768568,Normal,3913,Low
India,Arunachal Pradesh,"Calendar Year (Jan - Dec), 2025","Longding, Town Panchayat",11.03,3.33,0.79,172.0,111.0,72.0,-14.903447948937867,Normal,3914,Low
India,Tamil Nadu,"Calendar Year (Jan - Dec), 2025","Karuppur, Town Panchayat",4.46,1.93,1.52,126.0,121.0,116.0,-14.909799607728417,Normal,3915,Low
India,Haryana,"Calendar Year (Jan - Dec), 2025","Gharaunda, Municipality",36.18,12.63,7.41,779.0,493.0,446.0,-14.912169498824483,Normal,3916,Low
India,Telangana,"Calendar Year (Jan - Dec), 2025","Kompally, Municipality",13.33,2.04,1.59,96.0,66.0,66.0,-14.912320770456859,Normal,3917,Low
India,Tamil Nadu,"Calendar Year (Jan - Dec), 2025","Colachel, Municipality",17.5,7.2,7.13,464.0,464.0,449.0,-14.916167719296254,Normal,3918,Low
India,Punjab,"Calendar Year (Jan - Dec), 2025","Sardulgarh, Town Panchayat",35.89,12.13,7.0,822.0,495.0,466.0,-14.920226758535534,Normal,3919,Low
India,Maharashtra,"Calendar Year (Jan - Dec), 2025","Chimur, Municipality",39.78,9.71,8.47,643.0,444.0,361.0,-14.924500896786071,Normal,3920,Low
India,Maharashtra,"Calendar Year (Jan - Dec), 2025","Talasari, Town Panchayat",33.82,8.43,8.48,334.0,334.0,334.0,-14.926369754394784,Normal,3921,Low
India,Tamil Nadu,"Calendar Year (Jan - Dec), 2025","Hanumanthampatti, Town Panchayat",4.44,2.09,1.75,139.0,138.0,130.0,-14.934436150963677,Normal,3922,Low
India,Punjab,"Calendar Year (Jan - Dec), 2025","Bareta, Municipality",27.72,10.15,8.98,667.0,494.0,488.0,-14.934801893779195,Normal,3923,Low
India,Bihar,"Calendar Year (Jan - Dec), 2025","Bhabua, Municipality",38.01,9.54,5.91,613.0,388.0,253.0,-14.936261392495965,Normal,3924,Low
India,Nagaland,"Calendar Year (Jan - Dec), 2025","Peren, Town Panchayat",8.91,4.98,4.13,332.0,332.0,332.0,-14.96364172213083,Normal,3925,Low
India,Uttar Pradesh,"Calendar Year (Jan - Dec), 2025","Kaisharganj, Town Panchayat",31.82,10.59,8.78,706.0,515.0,513.0,-14.966462401512672,Normal,3926,Low
India,Uttar Pradesh,"Calendar Year (Jan - Dec), 2025","Cantonment Board, Bareilly",6.86,1.68,1.68,71.0,71.0,71.0,-14.970159759492049,Normal,3927,Low
India,Maharashtra,"Calendar Year (Jan - Dec), 2025","Mohadi, Town Panchayat",41.25,9.76,4.76,638.0,452.0,423.0,-14.976765580444237,Normal,3928,Low
India,Uttar Pradesh,"Calendar Year (Jan - Dec), 2025","Dhakiya, Town Panchayat",36.76,11.4,8.75,760.0,468.0,466.0,-14.979210527386499,Normal,3929,Low
India,Maharashtra,"Calendar Year (Jan - Dec), 2025","Kurduvadi, Municipality",15.54,3.48,0.93,226.0,173.0,112.0,-14.98220742750243,Normal,3930,Low
India,Tamil Nadu,"Calendar Year (Jan - Dec), 2025","Odugathur, Town Panchayat",14.83,6.91,5.99,459.0,458.0,398.0,-14.993291472553494,Normal,3931,Low
India,Punjab,"Calendar Year (Jan - Dec), 2025","Arniwala Shekh Suban, Town",21.35,6.73,3.61,460.0,237.0,106.0,-15.01156030780976,Normal,3932,Low
India,Tamil Nadu,"Calendar Year (Jan - Dec), 2025","Karamadai, Municipality",35.94,8.82,8.64,460.0,456.0,432.0,-15.011999005777056,Normal,3933,Low
India,Karnataka,"Calendar Year (Jan - Dec), 2025","Saragur, Town Panchayat",18.95,7.34,7.78,486.0,481.0,370.0,-15.023264485802088,Normal,3934,Low
India,Telangana,"Calendar Year (Jan - Dec), 2025","Andol Jogipet, Municipality",30.09,7.21,8.42,470.0,470.0,470.0,-15.02421131579024,Normal,3935,Low
India,Tamil Nadu,"Calendar Year (Jan - Dec), 2025","Pallikonda, Town Panchayat",16.46,7.26,6.52,474.0,473.0,413.0,-15.029699609768386,Normal,3936,Low
India,Odisha,"Calendar Year (Jan - Dec), 2025","Byasanagar, Municipality",38.78,10.13,8.24,625.0,521.0,497.0,-15.034503957632069,Normal,3937,Low
India,Assam,"Calendar Year (Jan - Dec), 2025","Hojai, Municipality",18.77,8.85,4.72,554.0,491.0,455.0,-15.040093921615949,Normal,3938,Low
India,Tamil Nadu,"Calendar Year (Jan - Dec), 2025","Namagiripettai, Town Panchayat",16.29,7.4,5.59,487.0,487.0,422.0,-15.040250561652215,Normal,3939,Low
India,Chhattisgarh,"Calendar Year (Jan - Dec), 2025","Rajpur, Town Panchayat",16.23,7.25,6.57,476.0,476.0,383.0,-15.04065064961327,Normal,3940,Low
India,Madhya Pradesh,"Calendar Year (Jan - Dec), 2025","Antari, Town Panchayat",22.25,7.78,7.7,498.0,498.0,477.0,-15.060507940052105,Normal,3941,Low
India,Madhya Pradesh,"Calendar Year (Jan - Dec), 2025","Mehgaon, Town Panchayat",19.57,7.38,7.14,491.0,485.0,463.0,-15.064118109160006,Normal,3942,Low
India,Odisha,"Calendar Year (Jan - Dec), 2025","Gudari, Town Panchayat",15.45,7.31,6.17,484.0,451.0,414.0,-15.068816078992825,Normal,3943,Low
India,Tamil Nadu,"Calendar Year (Jan - Dec), 2025","Kangeyam, Municipality",30.71,9.03,8.84,472.0,472.0,469.0,-15.080709735146343,Normal,3944,Low
India,Chhattisgarh,"Calendar Year (Jan - Dec), 2025","Bhopalpattanam, Town Panchayat",4.48,2.07,1.84,137.0,137.0,117.0,-15.083352073569756,Normal,3945,Low
India,Rajasthan,"Calendar Year (Jan - Dec), 2025","Kasba Bonli, Town Panchayat",9.4,3.01,1.09,201.0,117.0,59.0,-15.085343296433166,Normal,3946,Low
India,Uttarakhand,"Calendar Year (Jan - Dec), 2025","Lalkuan, Town Panchayat",6.44,1.65,1.65,74.0,74.0,74.0,-15.09232608622051,Normal,3947,Low
India,Bihar,"Calendar Year (Jan - Dec), 2025","Rafiganj, Town Panchayat",28.07,8.74,7.67,580.0,561.0,459.0,-15.094240851369761,Normal,3948,Low
India,Tamil Nadu,"Calendar Year (Jan - Dec), 2025","Mukkudal, Town Panchayat",16.0,7.27,6.31,480.0,467.0,399.0,-15.107941952034537,Normal,3949,Low
India,Jammu And Kashmir,"Calendar Year (Jan - Dec), 2025","Ganderbal, Municipality",32.91,8.62,6.64,573.0,573.0,485.0,-15.109334700126226,Normal,3950,Low
India,Himachal Pradesh,"Calendar Year (Jan - Dec), 2025","Palampur, Municipal Corporation",32.46,8.82,5.43,545.0,469.0,245.0,-15.11185577181135,Normal,3951,Low
India,Tamil Nadu,"Calendar Year (Jan - Dec), 2025","Karambakkudi, Town Panchayat",14.51,6.67,5.82,442.0,442.0,406.0,-15.114951524827916,Normal,3952,Low
India,Tamil Nadu,"Calendar Year (Jan - Dec), 2025","Mangalampet, Town Panchayat",4.57,2.42,2.33,159.0,159.0,149.0,-15.118815127572418,Normal,3953,Low
India,Nagaland,"Calendar Year (Jan - Dec), 2025","Changtongya, Town Panchayat",19.44,7.46,7.13,497.0,497.0,426.0,-15.118923396393086,Normal,3954,Low
India,Tamil Nadu,"Calendar Year (Jan - Dec), 2025","Pandamangalam, Town Panchayat",4.66,1.77,1.6,107.0,107.0,104.0,-15.123013647651419,Normal,3955,Low
India,Uttar Pradesh,"Calendar Year (Jan - Dec), 2025","Kachgaon, Town Panchayat",36.55,11.74,7.54,783.0,456.0,442.0,-15.133562335911336,Normal,3956,Low
India,Madhya Pradesh,"Calendar Year (Jan - Dec), 2025","Sarni, Municipality",35.67,7.72,6.13,500.0,500.0,296.0,-15.134057592450802,Normal,3957,Low
India,Chhattisgarh,"Calendar Year (Jan - Dec), 2025","Narharpur, Town Panchayat",13.82,6.5,4.63,432.0,432.0,422.0,-15.134258934071738,Normal,3958,Low
India,Tamil Nadu,"Calendar Year (Jan - Dec), 2025","Peranamallur, Town Panchayat",4.63,2.37,2.05,158.0,158.0,153.0,-15.137168950858666,Normal,3959,Low
India,Uttarakhand,"Calendar Year (Jan - Dec), 2025","Kaladhungi, Municipality",6.02,1.98,1.2,107.0,81.0,60.0,-15.14426272904052,Normal,3960,Low
India,Tamil Nadu,"Calendar Year (Jan - Dec), 2025","Puliyur, Town Panchayat",35.25,7.75,7.24,505.0,505.0,486.0,-15.144425421630274,Normal,3961,Low
India,Tamil Nadu,"Calendar Year (Jan - Dec), 2025","Vadalur, Municipality",25.55,9.03,5.91,576.0,576.0,456.0,-15.145290323205131,Normal,3962,Low
India,Chhattisgarh,"Calendar Year (Jan - Dec), 2025","Bade Bacheli, Municipality",14.77,6.75,6.64,447.0,439.0,349.0,-15.147397597433837,Normal,3963,Low
India,Tamil Nadu,"Calendar Year (Jan - Dec), 2025","Tnpl Pugalur, Town Panchayat",4.5,1.92,1.89,123.0,123.0,121.0,-15.162459057425963,Normal,3964,Low
India,Haryana,"Calendar Year (Jan - Dec), 2025","Fatehabad, Municipality",37.38,11.55,6.3,714.0,350.0,333.0,-15.163733398500653,Normal,3965,Low
India,Gujarat,"Calendar Year (Jan - Dec), 2025","Chanasma, Municipality",37.84,11.0,8.03,685.0,505.0,490.0,-15.166186723447254,Normal,3966,Low
India,Tamil Nadu,"Calendar Year (Jan - Dec), 2025","Pannaikadu, Town Panchayat",4.65,2.13,1.66,142.0,142.0,131.0,-15.17107429930843,Normal,3967,Low
India,Karnataka,"Calendar Year (Jan - Dec), 2025","Piriyapatna, Town Panchayat",35.16,9.27,7.49,559.0,546.0,471.0,-15.172138254208562,Normal,3968,Low
India,Maharashtra,"Calendar Year (Jan - Dec), 2025","Maregaon, Town Panchayat",28.99,7.14,3.38,465.0,229.0,136.0,-15.172717724177915,Normal,3969,Low
India,Rajasthan,"Calendar Year (Jan - Dec), 2025",Ramgarh (Sikar),4.61,2.17,2.83,136.0,134.0,115.0,-15.180847954870387,Normal,3970,Low
India,Uttar Pradesh,"Calendar Year (Jan - Dec), 2025","Hasayan, Town Panchayat",27.21,9.84,7.94,656.0,508.0,499.0,-15.196694735542167,Normal,3971,Low
India,Madhya Pradesh,"Calendar Year (Jan - Dec), 2025","Manpurr, Town Panchayat",34.32,11.63,6.76,775.0,478.0,433.0,-15.20080220583651,Normal,3972,Low
India,Maharashtra,"Calendar Year (Jan - Dec), 2025","Bhadgaon, Municipality",37.26,9.11,8.32,488.0,451.0,433.0,-15.206724630342762,Normal,3973,Low
India,Odisha,"Calendar Year (Jan - Dec), 2025","Patnagarh, Town Panchayat",30.17,11.65,5.67,771.0,439.0,385.0,-15.207494877756176,Normal,3974,Low
India,Karnataka,"Calendar Year (Jan - Dec), 2025","Bagepalli, Municipality",24.34,8.42,6.57,553.0,553.0,468.0,-15.210342942802583,Normal,3975,Low
India,Uttar Pradesh,"Calendar Year (Jan - Dec), 2025","Achhalda, Town Panchayat",37.14,11.36,7.09,757.0,380.0,374.0,-15.211482149454298,Normal,3976,Low
India,Rajasthan,"Calendar Year (Jan - Dec), 2025","Siwana, Town Panchayat",18.22,4.62,1.88,308.0,196.0,82.0,-15.211985739204124,Normal,3977,Low
India,Tamil Nadu,"Calendar Year (Jan - Dec), 2025","Jagathala, Town Panchayat",4.8,1.74,1.67,110.0,110.0,97.0,-15.21479608031376,Normal,3978,Low
India,Arunachal Pradesh,"Calendar Year (Jan - Dec), 2025","Pasighat, Municipality",9.81,3.19,0.93,163.0,67.0,63.0,-15.218353520771416,Normal,3979,Low
India,Haryana,"Calendar Year (Jan - Dec), 2025","Pehowa, Municipality",33.56,11.55,6.63,707.0,341.0,309.0,-15.224936596996145,Normal,3980,Low
India,Maharashtra,"Calendar Year (Jan - Dec), 2025","Malshiras, Town Panchayat",38.16,8.82,5.62,557.0,439.0,281.0,-15.242422072309523,Normal,3981,Low
India,Maharashtra,"Calendar Year (Jan - Dec), 2025","Ashta, Municipality",37.65,9.52,7.19,605.0,532.0,465.0,-15.243425523905785,Normal,3982,Low
India,Uttar Pradesh,"Calendar Year (Jan - Dec), 2025","Narpat Nagar Doondawala, Town Panchayat",31.34,10.41,8.15,694.0,503.0,497.0,-15.244246476576677,Normal,3983,Low
India,Madhya Pradesh,"Calendar Year (Jan - Dec), 2025","Kaarahi And Pandlyakhurd, Town Panchayat",30.85,9.7,8.47,633.0,499.0,497.0,-15.25163781584331,Normal,3984,Low
India,Karnataka,"Calendar Year (Jan - Dec), 2025","Gurmatkal, Town Panchayat",33.95,10.35,7.79,673.0,526.0,436.0,-15.254052065004828,Normal,3985,Low
India,Tamil Nadu,"Calendar Year (Jan - Dec), 2025","Mettur, Municipality",17.31,7.03,6.92,444.0,444.0,437.0,-15.254570159437662,Normal,3986,Low
India,Gujarat,"Calendar Year (Jan - Dec), 2025","Sikka, Municipality",32.64,9.95,8.64,550.0,483.0,479.0,-15.255367589271941,Normal,3987,Low
India,Odisha,"Calendar Year (Jan - Dec), 2025","Khandapada, Town Panchayat",12.33,5.91,5.34,392.0,388.0,387.0,-15.274108109591452,Normal,3988,Low
India,Tamil Nadu,"Calendar Year (Jan - Dec), 2025","Padmanabhapuram, Municipality",13.4,6.05,5.98,400.0,400.0,389.0,-15.276779627769201,Normal,3989,Low
India,Maharashtra,"Calendar Year (Jan - Dec), 2025","Mangalvedhe, Municipality",38.5,8.76,4.24,563.0,412.0,317.0,-15.282689158769983,Normal,3990,Low
India,Himachal Pradesh,"Calendar Year (Jan - Dec), 2025","Solan, Municipal Corporation",40.16,6.99,6.3,343.0,329.0,321.0,-15.285759077361604,Normal,3991,Low
India,Jammu And Kashmir,"Calendar Year (Jan - Dec), 2025","Khore, Municipality",23.34,8.24,6.04,549.0,549.0,451.0,-15.29814538403798,Normal,3992,Low
India,Chhattisgarh,"Calendar Year (Jan - Dec), 2025","Basna, Town Panchayat",19.25,7.78,7.46,486.0,456.0,439.0,-15.298971515863172,Normal,3993,Low
India,Kerala,"Calendar Year (Jan - Dec), 2025","Vaikom, Municipality",28.98,9.2,7.59,562.0,540.0,469.0,-15.3059943215207,Normal,3994,Low
India,Maharashtra,"Calendar Year (Jan - Dec), 2025","Seloo, Town Panchayat",34.84,9.23,6.53,609.0,546.0,478.0,-15.31626707982889,Normal,3995,Low
India,Rajasthan,"Calendar Year (Jan - Dec), 2025","Jahazpur, Town Panchayat",20.56,6.21,9.19,395.0,254.0,216.0,-15.316270285495364,Normal,3996,Low
India,Rajasthan,"Calendar Year (Jan - Dec), 2025","Bari Sadri, Town Panchayat",36.69,10.85,6.77,716.0,503.0,455.0,-15.318540900628705,Normal,3997,Low
India,Tamil Nadu,"Calendar Year (Jan - Dec), 2025","Velampalayam, Municipal Corporation",10.28,1.67,1.67,78.0,78.0,78.0,-15.329561133845402,Normal,3998,Low
India,Punjab,"Calendar Year (Jan - Dec), 2025","Faridkot, Municipality",39.04,9.23,5.36,551.0,267.0,246.0,-15.332268157263115,Normal,3999,Low
India,Madhya Pradesh,"Calendar Year (Jan - Dec), 2025","Petlawad, Town Panchayat",22.38,7.86,7.47,502.0,480.0,478.0,-15.337336636693749,Normal,4000,Low
India,Assam,"Calendar Year (Jan - Dec), 2025","Jamugurihat, Municipality",7.39,3.71,3.7,247.0,247.0,102.0,-15.338978467118636,Normal,4001,Low
India,Nagaland,"Calendar Year (Jan - Dec), 2025","Chozuba, Town Panchayat",19.81,7.1,6.6,473.0,473.0,473.0,-15.342426489497143,Normal,4002,Low
India,Uttar Pradesh,"Calendar Year (Jan - Dec), 2025","Phalauda, Town Panchayat",26.18,9.44,7.52,629.0,502.0,497.0,-15.348026345209178,Normal,4003,Low
India,Arunachal Pradesh,"Calendar Year (Jan - Dec), 2025","Khonsa, Town Panchayat",20.39,6.55,3.38,319.0,167.0,84.0,-15.353852651803834,Normal,4004,Low
India,Rajasthan,"Calendar Year (Jan - Dec), 2025","Pilibanga, Town Panchayat",35.06,10.7,7.25,687.0,513.0,486.0,-15.357206942611185,Normal,4005,Low
India,Tamil Nadu,"Calendar Year (Jan - Dec), 2025","Kandanur, Town Panchayat",4.58,2.02,1.99,130.0,130.0,126.0,-15.366960101860855,Normal,4006,Low
India,Rajasthan,"Calendar Year (Jan - Dec), 2025","Aklera, Town Panchayat",39.52,10.39,7.67,647.0,384.0,371.0,-15.371539341458458,Normal,4007,Low
India,Kerala,"Calendar Year (Jan - Dec), 2025","Angamaly, Municipality",26.89,8.8,8.06,511.0,499.0,458.0,-15.375172460931026,Normal,4008,Low
India,Rajasthan,"Calendar Year (Jan - Dec), 2025","Atru, Town Panchayat",11.13,2.9,1.17,193.0,66.0,61.0,-15.376502542710682,Normal,4009,Low
India,Maharashtra,"Calendar Year (Jan - Dec), 2025","Satana, Municipality",41.59,7.61,6.19,388.0,346.0,327.0,-15.386285809395417,Normal,4010,Low
India,Tamil Nadu,"Calendar Year (Jan - Dec), 2025","Aygudi, Town Panchayat",14.92,6.51,6.08,431.0,428.0,398.0,-15.389353735674774,Normal,4011,Low
India,Chhattisgarh,"Calendar Year (Jan - Dec), 2025","Balrampur, Municipality",14.0,6.36,5.8,418.0,418.0,388.0,-15.392512894921651,Normal,4012,Low
India,Uttarakhand,"Calendar Year (Jan - Dec), 2025","Chamoli Gopeshwar, Municipality",30.2,10.19,7.41,622.0,531.0,460.0,-15.39722378860904,Normal,4013,Low
India,Maharashtra,"Calendar Year (Jan - Dec), 2025","Kankavli, Town Panchayat",35.64,7.13,7.11,311.0,311.0,311.0,-15.401876863897257,Normal,4014,Low
India,Punjab,"Calendar Year (Jan - Dec), 2025","Maur, Municipality",26.15,9.69,7.14,636.0,514.0,373.0,-15.404006493640395,Normal,4015,Low
India,Maharashtra,"Calendar Year (Jan - Dec), 2025","Yawal, Municipality",40.81,10.43,6.17,632.0,441.0,391.0,-15.404400102176623,Normal,4016,Low
India,Tamil Nadu,"Calendar Year (Jan - Dec), 2025","Melathiruppanthuruthi, Town Panchayat",4.69,2.19,1.83,144.0,144.0,135.0,-15.406320158885592,Normal,4017,Low
India,Tamil Nadu,"Calendar Year (Jan - Dec), 2025","Punjaipuliampatti, Municipality",18.44,7.23,7.06,461.0,461.0,412.0,-15.409838005183872,Normal,4018,Low
India,Gujarat,"Calendar Year (Jan - Dec), 2025","Jambusar, Municipality",33.37,9.83,7.85,627.0,504.0,494.0,-15.412462283904347,Normal,4019,Low
India,Tamil Nadu,"Calendar Year (Jan - Dec), 2025","Kodumudi, Town Panchayat",31.08,6.28,7.84,400.0,400.0,397.0,-15.413325718585725,Normal,4020,Low
India,Uttar Pradesh,"Calendar Year (Jan - Dec), 2025","Aminagar Sarai, Town Panchayat",33.2,10.57,8.23,704.0,453.0,438.0,-15.414572097679752,Normal,4021,Low
India,Rajasthan,"Calendar Year (Jan - Dec), 2025","Sangod, Town Panchayat",31.57,10.17,7.41,677.0,518.0,459.0,-15.41565147079416,Normal,4022,Low
India,Tamil Nadu,"Calendar Year (Jan - Dec), 2025","Sirugamani, Town Panchayat",4.66,1.91,1.87,122.0,122.0,118.0,-15.418435935440527,Normal,4023,Low
India,Maharashtra,"Calendar Year (Jan - Dec), 2025","Akkalkot, Municipality",38.87,7.67,6.35,473.0,423.0,304.0,-15.422310559068023,Normal,4024,Low
India,Uttar Pradesh,"Calendar Year (Jan - Dec), 2025","Sikandrarao, Municipality",23.67,8.89,7.72,585.0,482.0,455.0,-15.423874621555228,Normal,4025,Low
India,Tamil Nadu,"Calendar Year (Jan - Dec), 2025","Anakaputhur, Municipality",38.34,6.43,6.15,327.0,326.0,307.0,-15.426641972518325,Normal,4026,Low
India,Tamil Nadu,"Calendar Year (Jan - Dec), 2025","P.Mettupalayam, Town Panchayat",4.66,2.15,2.05,143.0,142.0,135.0,-15.434684309723252,Normal,4027,Low
India,Tamil Nadu,"Calendar Year (Jan - Dec), 2025","Valavanur, Town Panchayat",13.38,5.91,6.57,390.0,390.0,324.0,-15.440690117183294,Normal,4028,Low
India,Jammu And Kashmir,"Calendar Year (Jan - Dec), 2025","Watra Gam, Municipality",31.78,8.48,6.61,553.0,545.0,444.0,-15.448639304322342,Normal,4029,Low
India,Haryana,"Calendar Year (Jan - Dec), 2025","Sampla, Municipality",22.68,10.13,5.74,672.0,266.0,228.0,-15.456763132827405,Normal,4030,Low
India,Punjab,"Calendar Year (Jan - Dec), 2025","Nadala, Town Panchayat",5.42,1.83,1.23,126.0,79.0,75.0,-15.46266372516601,Normal,4031,Low
India,Tamil Nadu,"Calendar Year (Jan - Dec), 2025","Annamalai Nagar, Town Panchayat",4.88,1.83,1.7,122.0,122.0,109.0,-15.467289607023815,Normal,4032,Low
India,Karnataka,"Calendar Year (Jan - Dec), 2025","Arkalgud, Town Panchayat",25.41,7.57,7.71,486.0,483.0,455.0,-15.468984282615395,Normal,4033,Low
India,Uttar Pradesh,"Calendar Year (Jan - Dec), 2025","Behat, Town Panchayat",25.76,8.99,7.75,594.0,484.0,483.0,-15.470455990223286,Normal,4034,Low
India,Uttar Pradesh,"Calendar Year (Jan - Dec), 2025","Katra Medniganj, Town Panchayat",22.77,8.5,7.6,567.0,467.0,466.0,-15.473808371640928,Normal,4035,Low
India,Himachal Pradesh,"Calendar Year (Jan - Dec), 2025","Nadaun, Town Panchayat",5.89,1.56,1.34,100.0,93.0,91.0,-15.474517932406116,Normal,4036,Low
India,Chhattisgarh,"Calendar Year (Jan - Dec), 2025","Kharod, Town Panchayat",15.26,6.99,6.35,462.0,413.0,403.0,-15.475807836697527,Normal,4037,Low
India,Haryana,"Calendar Year (Jan - Dec), 2025","Taraori, Municipality",30.93,11.25,6.62,722.0,377.0,331.0,-15.495207287257074,Normal,4038,Low
India,Goa,"Calendar Year (Jan - Dec), 2025","Bicholim, Municipality",21.07,2.66,2.72,110.0,110.0,110.0,-15.509885390456645,Normal,4039,Low
India,Punjab,"Calendar Year (Jan - Dec), 2025","Guru Har Sahai, Municipality",26.01,7.51,3.47,498.0,212.0,138.0,-15.510770454298495,Normal,4040,Low
India,Maharashtra,"Calendar Year (Jan - Dec), 2025","Wanadongari , Municipality",12.84,1.96,1.96,81.0,81.0,81.0,-15.510912110109416,Normal,4041,Low
India,Arunachal Pradesh,"Calendar Year (Jan - Dec), 2025","Hawai, Town Panchayat",6.04,1.71,1.19,102.0,85.0,79.0,-15.513271929949497,Normal,4042,Low
India,Tamil Nadu,"Calendar Year (Jan - Dec), 2025","Anaiyur, Municipal Corporation",32.82,4.55,4.55,200.0,200.0,200.0,-15.526918474292529,Normal,4043,Low
India,Punjab,"Calendar Year (Jan - Dec), 2025","Balachaur, Municipality",21.1,7.9,3.62,520.0,474.0,271.0,-15.53253865777475,Normal,4044,Low
India,Tamil Nadu,"Calendar Year (Jan - Dec), 2025","Kurichi, Municipal Corporation",9.95,1.74,1.74,77.0,77.0,77.0,-15.534014713572503,Normal,4045,Low
India,Maharashtra,"Calendar Year (Jan - Dec), 2025","Jaysingpur, Municipality",41.05,7.52,6.16,387.0,325.0,315.0,-15.535957099271684,Normal,4046,Low
India,Tamil Nadu,"Calendar Year (Jan - Dec), 2025","Agastheeswaram, Town Panchayat",21.18,7.48,7.36,460.0,460.0,447.0,-15.537255902322215,Normal,4047,Low
India,Uttar Pradesh,"Calendar Year (Jan - Dec), 2025","Allahganj, Town Panchayat",27.18,9.23,7.96,615.0,474.0,474.0,-15.537595356566385,Normal,4048,Low
India,Manipur,"Calendar Year (Jan - Dec), 2025","Sekmai Bazar, Municipality",12.77,7.32,4.48,481.0,396.0,248.0,-15.538855723878271,Normal,4049,Low
India,Uttar Pradesh,"Calendar Year (Jan - Dec), 2025","Paraspur, Town Panchayat",29.32,9.96,7.37,663.0,491.0,489.0,-15.541050460177246,Normal,4050,Low
India,Tamil Nadu,"Calendar Year (Jan - Dec), 2025","Vellakinar, Municipal Corporation",16.18,2.12,2.12,93.0,93.0,93.0,-15.561035039727074,Normal,4051,Low
India,Maharashtra,"Calendar Year (Jan - Dec), 2025","Lonar, Municipality",28.57,6.14,3.46,397.0,185.0,121.0,-15.56381101472141,Normal,4052,Low
India,Bihar,"Calendar Year (Jan - Dec), 2025","Behea, Town Panchayat",34.74,9.02,6.37,588.0,370.0,258.0,-15.571088961377143,Normal,4053,Low
India,Maharashtra,"Calendar Year (Jan - Dec), 2025","Igatpuri, Municipality",36.58,7.27,6.97,346.0,332.0,309.0,-15.573536987442878,Normal,4054,Low
India,Uttarakhand,"Calendar Year (Jan - Dec), 2025","Lohaghat, Municipality",35.37,6.56,6.56,292.0,292.0,292.0,-15.574980244067092,Normal,4055,Low
India,Tamil Nadu,"Calendar Year (Jan - Dec), 2025","Modakurichi, Town Panchayat",29.23,5.96,8.01,331.0,331.0,321.0,-15.580709669904252,Normal,4056,Low
India,Karnataka,"Calendar Year (Jan - Dec), 2025","Examba, Town Panchayat",17.92,6.45,7.42,426.0,421.0,378.0,-15.582508635064528,Normal,4057,Low
India,Rajasthan,"Calendar Year (Jan - Dec), 2025","Chhoti Sadri, Town Panchayat",24.27,7.7,5.49,502.0,422.0,198.0,-15.582969300963555,Normal,4058,Low
India,Tamil Nadu,"Calendar Year (Jan - Dec), 2025","Vettavalam, Town Panchayat",13.31,6.24,5.26,412.0,412.0,366.0,-15.583174432115413,Normal,4059,Low
India,Tamil Nadu,"Calendar Year (Jan - Dec), 2025","Kayatharu, Town Panchayat",15.39,6.47,6.19,421.0,421.0,397.0,-15.590769369848203,Normal,4060,Low
India,Tamil Nadu,"Calendar Year (Jan - Dec), 2025","Madukkur, Town Panchayat",4.79,2.32,1.94,153.0,153.0,127.0,-15.5948211849622,Normal,4061,Low
India,Rajasthan,"Calendar Year (Jan - Dec), 2025","Kishangarhbas, Town Panchayat",28.38,8.11,3.67,540.0,220.0,167.0,-15.598096671027292,Normal,4062,Low
India,Maharashtra,"Calendar Year (Jan - Dec), 2025","Shinkheda, Town Panchayat",35.85,8.51,4.62,526.0,457.0,329.0,-15.60348950048342,Normal,4063,Low
India,Tamil Nadu,"Calendar Year (Jan - Dec), 2025","Kuzhithurai, Municipality",17.06,6.73,6.64,429.0,429.0,417.0,-15.604152017360263,Normal,4064,Low
India,Haryana,"Calendar Year (Jan - Dec), 2025","Pataudi, Municipality",10.69,4.61,2.82,302.0,78.0,67.0,-15.60607193558468,Normal,4065,Low
India,Punjab,"Calendar Year (Jan - Dec), 2025","Khanna, Municipality",32.05,9.53,8.37,518.0,445.0,414.0,-15.609234730702326,Normal,4066,Low
India,Arunachal Pradesh,"Calendar Year (Jan - Dec), 2025","Ziro, Town Panchayat",35.91,10.84,6.78,633.0,476.0,453.0,-15.611801372779894,Normal,4067,Low
India,Tamil Nadu,"Calendar Year (Jan - Dec), 2025","Sholingur, Municipality",15.51,6.64,6.13,432.0,431.0,383.0,-15.62662955949122,Normal,4068,Low
India,Tamil Nadu,"Calendar Year (Jan - Dec), 2025","Kumarapuram, Town Panchayat",15.88,6.4,6.09,432.0,429.0,400.0,-15.636561144989514,Normal,4069,Low
India,Kerala,"Calendar Year (Jan - Dec), 2025","Kasaragod, Municipality",26.89,8.84,6.93,530.0,515.0,343.0,-15.645407099664112,Normal,4070,Low
India,Uttar Pradesh,"Calendar Year (Jan - Dec), 2025","Shivrajpur, Town Panchayat",19.07,7.27,6.83,484.0,442.0,442.0,-15.646933103072513,Normal,4071,Low
India,Karnataka,"Calendar Year (Jan - Dec), 2025","Wadi, Municipality",20.48,8.09,6.37,540.0,496.0,340.0,-15.648258579667583,Normal,4072,Low
India,Tamil Nadu,"Calendar Year (Jan - Dec), 2025","Killiyoor, Town Panchayat",20.95,7.52,6.97,478.0,474.0,430.0,-15.649085006018595,Normal,4073,Low
India,Odisha,"Calendar Year (Jan - Dec), 2025","Attabira, Town Panchayat",21.44,8.57,6.56,567.0,476.0,448.0,-15.652088824216605,Normal,4074,Low
India,Madhya Pradesh,"Calendar Year (Jan - Dec), 2025","Roun, Town Panchayat",18.79,7.32,5.89,488.0,488.0,402.0,-15.653047099702235,Normal,4075,Low
India,Jammu And Kashmir,"Calendar Year (Jan - Dec), 2025","Kulgam, Municipality",30.22,8.27,6.52,522.0,522.0,451.0,-15.654992267029854,Normal,4076,Low
India,Tamil Nadu,"Calendar Year (Jan - Dec), 2025","Balasamudram, Town Panchayat",14.44,6.45,5.05,430.0,430.0,385.0,-15.657090816572065,Normal,4077,Low
India,Tamil Nadu,"Calendar Year (Jan - Dec), 2025","Mecheri, Town Panchayat",16.72,6.98,5.98,444.0,444.0,417.0,-15.659400633921337,Normal,4078,Low
India,Tamil Nadu,"Calendar Year (Jan - Dec), 2025",Pallapalayam (C ),4.93,1.8,1.79,108.0,108.0,107.0,-15.669075283189102,Normal,4079,Low
India,Tamil Nadu,"Calendar Year (Jan - Dec), 2025","Poolambadi, Town Panchayat",11.88,5.64,5.1,378.0,378.0,345.0,-15.669541588266156,Normal,4080,Low
India,Tamil Nadu,"Calendar Year (Jan - Dec), 2025","Thiruppanandal, Town Panchayat",4.92,2.48,2.3,165.0,165.0,148.0,-15.66970365014214,Normal,4081,Low
India,Tamil Nadu,"Calendar Year (Jan - Dec), 2025","Natham, Town Panchayat",17.82,7.01,5.73,460.0,459.0,435.0,-15.673781348754574,Normal,4082,Low
India,Gujarat,"Calendar Year (Jan - Dec), 2025","Barwala, Municipality",32.59,10.12,6.75,662.0,493.0,455.0,-15.673791665262968,Normal,4083,Low
India,Chhattisgarh,"Calendar Year (Jan - Dec), 2025","Chhuriya, Town Panchayat",12.81,6.05,4.96,401.0,396.0,370.0,-15.677442272089138,Normal,4084,Low
India,Karnataka,"Calendar Year (Jan - Dec), 2025","Konnur, Town Panchayat",20.11,7.48,5.43,497.0,495.0,434.0,-15.684818977363193,Normal,4085,Low
India,Karnataka,"Calendar Year (Jan - Dec), 2025","Kallolli, Town Panchayat",14.72,5.74,2.63,381.0,381.0,363.0,-15.68552572695154,Normal,4086,Low
India,Tamil Nadu,"Calendar Year (Jan - Dec), 2025","Keeramangalam, Town Panchayat",12.75,6.0,4.94,399.0,398.0,363.0,-15.688412497236357,Normal,4087,Low
India,Bihar,"Calendar Year (Jan - Dec), 2025","Mohania, Town Panchayat",34.37,8.95,6.52,588.0,411.0,286.0,-15.702669146601465,Normal,4088,Low
India,Rajasthan,"Calendar Year (Jan - Dec), 2025","Rajaldesar, Town Panchayat",5.36,1.82,1.42,121.0,121.0,116.0,-15.708593974027337,Normal,4089,Low
India,Odisha,"Calendar Year (Jan - Dec), 2025","Digapahandi, Town Panchayat",24.41,8.15,7.52,496.0,468.0,455.0,-15.70952335536191,Normal,4090,Low
India,Karnataka,"Calendar Year (Jan - Dec), 2025","Jog Kargal, Town Panchayat",5.3,2.03,3.1,134.0,134.0,121.0,-15.710715907937299,Normal,4091,Low
India,Madhya Pradesh,"Calendar Year (Jan - Dec), 2025","Jobat, Town Panchayat",20.3,7.16,6.83,469.0,458.0,436.0,-15.713975668704506,Normal,4092,Low
India,Himachal Pradesh,"Calendar Year (Jan - Dec), 2025","Jawalamukhi, Municipality",6.17,1.65,1.28,104.0,92.0,84.0,-15.715182544943218,Normal,4093,Low
India,Karnataka,"Calendar Year (Jan - Dec), 2025","Maddur, Municipality",28.76,8.95,7.21,577.0,502.0,374.0,-15.718696099506474,Normal,4094,Low
India,Madhya Pradesh,"Calendar Year (Jan - Dec), 2025","Jawad, Town Panchayat",26.54,8.24,7.33,542.0,494.0,441.0,-15.719332592991009,Normal,4095,Low
India,Tamil Nadu,"Calendar Year (Jan - Dec), 2025","Vellalur, Town Panchayat",34.17,7.99,7.35,419.0,419.0,412.0,-15.722102973589529,Normal,4096,Low
India,Jammu And Kashmir,"Calendar Year (Jan - Dec), 2025","Kishtwar, Municipality",29.45,7.89,5.88,521.0,521.0,441.0,-15.729519566427541,Normal,4097,Low
India,Uttar Pradesh,"Calendar Year (Jan - Dec), 2025",Gosainganj (Ayodhya),16.44,6.73,6.28,447.0,424.0,407.0,-15.730748233071495,Normal,4098,Low
India,Madhya Pradesh,"Calendar Year (Jan - Dec), 2025","Chandameta- Butaria, Town Panchayat",28.62,7.55,7.23,501.0,482.0,443.0,-15.73979236268866,Normal,4099,Low
India,Uttar Pradesh,"Calendar Year (Jan - Dec), 2025","Bighapur, Town Panchayat",34.32,10.17,6.5,677.0,315.0,315.0,-15.74018031148853,Normal,4100,Low
India,Tamil Nadu,"Calendar Year (Jan - Dec), 2025","Balakrishnampatti, Town Panchayat",11.92,5.58,5.31,369.0,368.0,346.0,-15.741207702926488,Normal,4101,Low
India,Bihar,"Calendar Year (Jan - Dec), 2025","Khagaria, Municipality",35.72,10.06,7.13,655.0,436.0,392.0,-15.741583926711371,Normal,4102,Low
India,Chhattisgarh,"Calendar Year (Jan - Dec), 2025","Rahaud, Town Panchayat",13.61,6.19,5.58,406.0,406.0,353.0,-15.755140335411227,Normal,4103,Low
India,Tamil Nadu,"Calendar Year (Jan - Dec), 2025","Veerakeralam, Municipal Corporation",13.55,2.02,2.02,85.0,85.0,85.0,-15.757398674075034,Normal,4104,Low
India,Tamil Nadu,"Calendar Year (Jan - Dec), 2025","Kurumbalur, Town Panchayat",12.22,5.71,5.31,375.0,375.0,350.0,-15.760249968849678,Normal,4105,Low
India,Madhya Pradesh,"Calendar Year (Jan - Dec), 2025","Dongar Parasia, Municipality",27.41,8.6,7.36,558.0,478.0,474.0,-15.764814270563875,Normal,4106,Low
India,Tamil Nadu,"Calendar Year (Jan - Dec), 2025","Nemili, Town Panchayat",14.72,6.62,5.37,435.0,435.0,357.0,-15.76950658408316,Normal,4107,Low
India,Tamil Nadu,"Calendar Year (Jan - Dec), 2025","Kallukuttam, Town Panchayat",18.07,7.13,6.44,462.0,459.0,383.0,-15.770352562565222,Normal,4108,Low
India,Rajasthan,"Calendar Year (Jan - Dec), 2025","Todaraisingh, Town Panchayat",26.62,8.76,6.46,586.0,512.0,433.0,-15.780968418011867,Normal,4109,Low
India,Tamil Nadu,"Calendar Year (Jan - Dec), 2025","Palappallam, Town Panchayat",15.08,6.26,6.06,408.0,408.0,386.0,-15.785751161356302,Normal,4110,Low
India,Rajasthan,"Calendar Year (Jan - Dec), 2025","Khairthal, Town Panchayat",33.23,9.59,5.77,636.0,268.0,266.0,-15.80905113173202,Normal,4111,Low
India,Gujarat,"Calendar Year (Jan - Dec), 2025","Chalala, Municipality",32.59,10.01,6.69,663.0,470.0,451.0,-15.812973615374062,Normal,4112,Low
India,Maharashtra,"Calendar Year (Jan - Dec), 2025","Bhiwapur, Town Panchayat",34.33,7.81,5.3,493.0,339.0,217.0,-15.818860676619067,Normal,4113,Low
India,Tamil Nadu,"Calendar Year (Jan - Dec), 2025","Killai, Town Panchayat",12.12,5.65,5.33,376.0,375.0,333.0,-15.820492542260581,Normal,4114,Low
India,Telangana,"Calendar Year (Jan - Dec), 2025","Kothakota, Municipality",14.93,2.11,2.11,90.0,90.0,90.0,-15.824709935856731,Normal,4115,Low
India,Arunachal Pradesh,"Calendar Year (Jan - Dec), 2025","Namsai, Town Panchayat",6.9,2.09,1.04,116.0,81.0,69.0,-15.827182191716417,Normal,4116,Low
India,Telangana,"Calendar Year (Jan - Dec), 2025","Peerzadiguda, Municipal Corporation",25.56,4.61,2.56,238.0,101.0,101.0,-15.831940556318386,Normal,4117,Low
India,Tamil Nadu,"Calendar Year (Jan - Dec), 2025","Pudupatti, Town Panchayat",5.01,1.95,1.64,123.0,123.0,114.0,-15.832549354158289,Normal,4118,Low
India,Tamil Nadu,"Calendar Year (Jan - Dec), 2025","Pethanaickenpalayam, Town",15.66,6.68,5.86,421.0,421.0,398.0,-15.83480537617254,Normal,4119,Low
India,Arunachal Pradesh,"Calendar Year (Jan - Dec), 2025","Doimukh, Town Panchayat",10.35,3.42,1.06,175.0,136.0,70.0,-15.83487869977671,Normal,4120,Low
India,Karnataka,"Calendar Year (Jan - Dec), 2025","Kowtal, Town Panchayat",14.32,5.2,2.04,346.0,340.0,305.0,-15.840275957472954,Normal,4121,Low
India,Uttar Pradesh,"Calendar Year (Jan - Dec), 2025","Hetimpur, Town Panchayat",25.72,6.87,3.98,458.0,142.0,137.0,-15.843240939957184,Normal,4122,Low
India,Tamil Nadu,"Calendar Year (Jan - Dec), 2025","Vadakarai Keezhpadugai, Town Panchayat",11.88,5.5,5.3,364.0,363.0,340.0,-15.848470286577026,Normal,4123,Low
India,Tamil Nadu,"Calendar Year (Jan - Dec), 2025","Kappiyarai, Town Panchayat",15.72,6.49,6.17,417.0,414.0,388.0,-15.848749010173776,Normal,4124,Low
India,Maharashtra,"Calendar Year (Jan - Dec), 2025","Sangrampur, Town Panchayat",33.08,7.02,3.87,468.0,381.0,238.0,-15.856212240293075,Normal,4125,Low
India,Rajasthan,"Calendar Year (Jan - Dec), 2025","Bhawani Mandi, Town Panchayat",32.07,9.3,6.64,570.0,495.0,439.0,-15.856429307551366,Normal,4126,Low
India,Karnataka,"Calendar Year (Jan - Dec), 2025","Kurekuppa, Town Panchayat",16.95,6.61,6.04,439.0,439.0,394.0,-15.865588303513505,Normal,4127,Low
India,Tamil Nadu,"Calendar Year (Jan - Dec), 2025","Edaicode, Town Panchayat",20.2,7.32,6.9,445.0,445.0,425.0,-15.87314058236484,Normal,4128,Low
India,Uttar Pradesh,"Calendar Year (Jan - Dec), 2025","Katra Gulab Singh, Town Panchayat",31.49,9.04,4.03,603.0,245.0,239.0,-15.880439298442013,Normal,4129,Low
India,Jammu And Kashmir,"Calendar Year (Jan - Dec), 2025","Bijbehara, Municipality",29.42,7.85,5.32,507.0,507.0,423.0,-15.885694909763458,Normal,4130,Low
India,Himachal Pradesh,"Calendar Year (Jan - Dec), 2025","Rohru, Municipality",6.0,1.73,1.6,90.0,90.0,82.0,-15.890740800502726,Normal,4131,Low
India,Tamil Nadu,"Calendar Year (Jan - Dec), 2025","Gandhinagar, Municipal Corporation",30.05,4.52,4.52,183.0,183.0,183.0,-15.891794264602709,Normal,4132,Low
India,Madhya Pradesh,"Calendar Year (Jan - Dec), 2025","Sardarpur, Town Panchayat",19.44,6.75,6.65,438.0,435.0,428.0,-15.894527189707333,Normal,4133,Low
India,Maharashtra,"Calendar Year (Jan - Dec), 2025","Chakur, Town Panchayat",20.95,5.0,5.1,319.0,137.0,100.0,-15.897313911235926,Normal,4134,Low
India,Tamil Nadu,"Calendar Year (Jan - Dec), 2025","Denkanikottai, Town Panchayat",21.35,7.23,7.0,452.0,452.0,421.0,-15.898098759350148,Normal,4135,Low
India,Karnataka,"Calendar Year (Jan - Dec), 2025","Mallapur, Town Panchayat",14.37,5.22,2.0,343.0,343.0,284.0,-15.898153201941739,Normal,4136,Low
India,Maharashtra,"Calendar Year (Jan - Dec), 2025","Biloli, Municipality",32.64,7.42,4.87,486.0,375.0,220.0,-15.904978396847298,Normal,4137,Low
India,Tamil Nadu,"Calendar Year (Jan - Dec), 2025","Nangavaram, Town Panchayat",13.0,5.96,4.81,396.0,396.0,358.0,-15.910307280064274,Normal,4138,Low
India,Chhattisgarh,"Calendar Year (Jan - Dec), 2025","Jarhi, Town Panchayat",5.12,2.43,2.34,162.0,162.0,159.0,-15.92508626735787,Normal,4139,Low
India,Tamil Nadu,"Calendar Year (Jan - Dec), 2025","Vazhapadi, Town Panchayat",27.69,7.59,7.17,472.0,459.0,445.0,-15.928928427078347,Normal,4140,Low
India,Karnataka,"Calendar Year (Jan - Dec), 2025","Hanur, Town Panchayat",16.6,6.47,5.99,427.0,426.0,398.0,-15.93180587270075,Normal,4141,Low
India,Punjab,"Calendar Year (Jan - Dec), 2025","Jaitu, Municipality",23.37,7.21,3.84,470.0,285.0,141.0,-15.933430664745913,Normal,4142,Low
India,Arunachal Pradesh,"Calendar Year (Jan - Dec), 2025","Seppa, Town Panchayat",28.48,8.28,2.78,455.0,326.0,262.0,-15.94314688823789,Normal,4143,Low
India,Uttar Pradesh,"Calendar Year (Jan - Dec), 2025","Bajna, Town Panchayat",23.25,8.19,7.26,542.0,447.0,439.0,-15.943888764862322,Normal,4144,Low
India,Tamil Nadu,"Calendar Year (Jan - Dec), 2025","Mettupalayam, Town Panchayat",12.3,5.55,5.4,365.0,363.0,346.0,-15.952501816219865,Normal,4145,Low
India,Uttar Pradesh,"Calendar Year (Jan - Dec), 2025","Radhakund, Town Panchayat",20.78,7.57,6.91,504.0,440.0,430.0,-15.953561351031396,Normal,4146,Low
India,Assam,"Calendar Year (Jan - Dec), 2025","Chabua, Town Panchayat",5.31,2.72,2.44,178.0,178.0,112.0,-15.957401707851034,Normal,4147,Low
India,Kerala,"Calendar Year (Jan - Dec), 2025","Tirurangadi, Municipality",21.2,7.8,6.03,495.0,485.0,411.0,-15.960113105946903,Normal,4148,Low
India,Gujarat,"Calendar Year (Jan - Dec), 2025","Dwarka, Municipality",32.77,8.71,7.8,434.0,380.0,374.0,-15.97354978782397,Normal,4149,Low
India,Assam,"Calendar Year (Jan - Dec), 2025","Demow, Town Panchayat",12.13,6.17,6.12,389.0,345.0,276.0,-15.974004002616311,Normal,4150,Low
India,Punjab,"Calendar Year (Jan - Dec), 2025","Mallanwala Khass, Town Panchayat",27.16,9.44,6.41,636.0,425.0,307.0,-15.98220823133073,Normal,4151,Low
India,Tamil Nadu,"Calendar Year (Jan - Dec), 2025","Vadipatti, Town Panchayat",29.31,7.68,7.47,436.0,434.0,408.0,-15.98223036743832,Normal,4152,Low
India,Tamil Nadu,"Calendar Year (Jan - Dec), 2025","S.Nallur, Municipal Corporation",11.11,1.89,1.89,81.0,81.0,81.0,-15.982258259829337,Normal,4153,Low
India,Kerala,"Calendar Year (Jan - Dec), 2025","Changanassery, Municipality",28.86,8.83,7.11,522.0,475.0,361.0,-15.985151532555165,Normal,4154,Low
India,Kerala,"Calendar Year (Jan - Dec), 2025","Adoor, Municipality",24.95,8.33,6.89,528.0,485.0,396.0,-15.987810471360433,Normal,4155,Low
India,Tamil Nadu,"Calendar Year (Jan - Dec), 2025","Coonoor, Municipality",16.56,6.36,6.23,410.0,410.0,399.0,-15.988047176302189,Normal,4156,Low
India,Tamil Nadu,"Calendar Year (Jan - Dec), 2025","Pudur, Town Panchayat",12.97,5.78,5.39,383.0,383.0,341.0,-15.99988673006402,Normal,4157,Low
India,Punjab,"Calendar Year (Jan - Dec), 2025","Tapa, Municipality",21.64,7.61,4.46,497.0,389.0,186.0,-16.00011408260957,Normal,4158,Low
India,Meghalaya,"Calendar Year (Jan - Dec), 2025","Mairang, Town Panchayat",16.42,6.92,4.7,462.0,457.0,262.0,-16.008372930539053,Normal,4159,Low
India,Chhattisgarh,"Calendar Year (Jan - Dec), 2025","Kirandul, Municipality",5.18,2.52,2.53,168.0,168.0,149.0,-16.011396787920887,Normal,4160,Low
India,Maharashtra,"Calendar Year (Jan - Dec), 2025","Shirur-Anantpal, Town Panchayat",31.4,7.27,4.36,481.0,358.0,208.0,-16.01505496950682,Normal,4161,Low
India,Tamil Nadu,"Calendar Year (Jan - Dec), 2025","Thiruvarur, Municipality",26.14,7.5,7.37,439.0,439.0,422.0,-16.029914634778038,Normal,4162,Low
India,Tamil Nadu,"Calendar Year (Jan - Dec), 2025","Thedavur, Town Panchayat",5.59,2.97,2.66,195.0,195.0,182.0,-16.03202934309411,Normal,4163,Low
India,Assam,"Calendar Year (Jan - Dec), 2025","Naharkatiya, Town Panchayat",12.84,6.16,5.93,395.0,364.0,316.0,-16.038206893955362,Normal,4164,Low
India,Chhattisgarh,"Calendar Year (Jan - Dec), 2025","Chikhalakasa, Town Panchayat",8.99,4.33,4.75,289.0,289.0,275.0,-16.040375964229156,Normal,4165,Low
India,Tamil Nadu,"Calendar Year (Jan - Dec), 2025","Keezhkulam, Town Panchayat",14.88,6.09,5.79,395.0,395.0,382.0,-16.041497880936447,Normal,4166,Low
India,Jammu And Kashmir,"Calendar Year (Jan - Dec), 2025","Kupwara, Municipality",26.98,7.32,6.95,471.0,471.0,374.0,-16.047525065736522,Normal,4167,Low
India,Maharashtra,"Calendar Year (Jan - Dec), 2025","Bhabulgaon, Town Panchayat",18.91,4.42,1.73,291.0,171.0,92.0,-16.05191862525851,Normal,4168,Low
India,Tamil Nadu,"Calendar Year (Jan - Dec), 2025","Naranammalpuram, Town Panchayat",15.78,6.64,5.5,433.0,432.0,364.0,-16.052291935457674,Normal,4169,Low
India,Uttar Pradesh,"Calendar Year (Jan - Dec), 2025","Anpara, Town Panchayat",33.89,9.99,6.05,666.0,346.0,337.0,-16.057031356138054,Normal,4170,Low
India,Tamil Nadu,"Calendar Year (Jan - Dec), 2025","Pudupalayam, Town Panchayat",11.16,5.34,4.8,354.0,354.0,315.0,-16.06676603421971,Normal,4171,Low
India,Himachal Pradesh,"Calendar Year (Jan - Dec), 2025","Talai, Town Panchayat",5.55,1.76,1.61,117.0,117.0,113.0,-16.069020634620017,Normal,4172,Low
India,Karnataka,"Calendar Year (Jan - Dec), 2025","Hatti, Town Panchayat",15.3,5.54,2.29,367.0,364.0,300.0,-16.074990183350565,Normal,4173,Low
India,Uttar Pradesh,"Calendar Year (Jan - Dec), 2025","Barauli, Town Panchayat",32.08,9.92,6.98,661.0,399.0,386.0,-16.075283340243573,Normal,4174,Low
India,Tamil Nadu,"Calendar Year (Jan - Dec), 2025","Idikarai, Town Panchayat",31.14,7.39,7.36,365.0,365.0,364.0,-16.075928521674484,Normal,4175,Low
India,Tamil Nadu,"Calendar Year (Jan - Dec), 2025","Kalugumalai, Town Panchayat",10.17,4.79,4.66,319.0,319.0,317.0,-16.081654679148755,Normal,4176,Low
India,Uttar Pradesh,"Calendar Year (Jan - Dec), 2025","Baheri, Municipality",31.5,9.69,7.32,639.0,388.0,365.0,-16.08179700887547,Normal,4177,Low
India,Uttar Pradesh,"Calendar Year (Jan - Dec), 2025","Bilaspur, Town Panchayat",35.17,7.02,6.63,362.0,333.0,330.0,-16.088594113567126,Normal,4178,Low
India,Kerala,"Calendar Year (Jan - Dec), 2025","Piravom, Municipality",26.47,8.68,7.3,524.0,459.0,394.0,-16.096281088451803,Normal,4179,Low
India,Chhattisgarh,"Calendar Year (Jan - Dec), 2025","Mandir Hasaud, Municipality",12.81,6.12,4.85,408.0,374.0,357.0,-16.099836234880513,Normal,4180,Low
India,Tamil Nadu,"Calendar Year (Jan - Dec), 2025","Lalpet, Town Panchayat",5.34,2.71,2.49,180.0,180.0,155.0,-16.10135968731055,Normal,4181,Low
India,Maharashtra,"Calendar Year (Jan - Dec), 2025","Sangole, Municipality",36.06,7.74,5.9,451.0,417.0,367.0,-16.10219590709903,Normal,4182,Low
India,Gujarat,"Calendar Year (Jan - Dec), 2025",Valsad Industrial Development Area,31.03,4.91,4.91,208.0,208.0,208.0,-16.103023705018472,Normal,4183,Low
India,Punjab,"Calendar Year (Jan - Dec), 2025","Amloh, Municipality",19.92,7.69,6.45,502.0,450.0,385.0,-16.108857168882878,Normal,4184,Low
India,Uttarakhand,"Calendar Year (Jan - Dec), 2025","Joshimath, Municipality",20.91,9.43,7.39,353.0,353.0,320.0,-16.113752087400087,Normal,4185,Low
India,Odisha,"Calendar Year (Jan - Dec), 2025","Chikiti, Town Panchayat",13.16,6.03,5.44,395.0,372.0,353.0,-16.11404033947497,Normal,4186,Low
India,Tamil Nadu,"Calendar Year (Jan - Dec), 2025","Thakkolam, Town Panchayat",5.42,2.48,1.68,162.0,162.0,113.0,-16.117368166177528,Normal,4187,Low
India,Tamil Nadu,"Calendar Year (Jan - Dec), 2025","Thirunindravur, Municipality",33.52,5.4,5.33,262.0,262.0,252.0,-16.118356167793706,Normal,4188,Low
India,Uttar Pradesh,"Calendar Year (Jan - Dec), 2025",Prayagraj Development Authority,31.54,5.82,4.15,388.0,388.0,388.0,-16.11925613379185,Normal,4189,Low
India,Maharashtra,"Calendar Year (Jan - Dec), 2025","Vada, Town Panchayat",28.57,5.64,6.57,239.0,239.0,239.0,-16.122431922355872,Normal,4190,Low
India,Gujarat,"Calendar Year (Jan - Dec), 2025","Magdalla, Municipal Corporation",24.45,8.0,8.0,356.0,356.0,356.0,-16.126074378308033,Normal,4191,Low
India,Karnataka,"Calendar Year (Jan - Dec), 2025","Hirekerur, Town Panchayat",30.02,8.08,5.87,499.0,468.0,454.0,-16.13400778156813,Normal,4192,Low
India,Punjab,"Calendar Year (Jan - Dec), 2025","Dhuri, Municipality",33.26,9.78,7.04,622.0,367.0,354.0,-16.13505339197991,Normal,4193,Low
India,Punjab,"Calendar Year (Jan - Dec), 2025","Dhanaula, Municipality",25.08,8.35,4.32,553.0,407.0,239.0,-16.135263712581548,Normal,4194,Low
India,Tamil Nadu,"Calendar Year (Jan - Dec), 2025","Mayiladuthurai, Municipality",20.99,6.79,6.54,435.0,435.0,425.0,-16.136314829092214,Normal,4195,Low
India,Meghalaya,"Calendar Year (Jan - Dec), 2025","Baghmara, Municipality",14.83,5.97,3.7,399.0,286.0,116.0,-16.144619698389647,Normal,4196,Low
India,Himachal Pradesh,"Calendar Year (Jan - Dec), 2025","Gagret, Town Panchayat",5.89,1.68,1.51,108.0,104.0,104.0,-16.14501871336836,Normal,4197,Low
India,Assam,"Calendar Year (Jan - Dec), 2025","Bijni, Town Panchayat",7.33,4.04,3.17,269.0,269.0,226.0,-16.146624109103755,Normal,4198,Low
India,Tamil Nadu,"Calendar Year (Jan - Dec), 2025",Kannivadi (D),5.08,2.08,1.82,131.0,131.0,122.0,-16.152712432203202,Normal,4199,Low
India,Maharashtra,"Calendar Year (Jan - Dec), 2025","Mangrulpir, Municipality",32.76,7.83,6.01,497.0,381.0,256.0,-16.15879967866084,Normal,4200,Low
India,Tamil Nadu,"Calendar Year (Jan - Dec), 2025","Vandavasi, Municipality",17.64,6.74,6.09,427.0,427.0,393.0,-16.16021784345918,Normal,4201,Low
India,Haryana,"Calendar Year (Jan - Dec), 2025","Assandh, Municipality",25.1,9.21,5.72,587.0,465.0,418.0,-16.166573183812147,Normal,4202,Low
India,Tamil Nadu,"Calendar Year (Jan - Dec), 2025","Kaliyakkavilai, Town Panchayat",16.85,6.62,6.23,420.0,419.0,366.0,-16.169908128049883,Normal,4203,Low
India,Tamil Nadu,"Calendar Year (Jan - Dec), 2025","Belur, Town Panchayat",5.22,1.94,1.73,121.0,121.0,112.0,-16.17249878509159,Normal,4204,Low
India,Uttar Pradesh,"Calendar Year (Jan - Dec), 2025","Poorav Pashchim Shareera, Town Panchayat",23.69,8.57,7.13,571.0,426.0,417.0,-16.184900737293958,Normal,4205,Low
India,Tamil Nadu,"Calendar Year (Jan - Dec), 2025","Olagadam, Town Panchayat",5.06,2.13,2.04,135.0,135.0,131.0,-16.190952708847533,Normal,4206,Low
India,Maharashtra,"Calendar Year (Jan - Dec), 2025","Nandgaon Khandeshwar, Town Panchayat",36.06,8.78,6.37,577.0,359.0,326.0,-16.19368518110923,Normal,4207,Low
India,Tamil Nadu,"Calendar Year (Jan - Dec), 2025","Eral, Town Panchayat",5.08,2.01,1.94,124.0,124.0,119.0,-16.19761056903934,Normal,4208,Low
India,Karnataka,"Calendar Year (Jan - Dec), 2025","Birur, Municipality",32.24,8.27,4.76,536.0,311.0,223.0,-16.199585890094397,Normal,4209,Low
India,Assam,"Calendar Year (Jan - Dec), 2025","Nazira, Municipality",12.18,5.96,5.44,384.0,360.0,298.0,-16.203668079549175,Normal,4210,Low
India,Tamil Nadu,"Calendar Year (Jan - Dec), 2025","Thenthamaraikulam, Town Panchayat",14.3,6.0,5.52,391.0,387.0,366.0,-16.205183440094515,Normal,4211,Low
India,Tamil Nadu,"Calendar Year (Jan - Dec), 2025","Arimalam, Town Panchayat",20.28,7.0,6.24,461.0,461.0,360.0,-16.209577219758728,Normal,4212,Low
India,Tamil Nadu,"Calendar Year (Jan - Dec), 2025","Thirumuruganpoondi, Municipality",31.67,6.35,6.34,386.0,386.0,380.0,-16.216942913608193,Normal,4213,Low
India,Maharashtra,"Calendar Year (Jan - Dec), 2025","Lohara, Town Panchayat",33.72,7.68,6.76,512.0,389.0,313.0,-16.21771697589395,Normal,4214,Low
India,Tamil Nadu,"Calendar Year (Jan - Dec), 2025","Ettayapuram, Town Panchayat",13.81,5.76,5.52,372.0,372.0,367.0,-16.220358327113786,Normal,4215,Low
India,Uttar Pradesh,"Calendar Year (Jan - Dec), 2025",Muzaffarnagar Development Authority,25.99,6.72,5.73,448.0,448.0,448.0,-16.221193981005626,Normal,4216,Low
India,Maharashtra,"Calendar Year (Jan - Dec), 2025","Nevasa, Town Panchayat",33.49,7.84,5.39,476.0,392.0,264.0,-16.228454007682444,Normal,4217,Low
India,Tamil Nadu,"Calendar Year (Jan - Dec), 2025","Eriodu, Town Panchayat",5.37,1.87,1.67,111.0,111.0,106.0,-16.22883959827749,Normal,4218,Low
India,Chhattisgarh,"Calendar Year (Jan - Dec), 2025","Dalli-Rajhara, Municipality",7.85,3.92,4.0,261.0,261.0,253.0,-16.232143873956772,Normal,4219,Low
India,Bihar,"Calendar Year (Jan - Dec), 2025","Shahpur, Town Panchayat",29.67,7.75,5.83,506.0,453.0,297.0,-16.23277016309953,Normal,4220,Low
India,Uttarakhand,"Calendar Year (Jan - Dec), 2025","Bageshwar, Municipality",21.94,7.37,6.33,477.0,470.0,343.0,-16.233242796611364,Normal,4221,Low
India,Maharashtra,"Calendar Year (Jan - Dec), 2025","Chandur Railway, Municipality",26.47,6.49,6.31,411.0,351.0,200.0,-16.23877918083008,Normal,4222,Low
India,Maharashtra,"Calendar Year (Jan - Dec), 2025","Manora, Town Panchayat",30.97,7.2,5.96,476.0,435.0,294.0,-16.24039113487072,Normal,4223,Low
India,West Bengal,"Calendar Year (Jan - Dec), 2025","Kulti, Municipal Corporation",14.94,2.16,2.16,94.0,94.0,94.0,-16.248453721293743,Normal,4224,Low
India,Rajasthan,"Calendar Year (Jan - Dec), 2025","Churu, Municipality",27.13,6.97,7.49,418.0,400.0,326.0,-16.260468230771494,Normal,4225,Low
India,Chhattisgarh,"Calendar Year (Jan - Dec), 2025","Samoda, Town Panchayat",8.63,4.37,3.34,291.0,291.0,283.0,-16.26714457074621,Normal,4226,Low
India,Tamil Nadu,"Calendar Year (Jan - Dec), 2025","Thisayanvilai, Town Panchayat",16.66,6.5,5.86,422.0,422.0,362.0,-16.270231018572474,Normal,4227,Low
India,Karnataka,"Calendar Year (Jan - Dec), 2025","Boragaon, Town Panchayat",17.59,6.6,5.54,430.0,427.0,402.0,-16.2733715216433,Normal,4228,Low
India,Uttar Pradesh,"Calendar Year (Jan - Dec), 2025","Naugawan Sadat, Town Panchayat",20.83,7.61,6.73,507.0,422.0,409.0,-16.281815791201325,Normal,4229,Low
India,Tamil Nadu,"Calendar Year (Jan - Dec), 2025","S.Kodikulam, Town Panchayat",5.34,2.03,1.84,133.0,133.0,106.0,-16.285119959387316,Normal,4230,Low
India,Tamil Nadu,"Calendar Year (Jan - Dec), 2025","Veppathur, Town Panchayat",5.38,2.45,1.97,161.0,161.0,156.0,-16.28904131641025,Normal,4231,Low
India,Tamil Nadu,"Calendar Year (Jan - Dec), 2025","Vilapakkam, Town Panchayat",9.07,4.6,3.99,306.0,304.0,276.0,-16.290720756016412,Normal,4232,Low
India,Tamil Nadu,"Calendar Year (Jan - Dec), 2025","Alwarthirunagiri, Town Panchayat",5.2,2.28,2.18,149.0,149.0,141.0,-16.293390663349953,Normal,4233,Low
India,Maharashtra,"Calendar Year (Jan - Dec), 2025","Mehkar, Municipality",36.78,7.64,5.95,397.0,318.0,297.0,-16.310712191376126,Normal,4234,Low
India,Chhattisgarh,"Calendar Year (Jan - Dec), 2025","Geedam, Town Panchayat",14.5,6.66,5.41,443.0,390.0,337.0,-16.334501007894858,Normal,4235,Low
India,Tamil Nadu,"Calendar Year (Jan - Dec), 2025","Komaralingam, Town Panchayat",10.17,4.8,4.62,318.0,318.0,295.0,-16.337919957334407,Normal,4236,Low
India,Madhya Pradesh,"Calendar Year (Jan - Dec), 2025","Mau, Town Panchayat",16.77,6.28,6.4,418.0,403.0,334.0,-16.338022139987572,Normal,4237,Low
India,Karnataka,"Calendar Year (Jan - Dec), 2025","Mugalkhod, Town Panchayat",15.21,5.78,5.95,385.0,385.0,351.0,-16.338645764710577,Normal,4238,Low
India,Uttar Pradesh,"Calendar Year (Jan - Dec), 2025","Sahpau, Town Panchayat",27.29,8.94,7.14,596.0,410.0,402.0,-16.355532980157136,Normal,4239,Low
India,Tamil Nadu,"Calendar Year (Jan - Dec), 2025","Gingee, Town Panchayat",18.89,6.65,6.38,412.0,410.0,400.0,-16.360627500653095,Normal,4240,Low
India,Uttar Pradesh,"Calendar Year (Jan - Dec), 2025","Mursan, Town Panchayat",15.53,6.24,5.9,416.0,383.0,374.0,-16.36100333532471,Normal,4241,Low
India,Uttarakhand,"Calendar Year (Jan - Dec), 2025","Uttarkashi, Municipality",8.15,1.88,1.52,94.0,81.0,70.0,-16.361311060615094,Normal,4242,Low
India,Uttar Pradesh,"Calendar Year (Jan - Dec), 2025","Barnahal, Town Panchayat",9.44,2.69,1.13,179.0,70.0,69.0,-16.367932515615962,Normal,4243,Low
India,Tamil Nadu,"Calendar Year (Jan - Dec), 2025","Alur, Town Panchayat",10.21,4.78,4.72,310.0,310.0,304.0,-16.36982037562791,Normal,4244,Low
India,Tamil Nadu,"Calendar Year (Jan - Dec), 2025","Periya Negamam, Town Panchayat",5.29,2.45,2.3,159.0,159.0,148.0,-16.371246650028297,Normal,4245,Low
India,Karnataka,"Calendar Year (Jan - Dec), 2025","Yelandur, Town Panchayat",14.03,5.6,5.57,372.0,372.0,349.0,-16.373342908245206,Normal,4246,Low
India,Gujarat,"Calendar Year (Jan - Dec), 2025","Bhayavadar, Municipality",34.21,9.04,6.51,545.0,394.0,368.0,-16.376999089200297,Normal,4247,Low
India,Tamil Nadu,"Calendar Year (Jan - Dec), 2025","Thudiyalur, Municipal Corporation",29.41,4.5,4.5,195.0,195.0,195.0,-16.382844014198838,Normal,4248,Low
India,Tamil Nadu,"Calendar Year (Jan - Dec), 2025","Periyakodiveri, Town Panchayat",28.81,6.44,5.49,428.0,426.0,414.0,-16.387190477081674,Normal,4249,Low
India,Rajasthan,"Calendar Year (Jan - Dec), 2025","Bayana, Town Panchayat",20.47,7.38,3.91,487.0,422.0,234.0,-16.388021786068975,Normal,4250,Low
India,Gujarat,"Calendar Year (Jan - Dec), 2025","Kathlal, Municipality",27.01,7.52,6.99,449.0,419.0,416.0,-16.39039067904099,Normal,4251,Low
India,Tamil Nadu,"Calendar Year (Jan - Dec), 2025","Polur, Town Panchayat",18.5,6.75,6.14,428.0,428.0,369.0,-16.390474992271436,Normal,4252,Low
India,Uttarakhand,"Calendar Year (Jan - Dec), 2025","Chiniyalisaun, Town Panchayat",19.58,6.66,4.88,441.0,440.0,415.0,-16.39718955865601,Normal,4253,Low
India,Maharashtra,"Calendar Year (Jan - Dec), 2025","Kuhi, Town Panchayat",31.35,8.01,4.96,530.0,435.0,334.0,-16.398096805645196,Normal,4254,Low
India,Odisha,"Calendar Year (Jan - Dec), 2025","Kashinagar, Town Panchayat",16.26,6.99,5.59,461.0,396.0,383.0,-16.398908316985114,Normal,4255,Low
India,Tamil Nadu,"Calendar Year (Jan - Dec), 2025","Seerapalli, Town Panchayat",11.46,5.33,4.52,354.0,354.0,305.0,-16.41546856226921,Normal,4256,Low
India,Tamil Nadu,"Calendar Year (Jan - Dec), 2025","Manalurpet, Town Panchayat",10.97,5.01,4.73,332.0,332.0,306.0,-16.427914398023802,Normal,4257,Low
India,Assam,"Calendar Year (Jan - Dec), 2025","Makum, Town Panchayat",5.71,2.87,2.35,191.0,191.0,136.0,-16.44129318128182,Normal,4258,Low
India,Tamil Nadu,"Calendar Year (Jan - Dec), 2025","Kambainallur, Town Panchayat",14.6,6.25,5.12,414.0,409.0,302.0,-16.443717142482967,Normal,4259,Low
India,Puducherry,"Calendar Year (Jan - Dec), 2025","Ozhukarai, Municipality",27.55,3.82,3.82,174.0,174.0,174.0,-16.460244492943502,Normal,4260,Low
India,Jammu And Kashmir,"Calendar Year (Jan - Dec), 2025","Vijay Pur, Municipality",6.08,1.96,1.39,127.0,127.0,110.0,-16.46490895208882,Normal,4261,Low
India,Madhya Pradesh,"Calendar Year (Jan - Dec), 2025","Ambah, Municipality",21.55,7.43,6.7,482.0,425.0,381.0,-16.465893081847867,Normal,4262,Low
India,Tamil Nadu,"Calendar Year (Jan - Dec), 2025","Ponnamaravathi, Town Panchayat",31.27,5.85,4.94,375.0,375.0,373.0,-16.476927056008947,Normal,4263,Low
India,Punjab,"Calendar Year (Jan - Dec), 2025","Zira, Municipality",27.81,8.4,4.68,573.0,324.0,228.0,-16.47921616919581,Normal,4264,Low
India,Tamil Nadu,"Calendar Year (Jan - Dec), 2025","Kattuputhur, Town Panchayat",5.39,2.27,1.96,149.0,149.0,117.0,-16.48306990476425,Normal,4265,Low
India,Tamil Nadu,"Calendar Year (Jan - Dec), 2025","Tharangambadi, Town Panchayat",11.39,4.46,5.91,295.0,294.0,268.0,-16.484432279864507,Normal,4266,Low
India,Karnataka,"Calendar Year (Jan - Dec), 2025","Turvihal, Town Panchayat",17.02,6.3,4.03,417.0,414.0,388.0,-16.484708706372714,Normal,4267,Low
India,Haryana,"Calendar Year (Jan - Dec), 2025","Samalkha, Municipality",28.46,9.24,5.19,560.0,348.0,254.0,-16.493659561122058,Normal,4268,Low
India,Tamil Nadu,"Calendar Year (Jan - Dec), 2025","Thiruvennainallur, Town Panchayat",13.4,5.74,5.08,380.0,380.0,317.0,-16.504981186327655,Normal,4269,Low
India,Gujarat,"Calendar Year (Jan - Dec), 2025","Raval, Municipality",16.14,6.02,5.66,397.0,397.0,364.0,-16.5081496596614,Normal,4270,Low
India,Uttar Pradesh,"Calendar Year (Jan - Dec), 2025","Baragaon, Town Panchayat",21.36,7.55,6.68,499.0,410.0,398.0,-16.51503342973416,Normal,4271,Low
India,Chhattisgarh,"Calendar Year (Jan - Dec), 2025","Manendragarh, Municipality",13.34,5.6,5.2,362.0,362.0,345.0,-16.516137405217364,Normal,4272,Low
India,Uttarakhand,"Calendar Year (Jan - Dec), 2025","Tharali, Town Panchayat",5.89,1.94,1.39,118.0,99.0,88.0,-16.517208244089716,Normal,4273,Low
India,Arunachal Pradesh,"Calendar Year (Jan - Dec), 2025","Koloriang, Town Panchayat",27.87,8.48,2.87,465.0,268.0,266.0,-16.51966145538853,Normal,4274,Low
India,Tamil Nadu,"Calendar Year (Jan - Dec), 2025","Kallakudi, Town Panchayat",5.49,2.46,2.41,162.0,162.0,156.0,-16.521824052515967,Normal,4275,Low
India,Tamil Nadu,"Calendar Year (Jan - Dec), 2025","Tittakudi, Municipality",12.35,5.6,4.6,370.0,370.0,304.0,-16.522958861927634,Normal,4276,Low
India,Maharashtra,"Calendar Year (Jan - Dec), 2025","Lankhadur, Town Panchayat",34.12,7.65,6.25,507.0,381.0,368.0,-16.52481719182822,Normal,4277,Low
India,Nagaland,"Calendar Year (Jan - Dec), 2025","Mangkolemba, Town Panchayat",5.61,2.15,1.72,143.0,143.0,136.0,-16.52812912181753,Normal,4278,Low
India,Maharashtra,"Calendar Year (Jan - Dec), 2025","Shirdi, Town Panchayat",34.51,6.26,4.02,386.0,331.0,282.0,-16.528252021516835,Normal,4279,Low
India,Bihar,"Calendar Year (Jan - Dec), 2025","Dumra, Town Panchayat",25.16,6.74,6.4,428.0,428.0,294.0,-16.537424282555378,Normal,4280,Low
India,Uttar Pradesh,"Calendar Year (Jan - Dec), 2025","Mundiya, Town Panchayat",30.73,9.36,6.33,624.0,364.0,364.0,-16.53995934452388,Normal,4281,Low
India,Rajasthan,"Calendar Year (Jan - Dec), 2025","Lalsot, Town Panchayat",29.35,8.36,6.44,523.0,402.0,303.0,-16.542145839310024,Normal,4282,Low
India,Uttar Pradesh,"Calendar Year (Jan - Dec), 2025","Govardhan, Town Panchayat",19.25,6.87,6.33,443.0,416.0,367.0,-16.544061992858246,Normal,4283,Low
India,Maharashtra,"Calendar Year (Jan - Dec), 2025","Mhaswad, Municipality",30.23,7.42,5.59,485.0,438.0,376.0,-16.544425279731854,Normal,4284,Low
India,Gujarat,"Calendar Year (Jan - Dec), 2025",Kanakpur-Kansad Municipality,25.84,7.18,7.27,365.0,365.0,363.0,-16.546249114990758,Normal,4285,Low
India,Tamil Nadu,"Calendar Year (Jan - Dec), 2025","Kilpennathur, Town Panchayat",11.89,5.44,4.46,361.0,361.0,300.0,-16.54970887862561,Normal,4286,Low
India,Jammu And Kashmir,"Calendar Year (Jan - Dec), 2025","Katra, Municipality",6.32,2.04,1.48,134.0,134.0,93.0,-16.554224051646486,Normal,4287,Low
India,Tamil Nadu,"Calendar Year (Jan - Dec), 2025","Chetpet, Town Panchayat",12.61,5.56,4.88,363.0,363.0,319.0,-16.555375107985355,Normal,4288,Low
India,Maharashtra,"Calendar Year (Jan - Dec), 2025","Pombhurna, Town Panchayat",9.17,2.3,1.29,152.0,76.0,64.0,-16.56875988816921,Normal,4289,Low
India,Madhya Pradesh,"Calendar Year (Jan - Dec), 2025","Nayagaon, Town Panchayat",18.37,6.6,5.97,437.0,406.0,387.0,-16.572152399127106,Normal,4290,Low
India,Tamil Nadu,"Calendar Year (Jan - Dec), 2025","Kalavai, Town Panchayat",12.93,5.84,4.85,383.0,372.0,311.0,-16.57324782025637,Normal,4291,Low
India,Tamil Nadu,"Calendar Year (Jan - Dec), 2025","Vaniputhur, Town Panchayat",5.35,2.17,1.99,139.0,138.0,122.0,-16.581358180180928,Normal,4292,Low
India,Tamil Nadu,"Calendar Year (Jan - Dec), 2025","Karungal, Town Panchayat",16.67,6.17,5.82,390.0,390.0,375.0,-16.58730660600048,Normal,4293,Low
India,Tamil Nadu,"Calendar Year (Jan - Dec), 2025","Kalapatti, Municipal Corporation",23.87,3.25,3.25,144.0,144.0,144.0,-16.597017326691002,Normal,4294,Low
India,Nagaland,"Calendar Year (Jan - Dec), 2025","Tizit, Town Panchayat",16.29,6.08,4.88,405.0,405.0,377.0,-16.597894053411494,Normal,4295,Low
India,Maharashtra,"Calendar Year (Jan - Dec), 2025","Zari Zamani, Town Panchayat",17.5,4.08,2.4,267.0,143.0,75.0,-16.59966020468852,Normal,4296,Low
India,Rajasthan,"Calendar Year (Jan - Dec), 2025","Makrana, Municipality",25.87,8.15,5.27,538.0,436.0,303.0,-16.599740280551373,Normal,4297,Low
India,Haryana,"Calendar Year (Jan - Dec), 2025","Shahbad, Municipality",29.0,9.53,5.54,578.0,337.0,280.0,-16.600024391855754,Normal,4298,Low
India,Gujarat,"Calendar Year (Jan - Dec), 2025","Dakor, Municipality",35.05,8.08,6.22,459.0,338.0,330.0,-16.603190093397302,Normal,4299,Low
India,Tamil Nadu,"Calendar Year (Jan - Dec), 2025","Kallakurichi, Municipality",22.48,6.71,6.73,399.0,399.0,388.0,-16.6039362261173,Normal,4300,Low
India,Tamil Nadu,"Calendar Year (Jan - Dec), 2025","Chidambaram, Municipality",31.61,6.03,5.87,322.0,321.0,316.0,-16.609021261324017,Normal,4301,Low
India,Jammu And Kashmir,"Calendar Year (Jan - Dec), 2025","R.S. Pora, Municipality",14.82,5.83,4.1,381.0,381.0,381.0,-16.610512983059834,Normal,4302,Low
India,Tamil Nadu,"Calendar Year (Jan - Dec), 2025","Kuniyamuthur, Municipal Corporation",20.49,2.76,2.76,123.0,123.0,123.0,-16.618044192090963,Normal,4303,Low
India,Assam,"Calendar Year (Jan - Dec), 2025","Margherita, Town Panchayat",16.18,7.27,5.96,448.0,376.0,354.0,-16.622680349362213,Normal,4304,Low
India,Punjab,"Calendar Year (Jan - Dec), 2025","Ajnala, Municipality",18.22,7.42,5.19,492.0,426.0,319.0,-16.623208880216623,Normal,4305,Low
India,The Dadra And Nagar Haveli And Daman And Diu,"Calendar Year (Jan - Dec), 2025","Diu, Municipality",13.67,5.27,2.82,346.0,346.0,342.0,-16.623249286972168,Normal,4306,Low
India,Tamil Nadu,"Calendar Year (Jan - Dec), 2025","Thiruvalam, Town Panchayat",5.83,2.81,2.71,184.0,183.0,173.0,-16.625621443727482,Normal,4307,Low
India,Gujarat,"Calendar Year (Jan - Dec), 2025","Sarigam, Municipality",26.89,7.06,7.06,301.0,301.0,301.0,-16.62873220326611,Normal,4308,Low
India,Uttar Pradesh,"Calendar Year (Jan - Dec), 2025","Martinganj, Town Panchayat",25.51,7.14,3.59,476.0,165.0,160.0,-16.62974852311868,Normal,4309,Low
India,Punjab,"Calendar Year (Jan - Dec), 2025","Khanauri, Town Panchayat",22.3,8.41,5.22,559.0,421.0,388.0,-16.632409669382753,Normal,4310,Low
India,Arunachal Pradesh,"Calendar Year (Jan - Dec), 2025","Kimin, Town Panchayat",14.01,4.63,1.4,237.0,173.0,93.0,-16.637938672507516,Normal,4311,Low
India,Assam,"Calendar Year (Jan - Dec), 2025","Sootea, Town Panchayat",18.28,7.83,4.81,448.0,297.0,162.0,-16.640172448281135,Normal,4312,Low
India,Telangana,"Calendar Year (Jan - Dec), 2025","Thorrur, Municipality",16.92,4.17,1.39,272.0,204.0,132.0,-16.640404123272106,Normal,4313,Low
India,Tamil Nadu,"Calendar Year (Jan - Dec), 2025",Athur (K),16.09,6.23,5.72,388.0,388.0,361.0,-16.643194947719678,Normal,4314,Low
India,Gujarat,"Calendar Year (Jan - Dec), 2025","Manavadar, Municipality",33.1,8.78,6.56,495.0,355.0,350.0,-16.65014760096915,Normal,4315,Low
India,Tamil Nadu,"Calendar Year (Jan - Dec), 2025","Pooluvapatti, Town Panchayat",9.37,4.38,4.24,290.0,290.0,275.0,-16.651641713790298,Normal,4316,Low
India,Karnataka,"Calendar Year (Jan - Dec), 2025","Sulya, Town Panchayat",17.65,6.45,5.45,416.0,416.0,366.0,-16.661497331554813,Normal,4317,Low
India,Bihar,"Calendar Year (Jan - Dec), 2025","Barh, Municipality",31.38,7.42,5.9,456.0,404.0,325.0,-16.66180794330694,Normal,4318,Low
India,Kerala,"Calendar Year (Jan - Dec), 2025","Koothattukulam, Municipality",25.75,7.62,6.32,453.0,436.0,344.0,-16.667820260290398,Normal,4319,Low
India,Tamil Nadu,"Calendar Year (Jan - Dec), 2025","Thanthoni, Municipal Corporation",28.41,4.31,4.31,194.0,194.0,194.0,-16.669139086368887,Normal,4320,Low
India,Manipur,"Calendar Year (Jan - Dec), 2025","Jiribam, Municipality",10.91,5.38,4.12,343.0,311.0,154.0,-16.67142329347064,Normal,4321,Low
India,Tamil Nadu,"Calendar Year (Jan - Dec), 2025","Kadambur, Town Panchayat",5.53,2.41,2.39,157.0,157.0,150.0,-16.672580112493392,Normal,4322,Low
India,Tamil Nadu,"Calendar Year (Jan - Dec), 2025","Kalappanaickenpatti, Town Panchayat",9.87,4.61,4.23,304.0,304.0,285.0,-16.67289269619539,Normal,4323,Low
India,Himachal Pradesh,"Calendar Year (Jan - Dec), 2025","Tahliwal, Town Panchayat",16.93,6.1,5.19,402.0,395.0,391.0,-16.673792649674226,Normal,4324,Low
India,Maharashtra,"Calendar Year (Jan - Dec), 2025","Deori, Town Panchayat",28.26,7.06,3.7,464.0,383.0,266.0,-16.674917525196747,Normal,4325,Low
India,West Bengal,"Calendar Year (Jan - Dec), 2025","Raniganj, Municipal Corporation",29.88,5.08,5.08,229.0,229.0,229.0,-16.679136621259318,Normal,4326,Low
India,Tamil Nadu,"Calendar Year (Jan - Dec), 2025","Muthupet, Town Panchayat",8.21,4.0,3.63,267.0,267.0,249.0,-16.6855682751505,Normal,4327,Low
India,Chhattisgarh,"Calendar Year (Jan - Dec), 2025","Bhanupratappur, Town Panchayat",10.07,4.73,4.72,311.0,311.0,240.0,-16.685649841948077,Normal,4328,Low
India,Tamil Nadu,"Calendar Year (Jan - Dec), 2025","Goundampalayam, Municipal Corporation",21.67,3.0,3.0,130.0,130.0,130.0,-16.68970216356604,Normal,4329,Low
India,Haryana,"Calendar Year (Jan - Dec), 2025","Kharkhoda, Municipality",10.19,4.25,2.15,278.0,231.0,95.0,-16.693690370152524,Normal,4330,Low
India,Tamil Nadu,"Calendar Year (Jan - Dec), 2025","Sundarapandiapuram, Town Panchayat",11.24,4.92,4.68,326.0,323.0,310.0,-16.693985190868148,Normal,4331,Low
India,Tamil Nadu,"Calendar Year (Jan - Dec), 2025","Chinnavedampatti, Municipal Corporation",16.6,2.33,2.33,106.0,106.0,106.0,-16.694794286239812,Normal,4332,Low
India,Gujarat,"Calendar Year (Jan - Dec), 2025","Amod, Municipality",24.55,7.48,6.79,461.0,407.0,389.0,-16.695761597026888,Normal,4333,Low
India,Bihar,"Calendar Year (Jan - Dec), 2025","Hilsa, Municipality",29.79,7.76,5.66,507.0,394.0,283.0,-16.69945970496991,Normal,4334,Low
India,Tamil Nadu,"Calendar Year (Jan - Dec), 2025","Thirukarungudi, Town Panchayat",11.58,5.07,4.89,334.0,334.0,296.0,-16.700111234253598,Normal,4335,Low
India,Tamil Nadu,"Calendar Year (Jan - Dec), 2025","Senthamangalam, Town Panchayat",14.37,5.96,5.24,379.0,378.0,335.0,-16.700827470118668,Normal,4336,Low
India,Assam,"Calendar Year (Jan - Dec), 2025","Simaluguri, Town Panchayat",10.27,5.33,4.43,344.0,321.0,227.0,-16.70796602344268,Normal,4337,Low
India,Rajasthan,"Calendar Year (Jan - Dec), 2025",Vijainagar (Anupgarh),21.93,5.77,3.13,369.0,124.0,112.0,-16.714799355436128,Normal,4338,Low
India,Punjab,"Calendar Year (Jan - Dec), 2025","Bassi Pathana, Municipality",18.37,7.12,4.72,474.0,414.0,380.0,-16.715217114044663,Normal,4339,Low
India,Maharashtra,"Calendar Year (Jan - Dec), 2025","Karanja, Town Panchayat",31.13,7.69,5.64,502.0,407.0,333.0,-16.71858459828013,Normal,4340,Low
India,Bihar,"Calendar Year (Jan - Dec), 2025","Nasriganj, Town Panchayat",27.75,7.62,5.95,508.0,426.0,327.0,-16.71957132941577,Normal,4341,Low
India,Tamil Nadu,"Calendar Year (Jan - Dec), 2025","Sethiathoppu, Town Panchayat",5.55,2.21,2.33,145.0,145.0,140.0,-16.719974603875357,Normal,4342,Low
India,Karnataka,"Calendar Year (Jan - Dec), 2025","Naregal, Town Panchayat",15.75,6.04,2.97,400.0,384.0,293.0,-16.727945326478334,Normal,4343,Low
India,Arunachal Pradesh,"Calendar Year (Jan - Dec), 2025","Tezu, Town Panchayat",7.19,2.14,1.19,119.0,93.0,77.0,-16.728292024441487,Normal,4344,Low
India,Kerala,"Calendar Year (Jan - Dec), 2025","Haripad, Municipality",23.82,7.91,5.98,501.0,436.0,366.0,-16.729134256394218,Normal,4345,Low
India,Tamil Nadu,"Calendar Year (Jan - Dec), 2025","Marandahalli, Town Panchayat",7.01,3.49,3.3,230.0,230.0,211.0,-16.729211310076323,Normal,4346,Low
India,Tamil Nadu,"Calendar Year (Jan - Dec), 2025","Kollankoil, Town Panchayat",5.51,2.16,2.0,139.0,139.0,129.0,-16.732243036571106,Normal,4347,Low
India,Punjab,"Calendar Year (Jan - Dec), 2025","Jandiala, Municipality",9.49,3.36,5.98,215.0,173.0,171.0,-16.7372123016292,Normal,4348,Low
India,Chhattisgarh,"Calendar Year (Jan - Dec), 2025","Barsur, Town Panchayat",10.15,4.86,4.2,323.0,323.0,250.0,-16.745103911616184,Normal,4349,Low
India,Tamil Nadu,"Calendar Year (Jan - Dec), 2025","Adiramapattinam, Municipality",10.22,4.85,4.35,321.0,316.0,268.0,-16.751218871413187,Normal,4350,Low
India,Tamil Nadu,"Calendar Year (Jan - Dec), 2025","Perur, Town Panchayat",29.64,6.36,6.31,311.0,311.0,305.0,-16.751436079828977,Normal,4351,Low
India,Tamil Nadu,"Calendar Year (Jan - Dec), 2025","Konganapuram, Town Panchayat",5.53,2.53,2.17,158.0,158.0,155.0,-16.752226022787113,Normal,4352,Low
India,Jammu And Kashmir,"Calendar Year (Jan - Dec), 2025","Bishna, Municipality",19.31,6.63,4.4,434.0,434.0,359.0,-16.753477821276306,Normal,4353,Low
India,Tamil Nadu,"Calendar Year (Jan - Dec), 2025",Vadugapatti (E),5.67,2.48,2.06,162.0,161.0,155.0,-16.75882772619468,Normal,4354,Low
India,Tamil Nadu,"Calendar Year (Jan - Dec), 2025","Thittachery, Town Panchayat",5.68,2.55,2.21,169.0,169.0,143.0,-16.76030400100575,Normal,4355,Low
India,Punjab,"Calendar Year (Jan - Dec), 2025","Dina Nagar, Municipality",14.53,4.49,1.72,295.0,134.0,83.0,-16.761089583900514,Normal,4356,Low
India,Maharashtra,"Calendar Year (Jan - Dec), 2025","Ramtek, Municipality",28.06,6.55,2.91,420.0,323.0,290.0,-16.762864360891058,Normal,4357,Low
India,Madhya Pradesh,"Calendar Year (Jan - Dec), 2025","Sanchi, Town Panchayat",18.94,6.96,5.94,459.0,405.0,367.0,-16.764979014976177,Normal,4358,Low
India,Tamil Nadu,"Calendar Year (Jan - Dec), 2025","Thiruparankundram, Municipal Corporation",27.68,4.19,4.19,188.0,188.0,188.0,-16.7653313939868,Normal,4359,Low
India,Tamil Nadu,"Calendar Year (Jan - Dec), 2025","Melachokkanathapuram, Town Panchayat",17.54,6.44,5.72,394.0,393.0,377.0,-16.76869177558268,Normal,4360,Low
India,Tamil Nadu,"Calendar Year (Jan - Dec), 2025","Nalloor, Town Panchayat",16.93,6.2,5.82,390.0,386.0,362.0,-16.76984012456785,Normal,4361,Low
India,Telangana,"Calendar Year (Jan - Dec), 2025","Parigi, Municipality",19.65,4.76,2.06,310.0,310.0,190.0,-16.769991769270746,Normal,4362,Low
India,Karnataka,"Calendar Year (Jan - Dec), 2025","Sakleshpur, Municipality",24.75,7.42,6.02,452.0,436.0,340.0,-16.77712962565994,Normal,4363,Low
India,Himachal Pradesh,"Calendar Year (Jan - Dec), 2025","Nahan, Municipality",25.66,7.19,6.14,437.0,418.0,391.0,-16.779935624070674,Normal,4364,Low
India,Tamil Nadu,"Calendar Year (Jan - Dec), 2025","B. Meenakshipuram, Town Panchayat",11.15,5.05,4.16,333.0,331.0,305.0,-16.780697937736647,Normal,4365,Low
India,Tamil Nadu,"Calendar Year (Jan - Dec), 2025","Venkarai, Town Panchayat",5.5,2.43,2.07,152.0,152.0,145.0,-16.780966534288893,Normal,4366,Low
India,Rajasthan,"Calendar Year (Jan - Dec), 2025","Deeg, Municipality",6.16,1.95,1.5,128.0,99.0,83.0,-16.786466671198866,Normal,4367,Low
India,Maharashtra,"Calendar Year (Jan - Dec), 2025","Arjuni, Town Panchayat",28.83,6.42,4.09,420.0,316.0,192.0,-16.789343736501564,Normal,4368,Low
India,Maharashtra,"Calendar Year (Jan - Dec), 2025","Sadak-Arjuni, Town Panchayat",27.83,7.01,4.59,459.0,427.0,329.0,-16.790066235717575,Normal,4369,Low
India,Madhya Pradesh,"Calendar Year (Jan - Dec), 2025",Pichhore (Shivpuri),20.72,7.25,6.31,477.0,404.0,368.0,-16.79358932118646,Normal,4370,Low
India,Uttar Pradesh,"Calendar Year (Jan - Dec), 2025","Mandhata, Town Panchayat",5.34,2.16,1.89,144.0,126.0,122.0,-16.794667285928767,Normal,4371,Low
India,Uttarakhand,"Calendar Year (Jan - Dec), 2025","Karnaprayag, Municipality",5.76,1.93,1.65,120.0,108.0,100.0,-16.796984800707207,Normal,4372,Low
India,Punjab,"Calendar Year (Jan - Dec), 2025","Patti, Municipality",29.03,8.46,5.12,563.0,248.0,241.0,-16.798600898776385,Normal,4373,Low
India,Punjab,"Calendar Year (Jan - Dec), 2025","Talwara, Town Panchayat",5.64,2.2,1.73,147.0,133.0,105.0,-16.808747278572014,Normal,4374,Low
India,Uttar Pradesh,"Calendar Year (Jan - Dec), 2025",Ayodhya Development Authority,26.88,5.76,4.37,384.0,384.0,384.0,-16.812343074679745,Normal,4375,Low
India,Tamil Nadu,"Calendar Year (Jan - Dec), 2025","Erumaipatti, Town Panchayat",9.04,4.33,3.75,289.0,289.0,256.0,-16.82012266749689,Normal,4376,Low
India,Tamil Nadu,"Calendar Year (Jan - Dec), 2025","Sankaramanallur, Town Panchayat",6.31,3.05,2.9,201.0,201.0,182.0,-16.824048987900085,Normal,4377,Low
India,Himachal Pradesh,"Calendar Year (Jan - Dec), 2025","Chamba, Municipality",20.93,6.27,6.78,400.0,379.0,336.0,-16.8285708947148,Normal,4378,Low
India,Tamil Nadu,"Calendar Year (Jan - Dec), 2025","Ayakudi, Town Panchayat",14.67,5.89,4.81,386.0,385.0,332.0,-16.834206372812503,Normal,4379,Low
India,Tamil Nadu,"Calendar Year (Jan - Dec), 2025","Thingalnagar, Town Panchayat",13.08,5.37,5.18,342.0,342.0,328.0,-16.835377267920137,Normal,4380,Low
India,Odisha,"Calendar Year (Jan - Dec), 2025","Nimapada, Town Panchayat",5.63,1.98,1.64,126.0,110.0,107.0,-16.83806370691508,Normal,4381,Low
India,Punjab,"Calendar Year (Jan - Dec), 2025","Gardhiwala, Municipality",6.17,2.24,1.34,150.0,113.0,89.0,-16.843456594292434,Normal,4382,Low
India,Tamil Nadu,"Calendar Year (Jan - Dec), 2025","V.Pudupatti, Town Panchayat",6.51,3.17,3.02,210.0,208.0,190.0,-16.843798711131626,Normal,4383,Low
India,Tamil Nadu,"Calendar Year (Jan - Dec), 2025","Vikravandi, Town Panchayat",14.54,5.84,4.92,380.0,379.0,334.0,-16.84627215930385,Normal,4384,Low
India,Rajasthan,"Calendar Year (Jan - Dec), 2025","Mangrol, Town Panchayat",29.96,8.67,5.8,567.0,377.0,347.0,-16.847677018658658,Normal,4385,Low
India,Tamil Nadu,"Calendar Year (Jan - Dec), 2025","Gangavalli, Town Panchayat",12.79,5.55,4.69,350.0,350.0,328.0,-16.856735180336557,Normal,4386,Low
India,Maharashtra,"Calendar Year (Jan - Dec), 2025","Sakri, Town Panchayat",33.33,6.85,5.32,351.0,284.0,248.0,-16.859534363616376,Normal,4387,Low
India,Tamil Nadu,"Calendar Year (Jan - Dec), 2025","Thiruvithancode, Town Panchayat",13.26,5.29,5.06,345.0,345.0,331.0,-16.86886849806791,Normal,4388,Low
India,Tamil Nadu,"Calendar Year (Jan - Dec), 2025","Orathanadu, Town Panchayat",6.78,1.75,1.71,101.0,101.0,100.0,-16.870682181002394,Normal,4389,Low
India,Tamil Nadu,"Calendar Year (Jan - Dec), 2025","Ayyampettai, Town Panchayat",5.6,2.21,1.84,137.0,137.0,129.0,-16.872231129619934,Normal,4390,Low
India,Tamil Nadu,"Calendar Year (Jan - Dec), 2025","Sathuvachari, Municipal Corporation",17.0,2.48,2.48,108.0,108.0,108.0,-16.87255641461934,Normal,4391,Low
India,Nagaland,"Calendar Year (Jan - Dec), 2025","Pungro, Town Panchayat",18.36,5.88,5.1,392.0,392.0,392.0,-16.87351846750113,Normal,4392,Low
India,Tamil Nadu,"Calendar Year (Jan - Dec), 2025","Huligal, Town Panchayat",5.76,2.22,2.03,149.0,149.0,133.0,-16.893109598988133,Normal,4393,Low
India,Tamil Nadu,"Calendar Year (Jan - Dec), 2025","Kuthanallur, Municipality",6.74,3.27,3.16,215.0,215.0,195.0,-16.89320985281148,Normal,4394,Low
India,Chhattisgarh,"Calendar Year (Jan - Dec), 2025","Dornapal, Town Panchayat",9.77,4.55,4.09,301.0,301.0,265.0,-16.89343482915723,Normal,4395,Low
India,Madhya Pradesh,"Calendar Year (Jan - Dec), 2025","Sirali, Town Panchayat",24.79,8.67,5.53,578.0,389.0,372.0,-16.904805600376733,Normal,4396,Low
India,Tamil Nadu,"Calendar Year (Jan - Dec), 2025","Marungur, Town Panchayat",9.7,4.43,4.27,290.0,289.0,273.0,-16.90552954533149,Normal,4397,Low
India,Tamil Nadu,"Calendar Year (Jan - Dec), 2025","Thammampatti, Town Panchayat",9.85,4.64,4.23,303.0,303.0,258.0,-16.907455386319782,Normal,4398,Low
India,Tamil Nadu,"Calendar Year (Jan - Dec), 2025","Narasimhanaickenpalayam, Town Panchayat",28.6,6.28,6.27,312.0,312.0,309.0,-16.91032921875285,Normal,4399,Low
India,Assam,"Calendar Year (Jan - Dec), 2025","Amguri, Municipality",11.02,5.36,4.61,347.0,326.0,249.0,-16.914681005415616,Normal,4400,Low
India,Tamil Nadu,"Calendar Year (Jan - Dec), 2025","Villukuri, Town Panchayat",15.95,5.87,5.54,371.0,371.0,353.0,-16.916612205647596,Normal,4401,Low
India,Madhya Pradesh,"Calendar Year (Jan - Dec), 2025","Cantonment Board, Jabalpur",11.21,2.06,2.06,88.0,88.0,88.0,-16.918787396100413,Normal,4402,Low
India,Tamil Nadu,"Calendar Year (Jan - Dec), 2025","Nanguneri, Town Panchayat",5.87,1.98,1.77,121.0,121.0,112.0,-16.92486123467154,Normal,4403,Low
India,Uttar Pradesh,"Calendar Year (Jan - Dec), 2025","Sasni, Town Panchayat",9.08,4.29,4.09,284.0,273.0,264.0,-16.926254797454362,Normal,4404,Low
India,Tamil Nadu,"Calendar Year (Jan - Dec), 2025","Kaveripakkam, Town Panchayat",9.84,4.47,4.43,286.0,286.0,278.0,-16.92764440457273,Normal,4405,Low
India,Tamil Nadu,"Calendar Year (Jan - Dec), 2025","Eruvadi, Town Panchayat",10.96,4.89,4.51,324.0,324.0,269.0,-16.930038915008993,Normal,4406,Low
India,Nagaland,"Calendar Year (Jan - Dec), 2025","Naginimora, Town Panchayat",12.84,5.13,5.03,341.0,341.0,309.0,-16.93116866987873,Normal,4407,Low
India,Tamil Nadu,"Calendar Year (Jan - Dec), 2025","Thondi, Town Panchayat",8.62,4.07,3.78,271.0,271.0,244.0,-16.931743616815822,Normal,4408,Low
India,Telangana,"Calendar Year (Jan - Dec), 2025","Boduppal, Municipal Corporation",34.84,6.57,4.34,356.0,260.0,260.0,-16.93653355389398,Normal,4409,Low
India,Uttar Pradesh,"Calendar Year (Jan - Dec), 2025","Cantonment Board, Agra",28.73,5.29,5.29,235.0,235.0,235.0,-16.937221165808182,Normal,4410,Low
India,Tamil Nadu,"Calendar Year (Jan - Dec), 2025","V. Pudur, Town Panchayat",7.67,3.56,3.42,237.0,237.0,235.0,-16.940066604796584,Normal,4411,Low
India,Uttar Pradesh,"Calendar Year (Jan - Dec), 2025","Jaithara, Town Panchayat",13.14,5.29,5.11,353.0,333.0,333.0,-16.94007045302874,Normal,4412,Low
India,Rajasthan,"Calendar Year (Jan - Dec), 2025","Sagwara, Town Panchayat",30.2,6.97,6.03,385.0,273.0,224.0,-16.941673699699663,Normal,4413,Low
India,Uttar Pradesh,"Calendar Year (Jan - Dec), 2025","Cantonment Board, Varanasi",29.36,5.13,5.13,245.0,245.0,245.0,-16.944004721796034,Normal,4414,Low
India,Tamil Nadu,"Calendar Year (Jan - Dec), 2025","Odaiyakulam, Town Panchayat",10.68,4.73,4.48,313.0,313.0,275.0,-16.947098008075045,Normal,4415,Low
India,Uttar Pradesh,"Calendar Year (Jan - Dec), 2025","Jyoti Khuriya, Town Panchayat",11.55,4.87,5.06,325.0,305.0,302.0,-16.94849461453856,Normal,4416,Low
India,Tamil Nadu,"Calendar Year (Jan - Dec), 2025","Achampudur, Town Panchayat",12.13,5.07,4.81,333.0,332.0,304.0,-16.95540729813672,Normal,4417,Low
India,Jammu And Kashmir,"Calendar Year (Jan - Dec), 2025","Ramgarh, Municipality",17.78,6.04,3.78,402.0,402.0,348.0,-16.95868422929783,Normal,4418,Low
India,Chhattisgarh,"Calendar Year (Jan - Dec), 2025","Tifra, Town Panchayat",22.3,6.4,6.76,356.0,356.0,351.0,-16.95905500625895,Normal,4419,Low
India,Punjab,"Calendar Year (Jan - Dec), 2025","Sahnewal, Municipality",19.2,6.95,6.48,425.0,379.0,337.0,-16.959833452815587,Normal,4420,Low
India,Uttarakhand,"Calendar Year (Jan - Dec), 2025","Bhimtal, Municipality",13.46,6.33,5.05,255.0,243.0,125.0,-16.961762531759803,Normal,4421,Low
India,Punjab,"Calendar Year (Jan - Dec), 2025","Fatehgarh Churian, Municipality",7.68,2.84,1.37,187.0,139.0,80.0,-16.966943790466587,Normal,4422,Low
India,Maharashtra,"Calendar Year (Jan - Dec), 2025","Dharur, Municipality",32.06,7.59,5.4,497.0,356.0,312.0,-16.968456204286383,Normal,4423,Low
India,Tamil Nadu,"Calendar Year (Jan - Dec), 2025","Timiri, Town Panchayat",11.2,4.99,4.56,323.0,322.0,286.0,-16.970794429537648,Normal,4424,Low
India,Haryana,"Calendar Year (Jan - Dec), 2025","Ferozepur Jhirka, Municipality",14.36,6.43,3.52,425.0,356.0,208.0,-16.977342094641244,Normal,4425,Low
India,Tamil Nadu,"Calendar Year (Jan - Dec), 2025","Melattur, Town Panchayat",10.01,4.58,3.72,303.0,303.0,281.0,-16.980340988240755,Normal,4426,Low
India,Tamil Nadu,"Calendar Year (Jan - Dec), 2025","Mandaikadu, Town Panchayat",14.13,5.59,5.18,363.0,360.0,318.0,-16.987900519953655,Normal,4427,Low
India,Maharashtra,"Calendar Year (Jan - Dec), 2025","Kandhar, Municipality",28.32,5.79,6.07,377.0,316.0,245.0,-16.99445240911126,Normal,4428,Low
India,Punjab,"Calendar Year (Jan - Dec), 2025","Maluka, Town Panchayat",10.22,4.36,2.86,322.0,308.0,170.0,-17.001000285437726,Normal,4429,Low
India,Gujarat,"Calendar Year (Jan - Dec), 2025","Ode, Municipality",22.18,7.4,5.9,486.0,396.0,393.0,-17.00223191653754,Normal,4430,Low
India,Tamil Nadu,"Calendar Year (Jan - Dec), 2025","Thiruverumbur, Municipal Corporation",28.13,4.49,4.49,211.0,211.0,211.0,-17.00283907293982,Normal,4431,Low
India,Karnataka,"Calendar Year (Jan - Dec), 2025","Saligram, Town Panchayat",22.6,7.32,6.71,371.0,370.0,335.0,-17.008163672998933,Normal,4432,Low
India,Rajasthan,"Calendar Year (Jan - Dec), 2025","Niwai, Town Panchayat",32.19,7.93,5.65,472.0,314.0,279.0,-17.00924959086001,Normal,4433,Low
India,Rajasthan,"Calendar Year (Jan - Dec), 2025","Raisinghnagar, Town Panchayat",30.73,8.17,6.19,499.0,353.0,343.0,-17.01902435189976,Normal,4434,Low
India,Chhattisgarh,"Calendar Year (Jan - Dec), 2025","Bhairamgarh, Town Panchayat",9.62,4.45,4.16,295.0,295.0,243.0,-17.02040776527457,Normal,4435,Low
India,Madhya Pradesh,"Calendar Year (Jan - Dec), 2025","Pasan, Municipality",18.44,6.8,5.19,453.0,405.0,342.0,-17.022346931654397,Normal,4436,Low
India,Madhya Pradesh,"Calendar Year (Jan - Dec), 2025","Cantonment Board, Morar",28.09,5.92,5.92,266.0,266.0,266.0,-17.02692917076473,Normal,4437,Low
India,Tamil Nadu,"Calendar Year (Jan - Dec), 2025","Arasiramani, Town Panchayat",6.65,3.09,2.53,204.0,204.0,199.0,-17.02725450318451,Normal,4438,Low
India,Uttar Pradesh,"Calendar Year (Jan - Dec), 2025","Dibiyapur, Town Panchayat",13.74,5.6,5.22,370.0,344.0,323.0,-17.028857132121686,Normal,4439,Low
India,Himachal Pradesh,"Calendar Year (Jan - Dec), 2025","Paonta Sahib, Municipality",31.23,6.27,5.34,333.0,313.0,270.0,-17.031210295782387,Normal,4440,Low
India,Jammu And Kashmir,"Calendar Year (Jan - Dec), 2025","Akhnoor, Municipality",6.2,1.91,1.74,115.0,115.0,107.0,-17.034918866230612,Normal,4441,Low
India,Rajasthan,"Calendar Year (Jan - Dec), 2025","Neem-Ka-Thana, Town Panchayat",9.82,1.8,1.69,100.0,100.0,92.0,-17.045152807973352,Normal,4442,Low
India,Haryana,"Calendar Year (Jan - Dec), 2025","Kalanwali, Municipality",14.83,6.37,3.85,414.0,135.0,116.0,-17.04792238482827,Normal,4443,Low
India,Jammu And Kashmir,"Calendar Year (Jan - Dec), 2025","Parole, Municipality",16.25,5.73,3.96,381.0,381.0,359.0,-17.05082536256714,Normal,4444,Low
India,Uttar Pradesh,"Calendar Year (Jan - Dec), 2025","Jalalabad, Municipality",16.97,6.19,5.7,413.0,366.0,359.0,-17.051896584163046,Normal,4445,Low
India,Tamil Nadu,"Calendar Year (Jan - Dec), 2025","Poolampatti, Town Panchayat",6.69,3.15,2.62,208.0,207.0,197.0,-17.062248849828904,Normal,4446,Low
India,Assam,"Calendar Year (Jan - Dec), 2025","Patacharkuchi, Town Panchayat",17.7,5.71,3.1,346.0,273.0,121.0,-17.064706842658666,Normal,4447,Low
India,Rajasthan,"Calendar Year (Jan - Dec), 2025","Karanpur, Town Panchayat",25.79,8.16,4.82,524.0,394.0,372.0,-17.0679305915545,Normal,4448,Low
India,Tamil Nadu,"Calendar Year (Jan - Dec), 2025","Markayankottai, Town Panchayat",5.84,2.59,2.11,168.0,163.0,153.0,-17.06875104791976,Normal,4449,Low
India,Tamil Nadu,"Calendar Year (Jan - Dec), 2025","Sayalgudi, Town Panchayat",8.35,3.85,3.71,256.0,256.0,237.0,-17.070409804206065,Normal,4450,Low
India,Jammu And Kashmir,"Calendar Year (Jan - Dec), 2025","Jourian, Municipality",6.61,2.16,1.46,142.0,141.0,119.0,-17.074669460848213,Normal,4451,Low
India,Tamil Nadu,"Calendar Year (Jan - Dec), 2025","Padaiveedu, Town Panchayat",7.94,3.81,3.55,249.0,248.0,225.0,-17.08549518268626,Normal,4452,Low
India,Tamil Nadu,"Calendar Year (Jan - Dec), 2025","Eraniel, Town Panchayat",12.66,5.11,4.84,334.0,331.0,313.0,-17.093681671223806,Normal,4453,Low
India,Tamil Nadu,"Calendar Year (Jan - Dec), 2025","Chettipalayam, Town Panchayat",23.41,7.09,6.43,405.0,379.0,363.0,-17.094365070777314,Normal,4454,Low
India,Punjab,"Calendar Year (Jan - Dec), 2025","Nakodar, Municipality",29.34,8.67,5.18,558.0,309.0,295.0,-17.106992611385294,Normal,4455,Low
India,Madhya Pradesh,"Calendar Year (Jan - Dec), 2025",Bakoha Nagar Parishad,5.93,2.31,2.18,154.0,154.0,141.0,-17.113411811875494,Normal,4456,Low
India,Uttar Pradesh,"Calendar Year (Jan - Dec), 2025",Maharajganj (Raibareilly),27.54,8.7,5.84,576.0,327.0,325.0,-17.114331448729672,Normal,4457,Low
India,Tamil Nadu,"Calendar Year (Jan - Dec), 2025","Ayyalur, Town Panchayat",10.93,4.79,3.93,313.0,313.0,297.0,-17.114837519816945,Normal,4458,Low
India,Uttar Pradesh,"Calendar Year (Jan - Dec), 2025",Phulpur (Azamgarh),8.56,3.85,3.8,254.0,254.0,248.0,-17.12047926897054,Normal,4459,Low
India,Tamil Nadu,"Calendar Year (Jan - Dec), 2025","Vengampudur, Town Panchayat",6.09,2.6,2.5,171.0,171.0,166.0,-17.121353615781857,Normal,4460,Low
India,Karnataka,"Calendar Year (Jan - Dec), 2025","Kittur, Town Panchayat",29.03,7.63,3.86,491.0,327.0,276.0,-17.123784157527155,Normal,4461,Low
India,Tamil Nadu,"Calendar Year (Jan - Dec), 2025","Cholapuram, Town Panchayat",7.76,3.65,3.35,240.0,240.0,226.0,-17.123961465808236,Normal,4462,Low
India,Karnataka,"Calendar Year (Jan - Dec), 2025","Balganur, Town Panchayat",15.3,5.83,3.7,388.0,385.0,305.0,-17.124971834665928,Normal,4463,Low
India,Maharashtra,"Calendar Year (Jan - Dec), 2025","Aheri, Town Panchayat",25.38,5.96,3.58,380.0,227.0,142.0,-17.138676106156765,Normal,4464,Low
India,Tamil Nadu,"Calendar Year (Jan - Dec), 2025","Rayagiri, Town Panchayat",11.37,4.72,4.39,313.0,313.0,297.0,-17.141179309864413,Normal,4465,Low
India,Tamil Nadu,"Calendar Year (Jan - Dec), 2025","Valangaiman, Town Panchayat",6.69,2.59,3.58,166.0,166.0,156.0,-17.14581626275003,Normal,4466,Low
India,Telangana,"Calendar Year (Jan - Dec), 2025","Nagaram, Municipality",25.04,4.32,2.97,210.0,120.0,120.0,-17.1495522581248,Normal,4467,Low
India,Rajasthan,"Calendar Year (Jan - Dec), 2025","Sultanpur, Town Panchayat",15.26,4.05,1.75,270.0,107.0,83.0,-17.152992395236538,Normal,4468,Low
India,Haryana,"Calendar Year (Jan - Dec), 2025","Beri, Municipality",15.3,7.0,4.17,467.0,299.0,181.0,-17.153054371935013,Normal,4469,Low
India,Rajasthan,"Calendar Year (Jan - Dec), 2025","Nadbai, Town Panchayat",14.25,5.95,4.34,388.0,368.0,315.0,-17.15531102521578,Normal,4470,Low
India,Tamil Nadu,"Calendar Year (Jan - Dec), 2025",Pallapalayam (E ),6.09,2.72,2.52,180.0,175.0,165.0,-17.156524922106655,Normal,4471,Low
India,Tamil Nadu,"Calendar Year (Jan - Dec), 2025","Kottaram, Town Panchayat",13.08,5.18,4.94,338.0,338.0,304.0,-17.156665194879054,Normal,4472,Low
India,Chhattisgarh,"Calendar Year (Jan - Dec), 2025","Gurur, Town Panchayat",10.24,4.47,4.04,290.0,290.0,290.0,-17.15886489921428,Normal,4473,Low
India,Maharashtra,"Calendar Year (Jan - Dec), 2025","Chandvad, Municipality",31.08,6.72,5.49,337.0,269.0,240.0,-17.168118121688167,Normal,4474,Low
India,Tamil Nadu,"Calendar Year (Jan - Dec), 2025","Katpadi, Municipal Corporation",27.03,4.38,4.38,202.0,202.0,202.0,-17.17819898048839,Normal,4475,Low
India,Uttar Pradesh,"Calendar Year (Jan - Dec), 2025","Farah, Town Panchayat",17.91,6.5,5.75,432.0,376.0,330.0,-17.181537262273196,Normal,4476,Low
India,Punjab,"Calendar Year (Jan - Dec), 2025","Phillaur, Municipality",19.5,7.23,4.69,484.0,392.0,350.0,-17.185278804121367,Normal,4477,Low
India,Kerala,"Calendar Year (Jan - Dec), 2025","Mavelikkara, Municipality",20.15,6.83,5.42,431.0,407.0,294.0,-17.185355570936053,Normal,4478,Low
India,Punjab,"Calendar Year (Jan - Dec), 2025","Makhu, Town Panchayat",9.69,3.08,1.81,205.0,119.0,64.0,-17.185762836656977,Normal,4479,Low
India,Maharashtra,"Calendar Year (Jan - Dec), 2025","Erandol, Municipality",29.27,7.09,5.57,384.0,361.0,335.0,-17.190655968518683,Normal,4480,Low
India,Tamil Nadu,"Calendar Year (Jan - Dec), 2025","R.Pudupatti, Town Panchayat",6.75,3.14,2.45,209.0,209.0,180.0,-17.190959952266212,Normal,4481,Low
India,Tamil Nadu,"Calendar Year (Jan - Dec), 2025","Vilangudi, Municipal Corporation",24.64,3.81,3.81,167.0,167.0,167.0,-17.194504816698725,Normal,4482,Low
India,Kerala,"Calendar Year (Jan - Dec), 2025","Perumbavoor, Municipality",22.75,6.7,6.02,387.0,382.0,358.0,-17.203355272939234,Normal,4483,Low
India,Tamil Nadu,"Calendar Year (Jan - Dec), 2025","Krishnarayapuram, Town Panchayat",13.65,5.55,4.55,361.0,356.0,309.0,-17.20757336748784,Normal,4484,Low
India,Karnataka,"Calendar Year (Jan - Dec), 2025","Gubbi, Town Panchayat",30.43,7.56,4.47,473.0,315.0,258.0,-17.210235837848813,Normal,4485,Low
India,Tamil Nadu,"Calendar Year (Jan - Dec), 2025","Pennadam, Town Panchayat",12.24,5.29,4.2,352.0,348.0,248.0,-17.214452991422718,Normal,4486,Low
India,Tamil Nadu,"Calendar Year (Jan - Dec), 2025","Sayapuram, Town Panchayat",10.22,4.44,4.16,290.0,290.0,277.0,-17.214491599136807,Normal,4487,Low
India,Tamil Nadu,"Calendar Year (Jan - Dec), 2025","Pannaipuram, Town Panchayat",6.05,2.33,1.94,152.0,152.0,141.0,-17.216479435058716,Normal,4488,Low
India,Punjab,"Calendar Year (Jan - Dec), 2025",Ballianwali Town Panchayat,6.97,3.48,2.62,239.0,163.0,92.0,-17.219700895776157,Normal,4489,Low
India,Karnataka,"Calendar Year (Jan - Dec), 2025","Malebennur, Town Panchayat",15.87,5.63,5.02,373.0,371.0,329.0,-17.220519820140225,Normal,4490,Low
India,Tamil Nadu,"Calendar Year (Jan - Dec), 2025","Sholavandan, Town Panchayat",22.3,6.42,6.28,366.0,364.0,344.0,-17.22273882160391,Normal,4491,Low
India,Himachal Pradesh,"Calendar Year (Jan - Dec), 2025","Mandi, Municipal Corporation",24.26,7.29,5.89,452.0,394.0,316.0,-17.223566093544605,Normal,4492,Low
India,Gujarat,"Calendar Year (Jan - Dec), 2025","Thasra, Municipality",29.1,8.29,5.4,528.0,351.0,341.0,-17.228416440049784,Normal,4493,Low
India,Chhattisgarh,"Calendar Year (Jan - Dec), 2025","Pali, Town Panchayat",5.93,2.5,2.21,159.0,159.0,147.0,-17.234337420598592,Normal,4494,Low
India,Madhya Pradesh,"Calendar Year (Jan - Dec), 2025","Mohana, Town Panchayat",6.67,2.24,1.28,149.0,87.0,86.0,-17.23576043085967,Normal,4495,Low
India,Tamil Nadu,"Calendar Year (Jan - Dec), 2025","Vettaikaranpudur, Town Panchayat",9.59,4.52,3.7,298.0,298.0,220.0,-17.236869641653584,Normal,4496,Low
India,Rajasthan,"Calendar Year (Jan - Dec), 2025","Siswali, Town Panchayat",10.12,2.76,1.18,184.0,86.0,79.0,-17.259045863852634,Normal,4497,Low
India,Karnataka,"Calendar Year (Jan - Dec), 2025","Somvarpet, Town Panchayat",6.56,2.21,1.68,142.0,142.0,102.0,-17.25907784851347,Normal,4498,Low
India,Tamil Nadu,"Calendar Year (Jan - Dec), 2025","Palakkodu, Town Panchayat",12.31,5.06,4.28,329.0,329.0,308.0,-17.26298537001537,Normal,4499,Low
India,Tamil Nadu,"Calendar Year (Jan - Dec), 2025","Therur, Town Panchayat",11.59,4.84,4.65,308.0,308.0,292.0,-17.27480246506252,Normal,4500,Low
India,Nagaland,"Calendar Year (Jan - Dec), 2025","Tobu, Town Panchayat",6.15,2.25,2.25,150.0,150.0,150.0,-17.275841718359004,Normal,4501,Low
India,Tamil Nadu,"Calendar Year (Jan - Dec), 2025","Pallapatti, Municipality",6.01,2.05,2.01,118.0,118.0,112.0,-17.284859581356955,Normal,4502,Low
India,Tamil Nadu,"Calendar Year (Jan - Dec), 2025","Kariapatti, Town Panchayat",18.58,6.36,5.87,368.0,365.0,347.0,-17.290035223184645,Normal,4503,Low
India,Tamil Nadu,"Calendar Year (Jan - Dec), 2025","Sithayankottai, Town Panchayat",13.74,5.46,4.56,348.0,347.0,322.0,-17.290316849799297,Normal,4504,Low
India,Madhya Pradesh,"Calendar Year (Jan - Dec), 2025","Jhundpura, Town Panchayat",13.39,5.01,4.85,334.0,334.0,306.0,-17.298077183823523,Normal,4505,Low
India,Punjab,"Calendar Year (Jan - Dec), 2025","Kurali, Municipality",28.28,7.9,5.03,513.0,355.0,309.0,-17.30345475055924,Normal,4506,Low
India,Maharashtra,"Calendar Year (Jan - Dec), 2025","Bhagur, Municipality",27.98,5.29,5.0,235.0,224.0,221.0,-17.30452772499973,Normal,4507,Low
India,Rajasthan,"Calendar Year (Jan - Dec), 2025","Sri Madhopur, Town Panchayat",7.53,1.91,1.97,97.0,97.0,90.0,-17.304622821469195,Normal,4508,Low
India,Karnataka,"Calendar Year (Jan - Dec), 2025","Kundapura, Municipality",21.2,6.48,5.5,398.0,392.0,346.0,-17.316066510972632,Normal,4509,Low
India,Nagaland,"Calendar Year (Jan - Dec), 2025","Meluri, Town Panchayat",14.29,5.05,4.94,337.0,334.0,329.0,-17.318026137712366,Normal,4510,Low
India,Uttar Pradesh,"Calendar Year (Jan - Dec), 2025","Cantonment Board, Allahabad",15.44,2.37,2.37,108.0,108.0,108.0,-17.320032501589026,Normal,4511,Low
India,Tamil Nadu,"Calendar Year (Jan - Dec), 2025","Uppiliapuram, Town Panchayat",7.18,3.2,3.04,214.0,214.0,199.0,-17.32223573797461,Normal,4512,Low
India,Rajasthan,"Calendar Year (Jan - Dec), 2025","Tibbi, Town Panchayat",24.53,6.64,2.85,443.0,189.0,176.0,-17.323314190090457,Normal,4513,Low
India,Karnataka,"Calendar Year (Jan - Dec), 2025","Hosanagara, Town Panchayat",6.93,2.49,1.98,167.0,165.0,96.0,-17.324422749620737,Normal,4514,Low
India,Karnataka,"Calendar Year (Jan - Dec), 2025","Beltangadi, Town Panchayat",6.26,2.23,2.76,142.0,142.0,123.0,-17.330201113977637,Normal,4515,Low
India,Tamil Nadu,"Calendar Year (Jan - Dec), 2025","Ponnampatti, Town Panchayat",8.11,3.64,3.49,239.0,239.0,230.0,-17.33281145641797,Normal,4516,Low
India,Tamil Nadu,"Calendar Year (Jan - Dec), 2025","Kembainaickenpalayam, Town Panchayat",7.37,3.24,3.07,216.0,216.0,212.0,-17.33631529918665,Normal,4517,Low
India,Uttar Pradesh,"Calendar Year (Jan - Dec), 2025","Fariha, Town Panchayat",11.45,4.88,4.59,325.0,300.0,292.0,-17.339468432665626,Normal,4518,Low
India,Tamil Nadu,"Calendar Year (Jan - Dec), 2025","Koradacheri, Town Panchayat",6.62,2.93,2.47,196.0,196.0,170.0,-17.339472309530834,Normal,4519,Low
India,Tamil Nadu,"Calendar Year (Jan - Dec), 2025","Nilakkottai, Town Panchayat",23.4,6.49,6.22,346.0,346.0,338.0,-17.346093752080662,Normal,4520,Low
India,Rajasthan,"Calendar Year (Jan - Dec), 2025","Cantonment Board, Nasirabad",25.89,6.05,6.05,275.0,275.0,275.0,-17.35309899835289,Normal,4521,Low
India,Tamil Nadu,"Calendar Year (Jan - Dec), 2025","Mandapam, Town Panchayat",8.0,3.56,3.64,235.0,235.0,213.0,-17.36259374495461,Normal,4522,Low
India,Punjab,"Calendar Year (Jan - Dec), 2025","Dhilwan, Town Panchayat",5.99,2.17,1.57,145.0,104.0,97.0,-17.36492813631577,Normal,4523,Low
India,Rajasthan,"Calendar Year (Jan - Dec), 2025","Nohar, Town Panchayat",22.64,6.88,5.15,402.0,391.0,259.0,-17.372537470058376,Normal,4524,Low
India,Tamil Nadu,"Calendar Year (Jan - Dec), 2025","Samalapuram, Town Panchayat",5.91,2.4,2.24,152.0,148.0,136.0,-17.378010591621432,Normal,4525,Low
India,Tamil Nadu,"Calendar Year (Jan - Dec), 2025","Nagojanahalli, Town Panchayat",6.67,3.09,2.6,204.0,202.0,155.0,-17.386381027801463,Normal,4526,Low
India,Uttar Pradesh,"Calendar Year (Jan - Dec), 2025","Hainsar Bazar Dhanghata, Town Panchayat",25.99,7.67,3.64,511.0,230.0,224.0,-17.38761962447859,Normal,4527,Low
India,Assam,"Calendar Year (Jan - Dec), 2025","Udalguri, Town Panchayat",5.79,3.04,2.27,202.0,146.0,113.0,-17.392333470498215,Normal,4528,Low
India,Tamil Nadu,"Calendar Year (Jan - Dec), 2025","Pullampadi, Town Panchayat",6.23,2.6,2.42,171.0,170.0,152.0,-17.39432972367962,Normal,4529,Low
India,Tamil Nadu,"Calendar Year (Jan - Dec), 2025","Vennanthur, Town Panchayat",9.99,4.54,3.64,295.0,287.0,269.0,-17.40485608677767,Normal,4530,Low
India,Tamil Nadu,"Calendar Year (Jan - Dec), 2025","Pennathur, Town Panchayat",11.63,4.96,4.04,327.0,326.0,265.0,-17.405047742768147,Normal,4531,Low
India,Gujarat,"Calendar Year (Jan - Dec), 2025","Sutrapada, Municipality",20.91,6.35,5.33,413.0,377.0,367.0,-17.40571925778471,Normal,4532,Low
India,Tamil Nadu,"Calendar Year (Jan - Dec), 2025","Adikaratti, Town Panchayat",8.25,3.62,3.12,251.0,251.0,211.0,-17.410876689528607,Normal,4533,Low
India,Tamil Nadu,"Calendar Year (Jan - Dec), 2025","Vathirairuppu, Town Panchayat",9.04,3.98,3.82,264.0,264.0,234.0,-17.411840792883993,Normal,4534,Low
India,Tamil Nadu,"Calendar Year (Jan - Dec), 2025","Ananthapuram, Town Panchayat",7.51,3.45,2.8,228.0,227.0,206.0,-17.419182482064855,Normal,4535,Low
India,Tamil Nadu,"Calendar Year (Jan - Dec), 2025","Mamallapuram, Town Panchayat",6.12,2.28,2.06,144.0,142.0,112.0,-17.422627324263033,Normal,4536,Low
India,Tamil Nadu,"Calendar Year (Jan - Dec), 2025","Veeraganur, Town Panchayat",7.85,3.56,2.92,235.0,235.0,220.0,-17.424312191251033,Normal,4537,Low
India,Tamil Nadu,"Calendar Year (Jan - Dec), 2025","Panpoli, Town Panchayat",9.8,4.14,3.95,273.0,273.0,264.0,-17.426470806387954,Normal,4538,Low
India,Tamil Nadu,"Calendar Year (Jan - Dec), 2025","Ethapur, Town Panchayat",7.42,3.33,3.08,217.0,217.0,211.0,-17.429496255152912,Normal,4539,Low
India,Maharashtra,"Calendar Year (Jan - Dec), 2025","Ballarpur, Municipality",28.85,5.46,5.09,280.0,247.0,226.0,-17.43048648063632,Normal,4540,Low
India,Maharashtra,"Calendar Year (Jan - Dec), 2025","Parner, Town Panchayat",27.81,6.72,5.37,420.0,359.0,336.0,-17.432316390731785,Normal,4541,Low
India,Karnataka,"Calendar Year (Jan - Dec), 2025","Kudathini, Town Panchayat",14.13,5.03,5.02,332.0,332.0,307.0,-17.432346426494178,Normal,4542,Low
India,Tamil Nadu,"Calendar Year (Jan - Dec), 2025","Ilanji, Town Panchayat",6.48,2.74,2.61,180.0,180.0,169.0,-17.434842913947705,Normal,4543,Low
India,Nagaland,"Calendar Year (Jan - Dec), 2025","Bhandari, Town Panchayat",9.35,4.09,3.28,273.0,273.0,253.0,-17.439424705938052,Normal,4544,Low
India,Tamil Nadu,"Calendar Year (Jan - Dec), 2025","Papparapatti, Town Panchayat",10.1,4.3,3.7,285.0,285.0,270.0,-17.439738204428977,Normal,4545,Low
India,Chhattisgarh,"Calendar Year (Jan - Dec), 2025","Chirmiri, Municipal Corporation",8.86,4.26,3.85,283.0,263.0,204.0,-17.44414784624763,Normal,4546,Low
India,Tamil Nadu,"Calendar Year (Jan - Dec), 2025","Kamayagoundanpatti, Town Panchayat",7.73,3.32,2.81,226.0,225.0,218.0,-17.44640551933071,Normal,4547,Low
India,Tamil Nadu,"Calendar Year (Jan - Dec), 2025","Alagappapuram, Town Panchayat",7.34,3.26,3.13,215.0,215.0,199.0,-17.454276953740475,Normal,4548,Low
India,Punjab,"Calendar Year (Jan - Dec), 2025","Bhogpur, Municipality",7.22,2.31,1.34,150.0,102.0,83.0,-17.45736711648408,Normal,4549,Low
India,Tamil Nadu,"Calendar Year (Jan - Dec), 2025","Thiagadurgam, Town Panchayat",9.24,4.22,3.62,274.0,274.0,238.0,-17.45757791687953,Normal,4550,Low
India,Tamil Nadu,"Calendar Year (Jan - Dec), 2025","Thirukkattupalli, Town Panchayat",23.54,5.23,5.16,343.0,343.0,337.0,-17.45809441969527,Normal,4551,Low
India,Tamil Nadu,"Calendar Year (Jan - Dec), 2025","Udangudi, Town Panchayat",10.91,4.59,4.38,296.0,295.0,269.0,-17.46441475171281,Normal,4552,Low
India,Jharkhand,"Calendar Year (Jan - Dec), 2025","Jugsalai, Municipality",13.24,2.86,1.4,182.0,85.0,82.0,-17.464986614431666,Normal,4553,Low
India,Rajasthan,"Calendar Year (Jan - Dec), 2025","Bagru, Town Panchayat",28.7,5.82,5.38,298.0,271.0,258.0,-17.47027625698172,Normal,4554,Low
India,Rajasthan,"Calendar Year (Jan - Dec), 2025","Basni Belima, Town Panchayat",7.98,2.76,1.16,184.0,140.0,136.0,-17.474666630462707,Normal,4555,Low
India,Rajasthan,"Calendar Year (Jan - Dec), 2025","Merta City, Town Panchayat",23.51,7.07,4.84,426.0,389.0,280.0,-17.480783218538022,Normal,4556,Low
India,Tamil Nadu,"Calendar Year (Jan - Dec), 2025","Nangavalli, Town Panchayat",7.2,3.22,2.75,212.0,211.0,199.0,-17.48306069477752,Normal,4557,Low
India,Uttar Pradesh,"Calendar Year (Jan - Dec), 2025","Jahangirpur, Town Panchayat",20.53,6.49,5.78,424.0,361.0,352.0,-17.484962867025047,Normal,4558,Low
India,Maharashtra,"Calendar Year (Jan - Dec), 2025","Dattapur Dhamangaon, Municipality",24.87,5.9,5.88,371.0,339.0,277.0,-17.490133878968322,Normal,4559,Low
India,Maharashtra,"Calendar Year (Jan - Dec), 2025","Dapoli Camp, Town Panchayat",24.74,5.08,5.18,208.0,208.0,208.0,-17.49420214043886,Normal,4560,Low
India,Punjab,"Calendar Year (Jan - Dec), 2025","Kot Shamir, Town Panchayat",22.36,6.8,2.63,453.0,227.0,204.0,-17.49489422010862,Normal,4561,Low
India,Tamil Nadu,"Calendar Year (Jan - Dec), 2025","P.N.Patti, Town Panchayat",7.52,3.39,2.88,221.0,220.0,212.0,-17.508885507860327,Normal,4562,Low
India,Uttarakhand,"Calendar Year (Jan - Dec), 2025","Herbertpur, Municipality",6.29,2.59,2.13,164.0,163.0,118.0,-17.510553346102824,Normal,4563,Low
India,Maharashtra,"Calendar Year (Jan - Dec), 2025","Rahimatpur, Municipality",24.16,5.92,3.22,389.0,342.0,277.0,-17.51640375235519,Normal,4564,Low
India,Tamil Nadu,"Calendar Year (Jan - Dec), 2025","Thiruvidaimarudur, Town Panchayat",6.91,2.43,3.41,149.0,149.0,135.0,-17.521991490210894,Normal,4565,Low
India,Rajasthan,"Calendar Year (Jan - Dec), 2025","Pindwara, Town Panchayat",18.2,6.38,4.3,418.0,382.0,252.0,-17.525199484530276,Normal,4566,Low
India,Karnataka,"Calendar Year (Jan - Dec), 2025","M.K.Hubli, Town Panchayat",12.9,4.72,5.06,305.0,304.0,288.0,-17.535715388342,Normal,4567,Low
India,Arunachal Pradesh,"Calendar Year (Jan - Dec), 2025","Jairampur, Town Panchayat",11.74,3.54,1.23,185.0,95.0,83.0,-17.538813584955506,Normal,4568,Low
India,Madhya Pradesh,"Calendar Year (Jan - Dec), 2025","Kotar, Town Panchayat",13.13,5.0,4.8,331.0,320.0,294.0,-17.541093803846138,Normal,4569,Low
India,Gujarat,"Calendar Year (Jan - Dec), 2025","Salaya, Municipality",6.57,2.38,2.42,157.0,157.0,110.0,-17.543184964041473,Normal,4570,Low
India,Maharashtra,"Calendar Year (Jan - Dec), 2025","Murbad, Town Panchayat",22.43,4.51,5.31,195.0,195.0,195.0,-17.54447236942923,Normal,4571,Low
India,Tamil Nadu,"Calendar Year (Jan - Dec), 2025","Uppidamangalam, Town Panchayat",6.4,2.74,2.62,175.0,175.0,157.0,-17.5454384913117,Normal,4572,Low
India,Haryana,"Calendar Year (Jan - Dec), 2025","Ellenabad, Municipality",18.46,7.69,4.51,495.0,344.0,298.0,-17.54927346673219,Normal,4573,Low
India,Tamil Nadu,"Calendar Year (Jan - Dec), 2025","Manalmedu, Town Panchayat",10.88,4.57,3.77,308.0,308.0,248.0,-17.55058042767928,Normal,4574,Low
India,Tamil Nadu,"Calendar Year (Jan - Dec), 2025","Lalgudi, Municipality",16.87,5.72,5.48,349.0,349.0,316.0,-17.550974241957647,Normal,4575,Low
India,Tamil Nadu,"Calendar Year (Jan - Dec), 2025","Lakkampatti, Town Panchayat",10.74,4.4,4.3,283.0,283.0,273.0,-17.556630544676977,Normal,4576,Low
India,Tamil Nadu,"Calendar Year (Jan - Dec), 2025","Bikketti, Town Panchayat",6.52,2.5,2.27,167.0,167.0,159.0,-17.56624819300339,Normal,4577,Low
India,Maharashtra,"Calendar Year (Jan - Dec), 2025","Kurkheda, Town Panchayat",11.39,2.73,1.48,182.0,147.0,85.0,-17.56759148546564,Normal,4578,Low
India,Tamil Nadu,"Calendar Year (Jan - Dec), 2025","Muthur, Town Panchayat",6.29,2.18,1.9,134.0,133.0,120.0,-17.568841118119167,Normal,4579,Low
India,Rajasthan,"Calendar Year (Jan - Dec), 2025","Weir, Town Panchayat",18.68,6.64,3.28,441.0,319.0,202.0,-17.570969813466377,Normal,4580,Low
India,Tamil Nadu,"Calendar Year (Jan - Dec), 2025","Appakudal, Town Panchayat",9.05,3.87,3.68,255.0,254.0,243.0,-17.57188782142822,Normal,4581,Low
India,Tamil Nadu,"Calendar Year (Jan - Dec), 2025","Marudur, Town Panchayat",9.25,4.04,3.34,268.0,268.0,242.0,-17.57359372976464,Normal,4582,Low
India,Tamil Nadu,"Calendar Year (Jan - Dec), 2025","Suchindrum, Town Panchayat",8.21,3.63,3.5,231.0,231.0,230.0,-17.573663689919556,Normal,4583,Low
India,Tamil Nadu,"Calendar Year (Jan - Dec), 2025","Srimushnam, Town Panchayat",8.08,3.59,3.17,242.0,241.0,202.0,-17.573691143841472,Normal,4584,Low
India,Maharashtra,"Calendar Year (Jan - Dec), 2025","Patan, Town Panchayat",14.08,2.61,1.32,163.0,121.0,104.0,-17.575094505399477,Normal,4585,Low
India,Punjab,"Calendar Year (Jan - Dec), 2025","Sultanpur Lodhi, Municipality",17.3,6.39,3.45,420.0,359.0,285.0,-17.57628947369136,Normal,4586,Low
India,Karnataka,"Calendar Year (Jan - Dec), 2025","Nagamangala, Town Panchayat",17.46,5.17,4.38,329.0,323.0,161.0,-17.577058657109376,Normal,4587,Low
India,Chhattisgarh,"Calendar Year (Jan - Dec), 2025","Chandkhurai, Town Panchayat",9.32,4.33,3.16,289.0,270.0,240.0,-17.588926585006277,Normal,4588,Low
India,Tamil Nadu,"Calendar Year (Jan - Dec), 2025","Sentharapatti, Town Panchayat",7.97,3.57,2.89,237.0,237.0,207.0,-17.590635614902453,Normal,4589,Low
India,Tamil Nadu,"Calendar Year (Jan - Dec), 2025","Uthangarai, Town Panchayat",11.27,4.54,4.38,294.0,294.0,271.0,-17.609362220662092,Normal,4590,Low
India,Tamil Nadu,"Calendar Year (Jan - Dec), 2025",Thirupuvanam (T),16.2,5.74,5.5,354.0,334.0,322.0,-17.61123374114436,Normal,4591,Low
India,Tamil Nadu,"Calendar Year (Jan - Dec), 2025","Othakalmandapam, Town Panchayat",24.92,5.87,5.83,294.0,294.0,291.0,-17.61291010085273,Normal,4592,Low
India,Rajasthan,"Calendar Year (Jan - Dec), 2025","Rajgarh(Alwar), Town Panchayat",13.17,3.31,2.04,212.0,77.0,74.0,-17.613552085558183,Normal,4593,Low
India,Tamil Nadu,"Calendar Year (Jan - Dec), 2025","Varadarajanpettai, Town Panchayat",9.46,3.96,3.65,272.0,266.0,240.0,-17.620214021307447,Normal,4594,Low
India,Tamil Nadu,"Calendar Year (Jan - Dec), 2025","Ettimadai, Town Panchayat",6.25,2.47,2.37,155.0,155.0,127.0,-17.623036803926368,Normal,4595,Low
India,Uttarakhand,"Calendar Year (Jan - Dec), 2025","Doiwala, Municipality",17.41,6.09,4.82,379.0,377.0,274.0,-17.62368665518983,Normal,4596,Low
India,Odisha,"Calendar Year (Jan - Dec), 2025","Kantabanji, Town Panchayat",15.15,6.24,4.74,414.0,338.0,310.0,-17.62995070526813,Normal,4597,Low
India,Tamil Nadu,"Calendar Year (Jan - Dec), 2025","Samathur, Town Panchayat",6.27,2.49,2.47,154.0,154.0,153.0,-17.630481202220153,Normal,4598,Low
India,Madhya Pradesh,"Calendar Year (Jan - Dec), 2025","Amarkantak, Town Panchayat",10.03,3.28,4.2,218.0,216.0,121.0,-17.63780853708306,Normal,4599,Low
India,Tamil Nadu,"Calendar Year (Jan - Dec), 2025","Thiruvenkadam, Town Panchayat",8.18,3.53,3.26,231.0,231.0,225.0,-17.642186024138596,Normal,4600,Low
India,Puducherry,"Calendar Year (Jan - Dec), 2025","Mahe, Municipality",22.25,6.03,5.98,332.0,331.0,304.0,-17.64765595270177,Normal,4601,Low
India,Tamil Nadu,"Calendar Year (Jan - Dec), 2025","Pattinam, Town Panchayat",9.04,3.99,3.26,263.0,263.0,231.0,-17.647663329579586,Normal,4602,Low
India,Tamil Nadu,"Calendar Year (Jan - Dec), 2025",Sivagiri (Erode),11.16,4.45,4.25,289.0,289.0,275.0,-17.656801501098357,Normal,4603,Low
India,Madhya Pradesh,"Calendar Year (Jan - Dec), 2025","Shahpur, Town Panchayat",18.07,6.57,5.04,438.0,358.0,321.0,-17.660000874062007,Normal,4604,Low
India,Maharashtra,"Calendar Year (Jan - Dec), 2025","Rahta Pimplas, Municipality",27.32,5.34,5.16,270.0,235.0,222.0,-17.663094363863763,Normal,4605,Low
India,Rajasthan,"Calendar Year (Jan - Dec), 2025","Sadri, Town Panchayat",14.48,5.43,4.88,354.0,342.0,270.0,-17.66383325940859,Normal,4606,Low
India,Tamil Nadu,"Calendar Year (Jan - Dec), 2025","Ezhudesam, Town Panchayat",17.35,5.67,5.55,337.0,337.0,320.0,-17.668593859968496,Normal,4607,Low
India,Karnataka,"Calendar Year (Jan - Dec), 2025","Kapu, Town Panchayat",15.28,5.25,5.23,325.0,325.0,313.0,-17.67023274500599,Normal,4608,Low
India,Gujarat,"Calendar Year (Jan - Dec), 2025","Sojitra, Municipality",21.66,6.87,5.38,437.0,359.0,355.0,-17.67123525602335,Normal,4609,Low
India,Tamil Nadu,"Calendar Year (Jan - Dec), 2025","Chinnalapatti, Town Panchayat",18.13,6.1,5.48,345.0,343.0,339.0,-17.67132317133246,Normal,4610,Low
India,Jharkhand,"Calendar Year (Jan - Dec), 2025","Phusro, Municipality",16.07,5.6,5.15,362.0,338.0,324.0,-17.67155764373075,Normal,4611,Low
India,Tamil Nadu,"Calendar Year (Jan - Dec), 2025","Kamuthi, Town Panchayat",6.57,2.74,2.65,174.0,174.0,166.0,-17.673059259271497,Normal,4612,Low
India,Karnataka,"Calendar Year (Jan - Dec), 2025","Hukeri, Town Panchayat",19.91,6.37,4.86,390.0,378.0,324.0,-17.674781596653133,Normal,4613,Low
India,Tamil Nadu,"Calendar Year (Jan - Dec), 2025","P.J. Cholapuram, Town Panchayat",7.49,3.29,2.59,218.0,216.0,194.0,-17.675418021140388,Normal,4614,Low
India,Tamil Nadu,"Calendar Year (Jan - Dec), 2025","Puthukkadai, Town Panchayat",11.28,4.45,4.18,289.0,289.0,282.0,-17.676002334316706,Normal,4615,Low
India,Tamil Nadu,"Calendar Year (Jan - Dec), 2025","Unnamalaikadai, Town Panchayat",17.51,5.79,5.62,334.0,334.0,323.0,-17.680412975465686,Normal,4616,Low
India,Tamil Nadu,"Calendar Year (Jan - Dec), 2025","Athanur, Town Panchayat",6.12,2.61,2.44,153.0,153.0,128.0,-17.685664578276317,Normal,4617,Low
India,Jammu And Kashmir,"Calendar Year (Jan - Dec), 2025","Awantipora, Municipality",7.99,2.13,1.47,139.0,139.0,132.0,-17.688034359955623,Normal,4618,Low
India,Madhya Pradesh,"Calendar Year (Jan - Dec), 2025","Phuphkalan, Town Panchayat",6.54,2.5,2.07,165.0,160.0,119.0,-17.68962181642678,Normal,4619,Low
India,Karnataka,"Calendar Year (Jan - Dec), 2025","Manolli, Town Panchayat",11.71,4.32,4.67,284.0,284.0,270.0,-17.691652954242954,Normal,4620,Low
India,Maharashtra,"Calendar Year (Jan - Dec), 2025","Mowad, Municipality",26.08,6.29,5.06,413.0,347.0,329.0,-17.69418422087591,Normal,4621,Low
India,Tamil Nadu,"Calendar Year (Jan - Dec), 2025","Vasudevanallur, Town Panchayat",10.56,4.23,4.05,275.0,275.0,271.0,-17.69692608320281,Normal,4622,Low
India,Tamil Nadu,"Calendar Year (Jan - Dec), 2025","Moolakaraipatti, Town Panchayat",7.61,3.21,3.05,211.0,211.0,206.0,-17.69943794152084,Normal,4623,Low
India,Punjab,"Calendar Year (Jan - Dec), 2025","Khamanon, Town Panchayat",6.6,2.85,2.56,192.0,179.0,162.0,-17.70620085112097,Normal,4624,Low
India,Himachal Pradesh,"Calendar Year (Jan - Dec), 2025","Nerchowk, Municipality",23.63,6.48,4.49,412.0,373.0,290.0,-17.70765208943169,Normal,4625,Low
India,Jammu And Kashmir,"Calendar Year (Jan - Dec), 2025","Hiranagar, Municipality",16.02,5.52,4.18,359.0,359.0,310.0,-17.70798756409721,Normal,4626,Low
India,Tamil Nadu,"Calendar Year (Jan - Dec), 2025","Panapakkam, Town Panchayat",11.13,4.78,4.07,305.0,305.0,240.0,-17.714051327583434,Normal,4627,Low
India,Uttar Pradesh,"Calendar Year (Jan - Dec), 2025","Kharkhoda, Town Panchayat",14.45,5.3,4.72,352.0,325.0,317.0,-17.71762317312755,Normal,4628,Low
India,Tamil Nadu,"Calendar Year (Jan - Dec), 2025","Salangapalayam, Town Panchayat",22.49,5.32,4.65,345.0,345.0,333.0,-17.72113445594539,Normal,4629,Low
India,Tamil Nadu,"Calendar Year (Jan - Dec), 2025","Palayam, Town Panchayat",6.64,2.43,1.94,157.0,157.0,147.0,-17.7231836305221,Normal,4630,Low
India,Punjab,"Calendar Year (Jan - Dec), 2025","Morinda, Municipality",19.22,6.29,5.5,402.0,352.0,327.0,-17.7231904222171,Normal,4631,Low
India,Tamil Nadu,"Calendar Year (Jan - Dec), 2025","Thorapadi, Town Panchayat",7.94,3.46,3.17,226.0,225.0,210.0,-17.72890934008126,Normal,4632,Low
India,Punjab,"Calendar Year (Jan - Dec), 2025","Dera Baba Nanak, Municipality",12.45,4.41,2.42,308.0,200.0,99.0,-17.753065953784755,Normal,4633,Low
India,Uttar Pradesh,"Calendar Year (Jan - Dec), 2025","Thiriya Nizamat Khan, Town Panchayat",17.28,6.39,5.47,425.0,330.0,320.0,-17.757397914054877,Normal,4634,Low
India,Tamil Nadu,"Calendar Year (Jan - Dec), 2025",Keeranur (P),7.13,3.22,3.03,199.0,199.0,186.0,-17.758826659607223,Normal,4635,Low
India,Tamil Nadu,"Calendar Year (Jan - Dec), 2025","Kadathur, Town Panchayat",11.64,4.75,4.08,310.0,310.0,249.0,-17.765930929756962,Normal,4636,Low
India,Uttar Pradesh,"Calendar Year (Jan - Dec), 2025",Jalalabad (Bijnor),17.73,6.32,5.53,418.0,330.0,330.0,-17.766019922454177,Normal,4637,Low
India,Punjab,"Calendar Year (Jan - Dec), 2025","Urmar Tanda, Municipality",10.04,2.84,1.47,186.0,77.0,76.0,-17.768219615991484,Normal,4638,Low
India,Tamil Nadu,"Calendar Year (Jan - Dec), 2025","Valvaithankoshtam, Town Panchayat",11.0,4.39,4.2,280.0,280.0,273.0,-17.77239914570322,Normal,4639,Low
India,Punjab,"Calendar Year (Jan - Dec), 2025","Raman, Municipality",23.83,7.46,3.4,475.0,280.0,255.0,-17.774385186275197,Normal,4640,Low
India,Tamil Nadu,"Calendar Year (Jan - Dec), 2025","Veerapandi, Town Panchayat",20.79,5.87,5.23,352.0,352.0,327.0,-17.78250589107398,Normal,4641,Low
India,Tamil Nadu,"Calendar Year (Jan - Dec), 2025","Mudukulathur, Town Panchayat",8.9,3.77,3.59,248.0,248.0,221.0,-17.786953638859757,Normal,4642,Low
India,Uttar Pradesh,"Calendar Year (Jan - Dec), 2025","Ratsar Kala, Town Panchayat",14.89,5.43,4.99,362.0,319.0,316.0,-17.78919385699902,Normal,4643,Low
India,Tamil Nadu,"Calendar Year (Jan - Dec), 2025","Boothapandi, Town Panchayat",11.88,4.75,4.38,299.0,299.0,274.0,-17.79520957693194,Normal,4644,Low
India,Uttar Pradesh,"Calendar Year (Jan - Dec), 2025","Sewalkhas, Town Panchayat",8.99,3.63,3.56,242.0,242.0,233.0,-17.80332212590139,Normal,4645,Low
India,Jharkhand,"Calendar Year (Jan - Dec), 2025","Dhanvar, Town Panchayat",7.5,3.09,2.8,205.0,205.0,195.0,-17.817190534226654,Normal,4646,Low
India,Jammu And Kashmir,"Calendar Year (Jan - Dec), 2025","Pattan, Municipality",21.13,5.6,4.24,368.0,368.0,264.0,-17.817478465812314,Normal,4647,Low
India,Uttarakhand,"Calendar Year (Jan - Dec), 2025","Rudraprayag, Municipality",16.81,6.98,5.97,278.0,278.0,271.0,-17.823747803613912,Normal,4648,Low
India,Tamil Nadu,"Calendar Year (Jan - Dec), 2025","Kombai, Town Panchayat",6.56,2.49,2.11,160.0,158.0,145.0,-17.82539829138136,Normal,4649,Low
India,Maharashtra,"Calendar Year (Jan - Dec), 2025","Mahadula, Town Panchayat",18.49,4.61,4.23,307.0,159.0,109.0,-17.829253673960693,Normal,4650,Low
India,Karnataka,"Calendar Year (Jan - Dec), 2025","Ugar Khurd, Town Panchayat",13.87,5.09,3.83,337.0,334.0,288.0,-17.833502367625954,Normal,4651,Low
India,Tamil Nadu,"Calendar Year (Jan - Dec), 2025","Kanjikoil, Town Panchayat",6.85,2.79,2.7,181.0,180.0,165.0,-17.8375397518858,Normal,4652,Low
India,Tamil Nadu,"Calendar Year (Jan - Dec), 2025","Arachalur, Town Panchayat",7.09,3.0,2.92,191.0,191.0,178.0,-17.839081525508277,Normal,4653,Low
India,Uttar Pradesh,"Calendar Year (Jan - Dec), 2025","Baitalpur, Town Panchayat",25.06,7.52,5.36,501.0,273.0,263.0,-17.84049977208332,Normal,4654,Low
India,Tamil Nadu,"Calendar Year (Jan - Dec), 2025","Mylaudy, Town Panchayat",10.46,4.28,3.96,279.0,277.0,251.0,-17.841241461628954,Normal,4655,Low
India,Tamil Nadu,"Calendar Year (Jan - Dec), 2025","Alanganallur, Town Panchayat",17.73,5.53,5.38,329.0,329.0,319.0,-17.844354837470405,Normal,4656,Low
India,Uttarakhand,"Calendar Year (Jan - Dec), 2025","Gairsain, Town Panchayat",8.07,2.58,1.36,161.0,147.0,113.0,-17.84727949264402,Normal,4657,Low
India,Tamil Nadu,"Calendar Year (Jan - Dec), 2025","Melpattampakkam, Town Panchayat",7.77,3.28,3.07,217.0,217.0,191.0,-17.85285899271429,Normal,4658,Low
India,Assam,"Calendar Year (Jan - Dec), 2025","Doom Dooma, Town Panchayat",5.84,2.56,2.23,152.0,115.0,101.0,-17.855941326866912,Normal,4659,Low
India,Tamil Nadu,"Calendar Year (Jan - Dec), 2025","Kadayal, Town Panchayat",9.16,3.82,3.63,250.0,249.0,230.0,-17.85812433483352,Normal,4660,Low
India,Maharashtra,"Calendar Year (Jan - Dec), 2025","Jalkot, Town Panchayat",23.67,5.54,3.74,363.0,275.0,170.0,-17.859953664072407,Normal,4661,Low
India,Maharashtra,"Calendar Year (Jan - Dec), 2025","Dharni, Town Panchayat",24.16,5.78,2.87,374.0,181.0,157.0,-17.86293945242869,Normal,4662,Low
India,Tamil Nadu,"Calendar Year (Jan - Dec), 2025","Natrampalli, Town Panchayat",7.86,3.39,3.14,219.0,219.0,199.0,-17.86797791813558,Normal,4663,Low
India,Tamil Nadu,"Calendar Year (Jan - Dec), 2025","Puvalur, Town Panchayat",7.52,3.15,2.94,206.0,206.0,190.0,-17.873212946094952,Normal,4664,Low
India,Rajasthan,"Calendar Year (Jan - Dec), 2025","Jhalrapatan, Town Panchayat",23.03,6.77,5.31,419.0,346.0,337.0,-17.876252709235928,Normal,4665,Low
India,Uttar Pradesh,"Calendar Year (Jan - Dec), 2025","Parikshitgarh, Town Panchayat",16.2,5.89,4.92,392.0,329.0,323.0,-17.880622456393382,Normal,4666,Low
India,Tamil Nadu,"Calendar Year (Jan - Dec), 2025","Avaniapuram, Municipal Corporation",21.78,3.57,3.57,160.0,160.0,160.0,-17.880827028683427,Normal,4667,Low
India,Tamil Nadu,"Calendar Year (Jan - Dec), 2025","Kolathupalayam, Town Panchayat",8.57,3.75,3.46,243.0,238.0,214.0,-17.883356629423133,Normal,4668,Low
India,Jharkhand,"Calendar Year (Jan - Dec), 2025",North Chotanagpur Regional Development Authority,20.44,3.21,3.21,148.0,148.0,148.0,-17.883986697040257,Normal,4669,Low
India,Uttar Pradesh,"Calendar Year (Jan - Dec), 2025","Kamalganj, Town Panchayat",17.57,6.32,5.43,420.0,323.0,321.0,-17.890151388986908,Normal,4670,Low
India,Tamil Nadu,"Calendar Year (Jan - Dec), 2025","Koothappar, Town Panchayat",6.52,2.21,2.12,130.0,130.0,124.0,-17.89099937851114,Normal,4671,Low
India,Punjab,"Calendar Year (Jan - Dec), 2025","Ramdas, Town Panchayat",9.96,3.87,1.63,271.0,203.0,149.0,-17.891311059255372,Normal,4672,Low
India,Rajasthan,"Calendar Year (Jan - Dec), 2025","Kuchera, Town Panchayat",7.15,2.67,1.58,176.0,153.0,119.0,-17.891923518352485,Normal,4673,Low
India,Himachal Pradesh,"Calendar Year (Jan - Dec), 2025","Rajgarh, Town Panchayat",7.42,2.01,1.77,118.0,112.0,103.0,-17.89389158912843,Normal,4674,Low
India,Madhya Pradesh,"Calendar Year (Jan - Dec), 2025","Bhedaghat, Town Panchayat",9.52,3.7,3.7,245.0,245.0,245.0,-17.899864168347392,Normal,4675,Low
India,Rajasthan,"Calendar Year (Jan - Dec), 2025","Uniara, Town Panchayat",8.22,2.99,1.98,199.0,199.0,117.0,-17.908159787032787,Normal,4676,Low
India,Gujarat,"Calendar Year (Jan - Dec), 2025","Talaja, Municipality",26.64,5.91,5.38,296.0,249.0,239.0,-17.912833677558126,Normal,4677,Low
India,Tamil Nadu,"Calendar Year (Jan - Dec), 2025",Gudalur (N),22.29,5.85,5.64,318.0,317.0,279.0,-17.922293626919668,Normal,4678,Low
India,Tamil Nadu,"Calendar Year (Jan - Dec), 2025","Papanasam, Town Panchayat",7.11,2.08,1.85,125.0,125.0,115.0,-17.92328606165364,Normal,4679,Low
India,Uttar Pradesh,"Calendar Year (Jan - Dec), 2025","Ghatampur, Municipality",19.13,6.5,5.53,430.0,325.0,325.0,-17.934181982355597,Normal,4680,Low
India,Maharashtra,"Calendar Year (Jan - Dec), 2025","Dharangaon, Municipality",23.96,5.95,5.41,355.0,320.0,319.0,-17.936489977495796,Normal,4681,Low
India,Tamil Nadu,"Calendar Year (Jan - Dec), 2025","Kuthalam, Town Panchayat",6.91,2.7,2.23,175.0,175.0,158.0,-17.937420244456575,Normal,4682,Low
India,Tamil Nadu,"Calendar Year (Jan - Dec), 2025","Thamaraikulam, Town Panchayat",11.79,4.75,4.14,307.0,301.0,254.0,-17.938335027232768,Normal,4683,Low
India,Uttar Pradesh,"Calendar Year (Jan - Dec), 2025","Kohdaur, Town Panchayat",14.08,5.5,4.72,367.0,311.0,297.0,-17.940059837370427,Normal,4684,Low
India,Tamil Nadu,"Calendar Year (Jan - Dec), 2025","Aduthurai Alias Maruthuvakudi, Town Panchayat",6.87,2.48,2.07,160.0,160.0,153.0,-17.945409119053977,Normal,4685,Low
India,Tamil Nadu,"Calendar Year (Jan - Dec), 2025","Mallasamudram, Town Panchayat",12.95,5.02,4.61,314.0,305.0,276.0,-17.956497761433752,Normal,4686,Low
India,Rajasthan,"Calendar Year (Jan - Dec), 2025","Kishangarh Renwal, Town Panchayat",7.08,2.07,2.0,129.0,129.0,129.0,-17.95694997604977,Normal,4687,Low
India,Gujarat,"Calendar Year (Jan - Dec), 2025",Mandvi (Surat),24.46,6.54,5.41,391.0,326.0,326.0,-17.96578743535798,Normal,4688,Low
India,Odisha,"Calendar Year (Jan - Dec), 2025","Bijepur, Town Panchayat",9.92,4.31,3.71,287.0,262.0,244.0,-17.97153044968229,Normal,4689,Low
India,Tamil Nadu,"Calendar Year (Jan - Dec), 2025","Kuhalur, Town Panchayat",9.53,3.93,3.7,254.0,253.0,234.0,-17.971833915354523,Normal,4690,Low
India,Rajasthan,"Calendar Year (Jan - Dec), 2025","Kushalgarh, Town Panchayat",23.06,6.34,4.13,419.0,223.0,167.0,-17.97183543323706,Normal,4691,Low
India,Tamil Nadu,"Calendar Year (Jan - Dec), 2025","Vedapatti, Town Panchayat",21.9,5.53,5.49,307.0,307.0,302.0,-17.972317718354645,Normal,4692,Low
India,Tamil Nadu,"Calendar Year (Jan - Dec), 2025","Chettiarpatti, Town Panchayat",10.13,4.04,3.84,262.0,261.0,249.0,-17.975432413479325,Normal,4693,Low
India,Tamil Nadu,"Calendar Year (Jan - Dec), 2025","Devadanapatti, Town Panchayat",14.47,5.07,4.65,314.0,314.0,304.0,-17.97987178603239,Normal,4694,Low
India,Tamil Nadu,"Calendar Year (Jan - Dec), 2025","Kuchanur, Town Panchayat",7.02,2.79,2.49,179.0,178.0,174.0,-17.985133922062857,Normal,4695,Low
India,Tamil Nadu,"Calendar Year (Jan - Dec), 2025","Kottur, Town Panchayat",6.97,2.8,2.73,178.0,178.0,165.0,-17.985307188274135,Normal,4696,Low
India,Tamil Nadu,"Calendar Year (Jan - Dec), 2025","Arani, Town Panchayat",6.78,2.52,2.13,161.0,161.0,138.0,-17.986457383439074,Normal,4697,Low
India,Madhya Pradesh,"Calendar Year (Jan - Dec), 2025","Akoda, Town Panchayat",6.95,2.62,2.43,172.0,172.0,157.0,-17.989537546615452,Normal,4698,Low
India,Tamil Nadu,"Calendar Year (Jan - Dec), 2025","Seithur, Town Panchayat",11.14,4.3,3.98,281.0,280.0,261.0,-17.992001213862864,Normal,4699,Low
India,Jammu And Kashmir,"Calendar Year (Jan - Dec), 2025","Kalakote, Municipality",16.82,5.33,3.57,352.0,352.0,253.0,-17.997066371042536,Normal,4700,Low
India,Tamil Nadu,"Calendar Year (Jan - Dec), 2025","Neikkarapatti, Town Panchayat",7.32,3.04,2.53,198.0,196.0,177.0,-18.00120281089329,Normal,4701,Low
India,Tamil Nadu,"Calendar Year (Jan - Dec), 2025","Jambai, Town Panchayat",9.63,3.86,3.57,253.0,252.0,241.0,-18.002592692817643,Normal,4702,Low
India,Uttar Pradesh,"Calendar Year (Jan - Dec), 2025","Dayalbagh, Town Panchayat",19.61,3.34,3.34,142.0,142.0,142.0,-18.012646611392995,Normal,4703,Low
India,Tamil Nadu,"Calendar Year (Jan - Dec), 2025","Sriramapuram, Town Panchayat",8.03,3.29,2.75,215.0,215.0,206.0,-18.0173426353374,Normal,4704,Low
India,Tamil Nadu,"Calendar Year (Jan - Dec), 2025","Thevaram, Town Panchayat",9.77,3.93,3.36,258.0,257.0,245.0,-18.022828005296674,Normal,4705,Low
India,Tamil Nadu,"Calendar Year (Jan - Dec), 2025","Pallathur, Town Panchayat",6.84,2.89,2.81,174.0,172.0,169.0,-18.031458263915,Normal,4706,Low
India,Jammu And Kashmir,"Calendar Year (Jan - Dec), 2025","Ram Nagar, Municipality",15.68,5.03,3.19,333.0,333.0,203.0,-18.034857046329705,Normal,4707,Low
India,Tamil Nadu,"Calendar Year (Jan - Dec), 2025","Pillanallur, Town Panchayat",6.94,2.87,2.67,177.0,177.0,169.0,-18.039312447625264,Normal,4708,Low
India,Punjab,"Calendar Year (Jan - Dec), 2025","Sri Hargobindpur, Municipality",17.5,6.32,3.68,444.0,261.0,173.0,-18.040847600013933,Normal,4709,Low
India,Tamil Nadu,"Calendar Year (Jan - Dec), 2025","Thottiyam, Town Panchayat",12.38,4.63,4.38,296.0,295.0,266.0,-18.041494091533764,Normal,4710,Low
India,Karnataka,"Calendar Year (Jan - Dec), 2025","Mudbidri, Municipality",21.74,6.02,5.11,339.0,339.0,290.0,-18.04775234320215,Normal,4711,Low
India,Maharashtra,"Calendar Year (Jan - Dec), 2025","Kurundvad, Municipality",25.3,5.95,2.89,370.0,255.0,245.0,-18.05043524077695,Normal,4712,Low
India,Uttar Pradesh,"Calendar Year (Jan - Dec), 2025","Khora, Municipality",12.51,2.41,2.41,103.0,103.0,103.0,-18.053351520061142,Normal,4713,Low
India,Jammu And Kashmir,"Calendar Year (Jan - Dec), 2025","Uri, Municipality",20.34,5.51,4.37,354.0,352.0,283.0,-18.05508385782423,Normal,4714,Low
India,Punjab,"Calendar Year (Jan - Dec), 2025","Chamkaur Sahib, Town Panchayat",18.77,6.58,5.41,441.0,316.0,294.0,-18.062885751186627,Normal,4715,Low
India,Tamil Nadu,"Calendar Year (Jan - Dec), 2025","Arumanai, Town Panchayat",15.93,5.23,5.08,314.0,314.0,297.0,-18.067450236186005,Normal,4716,Low
India,Rajasthan,"Calendar Year (Jan - Dec), 2025","Deogarh, Town Panchayat",6.79,2.22,2.14,132.0,132.0,130.0,-18.068492846532024,Normal,4717,Low
India,Jammu And Kashmir,"Calendar Year (Jan - Dec), 2025","Charar-I-Sharief, Municipality",20.11,5.39,4.18,350.0,350.0,247.0,-18.06906906763561,Normal,4718,Low
India,Chhattisgarh,"Calendar Year (Jan - Dec), 2025","Mana-Camp, Town Panchayat",8.41,3.07,4.25,145.0,145.0,145.0,-18.08123320151293,Normal,4719,Low
India,Tamil Nadu,"Calendar Year (Jan - Dec), 2025","Ammoor, Town Panchayat",8.37,3.55,3.34,227.0,224.0,205.0,-18.082158119605765,Normal,4720,Low
India,Rajasthan,"Calendar Year (Jan - Dec), 2025",Vijainagar (Beawar),22.97,6.99,4.95,427.0,335.0,316.0,-18.08374473204418,Normal,4721,Low
India,Uttar Pradesh,"Calendar Year (Jan - Dec), 2025","Dharamsinghwa, Town Panchayat",7.52,2.97,2.74,198.0,195.0,179.0,-18.09613310640873,Normal,4722,Low
India,Jammu And Kashmir,"Calendar Year (Jan - Dec), 2025","Punch, Municipality",15.88,5.13,3.99,340.0,340.0,277.0,-18.097686043706744,Normal,4723,Low
India,Maharashtra,"Calendar Year (Jan - Dec), 2025","Wadi, Municipality",23.46,4.13,4.01,201.0,167.0,160.0,-18.0995426305181,Normal,4724,Low
India,Karnataka,"Calendar Year (Jan - Dec), 2025","Kabbur, Town Panchayat",12.91,4.65,4.16,306.0,298.0,282.0,-18.10975651801317,Normal,4725,Low
India,Tamil Nadu,"Calendar Year (Jan - Dec), 2025","Kolappalur, Town Panchayat",15.78,4.8,4.35,317.0,317.0,306.0,-18.11021503043679,Normal,4726,Low
India,Jammu And Kashmir,"Calendar Year (Jan - Dec), 2025","Magam, Municipality",13.98,3.74,2.63,243.0,243.0,115.0,-18.113744126397307,Normal,4727,Low
India,Punjab,"Calendar Year (Jan - Dec), 2025","Cheema, Town Panchayat",12.67,5.09,3.9,343.0,300.0,274.0,-18.120833775595372,Normal,4728,Low
India,Jammu And Kashmir,"Calendar Year (Jan - Dec), 2025","Ghomanhasan, Municipality",8.25,3.29,2.2,216.0,216.0,176.0,-18.12182858113431,Normal,4729,Low
India,Uttarakhand,"Calendar Year (Jan - Dec), 2025","Gularboj, Town Panchayat",17.35,6.85,4.82,408.0,325.0,302.0,-18.129486063869876,Normal,4730,Low
India,Tamil Nadu,"Calendar Year (Jan - Dec), 2025","Kalambur, Town Panchayat",8.32,3.5,3.22,225.0,225.0,192.0,-18.131242194169715,Normal,4731,Low
India,Tamil Nadu,"Calendar Year (Jan - Dec), 2025","Odaipatti, Town Panchayat",8.86,3.72,2.99,242.0,237.0,220.0,-18.134118490538867,Normal,4732,Low
India,Tamil Nadu,"Calendar Year (Jan - Dec), 2025","Ammainaickanur, Town Panchayat",11.24,4.41,3.75,280.0,280.0,262.0,-18.14225415900563,Normal,4733,Low
India,Punjab,"Calendar Year (Jan - Dec), 2025","Payal, Municipality",7.14,2.51,1.47,166.0,124.0,114.0,-18.148347407508993,Normal,4734,Low
India,Uttar Pradesh,"Calendar Year (Jan - Dec), 2025","Mankapur, Town Panchayat",10.23,3.94,3.86,259.0,250.0,250.0,-18.150066134611848,Normal,4735,Low
India,Maharashtra,"Calendar Year (Jan - Dec), 2025","Lanja, Town Panchayat",11.52,2.45,1.97,114.0,85.0,85.0,-18.15072005065366,Normal,4736,Low
India,Tamil Nadu,"Calendar Year (Jan - Dec), 2025","Karunguzhi, Town Panchayat",8.77,3.75,3.03,245.0,242.0,191.0,-18.15187608871082,Normal,4737,Low
India,Uttarakhand,"Calendar Year (Jan - Dec), 2025","Augustmuni, Town Panchayat",16.7,6.62,5.72,259.0,259.0,258.0,-18.15464722561387,Normal,4738,Low
India,Tamil Nadu,"Calendar Year (Jan - Dec), 2025","Arakandanallur, Town Panchayat",7.31,2.77,2.3,180.0,180.0,167.0,-18.156458387235944,Normal,4739,Low
India,Madhya Pradesh,"Calendar Year (Jan - Dec), 2025","Neuton Chikhli Kalan, Town Panchayat",11.36,4.29,3.89,286.0,271.0,271.0,-18.15703146165015,Normal,4740,Low
India,Punjab,"Calendar Year (Jan - Dec), 2025","Nihal Singh Wala, Town Panchayat",7.19,2.44,1.8,160.0,103.0,83.0,-18.159621120370616,Normal,4741,Low
India,Tamil Nadu,"Calendar Year (Jan - Dec), 2025","Ayyampalayam, Town Panchayat",8.78,3.63,3.06,233.0,233.0,218.0,-18.161362715777386,Normal,4742,Low
India,Tamil Nadu,"Calendar Year (Jan - Dec), 2025",Athur (T),7.26,3.06,2.81,192.0,190.0,153.0,-18.169521770615518,Normal,4743,Low
India,Maharashtra,"Calendar Year (Jan - Dec), 2025","Kavthemahankal, Town Panchayat",25.77,5.46,3.76,340.0,289.0,241.0,-18.170032871331102,Normal,4744,Low
India,Maharashtra,"Calendar Year (Jan - Dec), 2025","Samudrapur, Town Panchayat",23.95,5.92,3.67,390.0,313.0,263.0,-18.176023914586494,Normal,4745,Low
India,Tamil Nadu,"Calendar Year (Jan - Dec), 2025","Mallankinaru, Town Panchayat",8.02,3.22,3.04,205.0,205.0,202.0,-18.17979623158641,Normal,4746,Low
India,Uttar Pradesh,"Calendar Year (Jan - Dec), 2025","Madanpur, Town Panchayat",22.33,6.99,5.05,466.0,288.0,250.0,-18.18349056838798,Normal,4747,Low
India,Uttar Pradesh,"Calendar Year (Jan - Dec), 2025",Rai Bareilly Development Authority,19.84,3.52,2.58,235.0,235.0,235.0,-18.18851511116759,Normal,4748,Low
India,Tamil Nadu,"Calendar Year (Jan - Dec), 2025","Manavalakurichi, Town Panchayat",8.6,3.43,3.26,222.0,221.0,212.0,-18.196887524333988,Normal,4749,Low
India,Jammu And Kashmir,"Calendar Year (Jan - Dec), 2025","Pampora, Municipality",8.89,2.34,1.58,153.0,153.0,129.0,-18.204074881888516,Normal,4750,Low
India,Uttarakhand,"Calendar Year (Jan - Dec), 2025","Gochar, Municipality",6.89,2.41,2.08,152.0,147.0,137.0,-18.207389643481008,Normal,4751,Low
India,Tamil Nadu,"Calendar Year (Jan - Dec), 2025","Sathankulam, Town Panchayat",10.79,4.2,3.85,270.0,269.0,243.0,-18.2158689086005,Normal,4752,Low
India,Rajasthan,"Calendar Year (Jan - Dec), 2025","Rani, Town Panchayat",10.86,3.39,2.42,212.0,172.0,84.0,-18.219097194613425,Normal,4753,Low
India,Karnataka,"Calendar Year (Jan - Dec), 2025","Honavar, Town Panchayat",8.22,2.69,1.73,173.0,173.0,124.0,-18.220673602844954,Normal,4754,Low
India,Himachal Pradesh,"Calendar Year (Jan - Dec), 2025","Dehra, Municipality",8.55,2.04,1.91,128.0,128.0,112.0,-18.237290479650255,Normal,4755,Low
India,Tamil Nadu,"Calendar Year (Jan - Dec), 2025","Boothipuram, Town Panchayat",10.98,4.23,3.71,267.0,267.0,261.0,-18.244364041601727,Normal,4756,Low
India,Tamil Nadu,"Calendar Year (Jan - Dec), 2025","Punjai Thottakurichi, Town Panchayat",6.96,2.46,2.31,152.0,152.0,142.0,-18.249388964274715,Normal,4757,Low
India,Punjab,"Calendar Year (Jan - Dec), 2025","Ghanaur, Town Panchayat",10.45,3.69,1.78,245.0,217.0,148.0,-18.254161808827746,Normal,4758,Low
India,Nagaland,"Calendar Year (Jan - Dec), 2025","East Dimapur, Town Panchayat",9.67,3.76,3.27,251.0,251.0,218.0,-18.258622919027005,Normal,4759,Low
India,Himachal Pradesh,"Calendar Year (Jan - Dec), 2025","Santokhgarh, Municipality",17.21,5.56,4.35,353.0,323.0,318.0,-18.269085730804306,Normal,4760,Low
India,Tamil Nadu,"Calendar Year (Jan - Dec), 2025","Kariamangalam, Town Panchayat",7.89,3.16,2.58,204.0,204.0,183.0,-18.2719296251002,Normal,4761,Low
India,Maharashtra,"Calendar Year (Jan - Dec), 2025","Akole, Town Panchayat",25.91,5.73,4.3,319.0,268.0,219.0,-18.27518528871792,Normal,4762,Low
India,Rajasthan,"Calendar Year (Jan - Dec), 2025","Gulabpura, Town Panchayat",24.8,6.62,4.91,400.0,287.0,244.0,-18.27570923096289,Normal,4763,Low
India,Karnataka,"Calendar Year (Jan - Dec), 2025","Siddapur, Town Panchayat",9.3,3.6,2.29,237.0,236.0,161.0,-18.289346009613723,Normal,4764,Low
India,Tamil Nadu,"Calendar Year (Jan - Dec), 2025","Melagaram, Town Panchayat",6.88,2.62,2.28,171.0,157.0,149.0,-18.289916379537715,Normal,4765,Low
India,Jammu And Kashmir,"Calendar Year (Jan - Dec), 2025","Thanamandi, Municipality",15.5,4.96,3.73,329.0,329.0,255.0,-18.29050976985758,Normal,4766,Low
India,Uttar Pradesh,"Calendar Year (Jan - Dec), 2025",Maharajganj (Azamgarh),21.34,6.99,5.31,466.0,279.0,279.0,-18.297355958516846,Normal,4767,Low
India,Himachal Pradesh,"Calendar Year (Jan - Dec), 2025","Nalagarh, Municipality",18.5,5.42,4.84,317.0,317.0,303.0,-18.29956668325883,Normal,4768,Low
India,Haryana,"Calendar Year (Jan - Dec), 2025","Hailey Mandi, Municipality",20.43,6.69,4.13,436.0,225.0,179.0,-18.30911368778061,Normal,4769,Low
India,Madhya Pradesh,"Calendar Year (Jan - Dec), 2025","Maksudangarh, Town Panchayat",8.59,3.35,2.68,223.0,223.0,192.0,-18.31268852643757,Normal,4770,Low
India,Tamil Nadu,"Calendar Year (Jan - Dec), 2025","Nazerath, Town Panchayat",7.17,2.6,2.31,164.0,164.0,149.0,-18.319258125509805,Normal,4771,Low
India,Nagaland,"Calendar Year (Jan - Dec), 2025","Tening, Town Panchayat",8.83,3.31,2.83,221.0,221.0,211.0,-18.325683982563135,Normal,4772,Low
India,Karnataka,"Calendar Year (Jan - Dec), 2025","Ainapur, Town Panchayat",11.99,4.29,3.78,283.0,282.0,257.0,-18.326839796233116,Normal,4773,Low
India,Assam,"Calendar Year (Jan - Dec), 2025","Sivasagar, Municipality",6.62,2.38,1.92,135.0,105.0,98.0,-18.330230278296597,Normal,4774,Low
India,Odisha,"Calendar Year (Jan - Dec), 2025","Chhatrapur, Town Panchayat",14.17,5.29,4.78,310.0,293.0,282.0,-18.34143761666479,Normal,4775,Low
India,Uttarakhand,"Calendar Year (Jan - Dec), 2025","Pokhri, Town Panchayat",13.45,4.6,3.36,307.0,297.0,172.0,-18.342890929250643,Normal,4776,Low
India,Maharashtra,"Calendar Year (Jan - Dec), 2025","Nawapur, Municipality",16.57,3.4,4.67,174.0,154.0,148.0,-18.346899481030164,Normal,4777,Low
India,Rajasthan,"Calendar Year (Jan - Dec), 2025","Didwana, Town Panchayat",24.08,6.67,4.06,424.0,291.0,253.0,-18.3522702146102,Normal,4778,Low
India,Tamil Nadu,"Calendar Year (Jan - Dec), 2025","Thazhakudy, Town Panchayat",7.75,3.06,2.85,194.0,193.0,180.0,-18.356344461997935,Normal,4779,Low
India,Tamil Nadu,"Calendar Year (Jan - Dec), 2025","Pothatturpettai, Town Panchayat",7.38,2.74,2.16,178.0,170.0,164.0,-18.35823394395777,Normal,4780,Low
India,Assam,"Calendar Year (Jan - Dec), 2025","Palasbari, Municipality",18.42,7.51,5.19,422.0,272.0,256.0,-18.35862365103617,Normal,4781,Low
India,Tamil Nadu,"Calendar Year (Jan - Dec), 2025","Agaram, Town Panchayat",10.32,4.1,3.41,257.0,255.0,247.0,-18.359539123226966,Normal,4782,Low
India,Jammu And Kashmir,"Calendar Year (Jan - Dec), 2025","Billawar, Municipality",15.04,4.88,3.56,322.0,322.0,249.0,-18.363011808143142,Normal,4783,Low
India,Karnataka,"Calendar Year (Jan - Dec), 2025","Vittal, Town Panchayat",12.9,4.7,3.39,298.0,298.0,264.0,-18.365576059731268,Normal,4784,Low
India,Uttarakhand,"Calendar Year (Jan - Dec), 2025","Gangolihat, Municipality",9.58,3.39,1.81,215.0,200.0,125.0,-18.367368567463586,Normal,4785,Low
India,Karnataka,"Calendar Year (Jan - Dec), 2025","Bhimarayanagudi, Town Panchayat",10.66,3.75,1.76,249.0,214.0,180.0,-18.369201023563846,Normal,4786,Low
India,Tamil Nadu,"Calendar Year (Jan - Dec), 2025","Musiri, Municipality",16.71,5.05,4.82,308.0,308.0,279.0,-18.37052166661175,Normal,4787,Low
India,Uttar Pradesh,"Calendar Year (Jan - Dec), 2025",Bareilly Development Authority,12.35,3.81,2.44,254.0,254.0,254.0,-18.376143669387147,Normal,4788,Low
India,Rajasthan,"Calendar Year (Jan - Dec), 2025","Taranagar, Town Panchayat",19.62,6.81,3.9,440.0,305.0,266.0,-18.376236145462713,Normal,4789,Low
India,Sikkim,"Calendar Year (Jan - Dec), 2025","Gangtok, Municipal Corporation",13.24,2.77,3.78,130.0,130.0,128.0,-18.37946423218324,Normal,4790,Low
India,Uttar Pradesh,"Calendar Year (Jan - Dec), 2025","Dankaur, Town Panchayat",23.8,4.93,4.65,278.0,260.0,256.0,-18.383570185098165,Normal,4791,Low
India,Punjab,"Calendar Year (Jan - Dec), 2025","Mudki, Town Panchayat",12.6,3.72,2.37,249.0,106.0,81.0,-18.38486819918819,Normal,4792,Low
India,Maharashtra,"Calendar Year (Jan - Dec), 2025","Sindi, Municipality",19.72,4.91,2.4,320.0,258.0,224.0,-18.389800862635184,Normal,4793,Low
India,Uttarakhand,"Calendar Year (Jan - Dec), 2025","Kapkot, Town Panchayat",9.03,3.35,2.13,219.0,207.0,125.0,-18.3946640470474,Normal,4794,Low
India,Karnataka,"Calendar Year (Jan - Dec), 2025","Turuvekere, Town Panchayat",20.42,6.13,4.53,389.0,323.0,305.0,-18.40091098939166,Normal,4795,Low
India,Tamil Nadu,"Calendar Year (Jan - Dec), 2025","Thathaiyangarpet, Town Panchayat",8.87,3.52,3.23,222.0,222.0,212.0,-18.401207998690836,Normal,4796,Low
India,West Bengal,"Calendar Year (Jan - Dec), 2025",Shantiniketan-Shreeniketan Development Authority,16.59,2.96,2.96,129.0,129.0,129.0,-18.407144883357034,Normal,4797,Low
India,Punjab,"Calendar Year (Jan - Dec), 2025","Rayya, Municipality",9.23,3.6,1.8,245.0,198.0,165.0,-18.407582157489685,Normal,4798,Low
India,Jammu And Kashmir,"Calendar Year (Jan - Dec), 2025","Pahalgam, Municipality",15.4,4.03,4.37,268.0,268.0,166.0,-18.414309186417427,Normal,4799,Low
India,Maharashtra,"Calendar Year (Jan - Dec), 2025","Palus, Municipality",23.95,5.49,3.11,341.0,254.0,204.0,-18.415231055253855,Normal,4800,Low
India,Punjab,"Calendar Year (Jan - Dec), 2025","Lehragaga, Municipality",19.57,6.61,4.44,441.0,308.0,284.0,-18.417841711611118,Normal,4801,Low
India,Jammu And Kashmir,"Calendar Year (Jan - Dec), 2025","Ramban, Municipality",8.3,2.32,1.82,152.0,152.0,134.0,-18.421604743122145,Normal,4802,Low
India,Maharashtra,"Calendar Year (Jan - Dec), 2025","Dudhani, Municipality",15.58,3.92,2.21,256.0,179.0,104.0,-18.438197067667545,Normal,4803,Low
India,Tamil Nadu,"Calendar Year (Jan - Dec), 2025","Mamsapuram, Town Panchayat",7.91,3.08,2.76,200.0,198.0,165.0,-18.44515174622643,Normal,4804,Low
India,Punjab,"Calendar Year (Jan - Dec), 2025","Qadian, Municipality",10.45,4.27,2.12,300.0,214.0,149.0,-18.448774404197422,Normal,4805,Low
India,Punjab,"Calendar Year (Jan - Dec), 2025","Alawalpur, Municipality",8.79,2.74,1.47,181.0,94.0,88.0,-18.451961235474016,Normal,4806,Low
India,Tamil Nadu,"Calendar Year (Jan - Dec), 2025","Acharapakkam, Town Panchayat",19.0,5.37,5.2,291.0,290.0,276.0,-18.453808164060604,Normal,4807,Low
India,Nagaland,"Calendar Year (Jan - Dec), 2025","Longkhim, Town Panchayat",8.42,2.92,2.89,195.0,195.0,194.0,-18.455008728649773,Normal,4808,Low
India,Tamil Nadu,"Calendar Year (Jan - Dec), 2025","Needamangalam, Town Panchayat",7.85,3.02,2.63,195.0,194.0,166.0,-18.465448330782806,Normal,4809,Low
India,Kerala,"Calendar Year (Jan - Dec), 2025","Chengannur, Municipality",17.61,5.47,4.52,331.0,320.0,230.0,-18.469554559763992,Normal,4810,Low
India,Tamil Nadu,"Calendar Year (Jan - Dec), 2025","Athani, Town Panchayat",19.69,3.94,2.78,257.0,253.0,247.0,-18.476956590719624,Normal,4811,Low
India,Gujarat,"Calendar Year (Jan - Dec), 2025","Maliya, Municipality",16.5,4.82,4.66,298.0,295.0,286.0,-18.478544216720366,Normal,4812,Low
India,Tamil Nadu,"Calendar Year (Jan - Dec), 2025","Inam Karur, Municipal Corporation",14.41,2.75,2.75,117.0,117.0,117.0,-18.479135152476545,Normal,4813,Low
India,Tamil Nadu,"Calendar Year (Jan - Dec), 2025","Ariyappampalayam, Town Panchayat",8.99,3.43,3.28,217.0,217.0,213.0,-18.479465285548997,Normal,4814,Low
India,Tamil Nadu,"Calendar Year (Jan - Dec), 2025","Sankarapuram, Town Panchayat",7.78,3.01,2.97,187.0,187.0,168.0,-18.48144268587157,Normal,4815,Low
India,Tamil Nadu,"Calendar Year (Jan - Dec), 2025","Perumagalur, Town Panchayat",19.3,4.11,4.21,274.0,274.0,263.0,-18.48195379655334,Normal,4816,Low
India,Jammu And Kashmir,"Calendar Year (Jan - Dec), 2025","Koker Nag, Municipality",18.14,4.75,3.51,316.0,316.0,230.0,-18.48296667080308,Normal,4817,Low
India,Haryana,"Calendar Year (Jan - Dec), 2025","Barara, Municipality",18.84,6.18,3.7,373.0,322.0,261.0,-18.484942633174285,Normal,4818,Low
India,Rajasthan,"Calendar Year (Jan - Dec), 2025","Kapasan, Town Panchayat",10.42,2.36,2.45,133.0,89.0,84.0,-18.487555968999516,Normal,4819,Low
India,Tamil Nadu,"Calendar Year (Jan - Dec), 2025","Srivaikuntam, Town Panchayat",9.15,3.64,3.46,225.0,225.0,209.0,-18.491069186405014,Normal,4820,Low
India,Tamil Nadu,"Calendar Year (Jan - Dec), 2025","Ganguvarpatti, Town Panchayat",7.84,3.41,2.69,212.0,196.0,190.0,-18.50145469857705,Normal,4821,Low
India,Punjab,"Calendar Year (Jan - Dec), 2025","Ahmedgarh, Municipality",20.75,6.34,5.33,412.0,264.0,234.0,-18.501725785073518,Normal,4822,Low
India,Uttar Pradesh,"Calendar Year (Jan - Dec), 2025",Aligarh Development Authority,14.41,2.34,2.3,156.0,156.0,156.0,-18.50283124562725,Normal,4823,Low
India,Tamil Nadu,"Calendar Year (Jan - Dec), 2025",Ammapettai (T),8.92,3.49,2.94,222.0,222.0,207.0,-18.50856877145327,Normal,4824,Low
India,Himachal Pradesh,"Calendar Year (Jan - Dec), 2025","Hamirpur, Municipality",8.11,2.56,1.47,142.0,95.0,91.0,-18.51697230750517,Normal,4825,Low
India,Uttarakhand,"Calendar Year (Jan - Dec), 2025","Pauri, Municipality",20.97,5.87,4.54,351.0,310.0,234.0,-18.517832830060854,Normal,4826,Low
India,Jammu And Kashmir,"Calendar Year (Jan - Dec), 2025","Arnia, Municipality",12.46,4.13,2.76,274.0,274.0,241.0,-18.518149156804498,Normal,4827,Low
India,Jammu And Kashmir,"Calendar Year (Jan - Dec), 2025","Bari Brahamana, Municipality",9.46,3.25,1.99,212.0,212.0,170.0,-18.519120095312132,Normal,4828,Low
India,Uttar Pradesh,"Calendar Year (Jan - Dec), 2025","Gulariya, Town Panchayat",20.17,6.46,5.06,431.0,288.0,288.0,-18.519813157973033,Normal,4829,Low
India,Uttar Pradesh,"Calendar Year (Jan - Dec), 2025","Ait, Town Panchayat",21.67,6.54,4.39,436.0,197.0,197.0,-18.52377356544406,Normal,4830,Low
India,Madhya Pradesh,"Calendar Year (Jan - Dec), 2025","Porsa, Municipality",15.09,5.28,4.25,345.0,305.0,272.0,-18.524339595318736,Normal,4831,Low
India,Tamil Nadu,"Calendar Year (Jan - Dec), 2025","Azhagiapandipuram, Town Panchayat",11.04,4.18,3.91,260.0,259.0,233.0,-18.52652131470876,Normal,4832,Low
India,Uttar Pradesh,"Calendar Year (Jan - Dec), 2025","Renukoot, Town Panchayat",19.84,5.74,2.66,382.0,160.0,160.0,-18.537606600364086,Normal,4833,Low
India,Karnataka,"Calendar Year (Jan - Dec), 2025","Hallikhed, Town Panchayat",8.81,3.13,1.72,206.0,176.0,127.0,-18.542864418436864,Normal,4834,Low
India,Jammu And Kashmir,"Calendar Year (Jan - Dec), 2025","Beerwah, Municipality",17.79,4.74,3.3,310.0,310.0,240.0,-18.54796291224767,Normal,4835,Low
India,Tamil Nadu,"Calendar Year (Jan - Dec), 2025","Vilathikulam, Town Panchayat",8.31,3.27,3.15,198.0,198.0,196.0,-18.548823089301095,Normal,4836,Low
India,Tamil Nadu,"Calendar Year (Jan - Dec), 2025","Mohanur, Town Panchayat",8.11,3.36,2.77,202.0,201.0,191.0,-18.55990036877381,Normal,4837,Low
India,Tamil Nadu,"Calendar Year (Jan - Dec), 2025","Nannilam, Town Panchayat",9.45,3.62,3.14,231.0,231.0,215.0,-18.563585343939565,Normal,4838,Low
India,Tamil Nadu,"Calendar Year (Jan - Dec), 2025","Thuraiyur, Municipality",15.66,4.77,4.52,291.0,291.0,277.0,-18.57230116169194,Normal,4839,Low
India,Punjab,"Calendar Year (Jan - Dec), 2025","Raja Sansi, Town Panchayat",16.22,5.47,2.4,359.0,248.0,231.0,-18.582196709490745,Normal,4840,Low
India,Jammu And Kashmir,"Calendar Year (Jan - Dec), 2025","Surankote, Municipality",13.7,4.46,3.52,297.0,297.0,241.0,-18.5843629856318,Normal,4841,Low
India,Meghalaya,"Calendar Year (Jan - Dec), 2025","Jowai, Municipality",10.16,3.87,2.84,255.0,252.0,179.0,-18.584464350925316,Normal,4842,Low
India,Haryana,"Calendar Year (Jan - Dec), 2025","Farrukhnagar, Municipality",14.02,3.01,2.09,178.0,105.0,85.0,-18.58622876038396,Normal,4843,Low
India,Uttar Pradesh,"Calendar Year (Jan - Dec), 2025","Agarwal Mandi, Town Panchayat",11.61,4.38,3.89,292.0,262.0,248.0,-18.586460168156236,Normal,4844,Low
India,Gujarat,"Calendar Year (Jan - Dec), 2025","Okha, Municipality",12.16,4.17,4.12,266.0,266.0,238.0,-18.588953895771056,Normal,4845,Low
India,Rajasthan,"Calendar Year (Jan - Dec), 2025","Salumbar, Town Panchayat",16.9,5.9,4.83,327.0,304.0,272.0,-18.592342996915193,Normal,4846,Low
India,Tamil Nadu,"Calendar Year (Jan - Dec), 2025","Chinnasalem, Town Panchayat",10.61,4.07,3.75,253.0,253.0,218.0,-18.596675504635016,Normal,4847,Low
India,Jammu And Kashmir,"Calendar Year (Jan - Dec), 2025","Seer Hamdan, Municipality",17.29,4.55,4.11,301.0,301.0,256.0,-18.61687402706849,Normal,4848,Low
India,Tamil Nadu,"Calendar Year (Jan - Dec), 2025","O Valley, Town Panchayat",12.82,3.85,2.56,256.0,256.0,148.0,-18.617530946634247,Normal,4849,Low
India,Tamil Nadu,"Calendar Year (Jan - Dec), 2025","Palani Chettipatti, Town Panchayat",10.15,2.16,1.97,120.0,120.0,120.0,-18.61990234788982,Normal,4850,Low
India,Maharashtra,"Calendar Year (Jan - Dec), 2025","Sawali, Town Panchayat",18.88,4.74,3.35,316.0,196.0,127.0,-18.626107273518528,Normal,4851,Low
India,Uttar Pradesh,"Calendar Year (Jan - Dec), 2025","Garwara, Town Panchayat",11.03,4.37,3.83,291.0,250.0,244.0,-18.626306827283884,Normal,4852,Low
India,Madhya Pradesh,"Calendar Year (Jan - Dec), 2025","Chhapara, Town Panchayat",20.6,6.53,4.43,429.0,198.0,194.0,-18.629927596191465,Normal,4853,Low
India,Tamil Nadu,"Calendar Year (Jan - Dec), 2025","Kannankurichi, Town Panchayat",21.97,4.7,4.31,252.0,252.0,248.0,-18.64998596162377,Normal,4854,Low
India,Arunachal Pradesh,"Calendar Year (Jan - Dec), 2025","Changlang, Town Panchayat",8.48,2.35,1.55,139.0,108.0,103.0,-18.65273927338984,Normal,4855,Low
India,Uttarakhand,"Calendar Year (Jan - Dec), 2025","Rishikesh, Municipal Corporation",20.06,3.71,3.7,174.0,174.0,174.0,-18.655920833839843,Normal,4856,Low
India,Maharashtra,"Calendar Year (Jan - Dec), 2025","Vengurla, Municipality",21.63,4.61,2.73,243.0,180.0,139.0,-18.67018780660004,Normal,4857,Low
India,Tamil Nadu,"Calendar Year (Jan - Dec), 2025","Sarcarsamakulam, Town Panchayat",21.31,4.25,4.22,212.0,212.0,209.0,-18.67268341939382,Normal,4858,Low
India,Uttar Pradesh,"Calendar Year (Jan - Dec), 2025","Shivgarh, Town Panchayat",15.46,5.68,4.19,379.0,289.0,279.0,-18.675742658572062,Normal,4859,Low
India,Tamil Nadu,"Calendar Year (Jan - Dec), 2025","Sattur, Municipality",12.82,4.45,4.33,262.0,262.0,257.0,-18.684444286061023,Normal,4860,Low
India,Punjab,"Calendar Year (Jan - Dec), 2025","Bhikhiwind, Town Panchayat",17.42,5.64,2.83,377.0,268.0,222.0,-18.69111851132243,Normal,4861,Low
India,Uttar Pradesh,"Calendar Year (Jan - Dec), 2025","Chhutmalpura, Town Panchayat",12.56,4.54,4.03,303.0,265.0,260.0,-18.69867919604644,Normal,4862,Low
India,Tamil Nadu,"Calendar Year (Jan - Dec), 2025","Kadayampatti, Town Panchayat",8.23,3.19,2.94,197.0,196.0,173.0,-18.701918814817247,Normal,4863,Low
India,Arunachal Pradesh,"Calendar Year (Jan - Dec), 2025","Aalo, Town Panchayat",18.84,3.69,2.73,183.0,132.0,112.0,-18.704863053225722,Normal,4864,Low
India,Maharashtra,"Calendar Year (Jan - Dec), 2025","Surgana, Town Panchayat",11.62,2.79,2.14,159.0,90.0,80.0,-18.70673529795738,Normal,4865,Low
India,Maharashtra,"Calendar Year (Jan - Dec), 2025","Maindargi, Municipality",17.26,4.34,3.06,287.0,221.0,128.0,-18.707398196114923,Normal,4866,Low
India,Jammu And Kashmir,"Calendar Year (Jan - Dec), 2025","Nowshehra, Municipality",8.67,2.85,2.13,188.0,188.0,147.0,-18.7112873254909,Normal,4867,Low
India,Karnataka,"Calendar Year (Jan - Dec), 2025","Alur, Town Panchayat",8.38,2.29,1.95,134.0,132.0,117.0,-18.721334391462108,Normal,4868,Low
India,Karnataka,"Calendar Year (Jan - Dec), 2025","Gudibanda, Town Panchayat",9.39,3.34,2.3,217.0,217.0,177.0,-18.72324491629928,Normal,4869,Low
India,Tamil Nadu,"Calendar Year (Jan - Dec), 2025","Paramathi, Town Panchayat",14.62,4.84,4.48,279.0,279.0,266.0,-18.730589853181186,Normal,4870,Low
India,Punjab,"Calendar Year (Jan - Dec), 2025","Jagraon, Municipality",22.56,6.39,3.81,406.0,215.0,200.0,-18.73655916643338,Normal,4871,Low
India,Tamil Nadu,"Calendar Year (Jan - Dec), 2025","Kilkunda, Town Panchayat",10.6,3.65,3.54,245.0,240.0,212.0,-18.73809500336256,Normal,4872,Low
India,Rajasthan,"Calendar Year (Jan - Dec), 2025","Takhatgarh, Town Panchayat",18.38,5.23,3.18,347.0,191.0,135.0,-18.752100515432687,Normal,4873,Low
India,Jammu And Kashmir,"Calendar Year (Jan - Dec), 2025","Aishmuquam, Municipality",16.92,4.52,3.79,298.0,298.0,237.0,-18.75284325589155,Normal,4874,Low
India,Tamil Nadu,"Calendar Year (Jan - Dec), 2025","Mopperipalayam, Town Panchayat",10.65,3.96,3.94,233.0,233.0,227.0,-18.760394429844723,Normal,4875,Low
India,Arunachal Pradesh,"Calendar Year (Jan - Dec), 2025","Raga, Town Panchayat",11.37,3.29,1.43,178.0,96.0,96.0,-18.764439823987743,Normal,4876,Low
India,Punjab,"Calendar Year (Jan - Dec), 2025","Bhikhi, Town Panchayat",14.74,5.45,3.95,378.0,279.0,265.0,-18.7648878780484,Normal,4877,Low
India,Maharashtra,"Calendar Year (Jan - Dec), 2025","Paranda, Municipality",23.78,5.24,4.46,328.0,239.0,218.0,-18.771479834704678,Normal,4878,Low
India,Madhya Pradesh,"Calendar Year (Jan - Dec), 2025","Bhensoda, Town Panchayat",10.62,4.01,3.28,268.0,246.0,222.0,-18.78034053991371,Normal,4879,Low
India,Maharashtra,"Calendar Year (Jan - Dec), 2025","Malegaon Jahangir, Town Panchayat",17.17,4.21,1.97,266.0,160.0,127.0,-18.782572028085326,Normal,4880,Low
India,Punjab,"Calendar Year (Jan - Dec), 2025","Lehra Mohabat, Town Panchayat",18.32,5.74,2.77,402.0,223.0,198.0,-18.783067855072318,Normal,4881,Low
India,Jammu And Kashmir,"Calendar Year (Jan - Dec), 2025","Achhabal, Municipality",15.48,4.07,2.65,270.0,270.0,217.0,-18.784514995709515,Normal,4882,Low
India,Punjab,"Calendar Year (Jan - Dec), 2025","Dhariwal, Municipality",13.85,5.16,3.3,354.0,252.0,165.0,-18.78470080762071,Normal,4883,Low
India,Haryana,"Calendar Year (Jan - Dec), 2025","Naraingarh, Municipality",22.28,5.89,4.42,337.0,279.0,237.0,-18.80091416376405,Normal,4884,Low
India,Uttar Pradesh,"Calendar Year (Jan - Dec), 2025","Patiyali, Town Panchayat",13.33,5.06,4.21,337.0,264.0,264.0,-18.803666664157674,Normal,4885,Low
India,Maharashtra,"Calendar Year (Jan - Dec), 2025","Murud Janjira, Municipality",11.58,2.5,1.62,153.0,120.0,107.0,-18.814281119853888,Normal,4886,Low
India,Tamil Nadu,"Calendar Year (Jan - Dec), 2025","Neyyoor, Town Panchayat",11.77,4.12,3.9,252.0,252.0,236.0,-18.82476532754032,Normal,4887,Low
India,Gujarat,"Calendar Year (Jan - Dec), 2025",Kalol Industrial Development Area,16.67,3.48,3.48,141.0,141.0,141.0,-18.83522190894388,Normal,4888,Low
India,Punjab,"Calendar Year (Jan - Dec), 2025","Gobindgarh, Municipality",20.03,5.54,4.88,297.0,273.0,252.0,-18.849205205935334,Normal,4889,Low
India,Tamil Nadu,"Calendar Year (Jan - Dec), 2025","Kilvelur, Town Panchayat",8.8,3.25,2.7,204.0,204.0,183.0,-18.852979069307878,Normal,4890,Low
India,Madhya Pradesh,"Calendar Year (Jan - Dec), 2025","Bistan, Town Panchayat",19.32,6.15,3.98,410.0,179.0,177.0,-18.855003808843662,Normal,4891,Low
India,Punjab,"Calendar Year (Jan - Dec), 2025","Cantonment Board, Jalandhar",10.63,2.6,2.6,109.0,109.0,109.0,-18.855205800382635,Normal,4892,Low
India,Rajasthan,"Calendar Year (Jan - Dec), 2025","Jaitaran, Town Panchayat",22.85,6.06,4.39,382.0,248.0,225.0,-18.857235285689455,Normal,4893,Low
India,Rajasthan,"Calendar Year (Jan - Dec), 2025","Bidasar, Town Panchayat",12.15,4.43,3.04,294.0,257.0,249.0,-18.86312295271523,Normal,4894,Low
India,Jammu And Kashmir,"Calendar Year (Jan - Dec), 2025","Bashohli, Municipality",9.12,3.08,2.29,201.0,201.0,158.0,-18.86734470098054,Normal,4895,Low
India,Tamil Nadu,"Calendar Year (Jan - Dec), 2025","Alangudi, Town Panchayat",9.58,3.43,3.24,214.0,214.0,207.0,-18.8690763831533,Normal,4896,Low
India,Gujarat,"Calendar Year (Jan - Dec), 2025","Damnagar, Municipality",20.75,6.29,4.32,401.0,278.0,275.0,-18.871107443027483,Normal,4897,Low
India,Tamil Nadu,"Calendar Year (Jan - Dec), 2025","Kulithalai, Municipality",15.55,4.68,4.44,273.0,273.0,259.0,-18.882575311123276,Normal,4898,Low
India,Kerala,"Calendar Year (Jan - Dec), 2025","Palai, Municipality",12.67,4.49,3.93,280.0,268.0,235.0,-18.883607398333993,Normal,4899,Low
India,Rajasthan,"Calendar Year (Jan - Dec), 2025","Nagar, Town Panchayat",8.87,2.55,1.5,166.0,106.0,106.0,-18.89352405542388,Normal,4900,Low
India,Uttar Pradesh,"Calendar Year (Jan - Dec), 2025",Bulandshahr Development Authority,9.22,2.4,2.34,160.0,160.0,160.0,-18.896760701771314,Normal,4901,Low
India,Tamil Nadu,"Calendar Year (Jan - Dec), 2025","Kodavasal, Town Panchayat",8.47,2.95,2.55,187.0,187.0,148.0,-18.90132183858674,Normal,4902,Low
India,Jammu And Kashmir,"Calendar Year (Jan - Dec), 2025","Frisal, Municipality",11.14,3.02,1.89,194.0,194.0,173.0,-18.901820697610333,Normal,4903,Low
India,Uttar Pradesh,"Calendar Year (Jan - Dec), 2025",Varanasi Development Authority,16.23,3.75,3.75,250.0,250.0,250.0,-18.90482277679058,Normal,4904,Low
India,Tamil Nadu,"Calendar Year (Jan - Dec), 2025","Singampuneri, Town Panchayat",8.11,2.54,2.58,153.0,153.0,138.0,-18.90949126491273,Normal,4905,Low
India,Rajasthan,"Calendar Year (Jan - Dec), 2025","Degana, Town Panchayat",7.91,2.29,2.04,141.0,118.0,114.0,-18.909977256887487,Normal,4906,Low
India,Tamil Nadu,"Calendar Year (Jan - Dec), 2025","Dhaliyur, Town Panchayat",10.39,3.58,3.47,225.0,225.0,216.0,-18.913255946407958,Normal,4907,Low
India,Karnataka,"Calendar Year (Jan - Dec), 2025","Alnavar, Town Panchayat",10.63,3.53,3.38,226.0,226.0,222.0,-18.92099732052486,Normal,4908,Low
India,Gujarat,"Calendar Year (Jan - Dec), 2025",Umbergaon Industrial Development Area,16.07,3.32,3.32,138.0,138.0,138.0,-18.92165344067388,Normal,4909,Low
India,Tamil Nadu,"Calendar Year (Jan - Dec), 2025","Sankarnagar, Town Panchayat",8.02,2.49,2.31,145.0,145.0,135.0,-18.93809641433637,Normal,4910,Low
India,Punjab,"Calendar Year (Jan - Dec), 2025","Longowal, Municipality",9.95,2.92,1.88,190.0,91.0,85.0,-18.94293590078877,Normal,4911,Low
India,Tamil Nadu,"Calendar Year (Jan - Dec), 2025","Tirupathur, Town Panchayat",8.47,2.97,2.94,180.0,180.0,173.0,-18.94394649112644,Normal,4912,Low
India,Uttar Pradesh,"Calendar Year (Jan - Dec), 2025","Gulariya Bhindara, Town Panchayat",7.65,2.73,2.32,181.0,154.0,153.0,-18.95265359365777,Normal,4913,Low
India,Tamil Nadu,"Calendar Year (Jan - Dec), 2025","Velur, Town Panchayat",14.72,4.9,4.46,278.0,268.0,258.0,-18.958968425745127,Normal,4914,Low
India,Jammu And Kashmir,"Calendar Year (Jan - Dec), 2025","Qazi Gund, Municipality",11.19,2.93,1.99,195.0,195.0,153.0,-18.96102877868202,Normal,4915,Low
India,Maharashtra,"Calendar Year (Jan - Dec), 2025","Kalvan, Town Panchayat",19.06,3.71,3.83,198.0,155.0,143.0,-18.96383237380371,Normal,4916,Low
India,Himachal Pradesh,"Calendar Year (Jan - Dec), 2025","Sarkaghat, Municipality",9.14,2.51,1.82,154.0,132.0,104.0,-18.964681932102508,Normal,4917,Low
India,Karnataka,"Calendar Year (Jan - Dec), 2025","Pandavapura, Town Panchayat",16.08,4.77,3.94,287.0,287.0,250.0,-18.966635684631967,Normal,4918,Low
India,Punjab,"Calendar Year (Jan - Dec), 2025","Bhadson, Town Panchayat",11.54,4.28,3.98,282.0,238.0,236.0,-18.967815606198315,Normal,4919,Low
India,Tamil Nadu,"Calendar Year (Jan - Dec), 2025","Udayarpalayam, Town Panchayat",12.55,4.32,4.01,258.0,258.0,227.0,-18.973048949603935,Normal,4920,Low
India,Tamil Nadu,"Calendar Year (Jan - Dec), 2025","Omalur, Town Panchayat",19.89,4.26,4.15,206.0,206.0,205.0,-18.983258895193956,Normal,4921,Low
India,Haryana,"Calendar Year (Jan - Dec), 2025","Taoru, Municipality",10.32,3.9,2.42,255.0,214.0,140.0,-18.99014944945617,Normal,4922,Low
India,Karnataka,"Calendar Year (Jan - Dec), 2025","Madikeri, Municipality",9.34,2.75,2.11,172.0,172.0,123.0,-18.9901756736553,Normal,4923,Low
India,Punjab,"Calendar Year (Jan - Dec), 2025","Lohian Khass, Town Panchayat",8.51,3.32,2.04,223.0,174.0,140.0,-18.991285113191225,Normal,4924,Low
India,Tamil Nadu,"Calendar Year (Jan - Dec), 2025",Thenkarai (Theni),11.2,3.92,3.56,242.0,240.0,225.0,-18.99512279629039,Normal,4925,Low
India,Maharashtra,"Calendar Year (Jan - Dec), 2025","Mohpa, Municipality",19.35,4.71,2.81,311.0,172.0,137.0,-18.999875902601104,Normal,4926,Low
India,Tamil Nadu,"Calendar Year (Jan - Dec), 2025","Thirumazhisai, Town Panchayat",16.48,4.61,4.14,280.0,278.0,243.0,-19.005127149159648,Normal,4927,Low
India,Tamil Nadu,"Calendar Year (Jan - Dec), 2025","Pattiveeranpatti, Town Panchayat",8.43,2.74,2.4,168.0,168.0,164.0,-19.009324284270406,Normal,4928,Low
India,Uttar Pradesh,"Calendar Year (Jan - Dec), 2025","Tarkulwa, Town Panchayat",17.72,5.76,4.64,384.0,265.0,258.0,-19.0166804580777,Normal,4929,Low
India,Rajasthan,"Calendar Year (Jan - Dec), 2025","Bali, Town Panchayat",16.65,4.32,2.6,292.0,145.0,114.0,-19.01763792134932,Normal,4930,Low
India,Uttarakhand,"Calendar Year (Jan - Dec), 2025","Nandprayag, Town Panchayat",12.11,4.14,2.62,274.0,250.0,199.0,-19.021736839841708,Normal,4931,Low
India,Punjab,"Calendar Year (Jan - Dec), 2025","Rampura Phul, Municipality",17.95,5.78,3.96,355.0,285.0,235.0,-19.04016840006193,Normal,4932,Low
India,Rajasthan,"Calendar Year (Jan - Dec), 2025","Asind, Town Panchayat",15.15,4.71,3.68,279.0,279.0,254.0,-19.052205471617867,Normal,4933,Low
India,Arunachal Pradesh,"Calendar Year (Jan - Dec), 2025","Sagalee, Town Panchayat",15.58,4.64,3.84,292.0,276.0,257.0,-19.062702340539488,Normal,4934,Low
India,Maharashtra,"Calendar Year (Jan - Dec), 2025","Shirala, Town Panchayat",21.67,4.91,2.99,316.0,229.0,211.0,-19.0665836824067,Normal,4935,Low
India,Tamil Nadu,"Calendar Year (Jan - Dec), 2025","Karumandi Chellipalayam, Town Panchayat",8.62,2.95,2.91,176.0,176.0,169.0,-19.086184290671383,Normal,4936,Low
India,Tamil Nadu,"Calendar Year (Jan - Dec), 2025","Tharamangalam, Municipality",13.4,4.27,4.16,252.0,252.0,227.0,-19.095754130802447,Normal,4937,Low
India,Tamil Nadu,"Calendar Year (Jan - Dec), 2025","T.Kallupatti, Town Panchayat",10.81,3.59,3.49,221.0,220.0,218.0,-19.10413202675386,Normal,4938,Low
India,Maharashtra,"Calendar Year (Jan - Dec), 2025","Dahiwada, Town Panchayat",10.36,2.31,2.14,140.0,111.0,104.0,-19.108581516139793,Normal,4939,Low
India,Punjab,"Calendar Year (Jan - Dec), 2025","Maloud, Town Panchayat",8.45,2.96,1.73,198.0,140.0,124.0,-19.11013658427379,Normal,4940,Low
India,Karnataka,"Calendar Year (Jan - Dec), 2025","Kushalnagar, Town Panchayat",15.86,4.19,4.15,263.0,258.0,225.0,-19.111134487897118,Normal,4941,Low
India,Tamil Nadu,"Calendar Year (Jan - Dec), 2025","Ayothiapattinam, Town Panchayat",8.16,2.64,2.33,150.0,150.0,137.0,-19.113291972958166,Normal,4942,Low
India,Karnataka,"Calendar Year (Jan - Dec), 2025","Virajpet, Town Panchayat",9.59,3.05,2.47,196.0,195.0,139.0,-19.114645702835332,Normal,4943,Low
India,Tamil Nadu,"Calendar Year (Jan - Dec), 2025","Naduvattam, Town Panchayat",9.56,2.87,2.66,191.0,191.0,161.0,-19.123664007877267,Normal,4944,Low
India,Jharkhand,"Calendar Year (Jan - Dec), 2025","Kapali, Municipality",17.55,5.21,2.46,346.0,177.0,161.0,-19.128333182671497,Normal,4945,Low
India,Haryana,"Calendar Year (Jan - Dec), 2025","Nuh, Municipality",12.16,4.55,2.65,298.0,180.0,119.0,-19.130010688726998,Normal,4946,Low
India,Maharashtra,"Calendar Year (Jan - Dec), 2025","Pulgaon, Municipality",11.8,2.41,2.27,136.0,127.0,119.0,-19.13022611316711,Normal,4947,Low
India,Maharashtra,"Calendar Year (Jan - Dec), 2025","Savda, Municipality",21.3,5.25,3.63,316.0,259.0,240.0,-19.13635402270819,Normal,4948,Low
India,Rajasthan,"Calendar Year (Jan - Dec), 2025","Roopbas, Town Panchayat",8.52,3.11,2.01,207.0,167.0,151.0,-19.14592843372543,Normal,4949,Low
India,Tamil Nadu,"Calendar Year (Jan - Dec), 2025","A.Vellalapatti, Town Panchayat",18.99,3.79,3.66,200.0,198.0,188.0,-19.149411416471366,Normal,4950,Low
India,Tamil Nadu,"Calendar Year (Jan - Dec), 2025","Batlagundu, Town Panchayat",11.55,3.79,3.3,237.0,236.0,222.0,-19.167961177253005,Normal,4951,Low
India,Himachal Pradesh,"Calendar Year (Jan - Dec), 2025","Jogindarnagar, Municipality",9.16,2.46,2.09,158.0,147.0,132.0,-19.17055101498522,Normal,4952,Low
India,Assam,"Calendar Year (Jan - Dec), 2025","Moranhat, Municipality",11.28,4.77,2.98,277.0,196.0,126.0,-19.179479135013082,Normal,4953,Low
India,Himachal Pradesh,"Calendar Year (Jan - Dec), 2025","Ghumarwin, Municipality",8.8,2.6,1.95,165.0,149.0,140.0,-19.181104914997036,Normal,4954,Low
India,Tamil Nadu,"Calendar Year (Jan - Dec), 2025","Sevugampatti, Town Panchayat",9.49,3.27,2.9,198.0,198.0,192.0,-19.199037263174432,Normal,4955,Low
India,Jammu And Kashmir,"Calendar Year (Jan - Dec), 2025","Khrew, Municipality",9.37,2.57,2.35,163.0,162.0,144.0,-19.208258389600758,Normal,4956,Low
India,Tamil Nadu,"Calendar Year (Jan - Dec), 2025","Avalpoondurai, Town Panchayat",8.55,2.59,2.51,147.0,147.0,139.0,-19.208985759395205,Normal,4957,Low
India,Tamil Nadu,"Calendar Year (Jan - Dec), 2025","Sholur, Town Panchayat",11.35,3.4,2.42,227.0,219.0,164.0,-19.22168497466987,Normal,4958,Low
India,Jammu And Kashmir,"Calendar Year (Jan - Dec), 2025","Batote, Municipality",11.37,3.01,2.27,196.0,196.0,141.0,-19.223092228448422,Normal,4959,Low
India,Maharashtra,"Calendar Year (Jan - Dec), 2025","Mul, Municipality",17.55,3.67,2.91,219.0,153.0,118.0,-19.225179443301442,Normal,4960,Low
India,Jammu And Kashmir,"Calendar Year (Jan - Dec), 2025","Chadura, Municipality",9.32,2.66,2.19,161.0,160.0,130.0,-19.239169460083417,Normal,4961,Low
India,Tamil Nadu,"Calendar Year (Jan - Dec), 2025","Peraiyur, Town Panchayat",15.47,4.32,4.26,242.0,242.0,238.0,-19.242565879211554,Normal,4962,Low
India,Tamil Nadu,"Calendar Year (Jan - Dec), 2025","Karumathampatti, Municipality",12.55,4.09,4.09,231.0,231.0,220.0,-19.243898654162138,Normal,4963,Low
India,Tamil Nadu,"Calendar Year (Jan - Dec), 2025","Palamedu, Town Panchayat",11.3,3.65,3.48,223.0,223.0,212.0,-19.256326292239407,Normal,4964,Low
India,Punjab,"Calendar Year (Jan - Dec), 2025","Handiaya, Town Panchayat",10.89,3.98,3.19,261.0,228.0,168.0,-19.260808441705592,Normal,4965,Low
India,Tamil Nadu,"Calendar Year (Jan - Dec), 2025","Thiruvaiyaru, Town Panchayat",11.43,3.71,3.19,232.0,232.0,208.0,-19.267194611031073,Normal,4966,Low
India,Rajasthan,"Calendar Year (Jan - Dec), 2025","Gangapur, Town Panchayat",11.49,3.15,2.75,184.0,183.0,115.0,-19.267604201517088,Normal,4967,Low
India,Tamil Nadu,"Calendar Year (Jan - Dec), 2025","Thiruneermalai, Town Panchayat",12.2,2.53,2.26,155.0,153.0,144.0,-19.27191806714029,Normal,4968,Low
India,Rajasthan,"Calendar Year (Jan - Dec), 2025","Sadulshahar, Town Panchayat",20.24,5.73,4.27,349.0,253.0,249.0,-19.277001024551225,Normal,4969,Low
India,Tamil Nadu,"Calendar Year (Jan - Dec), 2025","Thadikombu, Town Panchayat",13.02,4.25,4.02,237.0,237.0,233.0,-19.27789109208902,Normal,4970,Low
India,Tamil Nadu,"Calendar Year (Jan - Dec), 2025","Irugur, Town Panchayat",17.03,4.44,4.39,228.0,228.0,222.0,-19.283716359303128,Normal,4971,Low
India,Tamil Nadu,"Calendar Year (Jan - Dec), 2025","Minjur, Town Panchayat",12.92,4.04,3.54,248.0,247.0,222.0,-19.287132097758388,Normal,4972,Low
India,Maharashtra,"Calendar Year (Jan - Dec), 2025","Gadchandur, Municipality",17.74,4.06,2.61,271.0,176.0,134.0,-19.291985284637803,Normal,4973,Low
India,Gujarat,"Calendar Year (Jan - Dec), 2025","Lathi, Municipality",20.92,5.45,3.36,354.0,227.0,215.0,-19.29522759749466,Normal,4974,Low
India,Himachal Pradesh,"Calendar Year (Jan - Dec), 2025","Tira Sujanpur, Municipality",16.63,4.42,3.67,283.0,259.0,246.0,-19.29553294186752,Normal,4975,Low
India,Jammu And Kashmir,"Calendar Year (Jan - Dec), 2025","Tral, Municipality",10.51,2.76,2.45,183.0,183.0,158.0,-19.296589369821277,Normal,4976,Low
India,Himachal Pradesh,"Calendar Year (Jan - Dec), 2025","Nagrota Bagwan, Municipality",9.93,2.45,2.12,155.0,144.0,134.0,-19.30573828768661,Normal,4977,Low
India,Tamil Nadu,"Calendar Year (Jan - Dec), 2025","Punjaipugalur, Town Panchayat",17.29,4.37,4.19,236.0,235.0,229.0,-19.30626175725797,Normal,4978,Low
India,Rajasthan,"Calendar Year (Jan - Dec), 2025","Mukandgarh, Town Panchayat",9.56,3.05,2.61,201.0,163.0,111.0,-19.308484872337658,Normal,4979,Low
India,Himachal Pradesh,"Calendar Year (Jan - Dec), 2025","Mehatpur Basdehra, Municipality",12.18,3.8,3.29,244.0,231.0,231.0,-19.313628947583823,Normal,4980,Low
India,Punjab,"Calendar Year (Jan - Dec), 2025","Patran, Municipality",20.76,5.86,3.81,352.0,235.0,215.0,-19.315654158328982,Normal,4981,Low
India,Tamil Nadu,"Calendar Year (Jan - Dec), 2025","Kannampalayam, Town Panchayat",17.14,4.46,4.4,215.0,215.0,208.0,-19.317662348464694,Normal,4982,Low
India,Haryana,"Calendar Year (Jan - Dec), 2025","Rania, Municipality",10.33,4.39,2.44,287.0,130.0,115.0,-19.318256271406767,Normal,4983,Low
India,Jammu And Kashmir,"Calendar Year (Jan - Dec), 2025","Banihal, Municipality",13.52,3.48,2.76,231.0,231.0,195.0,-19.319180153989066,Normal,4984,Low
India,Tamil Nadu,"Calendar Year (Jan - Dec), 2025","Kaveripattinam, Town Panchayat",8.86,2.91,2.8,168.0,168.0,154.0,-19.333893525364374,Normal,4985,Low
India,Maharashtra,"Calendar Year (Jan - Dec), 2025","Vikramgad, Town Panchayat",10.9,2.56,2.76,133.0,133.0,133.0,-19.336204923187438,Normal,4986,Low
India,Tamil Nadu,"Calendar Year (Jan - Dec), 2025","Valparai, Municipality",12.46,3.51,3.43,232.0,228.0,188.0,-19.33981273771758,Normal,4987,Low
India,Maharashtra,"Calendar Year (Jan - Dec), 2025","Waduj, Town Panchayat",20.58,4.72,4.14,255.0,203.0,189.0,-19.348458894052953,Normal,4988,Low
India,Rajasthan,"Calendar Year (Jan - Dec), 2025","Jobner, Town Panchayat",10.99,4.05,2.82,264.0,227.0,188.0,-19.35250609667486,Normal,4989,Low
India,Punjab,"Calendar Year (Jan - Dec), 2025","Dharamkot, Municipality",8.82,3.19,2.26,211.0,161.0,122.0,-19.356709991909725,Normal,4990,Low
India,Punjab,"Calendar Year (Jan - Dec), 2025","Nurmahal, Municipality",8.69,3.02,2.0,193.0,132.0,105.0,-19.358496701407717,Normal,4991,Low
India,Rajasthan,"Calendar Year (Jan - Dec), 2025","Bandikui, Town Panchayat",20.13,5.21,2.95,336.0,183.0,176.0,-19.35858516395308,Normal,4992,Low
India,Haryana,"Calendar Year (Jan - Dec), 2025","Mandi Dabwali, Municipality",18.19,6.05,4.06,361.0,203.0,184.0,-19.359805979709847,Normal,4993,Low
India,Punjab,"Calendar Year (Jan - Dec), 2025","Bhucho Mandi, Municipality",16.79,5.13,2.6,332.0,216.0,186.0,-19.365165616922013,Normal,4994,Low
India,Tamil Nadu,"Calendar Year (Jan - Dec), 2025","Anthiyur, Town Panchayat",10.0,3.16,3.1,191.0,191.0,185.0,-19.367598468079734,Normal,4995,Low
India,Jammu And Kashmir,"Calendar Year (Jan - Dec), 2025","Khansahib, Municipality",9.38,2.73,2.35,161.0,161.0,133.0,-19.37425397543018,Normal,4996,Low
India,Jammu And Kashmir,"Calendar Year (Jan - Dec), 2025","Yari Pora, Municipality",10.5,2.89,2.27,182.0,182.0,167.0,-19.374291176491624,Normal,4997,Low
India,Maharashtra,"Calendar Year (Jan - Dec), 2025","Kadegaon, Town Panchayat",16.59,4.04,3.02,269.0,243.0,196.0,-19.375252332116588,Normal,4998,Low
India,Rajasthan,"Calendar Year (Jan - Dec), 2025","Chomu, Town Panchayat",16.71,3.9,3.83,223.0,223.0,219.0,-19.376326440236028,Normal,4999,Low
India,Rajasthan,"Calendar Year (Jan - Dec), 2025","Deoli, Town Panchayat",9.14,2.79,2.47,168.0,157.0,121.0,-19.37851256463557,Normal,5000,Low
India,Tamil Nadu,"Calendar Year (Jan - Dec), 2025","Nasiyanur, Town Panchayat",11.32,3.57,3.52,212.0,211.0,210.0,-19.378716111899053,Normal,5001,Low
India,Punjab,"Calendar Year (Jan - Dec), 2025","Sham Chaurasi, Municipality",11.49,4.18,2.76,283.0,222.0,167.0,-19.380719898849634,Normal,5002,Low
India,Maharashtra,"Calendar Year (Jan - Dec), 2025","Jath, Municipality",19.0,4.29,2.61,272.0,187.0,157.0,-19.385857599834367,Normal,5003,Low
India,Rajasthan,"Calendar Year (Jan - Dec), 2025","Mandalgarh, Town Panchayat",9.7,3.07,2.76,180.0,177.0,127.0,-19.39360896004058,Normal,5004,Low
India,Uttarakhand,"Calendar Year (Jan - Dec), 2025","Khatima, Municipality",9.06,3.02,2.06,159.0,115.0,92.0,-19.401820526072413,Normal,5005,Low
India,Jammu And Kashmir,"Calendar Year (Jan - Dec), 2025","Mattan, Municipality",12.29,3.23,2.76,213.0,213.0,193.0,-19.4022651918433,Normal,5006,Low
India,Tamil Nadu,"Calendar Year (Jan - Dec), 2025","Sirumugai, Town Panchayat",11.43,3.59,3.48,217.0,217.0,197.0,-19.406382354451978,Normal,5007,Low
India,Rajasthan,"Calendar Year (Jan - Dec), 2025","Mundwa, Town Panchayat",8.45,2.62,1.97,171.0,130.0,126.0,-19.41235112551169,Normal,5008,Low
India,Himachal Pradesh,"Calendar Year (Jan - Dec), 2025","Daulatpur, Town Panchayat",11.85,3.48,3.09,226.0,217.0,215.0,-19.413255034195743,Normal,5009,Low
India,Jammu And Kashmir,"Calendar Year (Jan - Dec), 2025","Devsar, Municipality",14.1,3.82,3.2,241.0,241.0,212.0,-19.417833082249047,Normal,5010,Low
India,Tamil Nadu,"Calendar Year (Jan - Dec), 2025","Zamin Uthukuli, Town Panchayat",9.29,2.64,2.61,146.0,146.0,142.0,-19.430875987943352,Normal,5011,Low
India,Tamil Nadu,"Calendar Year (Jan - Dec), 2025","Aravakurichi, Town Panchayat",13.65,4.13,3.88,234.0,234.0,225.0,-19.436925376364854,Normal,5012,Low
India,Maharashtra,"Calendar Year (Jan - Dec), 2025","Murgud, Municipality",10.46,2.57,1.79,166.0,127.0,124.0,-19.437426624734655,Normal,5013,Low
India,Haryana,"Calendar Year (Jan - Dec), 2025","Indri, Municipality",14.96,5.48,3.69,358.0,180.0,160.0,-19.45424954868514,Normal,5014,Low
India,Haryana,"Calendar Year (Jan - Dec), 2025","Radaur, Municipality",12.38,4.3,3.1,252.0,244.0,193.0,-19.46035748605965,Normal,5015,Low
India,Rajasthan,"Calendar Year (Jan - Dec), 2025","Chirawa, Town Panchayat",9.18,2.57,2.08,159.0,128.0,113.0,-19.4653991744932,Normal,5016,Low
India,Uttar Pradesh,"Calendar Year (Jan - Dec), 2025","Belsar, Town Panchayat",14.68,4.89,4.08,326.0,241.0,235.0,-19.466517528655345,Normal,5017,Low
India,Tamil Nadu,"Calendar Year (Jan - Dec), 2025","Manamadurai, Municipality",13.31,4.13,4.06,226.0,224.0,215.0,-19.46881237509365,Normal,5018,Low
India,Uttarakhand,"Calendar Year (Jan - Dec), 2025","Champawat, Municipality",15.91,4.49,4.03,241.0,240.0,229.0,-19.469812996339442,Normal,5019,Low
India,Maharashtra,"Calendar Year (Jan - Dec), 2025","Khanapur, Town Panchayat",17.27,4.05,2.94,264.0,231.0,209.0,-19.480145775758956,Normal,5020,Low
India,Punjab,"Calendar Year (Jan - Dec), 2025","Nawanshahr, Municipality",14.7,3.75,2.42,225.0,152.0,109.0,-19.480380159504705,Normal,5021,Low
India,Tamil Nadu,"Calendar Year (Jan - Dec), 2025","Tirukkoyilur, Municipality",12.98,3.74,3.83,218.0,218.0,200.0,-19.481930599097268,Normal,5022,Low
India,Uttar Pradesh,"Calendar Year (Jan - Dec), 2025",Saidpur (Badaun),15.58,5.16,3.89,344.0,244.0,244.0,-19.48934657606395,Normal,5023,Low
India,Maharashtra,"Calendar Year (Jan - Dec), 2025","Jejuri, Municipality",11.67,2.58,2.09,151.0,123.0,115.0,-19.49026422213649,Normal,5024,Low
India,Tamil Nadu,"Calendar Year (Jan - Dec), 2025","Thondamuthur, Town Panchayat",17.11,3.96,3.79,211.0,210.0,199.0,-19.495749196267013,Normal,5025,Low
India,Tamil Nadu,"Calendar Year (Jan - Dec), 2025","Sankari, Town Panchayat",14.16,4.07,3.8,231.0,231.0,219.0,-19.528052911874397,Normal,5026,Low
India,Punjab,"Calendar Year (Jan - Dec), 2025","Kot Ise Khan, Town Panchayat",14.28,4.52,2.2,309.0,186.0,178.0,-19.529498971330952,Normal,5027,Low
India,Tamil Nadu,"Calendar Year (Jan - Dec), 2025","S. Kannanur, Town Panchayat",10.34,2.68,2.65,157.0,157.0,154.0,-19.533236285111855,Normal,5028,Low
India,Punjab,"Calendar Year (Jan - Dec), 2025","Kartarpur, Municipality",12.45,4.04,2.14,265.0,161.0,123.0,-19.53343011058115,Normal,5029,Low
India,Tamil Nadu,"Calendar Year (Jan - Dec), 2025","Pothanur, Town Panchayat",15.53,4.21,4.03,224.0,224.0,216.0,-19.53456645473028,Normal,5030,Low
India,Madhya Pradesh,"Calendar Year (Jan - Dec), 2025","Ghodadongri, Town Panchayat",12.38,4.44,3.16,296.0,231.0,210.0,-19.539783327266548,Normal,5031,Low
India,Maharashtra,"Calendar Year (Jan - Dec), 2025","Khapa, Municipality",18.09,4.57,3.05,301.0,226.0,188.0,-19.550720283243493,Normal,5032,Low
India,Rajasthan,"Calendar Year (Jan - Dec), 2025","Indragarh, Town Panchayat",10.23,3.82,2.01,255.0,168.0,159.0,-19.557163393169787,Normal,5033,Low
India,Rajasthan,"Calendar Year (Jan - Dec), 2025","Phulera, Town Panchayat",16.22,4.33,3.8,255.0,240.0,205.0,-19.56109133864544,Normal,5034,Low
India,Madhya Pradesh,"Calendar Year (Jan - Dec), 2025","Punasa, Town Panchayat",8.36,2.8,2.12,187.0,110.0,110.0,-19.578555996848763,Normal,5035,Low
India,Karnataka,"Calendar Year (Jan - Dec), 2025","Shrirangapattana, Municipality",13.59,3.1,3.38,175.0,175.0,171.0,-19.579070130236687,Normal,5036,Low
India,Maharashtra,"Calendar Year (Jan - Dec), 2025","Faizpur, Municipality",17.87,4.13,3.51,241.0,223.0,205.0,-19.582470393602478,Normal,5037,Low
India,Maharashtra,"Calendar Year (Jan - Dec), 2025","Nandgaon, Municipality",19.27,4.38,3.65,212.0,172.0,168.0,-19.585250007176057,Normal,5038,Low
India,Uttar Pradesh,"Calendar Year (Jan - Dec), 2025","Babugarh, Town Panchayat",10.04,2.59,2.51,153.0,144.0,144.0,-19.591130981777553,Normal,5039,Low
India,Tamil Nadu,"Calendar Year (Jan - Dec), 2025","Uthukuli, Town Panchayat",9.76,2.77,2.69,153.0,153.0,148.0,-19.596033259868705,Normal,5040,Low
India,Maharashtra,"Calendar Year (Jan - Dec), 2025","Koregaon, Town Panchayat",13.51,2.98,2.94,147.0,129.0,127.0,-19.608778055221478,Normal,5041,Low
India,Karnataka,"Calendar Year (Jan - Dec), 2025","Belur, Municipality",13.99,4.0,3.39,240.0,234.0,214.0,-19.612445725716213,Normal,5042,Low
India,Punjab,"Calendar Year (Jan - Dec), 2025","Shahkot, Town Panchayat",14.25,4.84,2.9,319.0,204.0,157.0,-19.617092046267885,Normal,5043,Low
India,Rajasthan,"Calendar Year (Jan - Dec), 2025","Sardarshahar, Town Panchayat",19.31,4.46,3.91,234.0,187.0,182.0,-19.617423833234113,Normal,5044,Low
India,Himachal Pradesh,"Calendar Year (Jan - Dec), 2025","Kangra, Municipality",14.99,4.01,3.43,249.0,235.0,207.0,-19.623386671065248,Normal,5045,Low
India,Tamil Nadu,"Calendar Year (Jan - Dec), 2025","Kinathukadavu, Town Panchayat",14.0,3.23,3.22,150.0,150.0,149.0,-19.62407512008616,Normal,5046,Low
India,Maharashtra,"Calendar Year (Jan - Dec), 2025","Hupari, Municipality",10.91,2.69,2.09,162.0,148.0,142.0,-19.625593743091656,Normal,5047,Low
India,Jharkhand,"Calendar Year (Jan - Dec), 2025","Badki Saraiya, Town Panchayat",13.93,4.24,2.01,282.0,158.0,152.0,-19.63079431111788,Normal,5048,Low
India,Karnataka,"Calendar Year (Jan - Dec), 2025","Mulki, Town Panchayat",13.33,3.72,3.39,219.0,219.0,207.0,-19.646371082750818,Normal,5049,Low
India,Uttar Pradesh,"Calendar Year (Jan - Dec), 2025","Achal Ganj, Town Panchayat",17.37,5.43,3.16,362.0,196.0,196.0,-19.6693520675978,Normal,5050,Low
India,Bihar,"Calendar Year (Jan - Dec), 2025","Islampur, Municipality",13.02,3.35,2.52,217.0,196.0,148.0,-19.67646318643955,Normal,5051,Low
India,Himachal Pradesh,"Calendar Year (Jan - Dec), 2025","Kullu, Municipality",13.71,3.59,3.23,229.0,214.0,212.0,-19.680253394715862,Normal,5052,Low
India,Karnataka,"Calendar Year (Jan - Dec), 2025","Kotekara, Town Panchayat",15.73,3.95,3.58,216.0,216.0,196.0,-19.689287835803725,Normal,5053,Low
India,Tamil Nadu,"Calendar Year (Jan - Dec), 2025","Chennimalai, Town Panchayat",13.44,3.88,3.75,215.0,212.0,202.0,-19.70150465758411,Normal,5054,Low
India,Punjab,"Calendar Year (Jan - Dec), 2025","Ghagga, Town Panchayat",9.13,3.22,2.27,218.0,158.0,145.0,-19.712671991182617,Normal,5055,Low
India,Tamil Nadu,"Calendar Year (Jan - Dec), 2025","Kolathur, Town Panchayat",14.47,3.25,2.92,187.0,187.0,179.0,-19.712963422661176,Normal,5056,Low
India,Punjab,"Calendar Year (Jan - Dec), 2025","Hariana, Municipality",10.2,3.26,2.1,216.0,149.0,119.0,-19.71948970139323,Normal,5057,Low
India,Rajasthan,"Calendar Year (Jan - Dec), 2025","Surajgarh, Town Panchayat",9.85,2.77,2.68,182.0,130.0,113.0,-19.73257213084105,Normal,5058,Low
India,Haryana,"Calendar Year (Jan - Dec), 2025","Bawal, Municipality",11.75,4.08,2.58,264.0,161.0,120.0,-19.737021162182714,Normal,5059,Low
India,Uttar Pradesh,"Calendar Year (Jan - Dec), 2025","Musafirkhana, Town Panchayat",8.86,2.94,2.22,195.0,144.0,137.0,-19.737224208068767,Normal,5060,Low
India,Punjab,"Calendar Year (Jan - Dec), 2025","Mullanpur Dakha, Municipality",14.73,4.88,3.86,318.0,227.0,208.0,-19.737546744734402,Normal,5061,Low
India,Madhya Pradesh,"Calendar Year (Jan - Dec), 2025","Theekri, Town Panchayat",15.91,5.06,3.42,335.0,154.0,154.0,-19.740525632514732,Normal,5062,Low
India,Gujarat,"Calendar Year (Jan - Dec), 2025","Bantwa, Municipality",15.28,4.45,3.44,274.0,237.0,213.0,-19.758064008860288,Normal,5063,Low
India,Uttarakhand,"Calendar Year (Jan - Dec), 2025","Pipalkoti, Town Panchayat",9.02,3.1,2.27,190.0,157.0,149.0,-19.759162675183063,Normal,5064,Low
India,Maharashtra,"Calendar Year (Jan - Dec), 2025","Shirol, Municipality",19.37,4.63,3.18,291.0,198.0,189.0,-19.75978175482743,Normal,5065,Low
India,Maharashtra,"Calendar Year (Jan - Dec), 2025","Motala, Town Panchayat",12.08,2.74,2.61,182.0,150.0,132.0,-19.7650891872201,Normal,5066,Low
India,Maharashtra,"Calendar Year (Jan - Dec), 2025","Varangaon, Municipality",15.35,3.51,2.34,220.0,179.0,160.0,-19.791522202815543,Normal,5067,Low
India,Arunachal Pradesh,"Calendar Year (Jan - Dec), 2025","Daporijo, Town Panchayat",13.15,3.95,2.52,210.0,108.0,103.0,-19.79156279154904,Normal,5068,Low
India,Uttar Pradesh,"Calendar Year (Jan - Dec), 2025","Baldeo, Town Panchayat",14.56,4.8,3.62,319.0,225.0,212.0,-19.795277156843895,Normal,5069,Low
India,Rajasthan,"Calendar Year (Jan - Dec), 2025","Anupgarh, Town Panchayat",16.33,3.92,3.63,207.0,195.0,191.0,-19.804545138409026,Normal,5070,Low
India,Punjab,"Calendar Year (Jan - Dec), 2025","Sanaur, Municipality",9.16,3.2,2.91,200.0,161.0,159.0,-19.807481554292053,Normal,5071,Low
India,Punjab,"Calendar Year (Jan - Dec), 2025","Bagha Purana, Municipality",12.53,4.44,2.81,290.0,212.0,193.0,-19.811374852344215,Normal,5072,Low
India,Himachal Pradesh,"Calendar Year (Jan - Dec), 2025","Amb, Town Panchayat",12.43,4.11,2.74,253.0,217.0,190.0,-19.81547191083382,Normal,5073,Low
India,Rajasthan,"Calendar Year (Jan - Dec), 2025","Sambhar, Town Panchayat",13.24,3.85,2.29,236.0,136.0,112.0,-19.81600556620708,Normal,5074,Low
India,Maharashtra,"Calendar Year (Jan - Dec), 2025","Trimbak, Municipality",18.28,4.23,3.52,213.0,178.0,175.0,-19.81805488049281,Normal,5075,Low
India,Punjab,"Calendar Year (Jan - Dec), 2025","Mukerian, Municipality",17.17,5.15,3.45,335.0,190.0,176.0,-19.820620720729664,Normal,5076,Low
India,Maharashtra,"Calendar Year (Jan - Dec), 2025","Panhala, Municipality",10.92,2.97,2.88,141.0,134.0,134.0,-19.837498790564553,Normal,5077,Low
India,Punjab,"Calendar Year (Jan - Dec), 2025","Moonak, Town Panchayat",14.76,4.61,2.54,311.0,163.0,152.0,-19.84912617372993,Normal,5078,Low
India,Punjab,"Calendar Year (Jan - Dec), 2025","Machhiwara, Municipality",17.26,4.69,3.26,288.0,147.0,146.0,-19.86854147854865,Normal,5079,Low
India,Rajasthan,"Calendar Year (Jan - Dec), 2025","Dungargarh, Town Panchayat",13.32,3.66,2.04,234.0,157.0,138.0,-19.875069810927073,Normal,5080,Low
India,Rajasthan,"Calendar Year (Jan - Dec), 2025","Gajsinghpur, Town Panchayat",16.85,5.07,3.38,328.0,214.0,206.0,-19.890900609852338,Normal,5081,Low
India,Himachal Pradesh,"Calendar Year (Jan - Dec), 2025","Nurpur, Municipality",13.13,3.56,2.87,224.0,203.0,167.0,-19.895593551172055,Normal,5082,Low
India,Punjab,"Calendar Year (Jan - Dec), 2025","Garhshankar, Municipality",12.44,3.79,2.5,250.0,150.0,118.0,-19.89581874381207,Normal,5083,Low
India,Tamil Nadu,"Calendar Year (Jan - Dec), 2025","Vedasandur, Town Panchayat",13.59,3.3,3.11,168.0,168.0,167.0,-19.8978046635724,Normal,5084,Low
India,Uttar Pradesh,"Calendar Year (Jan - Dec), 2025","Dildarnagar Fatehpur Bazar, Town Panchayat",12.02,4.23,3.49,280.0,202.0,196.0,-19.905187758004843,Normal,5085,Low
India,Punjab,"Calendar Year (Jan - Dec), 2025","Goraya, Municipality",12.22,3.8,2.09,242.0,140.0,123.0,-19.91361884366148,Normal,5086,Low
India,Uttar Pradesh,"Calendar Year (Jan - Dec), 2025","Nandgaon, Town Panchayat",12.63,3.66,2.51,243.0,117.0,112.0,-19.92645103331114,Normal,5087,Low
India,Punjab,"Calendar Year (Jan - Dec), 2025","Nathana, Town Panchayat",12.08,3.73,2.03,250.0,134.0,130.0,-19.934769140409685,Normal,5088,Low
India,Uttar Pradesh,"Calendar Year (Jan - Dec), 2025","Dhanepur, Town Panchayat",10.57,3.58,2.71,239.0,183.0,179.0,-19.943955565277463,Normal,5089,Low
India,Andhra Pradesh,"Calendar Year (Jan - Dec), 2025","Podili, Town Panchayat",15.17,4.21,2.62,271.0,162.0,137.0,-19.952466303107087,Normal,5090,Low
India,Rajasthan,"Calendar Year (Jan - Dec), 2025","Shahpura-Bhilwara, Town Panchayat",13.82,3.81,3.61,191.0,186.0,177.0,-19.95437054765705,Normal,5091,Low
India,Bihar,"Calendar Year (Jan - Dec), 2025","Rajgir, Town Panchayat",13.99,3.66,2.57,238.0,160.0,127.0,-19.963454387539343,Normal,5092,Low
India,Uttarakhand,"Calendar Year (Jan - Dec), 2025","Almora, Municipal Corporation",16.01,3.97,3.31,219.0,200.0,181.0,-19.96462000129327,Normal,5093,Low
India,Himachal Pradesh,"Calendar Year (Jan - Dec), 2025","Sundarnagar, Municipality",13.0,3.1,2.51,176.0,162.0,147.0,-19.96984040057498,Normal,5094,Low
India,Maharashtra,"Calendar Year (Jan - Dec), 2025","Muktainagar, Town Panchayat",14.26,3.3,2.64,171.0,131.0,124.0,-19.98192194180075,Normal,5095,Low
India,Meghalaya,"Calendar Year (Jan - Dec), 2025","Shillong, Municipality",12.15,3.94,3.25,230.0,193.0,150.0,-20.0046079965648,Normal,5096,Low
India,Punjab,"Calendar Year (Jan - Dec), 2025","Adampur, Municipality",15.06,4.11,2.42,255.0,140.0,134.0,-20.047322024835182,Normal,5097,Low
India,Haryana,"Calendar Year (Jan - Dec), 2025","Nissing, Municipality",12.88,4.63,3.17,288.0,141.0,137.0,-20.056490873360417,Normal,5098,Low
India,Himachal Pradesh,"Calendar Year (Jan - Dec), 2025","Chowari, Town Panchayat",12.03,3.32,2.27,202.0,165.0,141.0,-20.06052612972684,Normal,5099,Low
India,Punjab,"Calendar Year (Jan - Dec), 2025","Dasua, Municipality",15.69,4.35,2.66,279.0,163.0,152.0,-20.09692590034166,Normal,5100,Low
India,Punjab,"Calendar Year (Jan - Dec), 2025","Samrala, Municipality",14.22,4.47,2.9,282.0,200.0,179.0,-20.12772154423351,Normal,5101,Low
India,Uttar Pradesh,"Calendar Year (Jan - Dec), 2025","Dahagwan, Town Panchayat",9.7,3.1,2.41,207.0,134.0,133.0,-20.149285779898662,Normal,5102,Low
India,Rajasthan,"Calendar Year (Jan - Dec), 2025","Kumher, Town Panchayat",11.43,3.49,2.28,227.0,163.0,150.0,-20.154549558984513,Normal,5103,Low
India,Uttar Pradesh,"Calendar Year (Jan - Dec), 2025","Said Nagli, Town Panchayat",12.83,3.76,2.83,251.0,126.0,123.0,-20.15526094279869,Normal,5104,Low
India,Punjab,"Calendar Year (Jan - Dec), 2025","Goniana, Municipality",14.08,4.5,3.08,295.0,192.0,175.0,-20.159945174730012,Normal,5105,Low
India,Gujarat,"Calendar Year (Jan - Dec), 2025","Vanthali, Municipality",16.21,4.44,3.45,252.0,197.0,183.0,-20.175710544482797,Normal,5106,Low
India,Haryana,"Calendar Year (Jan - Dec), 2025","Nilokheri, Municipality",15.59,4.68,3.48,263.0,161.0,151.0,-20.203076444738713,Normal,5107,Low
India,Uttar Pradesh,"Calendar Year (Jan - Dec), 2025","Mohanpur, Town Panchayat",12.96,4.23,3.27,282.0,180.0,179.0,-20.290232924300994,Normal,5108,Low
India,Punjab,"Calendar Year (Jan - Dec), 2025","Dirba, Town Panchayat",13.94,4.28,3.18,265.0,195.0,189.0,-20.296200158546355,Normal,5109,Low
India,Punjab,"Calendar Year (Jan - Dec), 2025","Doraha, Municipality",14.82,4.18,3.54,221.0,181.0,178.0,-20.30129746962433,Normal,5110,Low
India,Uttar Pradesh,"Calendar Year (Jan - Dec), 2025","Tarabganj, Town Panchayat",12.08,3.89,3.04,259.0,173.0,166.0,-20.32292884430757,Normal,5111,Low
India,Uttar Pradesh,"Calendar Year (Jan - Dec), 2025","Sakhanu, Town Panchayat",12.53,3.81,2.59,254.0,135.0,135.0,-20.347524405340096,Normal,5112,Low
India,Punjab,"Calendar Year (Jan - Dec), 2025","Raikot, Municipality",13.5,4.05,2.67,249.0,178.0,167.0,-20.366086712131676,Normal,5113,Low
